timestamp,author,message
0:00:00,@EricaGibson-jf4mi,3
0:00:00,@lindseymallett2967,654321
0:00:00,@Captain_Kiwi,here it is!
0:00:00,@raymondbottomtextbutidk8140,1
0:00:00,@OscarLuna-ws5nc,hirl. stop
0:00:00,@SiderulerCEO,OMG
0:00:00,@Sam_thequeenhehe,67
0:00:00,@paycheck_.fan1,Wow
0:00:00,@juancardoza2645,SPROUT X LOOEY
0:00:01,@MoonflowerPeak69,MOONFLOWER YAOI
0:00:01,@GamerCREATORdandysworld,3
0:00:01,@Imsleepdeprived.ৎ,OMFG
0:00:01,@domakemedoit,𝓲𝓶 𝓼𝓸𝓻𝓻𝔂 𝓯𝓸𝓻 𝓽𝓱𝓻 𝓰𝓸𝓸𝓷𝓼𝓵𝓸𝓹 𝓭𝓸𝓶𝓪𝓷𝓪𝓽𝓲𝓸𝓷
0:00:01,@thatrandomzombiekid,1
0:00:01,@juancardoza2645,SPROUT X LOOEY
0:00:01,@Moon_wolfpawz,HELP
0:00:02,@Jade_IsNotGoingToBeFamous,NOWWWW
0:00:02,@raymondbottomtextbutidk8140,YES
0:00:04,@juancardoza2645,SPROUT X LOOEY
0:00:04,@What-bm7nr,AGHH
0:00:04,@raymondbottomtextbutidk8140,YES YES YES
0:00:04,@UltimateBlanket,Start
0:00:04,@doijodupix,1
0:00:05,@MoonflowerPeak69,MOONFLOWER YAOI
0:00:05,@shrimpkuuu,GLISTEN
0:00:05,@redtiger-t78,1\
0:00:05,@Fourthealgebralien4444,BLOT MENTIONED 
0:00:05,@OrbotFan20,Yesssssss!
0:00:05,@Therealboxtenrevamped,1!!!
0:00:06,@whiteLilly-s3q,IM CRYING 
0:00:06,@alynn_silly,DUQURBI)2&5
0:00:06,@pinkpupbutt9299,YIPPPPEEEE
0:00:06,@GamerCREATORdandysworld,yay
0:00:06,@moriorinvictus69,HI ARCHIVE WATCHERS!
0:00:07,@Zhia.artz09,OH MY BUNS YES PLEASE
0:00:07,@DUDEDREAM3332,OMG
0:00:07,@icelemoniscool,go!
0:00:07,@EricaGibson-jf4mi,Yay
0:00:07,@shrimpkuuu,SGKLISTEN
0:00:07,@10-stan1ey-01,YAYAHHH
0:00:07,@NexzHere,YESSSSSS
0:00:08,@dragon.draw_2880,oh
0:00:08,@Jade_IsNotGoingToBeFamous,YESSSSSSS
0:00:08,@OrpheusHart,WE ARE SO BACK
0:00:08,@NubMcMoofin,:racehorse::racehorse::racehorse::racehorse::horse::horse::racehorse::horse::racehorse::racehorse::racehorse:
0:00:09,@shrimpkuuu,GLISTEN
0:00:09,@duffel_brr,DISCORD IS CRAZY
0:00:09,@vanveleca,WOAH
0:00:09,@Dhelshani1,looey is gonna look so good!
0:00:10,@Sam_thequeenhehe,AA
0:00:10,@SoupCam69,where the hell are the horses at
0:00:10,@Captain_Kiwi,YES
0:00:10,@OscarLuna-ws5nc,yayayayyayayay
0:00:11,@jo3a548,damn
0:00:12,@CRASHTESTCREPE,"more Dandy and Dyle,,"
0:00:12,@galexy-n3r,OMGGGGF
0:00:12,@jennythebean9117,Damn Roger 
0:00:12,@jo3a548,RODGER
0:00:12,@Beetlesfruitcake,RODGER
0:00:12,@alcinaisMINE,Ahhh!!!~~
0:00:13,@Z-AR7,Boxten
0:00:13,@icelemoniscool,WOAH
0:00:13,@Ultimate8Baller,WHAT WAS THAT
0:00:14,@dragon.draw_2880,vodmo
0:00:14,@raymondbottomtextbutidk8140,tweaking out rn
0:00:14,@JarateSlurper,EYAYAYATY
0:00:14,@Nadinevillalobos_hello,NMEOWWWWWW
0:00:14,@CHILDE1FAN,PLEASE MORE MOONCAKE
0:00:14,@BATSYZUULP,Boxten
0:00:14,@Jade_IsNotGoingToBeFamous,YAYAYAYAYAYAYYAYAYAYYAYAYAYA
0:00:14,@2faced_,LB FICK YESSSS
0:00:15,@moriorinvictus69,lol roger
0:00:15,@Kualxek,WOAH
0:00:15,@NubMcMoofin,:face_savoring_food:
0:00:15,@trap631,bobs
0:00:16,@redtiger-t78,hehe
0:00:16,@HMZeroTwo,ZOOM MEETING???
0:00:16,@Blehbl,SCRAPS
0:00:16,@BaguetteDealer,AYO
0:00:16,@ayeshabiscarra,WHAT WAS THAT
0:00:16,@zaikoahhahaha8204,yes yes yes yes cosmo x astro
0:00:16,@alcinaisMINE,It’s time!!!!
0:00:17,@diorNicole-g3k,Rodger wha
0:00:17,@10-stan1ey-01,W
0:00:17,@Beetlesfruitcake,RODGER???
0:00:17,@animeedits2284,Привет в ы тут
0:00:18,@Shivery,Blot x Looey
0:00:18,@Sam_thequeenhehe,WHY IS RODGER
0:00:18,@applebloom2307,It's so buuuuusy
0:00:18,@EricaGibson-jf4mi,Blot
0:00:19,@JarateSlurper,:face-blue-smiling::face-blue-smiling::face-blue-smiling::face-blue-smiling:
0:00:19,@miolz-o,WHAT WAS LOOEY EATING
0:00:19,@domakemedoit,gi dyle
0:00:19,@goodnightloverz1972,RODGER??
0:00:19,@pinkpupbutt9299,YAYAYAYYAYA
0:00:19,@patiencemassaquoi9830,Why they all in vc
0:00:20,@shrimpkuuu,wait
0:00:20,@4qonYm0usq,WOAH COSMOOOOO
0:00:20,@Gloom_Wood3D,This might be the greatest
0:00:20,@mewgalaxia,RODGEERRR
0:00:20,@ears-123,is dandy's world in 2020?
0:00:20,@убеота,эСММ
0:00:21,@masterbootyjiggler,RODGER BRO
0:00:21,@zahrathemlgtoad,INKBALLOON?!?!?!
0:00:21,@tadreamanolan1421,The f**k is wrong with Roger
0:00:21,@donnodgiodsaofuwe09guw0g,is this sonic?
0:00:21,@dragon.draw_2880,cosmooo
0:00:22,@appl3s10.5,HEPP COSMO 
0:00:22,@IMJUSTAPRETTYPRINCESS,What happened WITH RODGER
0:00:22,@TheJackManArt,brruuuuuu
0:00:23,@miolz-o,IS THAT INK?????
0:00:23,@kshskah-g1t,OMG BLOT X LOEEY AHHHHG
0:00:23,@Exiledlama,LETS GO
0:00:23,@Moon_wolfpawz,RODGER??
0:00:23,@Nadinevillalobos_hello,6777
0:00:24,@MoonflowerPeak69,YAAA
0:00:24,@TheMTwinny,They got Zoom?
0:00:24,@rAliusplate,GIGI!
0:00:24,@gummy8440,RODGER YEAAAH
0:00:25,@Salmaalalba,what
0:00:25,@HMZeroTwo,rodger's chest mane
0:00:25,@Zoethezombie-u8q,YAOI
0:00:25,@alynn_silly,shrimpos headphones
0:00:26,@Diablazo97,tf with shrimpo
0:00:26,@2faced_,RODGTITS
0:00:27,@10-stan1ey-01,WOAH
0:00:27,@Tamers12345MLP,"Rodger doesn't neet to put on a shirt, he's in his own home"
0:00:28,@kevinspencerbassie,YAOI
0:00:28,@CRASHTESTCREPE,RODGER WOAH!!!
0:00:28,@scall0p639,Ayo Roger 
0:00:28,@BATSYZUULP,SHRIMPGOAT
0:00:29,@Hyloaf,Damn Rodger
0:00:29,@pinkpupbutt9299,RODGER FUCK YEA
0:00:29,@zahrathemlgtoad,rodger cover up
0:00:29,@jo3a548,RODGER GIGA CHAD
0:00:30,@appl3s10.5,RODGER???
0:00:31,@убеота,баунти что это
0:00:31,@diorNicole-g3k,WOAH COSMO.
0:00:31,@alcinaisMINE,Freaky looey
0:00:31,@UngulaPropriaRQ,DAMN RODGER 
0:00:31,@Nadinevillalobos_hello,YEESSS
0:00:32,@SiderulerCEO,RODGER :drooling_face::drooling_face::drooling_face:
0:00:32,@What-bm7nr,RODGER IM BUSSING
0:00:33,@domakemedoit,OMG
0:00:33,@waffelkitty,diddys world
0:00:34,@Eclipse-u1s,YESsss
0:00:34,@MillerTheDarkTransPrince,more yoai
0:00:36,@ears-123,COSMO VRO
0:00:36,@BATSYZUULP,SHRIMPGOAT
0:00:36,@starrynightynight,well dam Rodger
0:00:36,@juancardoza2645,BLOT X LOOEY
0:00:37,@domakemedoit,LOOEY
0:00:37,@appl3s10.5,PH MY GOD
0:00:37,@str4wb1m1lk,SPROUT HAS THE SAME BEDSHEETS AS ME 
0:00:38,@juancardoza2645,BLOT X LOOEY
0:00:38,@jo3a548,lmaopsdmaosdmasfd
0:00:38,@animeedits2284,Ретята вы где мне страшно 
0:00:38,@alcinaisMINE,Rodgerrr!!!!:eyes::eyes:
0:00:39,@uwu_tixico_heat,GIGI MENTIONEDDDD
0:00:39,@juancardoza2645,BLOT X LOOEY
0:00:39,@applebloom2307,"Rodger always looks like that, whatchu mean?"
0:00:39,@Idkanymorelol454,rodger don’t cover up
0:00:40,@Shelly_vbo,Roger..
0:00:40,@Fourthealgebralien4444,HELP
0:00:40,@shrimpkuuu,?
0:00:40,@pinkpupbutt9299,LOONIE YOU FREAK
0:00:40,@Exiledlama,AY YO
0:00:40,@NexzHere,did looey eat blot out
0:00:41,@zahrathemlgtoad,LOOEY WHAT THE HELL
0:00:41,@thedaveguylmao,the show is on
0:00:41,@raymondbottomtextbutidk8140,hahaha he's so funny
0:00:41,@Cattle.ink.3,ew
0:00:41,@galexy-n3r,HELP WHY IS COSMO IS IN THE BED OF SPROUT
0:00:42,@BrendaDavid-j2c,are we not gonna talk about Rodger?
0:00:42,@lunarrXD_sigma,LESGOOOO
0:00:42,@dominicunderwood4911,CALM DOWN SHRIMP
0:00:42,@shrimpo1223,what
0:00:43,@raymondbottomtextbutidk8140,hahaha
0:00:44,@jennythebean9117,Balloon is rarity?
0:00:44,@Elexir108,Rodger Jesus
0:00:44,@ForsakeDash,ITS STARING 
0:00:44,@Blehbl,looey please.
0:00:44,@EricaGibson-jf4mi,Ayo
0:00:44,@Nadinevillalobos_hello,DAMN RODER
0:00:44,@OrbotFan20,What…
0:00:45,@icelemoniscool,LOOEY WHAY
0:00:45,@juancardoza2645,BLOT X LOOEY
0:00:45,@vazquezzavaladarielaalejan6147,LOOEY?
0:00:46,@BATSYZUULP,oh
0:00:46,@FennekoTheOtaku,help
0:00:46,@Lucario4thewin,oof
0:00:46,@juancardoza2645,BLOT X LOOEY
0:00:47,@belladora940,OH COSMO LET ME GET BEHIND:face-blue-wide-eyes:
0:00:47,@applebloom2307,Rarity core
0:00:47,@Moon_wolfpawz,EW LOOEY
0:00:47,@pinkpupbutt9299,YIPPPPEEEEEE
0:00:47,@TheJackManArt,Buff Rodger
0:00:47,@vanveleca,Looey.....
0:00:48,@убеота,АНТМЕ ЭЛИТ привет Я тут
0:00:48,@Diablazo97,looey what the fu
0:00:49,@TheMTwinny,AYO
0:00:49,@TemperanceJean-t3n,Blot x Looey?????
0:00:50,@domakemedoit,LOOEY KNOWS IT
0:00:50,@10-stan1ey-01,YAY
0:00:51,@Kualxek,WAT
0:00:52,@ForsakeDash,YAYYYY
0:00:52,@veekisser4ever,Looey is so sus wtf lol
0:00:52,@alynn_silly,Ok looey.
0:00:53,@lindseymallett2967,looey what the hell
0:00:53,@ayeshabiscarra,def
0:00:55,@mxchi76,OH
0:00:55,@waffelkitty,.
0:00:55,@убеота,ты видишь
0:00:55,@Randomzillygoober,OMGGG BOXTON
0:00:56,@punkypony5165,Rarity?
0:00:56,@heresy8384,okay looey
0:00:56,@Charmiyuu,The hell looey :loudly_crying_face:
0:00:56,@ponytart4245,rarity coated af
0:00:57,@jo3a548,LASDMASFOASMFASFO
0:00:57,@Shivery,Bara Rodger
0:00:58,@Jade_IsNotGoingToBeFamous,fuhhh
0:00:58,@galexy-n3r,WTF
0:00:58,@zahrathemlgtoad,I DIDN'T KNOW LOOEY WAS FREAKY LIKE THAT
0:00:58,@animeedits2284,Ангелина Это ты
0:00:58,@alcinaisMINE,Looey shrimpo voice??
0:00:59,@miolz-o,LOOEY A FREAK LMAOOO
0:00:59,@Micaela-z5p3u,10 SECONDS YAY
0:00:59,@UngulaPropriaRQ,the beach is gay true
0:01:00,@10-stan1ey-01,LOL
0:01:00,@reeeNEWvr12,Looey wtf
0:01:00,@drunkserval,LOL
0:01:00,@realblixels,that chocolate roll is cakerd up
0:01:02,@Moon_wolfpawz,WHY DOES SPROUT HAVE MORE HAIR
0:01:02,@Imsleepdeprived.ৎ,LOOOEYYYY
0:01:02,@CRASHTESTCREPE,sprout and Cosmo are killing me
0:01:02,@OrbotFan20,Shrimpo got a great setup
0:01:03,@SigmaRizz-du1cc,Ahea hee tee
0:01:03,@lunarrXD_sigma,LOOEY
0:01:03,@jennythebean9117,Your gay
0:01:03,@belladora940,WHAT
0:01:03,@pinkpupbutt9299,SHRIMPO LOOKS SO GOOD IN HIS HEADPHONES
0:01:03,@UltimateBlanket,wth
0:01:04,@OscarLuna-ws5nc,the hell is wrong with you looey
0:01:05,@убеота,да я
0:01:05,@animeedits2284,Уетота привет
0:01:05,@Jade_IsNotGoingToBeFamous,I agree with shrimpo
0:01:06,@jo3a548,unc
0:01:06,@bounty_6911,всем привет
0:01:07,@SigmaRizz-du1cc,OH MY GOD HES HERE
0:01:07,@domakemedoit,WOW
0:01:07,@appl3s10.5,HELPP
0:01:07,@SiderulerCEO,Shrimpo x Goob
0:01:08,@belladora940,GELP
0:01:09,@SonataDidIt,Poor Dyle
0:01:09,@CrayCrayM0nk,Shrimpo is such a goblin 
0:01:10,@alynn_silly,HES TRYING HIS BEST
0:01:10,@appl3s10.5,CRINE''
0:01:12,@pinkpupbutt9299,YEAAA
0:01:12,@raymondbottomtextbutidk8140,unced out
0:01:13,@Beetlesfruitcake,LOOL
0:01:13,@Blehbl,dyle os ragabaiting
0:01:14,@Shelly_offical1,WHAT HAPPENED TO RODGER
0:01:15,@jennythebean9117,Dial boomer 
0:01:15,@LolaJohnson-b9i,Omgomgg
0:01:17,@lunarrXD_sigma,BOXTEN SO NONCHALANT
0:01:17,@TheJackManArt,xd
0:01:17,@AmikaFearon,omg cosmo is like my bf
0:01:18,@domakemedoit,LMFAO
0:01:20,@shrimpkuuu,awwww
0:01:20,@galexy-n3r,LOLOL
0:01:20,@lalnunpuiasm,what the fuck is up with rodger
0:01:21,@zahrathemlgtoad,poor dyle
0:01:22,@MoonflowerPeak69,COSMO??
0:01:25,@Ca11me_charl1e,lmfao lol:rolling_on_the_floor_laughing::rolling_on_the_floor_laughing::rolling_on_the_floor_laughing::rolling_on_the_floor_laughing:
0:01:25,@Beetlesfruitcake,Unc dyle
0:01:26,@Daykiske,LMAOOOO HE SO OLD
0:01:26,@MillerTheDarkTransPrince,so cute
0:01:26,@pinkpupbutt9299,DYLE IS DLIF??
0:01:27,@Shivery,Old Dyle
0:01:27,@shrimpkuuu,he;s so old
0:01:28,@animeedits2284,Где комо в стрингах
0:01:28,@OscarLuna-ws5nc,yayayayyayayayayay
0:01:29,@Lucario4thewin,i can relate
0:01:31,@Kualxek,LMAO
0:01:31,@BATSYZUULP,DYLE
0:01:32,@Diablazo97,rodger holy shi
0:01:32,@trap631,OLD
0:01:32,@Dhelshani1,OMG LOOEY AND BLOT LOL
0:01:32,@MillerTheDarkTransPrince,yup
0:01:33,@applebloom2307,Cute
0:01:33,@OrbotFan20,My poor boy Dyle
0:01:33,@Z-AR7,COSMO PUT THAT ALL AWAY
0:01:34,@alynn_silly,HES TEYING HIS HARDEST
0:01:34,@Tamers12345MLP,"@Shelly_offical1 He's relacing in his own home, he's allowed to have his shirt off"
0:01:34,@lurdesvallejo6379,lol
0:01:36,@Tiki2970,Damn
0:01:37,@falnazor0001,LMAO!
0:01:37,@Imsleepdeprived.ৎ,LOL OMG
0:01:37,@OscarLuna-ws5nc,fyle x dandy
0:01:37,@ta4kj,PAPA DYLE
0:01:38,@alcinaisMINE,Old man
0:01:39,@убеота,аа атак же я при водел рождера брбрббррбр
0:01:39,@Nadinevillalobos_hello,Mweheheheh
0:01:39,@Exiledlama,OLD
0:01:39,@uwu_tixico_heat,OMG DYLE
0:01:39,@vivianos4462,DYLE
0:01:39,@pinkpupbutt9299,LMAO
0:01:40,@yumekins,Dyle come home I miss you papichulo
0:01:40,@raymondbottomtextbutidk8140,true
0:01:41,@SHELLY_thechick,loll
0:01:41,@BATSYZUULP,OLD ASS
0:01:41,@HMZeroTwo,Dyle is unc
0:01:43,@CreamSodaT_T,dyles newgen
0:01:43,@UngulaPropriaRQ,YEAH
0:01:43,@vanveleca,lmao
0:01:44,@Ca11me_charl1e,fr
0:01:45,@4yp4puhuwunia,JAJASJD
0:01:45,@mrcreemsupreme,so real shrimpo
0:01:45,@raymondbottomtextbutidk8140,true true true
0:01:46,@heresy8384,lol
0:01:46,@kevinspencerbassie,Dyle is daddy 
0:01:47,@pinkpupbutt9299,I LOVE TRAINS
0:01:47,@SiderulerCEO,Shrimpo stop
0:01:47,@EricaGibson-jf4mi,Lol
0:01:47,@shrimpkuuu,>
0:01:47,@Shivery,U R GAY
0:01:48,@domakemedoit,LOL
0:01:48,@thatrandomzombiekid,trains
0:01:49,@galexy-n3r,LMAO
0:01:49,@SonataDidIt,Trains LMAO
0:01:49,@ayeshabiscarra,i didnt6 even see rrodger
0:01:49,@drunkserval,I want those stickers
0:01:49,@UltimateBlanket,I want cosmo
0:01:50,@appl3s10.5,???
0:01:50,@Fourthealgebralien4444,What is bro talking abt 
0:01:50,@FennekoTheOtaku,HELP NOT UNC DYLE :loudly_crying_face:
0:01:50,@zahrathemlgtoad,yess TRAINS
0:01:50,@Elexir108,He might like trains
0:01:50,@thedaveguylmao,what is rodger doing
0:01:50,@Gloom_Wood3D,True 
0:01:51,@animeedits2284,Нет 
0:01:52,@moriorinvictus69,Train chad
0:01:52,@BATSYZUULP,DANDY CANONICALLY DATED A DILF
0:01:52,@jo3a548,OH SHIEEET
0:01:52,@shrimpkuuu,okay thanks goof
0:01:53,@patiencemassaquoi9830,Unc too old for this
0:01:53,@alynn_silly,i thought the i heart trains said i heart trans
0:01:54,@domakemedoit,NOPE
0:01:55,@Moon_wolfpawz,EW
0:01:55,@GlimmyGOD,sniff
0:01:55,@Ultimate8Baller,WHAT???
0:01:56,@jennythebean9117,Bruh
0:01:56,@BATSYZUULP,IM CRYING
0:01:56,@icelemoniscool,AYY I LOVE TRANS STICKLER
0:01:56,@tadreamanolan1421,AY9
0:01:57,@raymondbottomtextbutidk8140,who was that
0:01:58,@belladora940,shrimpo silly princess
0:01:58,@OscarLuna-ws5nc,:loudly_crying_face::loudly_crying_face::loudly_crying_face::loudly_crying_face::loudly_crying_face:
0:01:58,@Jade_IsNotGoingToBeFamous,son
0:01:59,@убеота,:palms_up_together::palms_up_together::palms_up_together:брбрббрбр
0:02:00,@Diablazo97,bro wha
0:02:00,@IMJUSTAPRETTYPRINCESS,WHAT
0:02:01,@Gloom_Wood3D,GOOB
0:02:01,@CRASHTESTCREPE,:broken_heart:
0:02:01,@Starfire_777,huh?
0:02:01,@patiencemassaquoi9830,TWIN
0:02:02,@lunarrXD_sigma,train stickers
0:02:02,@belladora940,Whatttt
0:02:02,@whiteLilly-s3q,.
0:02:02,@Ca11me_charl1e,WHATTT
0:02:03,@galexy-n3r,WUTF
0:02:04,@trap631,these toons are too mentally challenged
0:02:05,@belladora940,WHAT
0:02:06,@uwu_tixico_heat,YATTATAAAAAA
0:02:06,@miolz-o,why is dyle so greatly drawn compared to everyone else
0:02:07,@jo3a548,yatta
0:02:07,@pinkpupbutt9299,YATTTA !??!?
0:02:08,@uwu_tixico_heat,YATTATAAAAAAA
0:02:09,@Imsleepdeprived.ৎ,GOOB?
0:02:09,@Nadinevillalobos_hello,I LOVE BOXTIENE
0:02:10,@CHILDE1FAN,DYLE REALLY LIKES TRIANS
0:02:10,@NexzHere,how buff is rodger going to be at the beach
0:02:11,@yumekins,Listen babygirl
0:02:11,@raymondbottomtextbutidk8140,omg 
0:02:11,@galexy-n3r,WHATTTTT
0:02:12,@alcinaisMINE,:nerd_face:
0:02:12,@BATSYZUULP,YATTA
0:02:12,@gubbyluvs_mafisio,DID LOOEY ATE BLOT-
0:02:13,@Shivery,Yatta
0:02:13,@Hyloaf,Hi Yatta
0:02:13,@OscarLuna-ws5nc,the hell
0:02:14,@Elexir108,Help 
0:02:14,@appl3s10.5,yatta bro
0:02:14,@reeeNEWvr12,WTF CUTIE GOOB
0:02:14,@lunarrXD_sigma,YATTAAAA
0:02:14,@ForsakeDash,AYOO
0:02:15,@Tamers12345MLP,@trap631 only like 9 of them
0:02:15,@Gloom_Wood3D,My wife
0:02:15,@Charmiyuu,WHttt :broken_heart::broken_heart::broken_heart::broken_heart:
0:02:15,@vazquezzavaladarielaalejan6147,YATTA
0:02:16,@ears-123,"if being gay in dandy's world is illegal, why is every toon living there gay? is it because dandy is gay himself?"
0:02:17,@pinkpupbutt9299,COSMO IS PISsED LMAO
0:02:17,@jo3a548,MEXICANS
0:02:18,@Dino_Mitez,i just joined wtf is going on
0:02:18,@Jade_IsNotGoingToBeFamous,LOLL
0:02:18,@belladora940,HELPP WHAT
0:02:19,@punkypony5165,Oh I love her
0:02:19,@vazquezzavaladarielaalejan6147,OMGGGGG
0:02:19,@eunyungg,YATTA I LOVE YOU
0:02:20,@TheMTwinny,LMAO SASS
0:02:21,@Nadinevillalobos_hello,AYO
0:02:21,@TheJackManArt,OMG SHE SAY CABRONES
0:02:22,@jennythebean9117,Yatta why you shitting on chat
0:02:22,@realblixels,cosmo needs pants 
0:02:23,@pwndzn,Lol
0:02:24,@Diablazo97,??????
0:02:25,@Exiledlama,LMAO
0:02:25,@raymondbottomtextbutidk8140,SPEAK QUEEN SPEAK
0:02:26,@drunkserval,SLAY QUEEN
0:02:26,@domakemedoit,wow
0:02:27,@Melissa_237,COSMO HAHAHAHA
0:02:28,@raymondbottomtextbutidk8140,SPEAK
0:02:28,@SiderulerCEO,YATTA
0:02:29,@Hyloaf,Based
0:02:31,@SigmaRizz-du1cc,OH MY GOD ITS DANDDY
0:02:31,@Charla_is_a_midartist,normal day in garden view
0:02:31,@punkypony5165,Slay
0:02:31,@shrimpkuuu,omg
0:02:31,@mtr8832,omg yatta-
0:02:33,@Moon_wolfpawz,Cosmo looks so shocked
0:02:33,@Gloom_Wood3D,Slay
0:02:33,@4yp4puhuwunia,LOLL
0:02:34,@raymondbottomtextbutidk8140,YESSSS
0:02:34,@belladora940,Cosmo has allat
0:02:35,@Salmaalalba,HAHA
0:02:35,@Shelly_offical1,WHAT-
0:02:35,@MillerTheDarkTransPrince,go yatta
0:02:36,@Luna20pr0,GRINGO HELP
0:02:36,@AsfahaniInziaj,omg yatta
0:02:36,@zahrathemlgtoad,average twitter conversation
0:02:36,@galexy-n3r,WTF WHY COSMO DOESNT HAVE PANTS
0:02:36,@Ca11me_charl1e,wtf yatta:rolling_on_the_floor_laughing::rolling_on_the_floor_laughing::rolling_on_the_floor_laughing:
0:02:37,@TemperanceJean-t3n,Yatta!!
0:02:38,@raymondbottomtextbutidk8140,slay
0:02:38,@waffelkitty,diddys world
0:02:38,@lunarrXD_sigma,yatta is the type to do that lmao
0:02:39,@убеота,:fish-orange-wide-eyes::fish-orange-wide-eyes::fish-orange-wide-eyes:
0:02:39,@pinkpupbutt9299,YEAG BLOCK THAT WHOTE BOI
0:02:39,@Gloom_Wood3D,WHY DID SHE SAY THAT!!
0:02:40,@Lor3nn-k8u,OMGGGG
0:02:40,@dominicunderwood4911,uuuh...im on the toilet too
0:02:40,@appl3s10.5,yio
0:02:41,@Imsleepdeprived.ৎ,ooooo
0:02:41,@Moon-x9q,RODGER
0:02:42,@waffelkitty,diddys world
0:02:43,@Fourthealgebralien4444,Yatta ate
0:02:43,@moriorinvictus69,yatta is a fucking queen
0:02:44,@shrimpkuuu,awwww
0:02:44,@Coco-vy5bn,Lmaooo
0:02:44,@alcinaisMINE,Woke yatta
0:02:45,@galexy-n3r,LOL
0:02:45,@waffelkitty,diddys world
0:02:45,@punkypony5165,OK Yatta is amazing
0:02:46,@Tamers12345MLP,Cosmo doesn't like when bitches talk back to sprout
0:02:46,@4yp4puhuwunia,:eyes::eyes:
0:02:47,@MariaValle-c7q,lol
0:02:47,@jo3a548,OH SHIT
0:02:47,@yumekins,I’m gonna touch sprout
0:02:48,@miolz-o,yatta snapping it incredible
0:02:49,@Imsleepdeprived.ৎ,HAHHAHAHAAHHAAH
0:02:49,@OscarLuna-ws5nc,i. love this
0:02:49,@pinkpupbutt9299,OMG
0:02:49,@applebloom2307,Sho many more people than before OcO
0:02:50,@OrbotFan20,Goob looks so happy
0:02:51,@kevinspencerbassie,FINN IS SO HOT 
0:02:52,@jennythebean9117,Zamn
0:02:53,@убеота,:elbowcough::elbowcough::elbowcough::elbowcough:
0:02:54,@HMZeroTwo,gringo is crazy because sprout is english
0:02:54,@uwu_tixico_heat,RANDD
0:02:54,@falnazor0001,XD
0:02:54,@MoonflowerPeak69,MOONFLOWER YAOI
0:02:58,@OrjwanAlshammari,LMAO!!!
0:02:58,@MariaValle-c7q,Clock it yatta
0:03:00,@Moon_wolfpawz,WHAT
0:03:00,@SigmaRizz-du1cc,TAMERS MY LIFE IS YOURS
0:03:00,@zahrathemlgtoad,RAZZLE AND DAZZLE YES!!!!
0:03:00,@blotnd,Rnd
0:03:01,@FennekoTheOtaku, HELP
0:03:01,@astro-m2e,HIIIII
0:03:01,@UngulaPropriaRQ,MWAH
0:03:03,@Diablazo97,YO WHA THE
0:03:03,@Ultimate8Baller,damn
0:03:03,@Captain_Kiwi,this is crazy
0:03:03,@appl3s10.5,/WHAT
0:03:03,@blotnd,RND KMG
0:03:03,@appl3s10.5,'
0:03:03,@TheMTwinny,BURGLER COSTUME???
0:03:03,@Kualxek,RAZZLE AND DAZZELE YAYAYA
0:03:04,@SigmaRizz-du1cc,I LOVE YOU
0:03:04,@Moon_wolfpawz,:fearful_face:
0:03:04,@uwu_tixico_heat,.
0:03:04,@lurdesvallejo6379,xd
0:03:04,@NexzHere,EVERYBODY is cracking Rodger
0:03:05,@raymondbottomtextbutidk8140,woaaah
0:03:05,@jo3a548,KISSU
0:03:05,@icelemoniscool,WOAH
0:03:06,@shrimpkuuu,drool
0:03:06,@pinkpupbutt9299,RAZNDAZ!!!
0:03:06,@Missmab123456,PFFFT
0:03:07,@mxchi76,RND MENTIONED
0:03:07,@galexy-n3r,LMAOO
0:03:08,@OscarLuna-ws5nc,ദ്ദി(˵•̀ ᴗ -˵)
0:03:09,@Kualxek,LOL
0:03:09,@Bugthealien,RND!!!
0:03:09,@raymondbottomtextbutidk8140,fuck
0:03:09,@blotnd,TAMERS THANK YOU SO MUCH TAMERS
0:03:09,@Melissa_237,"Tamers, do you like fruitcake?"
0:03:10,@magundah14,woah
0:03:10,@mtr8832,yoai
0:03:10,@Luna20pr0,nooooo my babys
0:03:11,@belladora940,WHAT
0:03:11,@Melissa_237,"Tamers, do you like fruitcake?"
0:03:11,@Shivery,Muah
0:03:11,@HMZeroTwo,Flowercake is back baby
0:03:12,@Cattle.ink.3,HELPPP
0:03:12,@blotnd,I'M GOONING
0:03:12,@Nadinevillalobos_hello,COSMOS CHEEKS ARE OUT RAHH
0:03:12,@yumekins,Cosmo doesn’t play about dada
0:03:13,@lunarrXD_sigma,OOP
0:03:13,@astro-m2e,HI TAMERS I LOVE YOUR VIDEO
0:03:13,@alynn_silly,treehosue:drooling_face:
0:03:13,@appl3s10.5,shake bro
0:03:13,@pinkpupbutt9299,YIPPPEEEEEEE
0:03:14,@waffelkitty,diddys world diddys world diddys world diddys world
0:03:14,@alcinaisMINE,Rnd holy
0:03:14,@icelemoniscool,how long is it?
0:03:14,@paycheck_.fan1,COSMO WHAT
0:03:14,@Ikisanyancurasoueropa,HII
0:03:14,@RandoGamesHere,rod gang
0:03:15,@SigmaRizz-du1cc,FOR INCLUDING BLXYEN
0:03:15,@Erisrose-moon,Wait cosmo’s behind sprout lol
0:03:15,@Dino_Mitez,rnd real
0:03:16,@Diablazo97,rnd yay
0:03:17,@pinkpupbutt9299,OMG
0:03:17,@LolaJohnson-b9i,Hey I am sitting in the toilet 
0:03:18,@Starfire_777,Cheeked up
0:03:18,@animeedits2284,Ммммм
0:03:19,@HMZeroTwo,I dont care about rnd
0:03:19,@raymondbottomtextbutidk8140,unf
0:03:19,@Chloe_tiktok,OMG UWU
0:03:19,@Ca11me_charl1e,RNDDDD MY CHILD!!
0:03:19,@jo3a548,LASDMASFOASFKM
0:03:19,@astro-m2e,PLS POST MORE
0:03:21,@Exiledlama,LMAO
0:03:21,@belladora940,WHAT ID THAT
0:03:21,@OscarLuna-ws5nc,were BLOT
0:03:22,@waffelkitty,diddys world diddys world diddys world diddys world diddys world diddys world diddys world diddys world
0:03:23,@FennekoTheOtaku,oop
0:03:23,@Erisrose-moon,Are they having an affair????
0:03:24,@pinkpupbutt9299,I'M SO FUCKING HAPPY
0:03:25,@waffelkitty,diddys world diddys world diddys world
0:03:25,@Tamers12345MLP,"@Melissa_237 It tastes good, yeah"
0:03:26,@domakemedoit,THE ARMPIT
0:03:27,@Fourthealgebralien4444,Look how small dandy is
0:03:27,@zahrathemlgtoad,flowerberry lets go
0:03:28,@shrimpkuuu,dandy DROOL
0:03:28,@domakemedoit,aHair
0:03:28,@BATSYZUULP,gay
0:03:30,@Salmaalalba,I SKIP
0:03:30,@Nadinevillalobos_hello,EW
0:03:31,@shrimpo1223,GATYTTTTTTTTTTTTTTTTTTTTT
0:03:31,@reeeNEWvr12,OMG NOT ABUSIVE FRUITCAKE
0:03:31,@galexy-n3r,ＨＥＬＰＰＰ
0:03:32,@mrcreemsupreme,hes so fukcing short
0:03:32,@icelemoniscool,yeha I know there sprout x dandy in here
0:03:32,@MoonflowerPeak69,no moonflower :broken_heart:
0:03:32,@CRASHTESTCREPE,vee do NAWT go to the beach
0:03:33,@blotnd,TAMERS THANK YOU FOR RNF
0:03:34,@Jade_IsNotGoingToBeFamous,fuhhhh
0:03:34,@Zyruxx-t5e,lnh
0:03:34,@thedaveguylmao,do yall have any predictions
0:03:34,@domakemedoit,THE ARMPIT HAIR
0:03:35,@Imsleepdeprived.ৎ,OH YEA
0:03:35,@OrbotFan20,Dandy is so short
0:03:36,@MillerTheDarkTransPrince,so adorable
0:03:37,@nonten4,very nice details
0:03:38,@ChucuchanXF,OMG
0:03:39,@jennythebean9117,Damn he short
0:03:39,@Elexir108,He is so short 
0:03:40,@jo3a548,LAMSDAOSFDMASFOASFM<
0:03:41,@Tamers12345MLP,@Erisrose-moon Who? Sprout and Cosmo? They're best friends
0:03:41,@lunarrXD_sigma,"uuuu,did I ask"
0:03:41,@ptkebr,pit hair is egregious lmao
0:03:42,@shrimpkuuu,its not an affair if theyre not committed to others
0:03:43,@stump0467,he's just like me
0:03:43,@uwu_tixico_heat,dandy mini HAHAHHAHAHA
0:03:44,@Diablazo97,man dandy it's a bug
0:03:44,@Salmaalalba,I WANNA CRY
0:03:44,@waffelkitty,diddys world diddys world diddys world diddys world
0:03:45,@Shivery,:orange_circle: :orange_circle: :waving_hand:
0:03:46,@lurdesvallejo6379,dandy Sprout
0:03:47,@galexy-n3r,WHAT FUHH
0:03:47,@alcinaisMINE,Armpit leaves are back
0:03:48,@UltimateBlanket,Why is he idk
0:03:48,@mxchi76,why is dandy so small
0:03:48,@Naro488,SPROUTT
0:03:49,@nonten4,steven universe proportions
0:03:49,@dominicunderwood4911,Didn't Dandy lose his blue pedal?
0:03:50,@FennekoTheOtaku,strawberry garden ahh :wilted_flower:
0:03:51,@Imsleepdeprived.ৎ,AWWWWW
0:03:51,@GlimmyGOD,Drake and Josh reference
0:03:55,@shrimpkuuu,sprout is so abusive
0:03:55,@drunkserval,UH OH
0:03:55,@icelemoniscool,tamer how long is this video?
0:03:56,@pinkpupbutt9299,LMAO
0:03:57,@Agent_Mothman_SE,“Sprout… where’s the door hole?”
0:03:57,@nonten4,drake and joshj episode?\
0:04:00,@waffelkitty,diddys world diddys world diddys world
0:04:00,@alcinaisMINE,What a smol bean!
0:04:00,@thedaveguylmao,uh oh
0:04:01,@Dino_Mitez,bro
0:04:03,@iambigirl-s4q,Dandy you short asd
0:04:04,@davidcage2646,Thank you Tamers for another gem
0:04:04,@Tamers12345MLP,@icelemoniscool 30 minutes
0:04:04,@zahrathemlgtoad,DRAKE AND JOSH?!?!?!
0:04:04,@Starfire_777,jump
0:04:04,@waffelkitty,diddys world diddys world diddys world diddys world
0:04:06,@HMZeroTwo,That is definitely drake and josh
0:04:06,@mtr8832,why is sprout so tall:loudly_crying_face:
0:04:08,@OscarLuna-ws5nc,jump
0:04:08,@Dino_Mitez,drake and josh
0:04:09,@jo3a548,LASDFMAFOASFM
0:04:10,@Shivery,Drake & Josh ref
0:04:10,@UngulaPropriaRQ,damn nice lips
0:04:12,@CRASHTESTCREPE,"then we go to bed, we're in the same bed..."
0:04:14,@galexy-n3r,JUMP
0:04:14,@shrimpkuuu,theyre gonna suck each others faces off
0:04:14,@domakemedoit,jump down
0:04:15,@applebloom2307,Nice legnth
0:04:16,@drunkserval,dandy is unimpressed
0:04:17,@raymondbottomtextbutidk8140,drad and josh ref
0:04:18,@dominicunderwood4911,D & J!
0:04:18,@HMZeroTwo,Can't believe drake and josh copied tamers
0:04:19,@jo3a548,they will have to drink pee
0:04:20,@ears-123,geg
0:04:21,@pinkpupbutt9299,YEA
0:04:22,@Erisrose-moon,@tamers12345mlp I meant Dandy and Sprout but that works too
0:04:23,@OrbotFan20,Dandy does not care
0:04:24,@Imsleepdeprived.ৎ,:cat-orange-whistling::cat-orange-whistling::cat-orange-whistling:
0:04:24,@waffelkitty,diddys world diddys world diddys world diddys world diddys world
0:04:27,@jennythebean9117,Damn
0:04:27,@pinkpupbutt9299,TOXIC YAOI
0:04:28,@mtr8832,jax song reference......
0:04:28,@waffelkitty,diddys world diddys world diddys world diddys world
0:04:28,@kevinspencerbassie,SHRIMPO 
0:04:29,@icelemoniscool,oh nice 30 mins of peak
0:04:30,@domakemedoit,THEY BOTH PHOTOSYNTHESIZE
0:04:30,@realblixels,is there a toon shortan than dandy?
0:04:32,@mxchi76,can they kiss
0:04:32,@HMZeroTwo,No wonder why one of the actors got arrested
0:04:32,@stump0467,holy shit
0:04:33,@waffelkitty,diddys world diddys world diddys world diddys world diddys world diddys world diddys world diddys world
0:04:33,@JeanineBones-h2m,:face-orange-raised-eyebrow::face-orange-raised-eyebrow:
0:04:34,@ptkebr,will they live if they drink each other's sweat?
0:04:34,@LEO_JUST_THE_GOAT,This is really funny
0:04:34,@Elexir108,Bio brainrot
0:04:35,@Cattle.ink.3,damn
0:04:36,@belladora940,DANDY X SPROUT CANON:face-blue-heart-eyes::face-blue-heart-eyes::face-blue-heart-eyes::face-blue-heart-eyes:
0:04:36,@2faced_,I goon to tsundere tamers shrimpo but the live chat is too fast so no one will clip me or snipe me or see my comment 
0:04:37,@UngulaPropriaRQ,igi dandy
0:04:37,@domakemedoit,OH YEAH
0:04:38,@BATSYZUULP,bro
0:04:38,@Melissa_237,You secretly kiss Rodger Tamers?
0:04:38,@falnazor0001,Tamers dropping plant education.
0:04:39,@MillerTheDarkTransPrince,wow
0:04:39,@shrimpkuuu,omg
0:04:41,@paycheck_.fan1,OMG SPROUT WGAT
0:04:41,@davidcage2646,YES
0:04:42,@mtr8832,yes I love doomed yaoi
0:04:42,@waffelkitty,diddys world diddys world diddys world diddys world diddys world diddys world diddys world diddys world diddys world
0:04:43,@jennythebean9117,Touch
0:04:45,@drunkserval,DANDY FOCUS
0:04:45,@osp4277,cool video
0:04:46,@zahrathemlgtoad,dandy is so gay
0:04:46,@waffelkitty,diddys world diddys world diddys world diddys world diddys world diddys world diddys world
0:04:47,@BATSYZUULP,BRO
0:04:49,@ears-123,i love toxic yaoi :pleading_face:
0:04:49,@UltimateBlanket,Can dandy just crack sprout now?
0:04:49,@redtiger-t78,why is my mind thinking they are gunna kiss
0:04:50,@waffelkitty,diddys world diddys world diddys world diddys world diddys world diddys world diddys world
0:04:50,@Agent_Mothman_SE,Photosynthesis privileges
0:04:51,@huzkeyz,I
0:04:52,@HMZeroTwo,It's sprover....
0:04:53,@belladora940,SPROUT DANGGG
0:04:56,@shrimpkuuu,he's so badass
0:04:58,@waffelkitty,diddys world diddys world diddys world diddys world diddys world
0:04:58,@pinkpupbutt9299,OHHHHH I LOVE EMMM
0:05:00,@applebloom2307,@2faced_ I saw
0:05:00,@falnazor0001,LOL!
0:05:01,@shrimpkuuu,I KNEW IT
0:05:01,@MoonflowerPeak69,SO THEY WONT DIE!!
0:05:01,@heresy8384,toxic yaoi best yaoi
0:05:01,@tadreamanolan1421,Rip
0:05:01,@jennythebean9117,Kiss
0:05:01,@NexzHere,@2_faced ahahah you thought
0:05:02,@icelemoniscool,WHAT PISS?
0:05:02,@shrimpkuuu,I KNEW IT
0:05:03,@BLOOMINGFLOWER_Z,Holy shit this is so fire
0:05:03,@ears-123,ANGST VRO
0:05:03,@domakemedoit,BRO OPEN THE HATCH DOOR AND CLIMB DOWN
0:05:03,@appl3s10.5,??WHAT
0:05:04,@galexy-n3r,lol
0:05:04,@raymondbottomtextbutidk8140,OH NOOOO
0:05:05,@drunkserval,WHAT
0:05:06,@jo3a548,oh right
0:05:06,@ayeshabiscarra,will they kiss
0:05:06,@Hyloaf,Nice
0:05:06,@vanveleca,lmao
0:05:07,@TheMTwinny,AYO
0:05:07,@tadreamanolan1421,Ewwwwwwwwwwww
0:05:07,@ayeshabiscarra,WHAT
0:05:07,@alcinaisMINE,It’s joe-over
0:05:07,@paycheck_.fan1,give me that cupcake sprout
0:05:07,@NubMcMoofin,:face_savoring_food:
0:05:08,@kevinspencerbassie,KISS
0:05:08,@CRASHTESTCREPE,WHATTT
0:05:09,@OscarLuna-ws5nc,i hope the kiss
0:05:10,@donnodgiodsaofuwe09guw0g,knew it!
0:05:10,@Shivery,lmao
0:05:10,@Diablazo97,sprout what the actual hell
0:05:11,@huzkeyz,???
0:05:11,@waffelkitty,diddys world diddys world diddys world diddys world diddys world diddys world diddys world diddys world
0:05:11,@jennythebean9117,>:)
0:05:12,@Dino_Mitez,dammmnn
0:05:13,@Melissa_237,SPROUT AND COSMO ARE MORE THAN FRIENDS TAMERS
0:05:13,@MoonflowerPeak69,IM RIGT
0:05:13,@lunarrXD_sigma,WHAT
0:05:13,@raymondbottomtextbutidk8140,flowers pee?
0:05:14,@Z-AR7,LOLL
0:05:15,@belladora940,toxic yaoi:pleading_face::growing_heart:
0:05:15,@waffelkitty,diddys world diddys world diddys world diddys world diddys world diddys world diddys world diddys world diddys world
0:05:15,@whiteLilly-s3q,…
0:05:15,@Melissa_237,SPROUT AND COSMO ARE MORE THAN FRIENDS TAMERS
0:05:15,@Imsleepdeprived.ৎ,YES
0:05:16,@donnodgiodsaofuwe09guw0g,just like my boy scout days!!!
0:05:16,@FennekoTheOtaku,waht
0:05:16,@OrbotFan20,Poor sprout
0:05:17,@jennythebean9117,Kiss
0:05:19,@waffelkitty,diddys world diddys world diddys world diddys world diddys world diddys world diddys world diddys world
0:05:20,@falnazor0001,XD
0:05:20,@miolz-o,HE DOES HAVE A BIKINI I KNEW IT
0:05:21,@Cattle.ink.3,hahaaaa
0:05:21,@UngulaPropriaRQ,"""BEST FRIEND"""
0:05:22,@UngulaPropriaRQ,LMAO
0:05:23,@kevinspencerbassie,Hot 
0:05:25,@uwu_tixico_heat,COSMO WHAT
0:05:26,@tamers-fans,i love this
0:05:26,@grimtidings5451,I'M HERE KING
0:05:26,@belladora940,makeout
0:05:26,@dominicunderwood4911,The fuck? Do the wooden boards act as a faraday cage?
0:05:26,@Elexir108,Help
0:05:26,@MillerTheDarkTransPrince,kiss
0:05:26,@ayeshabiscarra,LOL
0:05:27,@mrcreemsupreme,rel
0:05:27,@alynn_silly,BEST FRIEND
0:05:28,@applebloom2307,LOL
0:05:29,@nonten4,new gif react
0:05:29,@TheJackManArt,Lol
0:05:29,@zahrathemlgtoad,"""best friend"""
0:05:30,@shrimpkuuu,the quotes imdead
0:05:30,@aKyaStar,LOL
0:05:30,@domakemedoit,HAHAHA
0:05:30,@Tamers12345MLP,@raymondbottomtextbutidk8140 All toons can produce piss
0:05:30,@drunkserval,Dandy you don't gotta be like that
0:05:30,@BATSYZUULP,"""BEST FRIEND"""
0:05:30,@pinkpupbutt9299,LMFAO
0:05:31,@TheMTwinny,>best friend
0:05:31,@appl3s10.5,/yo
0:05:31,@anthonyortiz350,PEAK :red_heart::sparkles::red_heart::sparkles::red_heart::face-fuchsia-poop-shape::glasses-purple-yellow-diamond::face-fuchsia-poop-shape::glasses-purple-yellow-diamond::face-fuchsia-poop-shape::glasses-purple-yellow-diamond:
0:05:31,@iambigirl-s4q,dandys sprout now kisd nowww
0:05:31,@CHILDE1FAN,LMAOOO
0:05:32,@ayeshabiscarra,*BOYFRIEND
0:05:32,@stump0467,LMAO
0:05:32,@dogcot2128,"""Best friend"""
0:05:32,@HMZeroTwo,"""BEST FRIEND"""
0:05:33,@lurdesvallejo6379,besó
0:05:33,@realblixels,LMAOOOOO
0:05:33,@OscarLuna-ws5nc,lol lol lol lol
0:05:33,@domakemedoit,okay.
0:05:34,@diamondht1420,lol
0:05:34,@Shivery,"""Best friend"""
0:05:34,@shrimpkuuu,HOLY SHIIIIIIIIIIIIIIT
0:05:34,@Dino_Mitez,i see you dandy
0:05:35,@JaseNate,LOL
0:05:35,@yumekins,COSMO I MISS YOU
0:05:35,@uwu_tixico_heat,HAJAJAHAHHSHAA
0:05:35,@The-Sharks-Hideout,LMAO
0:05:36,@Daykiske,CRYING
0:05:36,@dribvox,COSMO?????????
0:05:36,@shrimpkuuu,OH MY GOD
0:05:36,@Diablazo97,"""""""""""BEST FRIEND"""""""""""
0:05:36,@jennythebean9117,Damn 
0:05:36,@vanveleca,fatty
0:05:36,@heresy8384,WOAH
0:05:37,@Elexir108,Sweet lord
0:05:38,@jo3a548,TUBBY
0:05:38,@Melissa_237,either Friends don't kiss tamers
0:05:39,@B00-s2y,Wtf
0:05:39,@vazquezzavaladarielaalejan6147,HELPP
0:05:39,@Beetlesfruitcake,Omg
0:05:39,@ВсеволодНесмашный,AHAHAHHAHAAHHAH
0:05:39,@bp5814,Bret friend sure 
0:05:39,@AmberlyChavez,LOL
0:05:39,@heresy8384,BASED BLOB COSMO
0:05:40,@The-Sharks-Hideout,LOL
0:05:40,@Ultimate8Baller,fatty..
0:05:40,@zahrathemlgtoad,THE RENDER REFERENCE
0:05:40,@ayeshabiscarra,WOAH
0:05:41,@Hyloaf,Awooga
0:05:41,@shrimpkuuu, IJUST SCREAMED
0:05:41,@donnodgiodsaofuwe09guw0g,dayummmm
0:05:41,@NubMcMoofin,:face_savoring_food::face_savoring_food:
0:05:42,@The_wild_fo,Cosmo GATY damn
0:05:42,@OscarLuna-ws5nc,:skull::skull::skull::skull:
0:05:42,@Selkie-Woh,woah
0:05:42,@GamerCREATORdandysworld,nqh
0:05:43,@Im_CosmicBerry,FRUITCAKEEE
0:05:43,@BaguetteDealer,incredible
0:05:43,@mxchi76,yeah best friend
0:05:43,@B00-s2y,WTF
0:05:43,@Moon_wolfpawz,HELP
0:05:43,@ayeshabiscarra,DAMN COSMO
0:05:44,@iambigirl-s4q,eww
0:05:44,@grimtidings5451,EXTRA THICK
0:05:44,@miolz-o,LMAOO
0:05:44,@OmiX_145,i want cosmo so bad
0:05:44,@lunarrXD_sigma,daum
0:05:45,@Ca11me_charl1e,"""best friend"""
0:05:45,@ZipFpe-z2i,IS DOMA HERE????
0:05:45,@mtr8832,double yaoi:smiling_face_with_smiling_eyes:
0:05:46,@alcinaisMINE,Sureee
0:05:46,@Melissa_237,Friends don't kiss tamers
0:05:46,@SHELLY_thechick,help why is cosmo fat..
0:05:46,@galexy-n3r,WOAHHH
0:05:47,@Starfire_777,Nipps
0:05:47,@heresy8384,TUBBY 
0:05:47,@mrcreemsupreme,i would drink astros pee
0:05:47,@anthonyortiz350,I understand MLP NOT THIS
0:05:47,@EpicFaceNoobo32,This is so gay
0:05:48,@JaseNate,:thanksdoc::thanksdoc::thanksdoc::thanksdoc::thanksdoc::thanksdoc::thanksdoc:
0:05:48,@FennekoTheOtaku,damn comso
0:05:48,@RandomStuff-o5l,the air quotes lol
0:05:49,@GamerCREATORdandysworld,gay
0:05:50,@pwndzn,:face-purple-crying:
0:05:50,@iambigirl-s4q,:face-red-droopy-eyes::face-red-droopy-eyes::face-red-droopy-eyes::face-red-droopy-eyes:
0:05:51,@galexy-n3r,DAMN
0:05:51,@raymondbottomtextbutidk8140,unf
0:05:51,@shrimpkuuu,HNGH
0:05:53,@BATSYZUULP,NOTICE HOW SPROUT HAS THRWE CUPCAKES
0:05:53,@Imsleepdeprived.ৎ,GYATT DAMN
0:05:54,@убеота,мне очень нравится:face-red-heart-shape::face-red-heart-shape::face-red-heart-shape::face-red-heart-shape:
0:05:54,@Angela-l2w6s,omg
0:05:54,@mxchi76,DAMN
0:05:55,@jo3a548,LOLOL
0:05:56,@trap631,he thicc
0:05:57,@kevinspencerbassie,CAME
0:05:58,@mrcreemsupreme,does vee piss tho
0:05:58,@waffelkitty,diddys world diddys world diddys world diddys world diddys world diddys world diddys world diddys world diddys world diddys world diddys world diddys world diddys world diddys world diddys world diddy
0:05:58,@alynn_silly,cosmo:drooling_face:
0:05:59,@Choco_pufz,I LOVE HIMMMM
0:05:59,@Salmaalalba,WHAT THE...
0:05:59,@reeeNEWvr12,WHAT THE FUCK COSMO
0:06:00,@pinkpupbutt9299,HES JUST LIKE ME FR
0:06:00,@nonten4,tamers trying to get twitter fanart by drawing them like that
0:06:01,@drunkserval,welp
0:06:01,@richietrejo-ramos2252,lol
0:06:01,@jennythebean9117,Toxic Yaoi
0:06:01,@ears-123,chubby Cosmo we won guys!!!!
0:06:01,@jo3a548,oh yes
0:06:01,@huzkeyz,?
0:06:02,@alcinaisMINE,TH AT
0:06:02,@Moon_wolfpawz,HELP
0:06:03,@galexy-n3r,LMAO
0:06:03,@uwu_tixico_heat,Omg
0:06:03,@tamers-fans,TAMERS I LOVE YOU
0:06:04,@CHILDE1FAN,COSMO?? 
0:06:04,@BATSYZUULP,NOTICE HOW SPROUT HAS THREE CUPCAKES
0:06:04,@HMZeroTwo,bhm cosmo
0:06:05,@shrimpkuuu,BOXTEN
0:06:05,@applebloom2307,BEACH EPISODE
0:06:05,@appl3s10.5,this is lIKEOH MUY GOFD
0:06:05,@jo3a548,beach time
0:06:05,@alcinaisMINE,That one image
0:06:06,@Shivery,rofl
0:06:06,@UngulaPropriaRQ,so fucking good writing holy shit
0:06:06,@GamerCREATORdandysworld,:red_heart:
0:06:06,@jennythebean9117,Zamn
0:06:07,@zahrathemlgtoad,awww finn
0:06:07,@pinkpupbutt9299,YEAAAAAAAAAAAAA
0:06:07,@trap631,toxic yaoi
0:06:08,@grimtidings5451,Goddamn I love these two
0:06:08,@ВсеволодНесмашный,ооо русские
0:06:08,@uwu_tixico_heat,BOXTE-
0:06:08,@appl3s10.5,HEPP
0:06:08,@jo3a548,DAYUUM
0:06:08,@Ninanonao,this is so beautiful:red_heart:
0:06:08,@Jade_IsNotGoingToBeFamous,:loudly_crying_face:
0:06:09,@rAliusplate,FINN!! YAY!
0:06:09,@redtiger-t78,ha
0:06:09,@dribvox,WOAHHHH
0:06:09,@UltimateBlanket,We are all cracking boxten right?
0:06:10,@Elexir108,Oh
0:06:10,@ayeshabiscarra,BIXTENNNN
0:06:10,@applebloom2307,Unf
0:06:10,@Tamers12345MLP,"Cosmo canonically looks like that without his shirt btw, qwel told me that"
0:06:11,@shrimpo1223,omggg
0:06:11,@yumekins,DYLE HAHAHAHA
0:06:11,@2faced_,TAKERS HOYEN
0:06:11,@pinkpupbutt9299,BEACH TIME!!!!
0:06:11,@ayeshabiscarra,WOAHHH'
0:06:11,@TheMTwinny,MEANWHILE AT THE BEACH
0:06:12,@appl3s10.5,DYLEEE
0:06:12,@OscarLuna-ws5nc,boxten
0:06:12,@iambigirl-s4q,ayoo
0:06:13,@Imsleepdeprived.ৎ,HAH
0:06:13,@Z-AR7,MORE BOXTEN
0:06:13,@2faced_,BODYEN
0:06:14,@stump0467,this shit has me on the floooor
0:06:14,@mtr8832,boxten is looksmaxxing
0:06:14,@sleepyhead_starrie,AH
0:06:14,@Shivery,Sugoi
0:06:14,@lunarrXD_sigma,bro
0:06:14,@dribvox,oh my lawd
0:06:14,@Ultimate8Baller,boxt3n ily
0:06:15,@galexy-n3r,DAMAN
0:06:15,@paycheck_.fan1,DAMN BOXTEN
0:06:15,@icelemoniscool,omg boxten plss show more I am gooning..
0:06:15,@ayeshabiscarra,DYLE
0:06:15,@bacongamer777-h1t,w photos
0:06:16,@Therealboxtenrevamped,UHM
0:06:17,@ayeshabiscarra,DYLE
0:06:18,@tadreamanolan1421,TISHA
0:06:18,@belladora940,HELP YAOI MENTIONED WE ALL CRACKING ON THIS:pleading_face::victory_hand:
0:06:18,@2faced_,BOXYEN
0:06:19,@aKyaStar,DYLE
0:06:19,@RUBYL00ve123,Why dyle
0:06:19,@jo3a548,EVERYBODY HOT
0:06:19,@pinkpupbutt9299,YEA!!!!!!
0:06:19,@lunarrXD_sigma,DYLEEE
0:06:20,@CRASHTESTCREPE,WOAH dyle..
0:06:20,@ptkebr,beautiful storytelling thank you tamers
0:06:20,@ChanceWhite-d2m,yay I see finn
0:06:20,@galexy-n3r,LOL
0:06:21,@TemperanceJean-t3n,csomo!
0:06:22,@goodnightloverz1972,HOLY
0:06:22,@Dib-cu8gf,this is what dandy's world is to me since i refuse to play the actual game
0:06:23,@Solums,Dyle have
0:06:24,@Diablazo97,dyle wha the he
0:06:24,@kevinspencerbassie,RAGEBAIT 
0:06:25,@HMZeroTwo,Put them arms away astro
0:06:25,@belladora940,eeee
0:06:25,@redtiger-t78,a bikini lol
0:06:26,@appl3s10.5,mooncake mentioned son
0:06:26,@starrynightynight,yaoi we love:heart_suit:
0:06:30,@alynn_silly,I WANT THAT FUCKING SANDWICH
0:06:30,@Therealboxtenrevamped,I luv u boxten:money_mouth_face:
0:06:31,@alcinaisMINE,Ladiessss
0:06:31,@bacongamer777-h1t,daamnnnn
0:06:32,@GamerCREATORdandysworld,hehe
0:06:32,@TheMTwinny,Their noodle legs lmao
0:06:32,@iambigirl-s4q,damnn dyle:tongue:
0:06:33,@belladora940,yes yaoi
0:06:34,@bp5814,Nooooo his blanket 
0:06:37,@shrimpkuuu,awwwww
0:06:38,@pinkpupbutt9299,YAOI YAOI YAOI
0:06:38,@BaguetteDealer,B R E A D
0:06:38,@ayeshabiscarra,thats an awesome reason
0:06:39,@GamerCREATORdandysworld,skay
0:06:39,@Moon_wolfpawz,DAMN
0:06:40,@jo3a548,oh yes
0:06:40,@raymondbottomtextbutidk8140,freakazoid
0:06:40,@lurdesvallejo6379,astro × Cosmo
0:06:40,@jennythebean9117,Zamn
0:06:40,@input_a_cool_username_here,IS NO1 GONNA TALK ABOUT TISHA:loudly_crying_face::broken_heart:
0:06:41,@Melissa_237,Tamers multishipper?
0:06:41,@BATSYZUULP,IM CRYING
0:06:43,@Melissa_237,Tamers multishipper?
0:06:48,@fe-69,:0
0:06:50,@zahrathemlgtoad,awww
0:06:50,@jo3a548,LASMDAOSFDASMFASOF
0:06:52,@Diablazo97,"""a bit"""
0:06:53,@vanveleca,lmao
0:06:53,@TheMTwinny,LMAO
0:06:53,@jennythebean9117,He got magic 
0:06:53,@appl3s10.5,damn
0:06:54,@CHILDE1FAN,MORE MOONCAKE
0:06:55,@убеота,:pleading_face::pleading_face::pleading_face:
0:06:55,@FennekoTheOtaku,oop
0:06:56,@TheJackManArt,sasakjdksdsjafj
0:06:56,@UngulaPropriaRQ,damn that gulping action
0:06:57,@animeedits2284,Ангклина ты все еще тут мне страшно
0:06:57,@Shivery,Let it go
0:06:57,@TheMTwinny,SHARING IS CARING
0:06:57,@Jade_IsNotGoingToBeFamous,wow
0:06:58,@HMZeroTwo,Studio ghibili food
0:06:58,@shrimpkuuu,dude cosmo and astro are gonna make out this epis
0:06:58,@ayeshabiscarra,i think he ate all 
0:06:58,@Beetlesfruitcake,Damm Astro
0:06:59,@astarz777,GBFAFWBAFWJFWJF
0:06:59,@TemperanceJean-t3n,:o
0:06:59,@mxchi76,MOONCAKE
0:06:59,@GamerCREATORdandysworld,nah
0:06:59,@pinkpupbutt9299,YEAAAAAAAAAA
0:07:00,@alynn_silly,how did he do that
0:07:00,@shrimpkuuu,OH YM GOD
0:07:00,@patiencemassaquoi9830,“I think you got more than me” ah 
0:07:00,@NubMcMoofin,:exploding_head:
0:07:01,@NexzHere,Astro is such a throat goat holy
0:07:01,@lunarrXD_sigma,ummm
0:07:01,@TemperanceJean-t3n,:o
0:07:01,@jennythebean9117,Damn one bite
0:07:02,@ayeshabiscarra,OH
0:07:02,@FennekoTheOtaku,damn astro
0:07:03,@diamondht1420,Lmao
0:07:03,@Elexir108,:exploding_head:
0:07:03,@dominicunderwood4911,NO GAG REFLEX
0:07:03,@shrimpkuuu,YUUUUUUM
0:07:03,@Cattle.ink.3,damn astro
0:07:04,@убеота,да я смотрю
0:07:04,@HMZeroTwo,AYO
0:07:04,@uwu_tixico_heat,.
0:07:05,@CHILDE1FAN,WHOA
0:07:05,@Melissa_237,"Tamers, in the next video, make Deliah OK"
0:07:05,@shrimpkuuu,YUUUUUUUUUUM
0:07:05,@miolz-o,LMAO
0:07:05,@jo3a548,oh yeah
0:07:05,@B00-s2y,wtf
0:07:05,@Jade_IsNotGoingToBeFamous,AYEEEEE
0:07:06,@trap631,gay
0:07:06,@drunkserval,OH SO HES A VOYEUR
0:07:06,@iambigirl-s4q,damnn cosmo
0:07:06,@TomAnimatics,YES
0:07:06,@Melissa_237,"Tamers, in the next video, make Deliah OK"
0:07:07,@applebloom2307,Based
0:07:07,@grimtidings5451,He's trained
0:07:07,@galexy-n3r,LOL
0:07:07,@Diablazo97,bro i think astro i gay
0:07:08,@NubMcMoofin,:face_savoring_food::face_savoring_food:
0:07:08,@EricaGibson-jf4mi,*b r e a d*
0:07:08,@mtr8832,that sandwich is bigger than my confidence
0:07:09,@bacongamer777-h1t,gay
0:07:10,@Therealboxtenrevamped,YO
0:07:10,@Dino_Mitez,calm down bro
0:07:10,@uwu_tixico_heat,WTH
0:07:11,@Beetlesfruitcake,LOLLL
0:07:12,@alynn_silly,BROTATO FHIP
0:07:12,@Jade_IsNotGoingToBeFamous,:money_mouth_face:
0:07:13,@whiteLilly-s3q,Uhhhhmmm
0:07:13,@ptkebr,why is astro gay
0:07:13,@belladora940,Mooncake:eyes-pink-heart-shape::eyes-pink-heart-shape::eyes-pink-heart-shape::eyes-pink-heart-shape:
0:07:13,@Shivery,hawt
0:07:15,@mxchi76,TRUE
0:07:15,@MyriadSkyFlaming,:drooling_face:
0:07:16,@Melissa_237,HAHAA
0:07:16,@shrimpkuuu,I JUST GEEKED
0:07:16,@Imsleepdeprived.ৎ,OH~
0:07:17,@jennythebean9117,True
0:07:17,@Angela-l2w6s,bro was thinking of butts
0:07:18,@SUNNY-z9r9d,WOAAAAHH
0:07:19,@TomAnimatics,what did I just see.
0:07:20,@Therealboxtenrevamped,HELP WHAT IS THAT :broken_heart:
0:07:21,@jennythebean9117,Zamn
0:07:23,@Melissa_237,COSMO FAT
0:07:23,@kevinspencerbassie,FINM
0:07:24,@GamerCREATORdandysworld,glia
0:07:24,@jo3a548,LASOFDLASFOASFLASF
0:07:24,@ayeshabiscarra,thats crazy
0:07:25,@Twofromtpotlover2763,I'm late
0:07:25,@mtr8832,GLISTEN???
0:07:27,@bacongamer777-h1t,damn bro
0:07:29,@Tamers12345MLP,@ptkebr He's got a lot of problems
0:07:29,@Imsleepdeprived.ৎ,OH? ~
0:07:29,@icelemoniscool,woah
0:07:30,@alynn_silly,give glisten more screen time give it
0:07:31,@7lonelyd,LMAO
0:07:31,@TheTurboHippo1,I'm gooning to Tisha
0:07:32,@MillerTheDarkTransPrince,hot
0:07:32,@ayeshabiscarra,cosmo speaking facts
0:07:33,@Jade_IsNotGoingToBeFamous,uh oh
0:07:34,@uwu_tixico_heat,dyle so cute
0:07:34,@grimtidings5451,Rodger spotted
0:07:35,@MoonflowerPeak69,GYATT
0:07:35,@iambigirl-s4q,why dyle like using prison shirt
0:07:36,@Danithemonki,DYLE VS ASTRO WHEN?
0:07:36,@goodnightloverz1972,WOAHH
0:07:36,@zahrathemlgtoad,dyle knows
0:07:36,@belladora940,QHAT
0:07:36,@raymondbottomtextbutidk8140,old man yaoi
0:07:37,@BATSYZUULP,why dyle mad at brah
0:07:37,@appl3s10.5,yo
0:07:37,@B00-s2y,Oh
0:07:40,@C0SM1C-f3o,woah
0:07:41,@HMZeroTwo,He has his sights on dandy that's why
0:07:41,@orangeguycooler,omg
0:07:41,@Jade_IsNotGoingToBeFamous,wowww
0:07:42,@GamerCREATORdandysworld,hi
0:07:43,@donnodgiodsaofuwe09guw0g,"cosmo keeps it real, hes a real friend"
0:07:43,@heresy8384,need more fat tamers characters
0:07:44,@patiencemassaquoi9830,DAMN
0:07:45,@Starfire_777,Dyle Epstein
0:07:45,@mxchi76,NOO
0:07:46,@HMZeroTwo,Dyle want no competition
0:07:46,@TemperanceJean-t3n,coso
0:07:46,@blotnd,can they kiss
0:07:46,@belladora940,Dyle has allat too:face-turquoise-covering-eyes:
0:07:47,@jennythebean9117,Damn dial doesn’t deserve that
0:07:47,@OrbotFan20,Leave Dyle alone!
0:07:48,@ayeshabiscarra,EW
0:07:48,@appl3s10.5,EWWW
0:07:49,@Redblox_playz,Dyle watching him
0:07:49,@TemperanceJean-t3n,csmo
0:07:50,@NexzHere,cosmo is lowkey caked up
0:07:50,@Daykiske,Dyle autism stare
0:07:51,@jo3a548,FREAK OF N ATURE
0:07:51,@Diablazo97,yo wha the fu
0:07:51,@Therealboxtenrevamped,.
0:07:52,@lurdesvallejo6379,siiii
0:07:52,@alcinaisMINE,Dyle want that cookie
0:07:53,@Charla_is_a_midartist,lemme crack goob chat (no one will see this)
0:07:53,@GamerCREATORdandysworld,baby
0:07:53,@uwu_tixico_heat,xd
0:07:54,@blotnd,LMAO
0:07:55,@Idkanymorelol454,what
0:07:55,@pinkpupbutt9299,YYYYEAAAAAAAAAAAAAA
0:07:55,@Beetlesfruitcake,Is that the reason why Dyle isn’t allowed on the show
0:07:56,@Cattle.ink.3,yae...
0:07:56,@patiencemassaquoi9830,HE LUCKY AS HELL I AIMT BEHIND ALL THAT
0:07:57,@Fourthealgebralien4444,Shut up looey
0:07:57,@yumekins,He’s so touchable
0:07:58,@Dino_Mitez,grooss
0:07:58,@MillerTheDarkTransPrince,oh no
0:07:59,@FennekoTheOtaku,not blot help\
0:07:59,@jo3a548,cutey bikini
0:08:00,@BATSYZUULP,IM CRYING
0:08:01,@MoonflowerPeak69,astro is so..
0:08:02,@belladora940,ASTRO MENTIONED MY BABY
0:08:02,@lalnunpuiasm,glistrn mentioned
0:08:03,@AndresSalce-dj5df,burp
0:08:04,@BATSYZUULP,IMMEDIATELY AFTER
0:08:04,@shrimpkuuu,AWWWW
0:08:05,@trap631,koooo
0:08:06,@alynn_silly,SO CRUEL FOR WHAT PURPOSE
0:08:06,@GamerCREATORdandysworld,:skull::loudly_crying_face:
0:08:08,@pinkpupbutt9299,LMAOOOOO
0:08:08,@NubMcMoofin,:face_holding_back_tears:
0:08:09,@icelemoniscool,NAH
0:08:09,@whiteLilly-s3q,Uhm
0:08:12,@alcinaisMINE,Hehe!!! Awww!!!!
0:08:12,@UngulaPropriaRQ,OH NO A POOP BOX
0:08:13,@jennythebean9117,Kiss
0:08:14,@Starfire_777,nice
0:08:15,@TheMTwinny,ABSOLUTELY DISGUSTING
0:08:15,@HMZeroTwo,COSMO NOT A REAL ONE
0:08:15,@The-Sharks-Hideout,LOL
0:08:16,@scall0p639,wtf Rodger 
0:08:16,@domakemedoit,omg
0:08:16,@ayeshabiscarra,OH
0:08:16,@lalnunpuiasm,glisten lucky i aint behind allat
0:08:16,@grimtidings5451,Cuz it's funny
0:08:16,@icelemoniscool,oh they taking a crap
0:08:16,@appl3s10.5,oh EWok
0:08:16,@Melissa_237,Does Cosmo eat it all?
0:08:17,@zahrathemlgtoad,justice for astro
0:08:17,@uwu_tixico_heat,.
0:08:18,@alynn_silly,WHY MUST THEY BE SO MEAN
0:08:18,@Jade_IsNotGoingToBeFamous,ew
0:08:19,@jo3a548,poop box
0:08:19,@Melissa_237,Does Cosmo eat it all?
0:08:19,@shrimpkuuu,BOXTEN
0:08:19,@Imsleepdeprived.ৎ,NO LOOEY :(
0:08:19,@ayeshabiscarra,WELL WELL WELL
0:08:20,@Diablazo97,AYO WHA THE HE
0:08:20,@domakemedoit,bruh
0:08:20,@BATSYZUULP,JJST BULLYING HIM FOR WHAT
0:08:20,@Tamers12345MLP,It's astro's fault for being born that way
0:08:21,@ayeshabiscarra,OHH
0:08:21,@shrimpkuuu,YUUUUUUM
0:08:21,@lunarrXD_sigma,BROOO
0:08:21,@appl3s10.5,BOXTEEBN
0:08:21,@GamerCREATORdandysworld,eww
0:08:21,@ta4kj,astro racism
0:08:21,@patiencemassaquoi9830,The sound bro
0:08:22,@uwu_tixico_heat,OMG
0:08:22,@applebloom2307,UNF
0:08:22,@miolz-o,COSMO U FAKE
0:08:23,@BATSYZUULP,LULLABY
0:08:23,@jennythebean9117,Shit together 
0:08:24,@shrimpkuuu,excuse me.
0:08:24,@HMZeroTwo,Boxten the alpha male
0:08:24,@Elexir108,Help
0:08:25,@pinkpupbutt9299,BOX
0:08:25,@Ultimate8Baller,BOXTEN ILY
0:08:25,@Exiledlama,LMAO
0:08:25,@blotnd,stress shitting ok
0:08:26,@B00-s2y,Oh
0:08:26,@MoonflowerPeak69,JUSTICE FOR ASTRO
0:08:26,@убеота,:face-red-heart-shape::face-red-heart-shape::face-red-heart-shape::face-red-heart-shape:
0:08:27,@UngulaPropriaRQ,HELL YEAH BOXTEN 
0:08:27,@Therealboxtenrevamped,BOXTEN WHY:broken_heart::broken_heart:
0:08:27,@appl3s10.5,bLOOXTEN
0:08:28,@Shivery,hawt
0:08:28,@Diablazo97,MAN WHAT
0:08:28,@OrbotFan20,Boxten
0:08:28,@BATSYZUULP,LULLABY MENTIONED
0:08:28,@raymondbottomtextbutidk8140,he's chill
0:08:28,@vanveleca,hey this happened in a SU episode
0:08:29,@jo3a548,OH YES
0:08:29,@heresy8384,nice
0:08:30,@Jade_IsNotGoingToBeFamous,oh that's uhh
0:08:30,@iambigirl-s4q,boxteeenenenen aaaa
0:08:30,@galexy-n3r,ummm
0:08:30,@B00-s2y,WTF
0:08:30,@paycheck_.fan1,BOXTEN
0:08:31,@CRASHTESTCREPE,I was hoping it'd be dyle :broken_heart:
0:08:31,@Idkanymorelol454,Yo
0:08:32,@HMZeroTwo,ALPHA MALE ALERT
0:08:32,@mtr8832,TOO MYCH YAOI OMFG
0:08:32,@Cattle.ink.3,boxten x astro
0:08:32,@jo3a548,LASMFDASOFAMS
0:08:33,@FennekoTheOtaku,BOXTEN :smiling_face_with_heart_eyes:
0:08:33,@yumekins,He’s disgusting
0:08:33,@ayeshabiscarra,ohhhh..boxtennnn
0:08:33,@grimtidings5451,YOOOOOOOOO BOXTEN YES
0:08:34,@Beetlesfruitcake,Are they gonna poo together
0:08:34,@stump0467,I'm on the fucking floor
0:08:34,@Dino_Mitez,dang
0:08:34,@Shivery,Alpha
0:08:35,@BATSYZUULP,LULLABY MENTIONED
0:08:35,@pinkpupbutt9299,LMFAO
0:08:36,@galexy-n3r,woahhhh
0:08:36,@belladora940,:face-blue-covering-eyes:
0:08:37,@miolz-o,WHAT
0:08:37,@jennythebean9117,Racism 
0:08:37,@whiteLilly-s3q,…
0:08:38,@TheJackManArt,omg the Boxten
0:08:38,@Idkanymorelol454,GODDAMN BOXTEN
0:08:38,@Binary_Forever,Oh dear god shirtless toons
0:08:38,@BATSYZUULP,LULLABY
0:08:39,@UngulaPropriaRQ,Boxten is such a fucking bro
0:08:39,@iambigirl-s4q,:cat-orange-whistling::cat-orange-whistling::cat-orange-whistling::cat-orange-whistling::cat-orange-whistling::cat-orange-whistling:
0:08:40,@moriorinvictus69,thanks boxten
0:08:40,@Selkie-Woh,Oh my god boxten
0:08:41,@Dino_Mitez,DAAAMMMMNN
0:08:41,@TheMTwinny,WHO THE FUCK IS BOXTEN
0:08:41,@lurdesvallejo6379,que-
0:08:41,@trap631,:eyes-pink-heart-shape::eyes-pink-heart-shape::eyes-pink-heart-shape::eyes-pink-heart-shape::eyes-pink-heart-shape::eyes-pink-heart-shape::eyes-pink-heart-shape:
0:08:42,@BATSYZUULP,LULLABY
0:08:42,@icelemoniscool,boxten x astro?
0:08:42,@Starfire_777,ayo
0:08:43,@starrynightynight,yes boxten x astro:heart_suit:
0:08:44,@Sillyguy1243,I was late what the hell happened while I was late
0:08:44,@Z-AR7,BOXTEN OH MY LORD
0:08:45,@BATSYZUULP,LULLABY
0:08:45,@galexy-n3r,damm
0:08:46,@icelemoniscool,HELP?
0:08:46,@patiencemassaquoi9830,Gng
0:08:46,@Therealboxtenrevamped,BOXTEN I LOVE U BUT THIS IS NOT OK:broken_heart::broken_heart:
0:08:47,@Jade_IsNotGoingToBeFamous,boxtennnnn
0:08:47,@iambigirl-s4q,:face-turquoise-covering-eyes::face-turquoise-covering-eyes::face-turquoise-covering-eyes::face-turquoise-covering-eyes:
0:08:48,@kevinspencerbassie,Boxten is hot 
0:08:48,@appl3s10.5,YOOO
0:08:49,@mxchi76,YAOI
0:08:49,@SILLYCYNS,I think tamers has a favorite
0:08:49,@uwu_tixico_heat,.
0:08:50,@shrimpkuuu,GO LOOEY
0:08:51,@patiencemassaquoi9830,TWIN
0:08:51,@Jade_IsNotGoingToBeFamous,oh
0:08:51,@belladora940,:face-pink-drinking-tea:
0:08:51,@jo3a548,OLASFDOALSFOASFGLASFGLASGF
0:08:51,@jennythebean9117,Damn
0:08:52,@ptkebr,thank you for bringing back boxten tamers12345
0:08:51,@yumekins,Oh yeah boxten I’ll come to you
0:08:52,@Imsleepdeprived.ৎ,OH HOHOHO~
0:08:53,@patiencemassaquoi9830, RO
0:08:53,@richietrejo-ramos2252,Bro???
0:08:53,@blotnd,DUDE 
0:08:53,@alcinaisMINE,boxten please have my unborn baby 
0:08:54,@zahrathemlgtoad,YEAHHH LOOEY
0:08:55,@ChucuchanXF,HES SO ME
0:08:55,@raymondbottomtextbutidk8140,unf
0:08:57,@FennekoTheOtaku,NAHHH
0:08:57,@Diablazo97,scraps looks beautiful
0:08:57,@tadreamanolan1421,AYP
0:08:57,@shrimpkuuu,O
0:08:57,@BATSYZUULP,HWAT
0:08:58,@uwu_tixico_heat,.
0:08:58,@TheTurboHippo1,LOEEYYYY OH MY GOD
0:08:59,@alynn_silly,NO HE DONT
0:09:00,@shrimpkuuu,oh my god.
0:09:00,@NubMcMoofin,:exploding_head:
0:09:00,@jennythebean9117,Kiss
0:09:00,@Moon_wolfpawz,GOOB:broken_heart:
0:09:01,@belladora940,GELP
0:09:01,@goodnightloverz1972,DANG LOOEY
0:09:02,@Sillyguy1243,WHAT THE FACK
0:09:02,@mtr8832,:face-red-droopy-eyes::face-red-droopy-eyes:
0:09:02,@domakemedoit,ayo-
0:09:02,@TheMTwinny,OH NO
0:09:02,@Jade_IsNotGoingToBeFamous,AAAAAAAAAAAAAA
0:09:03,@uwu_tixico_heat,MOGGGGG
0:09:03,@grimtidings5451,Reoccurring joke let's goooo
0:09:03,@Beetlesfruitcake,BRUB
0:09:04,@heresy8384,woah
0:09:04,@waffelkitty,diddys world diddys world diddys world diddys world diddys world diddys world diddys world diddys world diddys world diddys world diddys world diddys world diddys world diddys world diddys world did
0:09:04,@Elexir108,Mid share
0:09:05,@HMZeroTwo,But looey is fast why does he have cheeks
0:09:05,@Daykiske,OMG
0:09:05,@CHILDE1FAN,HELP??
0:09:06,@patiencemassaquoi9830,WHATS GOING ON?!?!?!?
0:09:06,@Beetlesfruitcake,LOL??
0:09:06,@belladora940,YAOIII
0:09:06,@ptkebr,oh yeahhhh
0:09:06,@MyriadSkyFlaming,WOAH!
0:09:06,@goodnightloverz1972,OHMIGOD
0:09:06,@Imsleepdeprived.ৎ,YEA LOOEY!!!!
0:09:07,@pinkpupbutt9299,LMAOOOOOOOOOOOO
0:09:08,@Z-AR7,HOLY
0:09:08,@UngulaPropriaRQ,HE'S SUCH A FUCKING BRO
0:09:08,@moonlunayt907,THEIR GAY
0:09:08,@mxchi76,OMG
0:09:08,@Tamers12345MLP,Looey's got extras big balloons for his ass cheeks
0:09:09,@animeedits2284,Стоп что
0:09:09,@BATSYZUULP,LULLABY MENTIONED
0:09:10,@galexy-n3r,NICE AHH LOOEY
0:09:10,@Danithemonki,GOOB I LOVE YOU 
0:09:12,@lunarrXD_sigma,ON THE TOILET
0:09:12,@icelemoniscool,SUOP
0:09:13,@BATSYZUULP,a lullaby
0:09:14,@HMZeroTwo,also NOOOO GOOB
0:09:14,@galexy-n3r,WOAHHH
0:09:16,@Shivery,:yellow_circle: :yellow_circle: :waving_hand:
0:09:16,@UngulaPropriaRQ,boxten is so fucking cool holy shit 
0:09:16,@BATSYZUULP,LULLABY MENTIONED
0:09:17,@animeedits2284,Еой ангелина ты вид
0:09:18,@stump0467,let astro shit holy fuck
0:09:18,@jennythebean9117,Zamn
0:09:18,@BaguetteDealer,lmao
0:09:19,@whiteLilly-s3q,YO
0:09:19,@GamerCREATORdandysworld,hehe
0:09:19,@blotnd,who's the flattest toon
0:09:20,@jo3a548,TRUKE
0:09:20,@F1NNLOVER,ASTRO WHAT
0:09:20,@Randomzillygoober,HELP IM DYING
0:09:21,@BATSYZUULP,LULLABY MENTIONED
0:09:21,@zahrathemlgtoad,THANK YOU FOR THE LOOEY FOOD!!!
0:09:22,@Moon_wolfpawz,DYLE GET OUT
0:09:22,@appl3s10.5,oh okay yaoi
0:09:23,@Exiledlama,ZAMN
0:09:23,@popn-mania,HI
0:09:23,@lolkmal-k5w,hell naw
0:09:23,@Sillyguy1243,NOT THE AIR FRESHNANER
0:09:24,@Starfire_777,True
0:09:24,@alynn_silly,boxten real as fuck
0:09:24,@BATSYZUULP,LULLABY MENTIONED
0:09:24,@alcinaisMINE,Thankyou soldier goob
0:09:26,@jo3a548,AAAAAAAAAAAAH
0:09:27,@Beetlesfruitcake,DYLE GO AWAH
0:09:27,@Therealboxtenrevamped,Uhm
0:09:28,@dominicunderwood4911,"@alcinaisMINE Boxtons a guy, yk."
0:09:28,@MoonflowerPeak69,ASTRO HELLA LUCKY :drooling_face::drooling_face:
0:09:28,@galexy-n3r,LOL
0:09:29,@GamerCREATORdandysworld,nah
0:09:30,@CRASHTESTCREPE,PLEASEEE
0:09:30,@SigmaRizz-du1cc,I CANT STIP BUST A
0:09:30,@Beetlesfruitcake,HELP
0:09:31,@pinkpupbutt9299,YEAAAAAAA
0:09:31,@grimtidings5451,I carry asswipes!
0:09:33,@goodnightloverz1972,oh no
0:09:35,@galexy-n3r,HAHAHAHAHA
0:09:37,@jennythebean9117,Kiss
0:09:37,@BATSYZUULP,uh
0:09:40,@drunkserval,JUST LET HIM POOP
0:09:40,@pinkpupbutt9299,LMFAOOOO
0:09:41,@Melissa_237,MONCAKE AAHHH
0:09:42,@appl3s10.5,oh
0:09:42,@Jade_IsNotGoingToBeFamous,this is so normal
0:09:43,@HMZeroTwo,"Shut up, Dandy's exes are talking"
0:09:43,@Melissa_237,MONCAKE AAHHH
0:09:44,@symphonydawn317,someone is spamming the chat @Tamers12345MLP
0:09:45,@icelemoniscool,they can't wait to astro finished crap
0:09:45,@galexy-n3r,KISS NOW
0:09:45,@patiencemassaquoi9830,Bro what
0:09:46,@jennythebean9117,Wipe 
0:09:47,@iambigirl-s4q,dyle ny husbandd
0:09:48,@mtr8832,deeyal
0:09:48,@reeeNEWvr12,Why do people keep walking in on him shitting 
0:09:49,@Shivery,no wipe
0:09:49,@Fourthealgebralien4444,Astro mpreg
0:09:49,@Astro_Novalitee3e,L ads
0:09:50,@HMZeroTwo,PEBB
0:09:52,@mxchi76,MOONTIME TOO
0:09:53,@jo3a548,peeble is in
0:09:53,@BATSYZUULP,HWTA IS HAPPENIN
0:09:55,@Beetlesfruitcake,Omg
0:09:55,@pinkpupbutt9299,YYEAAAA
0:09:55,@CRASHTESTCREPE,PLEASE PLEASE PLEASE
0:09:56,@GamerCREATORdandysworld,nah
0:09:57,@dominicunderwood4911,please wipe
0:09:57,@Tamers12345MLP,"@blotnd The flattest toon would probably be Sprout tbh, but his ass only looks small because cosmos ass is so big and they are always standing next to each other"
0:09:59,@Starfire_777,creep
0:09:59,@vanveleca,BRUSHA
0:09:59,@Luv_Kyle,Looey got that Brazilian balloon lift
0:09:59,@uwu_tixico_heat,BRUSHAAAAAAAAAAAAAAAAAAAAAAAA
0:10:00,@mrcreemsupreme,omg brusha exists
0:10:00,@Dino_Mitez,bro this series is some shit.. AHAHAHAHA
0:10:00,@jennythebean9117,Yippee gay
0:10:03,@Shivery,Brusha
0:10:04,@Elexir108,Tisha does not have allat
0:10:04,@iambigirl-s4q,why Tisha bald
0:10:04,@alynn_silly,WHERE ARE TISHAS TISSUES?!!
0:10:04,@appl3s10.5,yo 
0:10:04,@TheMTwinny,ANGY
0:10:05,@mtr8832,tisha wtf:loudly_crying_face:
0:10:06,@drunkserval,@Fourthealgebralien4444 please
0:10:07,@galexy-n3r,YAOIII
0:10:07,@pinkpupbutt9299,OOOOO
0:10:08,@HMZeroTwo,Hiiii brusha
0:10:08,@Charla_is_a_midartist,CHAT IT'S BRUSHA
0:10:09,@TheMTwinny,>:(
0:10:09,@jo3a548,LSAFMASFOSAMFASOFMASF
0:10:10,@tadreamanolan1421,TISHA WTF
0:10:10,@iambigirl-s4q,Tisha badd
0:10:11,@Melissa_237,HAHAHAHAHA
0:10:13,@appl3s10.5,tisha lost her tissues
0:10:13,@iambigirl-s4q,bslsdd
0:10:14,@Melissa_237,HAHAHAHAHA
0:10:14,@Astro_Novalitee3e,YAOI
0:10:14,@belladora940,the random good art:face-blue-wide-eyes::face-red-heart-shape:
0:10:15,@alcinaisMINE,Lesbians
0:10:15,@Imsleepdeprived.ৎ,OOOO TISHA~
0:10:15,@mxchi76,BRUSHAA
0:10:15,@BATSYZUULP,GAY
0:10:17,@kevinspencerbassie,RAGEBAIT 
0:10:17,@alcinaisMINE,Lesbians
0:10:18,@yumekins,Where is tishas tissues I know dada
0:10:18,@MoonflowerPeak69,TISHAS BALD
0:10:18,@BATSYZUULP,YOAI
0:10:20,@alcinaisMINE,Yuri
0:10:20,@Tamers12345MLP,"@iambigirl-s4q Oh shit, I forgot to draw the tissues on Tisha's head"
0:10:20,@jo3a548,cute tsundere
0:10:20,@icelemoniscool,tisha x brusha real?
0:10:20,@mtr8832,YAOII
0:10:20,@miolz-o,finn just give it up brotato you're not getting that shrimp
0:10:21,@BATSYZUULP,YAOI
0:10:21,@skyberry_axx,HELLO SKIBIDI PEOPLE
0:10:22,@B00-s2y,Gay?
0:10:22,@jennythebean9117,Toxic Yaoi >:3
0:10:22,@nonten4,finn canonically a black dude
0:10:23,@lurdesvallejo6379,):(
0:10:26,@Shivery,KISS
0:10:27,@ForsakeDash,YOAIIIIII
0:10:28,@Elexir108,Help
0:10:29,@whiteLilly-s3q,.
0:10:28,@shrimpkuuu,awww shrimpo you know you want that fishbowl
0:10:30,@HMZeroTwo,Shrimpo just go with Goob already
0:10:31,@Idkanymorelol454,hell yeah 
0:10:31,@UngulaPropriaRQ,that was fast 
0:10:31,@iambigirl-s4q,123 i want yuri
0:10:33,@drunkserval,LOL
0:10:33,@shrimpkuuu,YUUUP
0:10:33,@appl3s10.5,oh
0:10:33,@uwu_tixico_heat,.
0:10:34,@BATSYZUULP,gay
0:10:35,@Jade_IsNotGoingToBeFamous,oh
0:10:35,@ForsakeDash,YAOIIIIIIIIIIII
0:10:36,@patiencemassaquoi9830,God
0:10:36,@alynn_silly,OH NY GOD
0:10:37,@NubMcMoofin,:smiling_face_with_hearts::smiling_face_with_hearts::smiling_face_with_hearts:
0:10:37,@shrimpkuuu,KISS HARDER
0:10:37,@zahrathemlgtoad,LMAOOOO
0:10:38,@Astro_Novalitee3e,astro mentioned
0:10:38,@Idkanymorelol454,YOOOO
0:10:38,@galexy-n3r,YAOIIII I LOVE ITRRR
0:10:38,@Beetlesfruitcake,Oh
0:10:38,@FennekoTheOtaku,oh
0:10:38,@HMZeroTwo,AYYYY
0:10:38,@jennythebean9117,Damn they kissing
0:10:39,@Z-AR7,YES
0:10:39,@iambigirl-s4q,123 i want your ri
0:10:39,@TheMTwinny,LLMAO
0:10:39,@CHILDE1FAN,HEL))))
0:10:39,@B00-s2y,WHAT
0:10:39,@drunkserval,That escalated quickly
0:10:39,@alynn_silly,OHYMTIDISKF
0:10:39,@alcinaisMINE,Hey uhm can brusha and Tisha kiss
0:10:40,@dribvox,WE LOVE RAGEBAITTTTTTTT
0:10:40,@belladora940,YESSS
0:10:41,@stump0467,this is helping me shit
0:10:41,@Tamers12345MLP,@nonten4 Honestly makes sense that finn would be black
0:10:41,@Charmiyuu,YURI MENTION :face_savoring_food::face_savoring_food::face_savoring_food:
0:10:41,@lalnunpuiasm,ew shrimpbowl
0:10:42,@Shivery,YEAHHH
0:10:42,@falnazor0001,LMAO!
0:10:43,@lurdesvallejo6379,ohohohohoh
0:10:43,@scribblefinn,YEEEESSETWSTYSYEGYEYEYD
0:10:44,@BATSYZUULP,THEYRE HOLY SJIT
0:10:44,@mxchi76,WOAH
0:10:45,@GamerCREATORdandysworld,.
0:10:46,@TheJackManArt,omg tishaaaaaa
0:10:46,@Idkanymorelol454,HELL YEAHHHH
0:10:47,@BATSYZUULP,HOLYBSHIT
0:10:48,@jo3a548,LASMDFSAOFMASDLASFO
0:10:49,@uwu_tixico_heat,omg brusha voice so cool
0:10:50,@eunyungg,YURII
0:10:50,@Malikat_Malikai,KISS
0:10:51,@mtr8832,tisha looks better bald anywau
0:10:53,@BATSYZUULP,HOLYBSJOT
0:10:53,@jennythebean9117,Grip
0:10:53,@2faced_,Ew ragebait
0:10:53,@lalnunpuiasm,wheres goob
0:10:53,@galexy-n3r,WTF
0:10:54,@applebloom2307,I got a damn
0:10:56,@HMZeroTwo,GOOB LOOK AWAY
0:10:56,@lolkmal-k5w,okay no mooncake Im dying
0:10:57,@Jade_IsNotGoingToBeFamous,wowww
0:10:57,@Astro_Novalitee3e,LOL
0:10:57,@galexy-n3r,AAAAA
0:10:57,@alcinaisMINE,Yuri
0:10:59,@Melissa_237,IS TAMERS BOXTEN YOUR FAVORITE?
0:10:59,@Danithemonki,GAH DAMN FINN
0:10:59,@UngulaPropriaRQ,GOOB IS SO REAL
0:10:59,@B00-s2y,Ahahahahahahahahahahahaaha
0:11:00,@realblixels,tamers is there more than one of you?
0:11:00,@Melissa_237,IS TAMERS BOXTEN YOUR FAVORITE?
0:11:01,@applebloom2307,ADVERTI
0:11:01,@jo3a548,cute
0:11:02,@Starfire_777,Tisha's a baddie
0:11:02,@shrimpkuuu,awww goob 
0:11:02,@Dino_Mitez,Atleast some people know the Christian rule!
0:11:04,@mrcreemsupreme,why is everyon egay
0:11:04,@MoonflowerPeak69,OMGG
0:11:04,@ptkebr,tamers which toon is the hottest
0:11:05,@alcinaisMINE,Those gosh darn gays 
0:11:05,@lalnunpuiasm,HWHHE
0:11:05,@zahrathemlgtoad,I LOVE GOOB
0:11:05,@icelemoniscool,lemme close the chat and watch video
0:11:06,@tamers-fans,hi tamers
0:11:07,@drunkserval,awwwwww
0:11:07,@jennythebean9117,Three way?
0:11:07,@yokaan9487,yess
0:11:07,@dribvox,WE LOVE YOU GOOB !!!!!!
0:11:08,@NubMcMoofin,:smiling_face_with_hearts:
0:11:08,@moriorinvictus69,GOOB INFINTELY BASED
0:11:09,@galexy-n3r,UM
0:11:10,@blotnd,can the three of them kiss
0:11:11,@Sillyguy1243,WHAT
0:11:11,@mxchi76,awwww
0:11:12,@VaStarPlus,POLYAMORUS GOOB!
0:11:12,@Melissa_237,TAMERS BOXTEN IS YOUR FAVORITE
0:11:12,@What-bm7nr,HOLY
0:11:13,@mrcreemsupreme,this is against god
0:11:13,@ears-123,tamers you are cooking with the dw episodes. this is at the same quality as that of your MLP movies
0:11:13,@patiencemassaquoi9830,This is too peak to comprehend 
0:11:13,@Melissa_237,TAMERS BOXTEN IS YOUR FAVORITE
0:11:14,@Kachowspeed95,W GOOB
0:11:15,@Idkanymorelol454,I love goob 
0:11:15,@reeeNEWvr12,ITS SO CUTEEEEE
0:11:15,@BATSYZUULP,goob finn and shrimpo all be gay
0:11:16,@tamers-fans,hi tamers :pleading_face:
0:11:16,@Danithemonki,More Angry hugs 
0:11:17,@Shivery,Love triangle
0:11:17,@Exiledlama,LMAO
0:11:18,@grimtidings5451,GOOB IS BEST BOY
0:11:19,@goodnightloverz1972,GOOBS THE ONLY REAL ONE
0:11:19,@TheMTwinny,WHY DOES DANDY'S WORLD HAVE SO MANY DAMN PEOPLE IN THIS WORLD 
0:11:19,@shrimpkuuu,that's so mean
0:11:19,@Tamers12345MLP,"Tisha canonically has big badonka's, qwel told me herself"
0:11:20,@Solums,goob best toon
0:11:20,@galexy-n3r,YAOI
0:11:20,@bp5814,LETS GO GOOB
0:11:21,@Astro_Novalitee3e,HELP??
0:11:21,@Danithemonki,STOP BEING MEAN TO GOOB
0:11:22,@alynn_silly,THEYRE SO MEAN
0:11:23,@SonataDidIt,So mean....
0:11:23,@dominicunderwood4911,Actually its gravity that turns the world
0:11:23,@UngulaPropriaRQ,goob is closer to god 
0:11:24,@alcinaisMINE,Ally goob :face_holding_back_tears:
0:11:24,@belladora940,WGAYYY
0:11:24,@veekisser4ever,Goob is so tuff
0:11:24,@Z-AR7,OH
0:11:24,@Ca11me_charl1e,damn brusha
0:11:25,@BlackCat-nr2od,POLY MENTION?
0:11:25,@jennythebean9117,Goob is a grown man
0:11:27,@galexy-n3r,LMAO
0:11:28,@shrimpkuuu,TISHA BRUSHA BE NICE
0:11:29,@vanveleca,woah
0:11:29,@Danithemonki,GOOB NOOOO
0:11:30,@B00-s2y,Uhhh
0:11:31,@lurdesvallejo6379,besó De 3
0:11:31,@kevinspencerbassie,yaoi
0:11:31,@HMZeroTwo,Tisha you're a tissue box and god's mistake
0:11:32,@uwu_tixico_heat,trío gays boys
0:11:33,@applebloom2307,I love Goob so much he's me fr
0:11:35,@SigmaRizz-du1cc,IM A PROUD TAMERS BOXTEN YUMESHIPPER
0:11:35,@rockyroad2256,STOP IT LEAVE THAT GOOB ALONE!!!
0:11:35,@MoonflowerPeak69,MAKE THEM POLY
0:11:36,@mtr8832,Dang
0:11:37,@soft_velvetantlers,Boxten and tisha r lwky fineshyt
0:11:38,@Imsleepdeprived.ৎ,wait what
0:11:40,@mxchi76,NOO
0:11:41,@Ca11me_charl1e,oh shit
0:11:41,@Astro_Novalitee3e,yes i was there when qwel said that
0:11:43,@galexy-n3r,NO MY GOBBY
0:11:46,@StopTalkin.,chat I'm 9 minutes late :broken_heart::broken_heart:
0:11:46,@B00-s2y,Tisha you have smth oh you face
0:11:50,@jennythebean9117,Make out more
0:11:51,@BlackCat-nr2od,ANGRY CUDDLEFISH MENTION??
0:11:51,@blotnd,okay yaoi this yaoi that where tf is soulvester and rnd yaoi bro
0:11:52,@Idkanymorelol454,GOOBBBB NOOO
0:11:52,@UngulaPropriaRQ,LMAO
0:11:52,@drunkserval,This is the best yaoi out there behind Warhammer 40k
0:11:53,@tamers-fans,tamers i love you :pleading_face::pleading_face::pleading_face:
0:11:53,@falnazor0001,Yes. Two devils.
0:11:53,@Diablazo97,man My hand is boilong
0:11:54,@UngulaPropriaRQ,IT'S CANON
0:11:56,@bp5814,SHRIMPO KILL
0:11:56,@lalnunpuiasm,im crine leave goob alone
0:11:56,@MoonflowerPeak69,DEFEND THEM
0:11:56,@Moon_wolfpawz,UM
0:11:57,@uwu_tixico_heat,xd
0:11:58,@shrimpkuuu,shrimpo in undies #yurm
0:11:59,@realblixels,LMAOOOOOOOO
0:11:59,@turntwolfo7956,stop bullying goob
0:11:59,@Jade_IsNotGoingToBeFamous,wowww
0:12:00,@jennythebean9117,Two devils
0:12:00,@BATSYZUULP,WHY IS HE NAKED
0:12:00,@HMZeroTwo,ASSERT DOMINANCE
0:12:00,@galexy-n3r,noo mu gobby
0:12:01,@TheMTwinny,Lol no good side
0:12:01,@Beetlesfruitcake,The two devils omg
0:12:02,@UltimateBlanket,I have nothing to say
0:12:03,@Fourthealgebralien4444,Im crine
0:12:03,@7lonelyd,DUDE
0:12:04,@mtr8832,2 demons
0:12:05,@Malikat_Malikai,LOLL
0:12:05,@BATSYZUULP,WHY ARE THEY BITH DEVILS
0:12:05,@Shivery,lol no angel shrimpo
0:12:07,@HMZeroTwo,(he's t-posing right)
0:12:07,@bacongamer777-h1t,w speed
0:12:07,@UngulaPropriaRQ,he's just a bastard through and through i love him
0:12:08,@BATSYZUULP,WHAY
0:12:08,@Ca11me_charl1e,NAH
0:12:08,@realblixels,:rolling_on_the_floor_laughing::rolling_on_the_floor_laughing::rolling_on_the_floor_laughing::rolling_on_the_floor_laughing::rolling_on_the_floor_laughing::rolling_on_the_floor_laughing::rolling_on_the_floor_laughing:
0:12:09,@FennekoTheOtaku,huh
0:12:11,@Melissa_237,"Guys, say 67 if you want BerryFuny yaoi"
0:12:11,@Starfire_777,Toxic
0:12:12,@scall0p639,Bro has no angel :loudly_crying_face:
0:12:12,@jennythebean9117,:O
0:12:13,@BATSYZUULP,WHY ARE THEY BOTH DEVILS
0:12:14,@Malikat_Malikai,SONNN IM CRINEEEEE
0:12:14,@shrimpkuuu,OH MY GOF
0:12:15,@KitNoir_,TWO DEMONS
0:12:15,@Melissa_237,"Guys, say 67 if you want BerryFuny yaoi"
0:12:17,@BATSYZUULP,Im xryinf
0:12:17,@shrimpkuuu,SHRIMPO NO
0:12:17,@vanveleca,yeesh
0:12:17,@Moon_wolfpawz,SHRIMPO:broken_heart:
0:12:19,@ptkebr,this is the best writing I've ever seen
0:12:19,@BATSYZUULP,STOP
0:12:19,@Diablazo97,MAN NOOO
0:12:20,@TheMTwinny,LMAO
0:12:21,@jennythebean9117,Nooooooooooo
0:12:22,@bacongamer777-h1t,shrimpo got that bakery
0:12:22,@MoonflowerPeak69,SHOW DOMIMANCE
0:12:23,@BATSYZUULP,SROP
0:12:23,@NubMcMoofin,:face_holding_back_tears:
0:12:24,@Cattle.ink.3,why are there two evil shrimpo
0:12:25,@stump0467,holy shit
0:12:25,@alynn_silly,CRUEL
0:12:25,@mtr8832,THIS IS TOO FLUKIBF FUNY AT 2 AM
0:12:25,@Tamers12345MLP,@BATSYZUULP Shrimpo has no light in his life so he only has devils 
0:12:25,@shrimpkuuu,GOOB NOOOOO
0:12:26,@stump0467,HELLL NAHHH
0:12:27,@Imsleepdeprived.ৎ,NOOOOO
0:12:27,@ptkebr,absolute cinema
0:12:27,@Idkanymorelol454,NOOO
0:12:28,@grimtidings5451,NOOOOO
0:12:28,@tamers-fans,tamers i love you :pleading_face::loudly_crying_face::honeybee:
0:12:28,@miolz-o,NOOO THE ANGST
0:12:28,@appl3s10.5,DUDE
0:12:28,@Shivery,poor goob
0:12:28,@Nadinevillalobos_hello,Oh no goobie
0:12:28,@BATSYZUULP,leave bimm ALONE
0:12:28,@MyriadSkyFlaming,NOO!
0:12:28,@Jade_IsNotGoingToBeFamous,nooo
0:12:29,@HMZeroTwo,NOOOO GOOOOOB
0:12:29,@Daykiske,NOOOO
0:12:30,@TheMTwinny,GOOB IS THIS WORLD'S DERPY
0:12:30,@Idkanymorelol454,WHYYYY
0:12:32,@Exiledlama,LMAO
0:12:32,@uwu_tixico_heat,OMG GOOBS CRY NOOOOOO
0:12:34,@appl3s10.5,HEP_{
0:12:34,@Astro_Novalitee3e,DYLE???????????//
0:12:35,@lalnunpuiasm,NO WHU WOILD SURIMPO DO THAT
0:12:36,@bacongamer777-h1t,broooo
0:12:36,@B00-s2y,The cry :loudly_crying_face:
0:12:36,@BATSYZUULP,STIP BULLYONG AJIM
0:12:37,@jennythebean9117,Like an Anime
0:12:38,@appl3s10.5,IM PISIng
0:12:38,@KitNoir_,DYLE
0:12:38,@AsfahaniInziaj,he has no angels
0:12:39,@Beetlesfruitcake,Is Dyle okay mentally
0:12:40,@lurdesvallejo6379,oh-
0:12:41,@Astro_Novalitee3e,BROWHA
0:12:41,@paycheck_.fan1,NOOOOO
0:12:42,@alcinaisMINE,Ref do something 
0:12:42,@KitNoir_,OMG
0:12:43,@SproutTheStrawberry,POOR GOOB
0:12:44,@yumekins,I really really fucking hate goob 
0:12:45,@DragonDuppy,I'm awake from my nap.
0:12:45,@arianafinnellyepez5200,OH NOOO
0:12:45,@astarz777,OMG
0:12:46,@B00-s2y,ASTRO
0:12:46,@BATSYZUULP,oh shit
0:12:47,@HMZeroTwo,OOOOO DYLE JELLY
0:12:49,@jennythebean9117,Blackmail!
0:12:50,@Jade_IsNotGoingToBeFamous,GASP
0:12:51,@Astro_Novalitee3e,HELP
0:12:51,@BATSYZUULP,GAY
0:12:51,@miolz-o,LMAOOOO
0:12:51,@mxchi76,YAOII
0:12:52,@alcinaisMINE,Scraps do something…..
0:12:52,@Malikat_Malikai,HOLY
0:12:52,@blotnd,ok but did astro take his shit. 
0:12:52,@Starfire_777,Dyle wants it
0:12:52,@Ca11me_charl1e,oop
0:12:52,@mrcreemsupreme,oh he jelly
0:12:53,@galexy-n3r,lamooo
0:12:54,@Shivery,They gonna fight!
0:12:55,@Idkanymorelol454,Yo.
0:12:56,@BATSYZUULP,THATS GAY
0:12:56,@MoonflowerPeak69,MOONFLOWER YAOI
0:12:57,@shrimpkuuu,oh my god
0:12:58,@grimtidings5451,JEALOUS EX LET'S GO
0:13:00,@belladora940,OOOO
0:13:00,@Angela-l2w6s,what the hell :face_with_tongue::face_with_tongue::face_with_tongue::face_with_tongue::face_with_tongue:
0:13:01,@miolz-o,DYLE SNOOPING LMAO
0:13:01,@MoonflowerPeak69,MOONFLOWER YAOI
0:13:02,@Ca11me_charl1e,HE KNOWS
0:13:02,@Imsleepdeprived.ৎ,OJHHHHH
0:13:04,@BATSYZUULP,BLACKMAIL
0:13:05,@jennythebean9117,This is good Yaoi man
0:13:06,@MillerTheDarkTransPrince,:3
0:13:06,@MoonflowerPeak69,MOONFLOWER YAOI
0:13:07,@alynn_silly,holy yaoi
0:13:07,@belladora940,send that to me astrooo
0:13:08,@BATSYZUULP,BLACKMAIL
0:13:09,@Astro_Novalitee3e,gay
0:13:11,@drunkserval,DAMN
0:13:12,@MoonflowerPeak69,MOONFLOWER YAOI
0:13:12,@jo3a548,ASDFLADFMASDDLFAS<FD
0:13:14,@Shivery,Toxic Yaoi
0:13:14,@BATSYZUULP,BLACKMAIL
0:13:15,@Nadinevillalobos_hello,:0
0:13:15,@ptkebr,he tried to diddle astro right?
0:13:16,@Jade_IsNotGoingToBeFamous,DAYUM
0:13:16,@lurdesvallejo6379,Dyle
0:13:17,@miolz-o,WHA
0:13:20,@Beetlesfruitcake,Why does dyle had that in the back
0:13:21,@Idkanymorelol454,MORE BACKSTORY
0:13:23,@DragonDuppy,I need some water
0:13:23,@appl3s10.5,OOH
0:13:25,@jennythebean9117,:O
0:13:26,@waffelkitty,I'm going to Spam
0:13:27,@HMZeroTwo,Dandy is a gamer
0:13:27,@mtr8832,100% yaoi + doomed yaoi
0:13:30,@JYNCHEG,"Hello, are there BBLs in lore?"
0:13:30,@UngulaPropriaRQ,he's so autistic we love him
0:13:31,@Shivery,Nintendo Switch
0:13:31,@waffelkitty,I'm going to Spam I'm going to Spam I'm going to Spam I'm going to Spam I'm going to Spam I'm going to Spam
0:13:31,@ponytart4245,"oh the headgames of queers, true evil"
0:13:31,@falnazor0001,Tamers dropping paint education.
0:13:31,@lurdesvallejo6379,:0
0:13:31,@drunkserval,I love his train bed
0:13:32,@applebloom2307,Autism
0:13:36,@SproutTheStrawberry,Oh god my oc is cooked
0:13:36,@waffelkitty,I'm going to Spam I'm going to Spam I'm going to Spam I'm going to Spam I'm going to Spam I'm going to Spam I'm going to Spam I'm going to Spam I'm going to Spam
0:13:37,@lalnunpuiasm,nice joner dyle
0:13:37,@MadoyTheCatlol,What th
0:13:41,@tamers-fans,tamers :pleading_face::pleading_face::pleading_face:
0:13:42,@OscarLuna-ws5nc,hi guys
0:13:42,@jo3a548,train austis
0:13:42,@The-Sharks-Hideout,LOL
0:13:43,@grimtidings5451,Autism kills relationships
0:13:43,@ptkebr,12 MONTHS?? That's the longest gay relationship of all time!
0:13:43,@waffelkitty,I'm going to Spam I'm going to Spam I'm going to Spam I'm going to Spam I'm going to Spam I'm going to Spam I'm going to Spam I'm going to Spam
0:13:47,@Starfire_777,Dandy's into old men?
0:13:47,@waffelkitty,I'm going to Spam I'm going to Spam I'm going to Spam I'm going to Spam I'm going to Spam I'm going to Spam I'm going to Spam I'm going to Spam
0:13:47,@JeanineBones-h2m,Geyyy Dandy and Astor!!!
0:13:48,@alcinaisMINE,Standing on the bed
0:13:49,@Tamers12345MLP,Dyle is standing on the bed because Dandy ignores him when he's not standing above eye level
0:13:50,@BATSYZUULP,OH NO HIS AUTISM
0:13:51,@waffelkitty,I'm going to Spam I'm going to Spam I'm going to Spam I'm going to Spam I'm going to Spam I'm going to Spam I'm going to Spam I'm going to Spam
0:13:51,@OrbotFan20,Dyle likes his trains
0:13:54,@SproutTheStrawberry,PHEW SHE AINT GETTING PLAYED ON
0:13:55,@shrimpkuuu,dandy was shittalking astro for being gay when he was dating dyle he's so fucking fake
0:13:55,@ForsakeDash,IM CRYING WHAT AM I WATCHING 
0:13:56,@lurdesvallejo6379,dyle × Dandy?
0:13:56,@Ca11me_charl1e,oooooo~ RAIR DYLE AND DANDY MOMENT
0:13:57,@miolz-o,IS THIS WHY DANDY HATES GAYS
0:13:57,@waffelkitty,I'm going to Spam I'm going to Spam I'm going to Spam I'm going to Spam I'm going to Spam I'm going to Spam I'm going to Spam I'm going to Spam
0:13:58,@B00-s2y,Welp
0:13:59,@BATSYZUULP,HIS AUTISM :crying_face::crying_face::face_savoring_food:
0:13:59,@7lonelyd,thank you for the factoid dyle
0:14:02,@shrimpkuuu,astro keep your legs closed 
0:14:02,@waffelkitty,I'm going to Spam I'm going to Spam I'm going to Spam I'm going to Spam I'm going to Spam I'm going to Spam I'm going to Spam I'm going to Spam I'm going to Spam I'm going to Spam I'm going to Spam
0:14:02,@jennythebean9117,Dandy hates the disabled 
0:14:04,@zahrathemlgtoad,i understand dyle...
0:14:04,@Astro_Novalitee3e,tamers i love tamers tamers i love ur videos ur so tuff
0:14:05,@bacongamer777-h1t,is ts peak on china
0:14:06,@waffelkitty,I'm going to Spam I'm going to Spam I'm going to Spam I'm going to Spam I'm going to Spam I'm going to Spam I'm going to Spam
0:14:08,@Shivery,I feel Dyle
0:14:08,@MoonflowerPeak69,DOOMED YAOI
0:14:09,@theboxdemon4,ohhh
0:14:09,@Malikat_Malikai,IM SHITSING
0:14:09,@waffelkitty,I'm going to Spam I'm going to Spam I'm going to Spam I'm going to Spam
0:14:10,@miolz-o,IT IS
0:14:10,@shrimpkuuu,dont open them for dandy
0:14:10,@MillerTheDarkTransPrince,trains
0:14:11,@superarcade643,dandy doesnt deserve him
0:14:11,@lalnunpuiasm,sybau dyle
0:14:12,@7lonelyd,LOL
0:14:12,@BATSYZUULP,HIS SPECIAL INTEREST NO
0:14:13,@Idkanymorelol454,BRUH
0:14:13,@HMZeroTwo,Poor dyle....
0:14:13,@bacongamer777-h1t,o
0:14:16,@theboxdemon4,LMAOOO RODGER
0:14:16,@waffelkitty,I'm going to Spam I'm going to Spam I'm going to Spam
0:14:17,@Dib-cu8gf,wait till dandy realizes some hyperfixations last lifetimes
0:14:18,@MoonflowerPeak69,MOONFLOWER YAOI
0:14:19,@Ca11me_charl1e,NOOOOOOOO
0:14:20,@jennythebean9117,Slap
0:14:20,@Exiledlama,LMAO
0:14:21,@Beetlesfruitcake,Doomed yaoi dyle:mending_heart::mending_heart:
0:14:21,@KitNoir_,:c
0:14:22,@alynn_silly,MCDONALDS HASBEOWN:drooling_face::drooling_face::drooling_face:
0:14:23,@Cosmo_chocolatecake,I love the show
0:14:24,@Daykiske,NO MY POOR DYLE
0:14:24,@pinkpupbutt9299, I LOVE IT HERE
0:14:25,@lurdesvallejo6379,oh Podré
0:14:25,@SigmaRizz-du1cc,I LOVE TAMERS BOXTEN SO MUCH TAMWRA MY LIFE IS ALL YOURS 
0:14:26,@grimtidings5451,IMMEDIATELY
0:14:28,@jo3a548,ASLDASFLASFOASFM
0:14:28,@FennekoTheOtaku,a hash brown at night???
0:14:28,@Diablazo97,mcdonals
0:14:28,@shrimpkuuu,DYLE NO
0:14:30,@mxchi76,NOOO DYLE
0:14:29,@MoonflowerPeak69,MOONFLOWER YAOI
0:14:31,@waffelkitty,I'm going to Spam I'm going to Spam I'm going to Spam I'm going to Spam I'm going to Spam I'm going to Spam I'm going to Spam
0:14:31,@shrimpkuuu,AWWWW
0:14:31,@BATSYZUULP,BRAH
0:14:32,@jennythebean9117,Make out 
0:14:32,@pinkpupbutt9299,OMFG
0:14:33,@UngulaPropriaRQ,damn this is so sad
0:14:33,@Starfire_777,Goddamn
0:14:34,@SigmaRizz-du1cc,I THINK YOU KNOW I LOVE TAMERS BKXYEN ALOT
0:14:34,@TheMTwinny,LMAO
0:14:34,@Shivery,lol
0:14:35,@jo3a548,no
0:14:35,@Astro_Novalitee3e,LOL
0:14:35,@zahrathemlgtoad,dyle :((((
0:14:35,@waffelkitty,I'm going to Spam I'm going to Spam I'm going to Spam I'm going to Spam I'm going to Spam I'm going to Spam I'm going to Spam I'm going to Spam I'm going to Spam I'm going to Spam
0:14:35,@shrimpkuuu,HER?
0:14:36,@Idkanymorelol454,DAMN
0:14:37,@NubMcMoofin,:face_holding_back_tears:
0:14:37,@patiencemassaquoi9830,Damn that’s sad
0:14:38,@Angela-l2w6s,:flushed_face::flushed_face::flushed_face::flushed_face::flushed_face::flushed_face::flushed_face::flushed_face::flushed_face::flushed_face::flushed_face:
0:14:39,@bacongamer777-h1t,poor dyle
0:14:40,@BATSYZUULP,STOP BULLYING HIM
0:14:40,@pinkpupbutt9299,MISGENDERING HIM
0:14:41,@ptkebr,her?
0:14:41,@waffelkitty,I'm going to Spam I'm going to Spam I'm going to Spam I'm going to Spam I'm going to Spam I'm going to Spam I'm going to Spam I'm going to Spam
0:14:41,@The-Sharks-Hideout,LMAO
0:14:41,@UngulaPropriaRQ,autistic kings deserve more
0:14:41,@paycheck_.fan1,DYLEE:loudly_crying_face::loudly_crying_face::loudly_crying_face::loudly_crying_face:
0:14:42,@jo3a548,poor dyle
0:14:43,@shrimpkuuu,HE CALLED DYLE A WOMAN WHY
0:14:43,@belladora940,NOOOOI
0:14:44,@Beetlesfruitcake,Dyle angst:mending_heart::mending_heart: the world is healing
0:14:44,@ForsakeDash,DANGGG
0:14:44,@The-Sharks-Hideout,LAMO
0:14:45,@luvastri,HER????
0:14:45,@BloxyCirkit,Angst :red_heart:
0:14:45,@bacongamer777-h1t,:loudly_crying_face::loudly_crying_face::loudly_crying_face::loudly_crying_face:
0:14:45,@jennythebean9117,>:3
0:14:46,@pinkpupbutt9299,OH MY LORD
0:14:46,@waffelkitty,I'm going to Spam I'm going to Spam I'm going to Spam I'm going to Spam I'm going to Spam I'm going to Spam I'm going to Spam I'm going to Spam
0:14:48,@Dino_Mitez,i love this shit
0:14:50,@waffelkitty,I'm going to Spam I'm going to Spam I'm going to Spam I'm going to Spam I'm going to Spam
0:14:50,@realblixels,:rolling_on_the_floor_laughing::rolling_on_the_floor_laughing::rolling_on_the_floor_laughing::rolling_on_the_floor_laughing::rolling_on_the_floor_laughing::rolling_on_the_floor_laughing::rolling_on_the_floor_laughing:
0:14:50,@3-ST4R-3,I JUST JOINED NOOO I MISSED SOME OF ITTT:loudly_crying_face::loudly_crying_face::loudly_crying_face::loudly_crying_face:
0:14:50,@KitNoir_,NOOOOO
0:14:50,@scall0p639,Dandy wtf 
0:14:51,@Shivery,Dandy being Dandy
0:14:51,@belladora940,YAOU DOOMES
0:14:51,@BATSYZUULP,:crying_face::crying_face::crying_face::crying_face::crying_face::crying_face:
0:14:51,@tamers-fans,tamers :pleading_face:
0:14:53,@ptkebr,Mr Tamers why is he calling dyle she?
0:14:53,@Shelly_offical1,Nahhhh
0:14:55,@MillerTheDarkTransPrince,cute
0:14:56,@dominicunderwood4911,I'm surprised you dont have a Dandys World oc
0:14:57,@jennythebean9117,Save him!
0:14:58,@drunkserval,I am LIVING for this drama
0:14:58,@pinkpupbutt9299,HE STILL CANT ACCPECT IT EVEN NOEW
0:14:59,@OrbotFan20,Poor Dyle
0:15:00,@blotnd,astro go for cosmo pls bro
0:15:01,@Malikat_Malikai,moonflower yaoi :red_question_mark::red_question_mark::red_question_mark::red_question_mark::red_question_mark::red_question_mark::face_with_tongue::face_with_tongue::face_with_tongue:
0:15:01,@waffelkitty,I'm going to Spam I'm going to Spam I'm going to Spam I'm going to Spam I'm going to Spam I'm going to Spam I'm going to Spam I'm going to Spam I'm going to Spam I'm going to Spam I'm going to Spam I
0:15:02,@Shelly_offical1,:face_with_tears_of_joy::face_with_tears_of_joy::face_with_tears_of_joy:
0:15:03,@miolz-o,NOOOO ASTRO UR NOT TUFF
0:15:04,@mtr8832,dyle noo:face-purple-crying:
0:15:05,@B00-s2y,Tell me why dyle is kinda
0:15:05,@pinkpupbutt9299,WHY IS THE VIDERO BLURRY
0:15:06,@goofie791,GET EM QUEEN
0:15:07,@kevinspencerbassie,Yaoi
0:15:08,@HMZeroTwo,It's true he survived crucifixion
0:15:08,@UltimateBlanket,HOLY CRAP
0:15:08,@waffelkitty,I'm going to Spam I'm going to Spam I'm going to Spam I'm going to Spam I'm going to Spam I'm going to Spam I'm going to Spam
0:15:08,@Starfire_777,lie detected
0:15:09,@shrimpkuuu,awww dyle is worried about astro that's so kind
0:15:10,@Cattle.ink.3,this is drama
0:15:10,@falnazor0001,!!!!
0:15:11,@waffelkitty,I'm going to Spam
0:15:11,@shrimpkuuu,NO
0:15:11,@donnodgiodsaofuwe09guw0g,dm wyh dyles s such a hatter
0:15:11,@Tamers12345MLP,"Dandy called Dyle ""her"" because he can't accept that he fucked a man"
0:15:12,@UngulaPropriaRQ,BASED???
0:15:12,@Moon_wolfpawz,OMG..
0:15:12,@jo3a548,oh fuck
0:15:13,@shrimpkuuu,OH MU GOD
0:15:13,@Diablazo97,MAN WHA THE FU
0:15:14,@SigmaRizz-du1cc,ASTRO IS ACTUALLY SO ME
0:15:14,@drunkserval,WOAH
0:15:15,@domakemedoit,OMG
0:15:15,@Beetlesfruitcake,LH MY
0:15:15,@shrimpkuuu,ASTRO
0:15:15,@uwu_tixico_heat,NOOOOOO
0:15:16,@Astro_Novalitee3e,DMANNN
0:15:16,@jennythebean9117,Nooooooooooo
0:15:16,@TheMTwinny,LMAO
0:15:16,@pinkpupbutt9299,NPOOOOOO
0:15:17,@starrynightynight,aoMG
0:15:17,@HMZeroTwo,AYO
0:15:17,@vanveleca,WOAH
0:15:17,@Idkanymorelol454,YO
0:15:17,@Beetlesfruitcake,NOO
0:15:17,@applebloom2307,WHAT
0:15:17,@domakemedoit,BRO
0:15:17,@Elexir108,WHAT
0:15:17,@dribvox,WHAT
0:15:17,@blotnd,WHAT
0:15:17,@CHILDE1FAN,HOLY
0:15:18,@Astro_Novalitee3e,WAYT
0:15:18,@JuSti_nerd,OMG
0:15:18,@Fourthealgebralien4444,Finally its dead
0:15:18,@mtr8832,WTF
0:15:18,@EricaGibson-jf4mi,:body-green-covering-eyes::body-green-covering-eyes::body-green-covering-eyes::body-green-covering-eyes::body-green-covering-eyes::body-green-covering-eyes:
0:15:18,@TheMTwinny,OH MY GOD
0:15:18,@patiencemassaquoi9830,????
0:15:19,@Therealboxtenrevamped,WOAH
0:15:19,@BATSYZUULP,DYLE???
0:15:19,@appl3s10.5,whta the ????
0:15:19,@NubMcMoofin,:exploding_head::exploding_head::exploding_head:
0:15:19,@max-xing,WHAT
0:15:20,@thatrandomzombiekid,he go shot
0:15:20,@lurdesvallejo6379,nooooooo
0:15:20,@punkypony5165,Lmao
0:15:20,@Exiledlama,NO
0:15:20,@7lonelyd,WHAT
0:15:20,@Beetlesfruitcake,DYLE
0:15:20,@Ca11me_charl1e,WHAT
0:15:20,@zahrathemlgtoad,ASTRO WITH THE GLOCK?!?!?!
0:15:21,@Solums,Whar
0:15:21,@B00-s2y,WHAT
0:15:21,@CRASHTESTCREPE,WGATT
0:15:21,@3-ST4R-3,I LOVE YAOI
0:15:21,@starrynightynight,NO OMG
0:15:21,@KitNoir_,ASTRO
0:15:22,@AnimeGames16,RIP
0:15:22,@MoonflowerPeak69,NO DYLE
0:15:22,@Beetlesfruitcake,NL
0:15:23,@appl3s10.5,HELL no
0:15:23,@Astro_Novalitee3e,WHAT
0:15:24,@astarz777,OMG
0:15:24,@waffelkitty,I'm going to Spam I'm going to Spam I'm going to Spam I'm going to Spam I'm going to Spam I'm going to Spam
0:15:24,@Shivery,LMAO
0:15:25,@Idkanymorelol454,WHAT THE HELL
0:15:25,@3-ST4R-3,WHAT!??.
0:15:25,@Beetlesfruitcake,NOO DYLE
0:15:25,@MariaValle-c7q,Woah
0:15:25,@MoonflowerPeak69,WHAT
0:15:25,@AmberlyChavez,OMG:broken_heart::broken_heart::broken_heart::broken_heart::broken_heart:
0:15:26,@d4stardlypetey,NOOO
0:15:26,@superarcade643,NOOOOOOO
0:15:26,@Astro_Novalitee3e,HELP???
0:15:27,@alcohollibee8645,HELLO??
0:15:27,@RandomStuff-o5l,DANG
0:15:27,@richietrejo-ramos2252,WHAT(???!!
0:15:28,@Astro_Novalitee3e,WJYA
0:15:29,@reeeNEWvr12,WHAT
0:15:29,@trap631,Nooooooooo
0:15:29,@domakemedoit,OMG
0:15:29,@waffelkitty,I'm going to Spam I'm going to Spam I'm going to Spam I'm going to Spam I'm going to Spam I'm going to Spam I'm going to Spam I'm going to Spam
0:15:29,@jennythebean9117,Damn
0:15:29,@Terkcrill,NOOOO
0:15:29,@Moon_wolfpawz,OMG
0:15:29,@MariaValle-c7q,Nah
0:15:30,@shrimpkuuu,STOP
0:15:30,@KitNoir_,NOOOOOOO
0:15:30,@B00-s2y,HELP
0:15:31,@shrimpkuuu,NO
0:15:31,@mxchi76,NO DONT DIE
0:15:32,@Beetlesfruitcake,NO RIP
0:15:32,@appl3s10.5,NOOO
0:15:32,@goofie791,NOOOOOOOOOOOOOOOO
0:15:32,@Ca11me_charl1e,LMFAO RN
0:15:32,@pinkpupbutt9299,NOOOOOO
0:15:33,@HMZeroTwo,He learned that from soulvester
0:15:33,@Therealboxtenrevamped,.
0:15:33,@RandomStuff-o5l,ASTROOIII
0:15:33,@applebloom2307,NOOO!!
0:15:33,@animeedits2284,ЧтО
0:15:34,@bacongamer777-h1t,plot twist
0:15:34,@uwu_tixico_heat,Nooooooooooooo
0:15:34,@ears-123,doomed yaoi...
0:15:34,@waffelkitty,I'm going to Spam I'm going to Spam I'm going to Spam I'm going to Spam I'm going to Spam I'm going to Spam I'm going to Spam
0:15:34,@alcinaisMINE,OH SNAP
0:15:34,@AsfahaniInziaj,what the hell
0:15:34,@Beetlesfruitcake,OH
0:15:34,@Astro_Novalitee3e,DYLE
0:15:34,@patiencemassaquoi9830,TWIN
0:15:35,@appl3s10.5,OH
0:15:35,@Princeton-n9x,omfggggggggg
0:15:35,@BATSYZUULP,waht
0:15:35,@EricaGibson-jf4mi,:body-green-covering-eyes::body-green-covering-eyes::body-green-covering-eyes::body-green-covering-eyes::body-green-covering-eyes::body-green-covering-eyes::body-green-covering-eyes::body-green-covering-eyes::body-green-covering-eyes::body-green-covering-eyes::body-green-covering-eyes::body-green-covering-eyes::body-green-covering-eyes::body-green-covering-eyes::body-green-covering-eyes::body-green-covering-eyes::body-green-covering-eyes::body-green-covering-eyes::body-green-covering-eyes::body-green-covering-eyes:
0:15:35,@3-ST4R-3,NOOOOOO
0:15:35,@SproutTheStrawberry,WTH?
0:15:35,@goodnightloverz1972,WHAT
0:15:36,@Nadinevillalobos_hello,.
0:15:36,@Terkcrill,DYLEEEE
0:15:36,@jennythebean9117,Noooooooo
0:15:36,@bacongamer777-h1t,omggg
0:15:37,@KitNoir_,NOOOOO
0:15:37,@NubMcMoofin,:face_holding_back_tears::loudly_crying_face::loudly_crying_face::loudly_crying_face:
0:15:37,@ILOVELAMPSLAMPS,oh wow
0:15:37,@uwu_tixico_heat,.
0:15:37,@superarcade643,OP AF
0:15:37,@Beetlesfruitcake,Oh phew
0:15:38,@HMZeroTwo,LMAO
0:15:38,@pinkpupbutt9299,OMFG
0:15:38,@aKyaStar,BRO
0:15:38,@zahrathemlgtoad,YANDERE?!?!?!?
0:15:39,@appl3s10.5,SOBBING
0:15:39,@UngulaPropriaRQ,DAAAAAMN
0:15:39,@7lonelyd,OH MY GOD
0:15:40,@richietrejo-ramos2252,NO DLYE!!!!!
0:15:41,@ReiiCamera,WHT
0:15:41,@dominicunderwood4911,THIS! IS! SPARTA!
0:15:41,@miolz-o,ASTRO GO GET THAT MAN I TAKE EVERYTHING BAC
0:15:41,@KitNoir_,WHAT
0:15:42,@Starfire_777,WTF!
0:15:42,@pinkpupbutt9299,OMFG
0:15:42,@paycheck_.fan1,NOOOOOOOOOO DYLE
0:15:42,@falnazor0001,Time reset
0:15:42,@max-xing,HELP WHAT
0:15:43,@Shelly_offical1,WHERE ASTRO:loudly_crying_face::loudly_crying_face::victory_hand::victory_hand:
0:15:43,@ponytart4245,OH SNAPPITY
0:15:43,@CRASHTESTCREPE,oml
0:15:43,@waffelkitty,I'm going to Spam I'm going to Spam I'm going to Spam I'm going to Spam I'm going to Spam I'm going to Spam I'm going to Spam I'm going to Spam
0:15:44,@NubMcMoofin,:exploding_head::exploding_head:
0:15:45,@starrynightynight,oh okay goodness
0:15:45,@NexzHere,i forgot he could do that
0:15:46,@jo3a548,toon abilities
0:15:46,@mrcreemsupreme,lore consistent
0:15:46,@Shivery,WOOOOAAAAGGH
0:15:47,@kevinspencerbassie,And dyle is dead! 
0:15:47,@Shelly_offical1,LOL
0:15:48,@UngulaPropriaRQ,YOO
0:15:48,@nonten4,back to an anime battle
0:15:48,@alynn_silly,?!?!!?!!
0:15:48,@bacongamer777-h1t,that fart
0:15:49,@Ca11me_charl1e,oh
0:15:49,@lurdesvallejo6379,no Que-
0:15:49,@waffelkitty,I'm going to Spam I'm going to Spam I'm going to Spam I'm going to Spam I'm going to Spam I'm going to Spam I'm going to Spam I'm going to Spam I'm going to Spam
0:15:50,@jennythebean9117,:O
0:15:50,@pinkpupbutt9299,WHYD YOU DO THAT
0:15:51,@richietrejo-ramos2252,:loudly_crying_face::loudly_crying_face::loudly_crying_face::loudly_crying_face::folded_hands::folded_hands::folded_hands::folded_hands::folded_hands:
0:15:51,@applebloom2307,I panicked OcO
0:15:52,@MillerTheDarkTransPrince,:3
0:15:52,@superarcade643,HOLY BASED
0:15:53,@uwu_tixico_heat,ohhhh
0:15:53,@Dino_Mitez,WIAT INK OW THIS
0:15:53,@ILOVELAMPSLAMPS,kiss
0:15:53,@Astro_Novalitee3e,OMGUTUFF
0:15:53,@goofie791,ZA WARLDO?
0:15:55,@Cosmo_chocolatecake,Hi
0:15:55,@waffelkitty,I'm going to Spam I'm going to Spam I'm going to Spam I'm going to Spam I'm going to Spam I'm going to Spam
0:15:57,@TheMTwinny,WAIT THESE TOONS GOT SPECIAL POWERS???
0:15:57,@HMZeroTwo,HE USED THE FACT SOULVESTER SHOT HIM AGAINST SOMEBODY ELSE
0:15:57,@appl3s10.5,like a fart in the wind
0:15:58,@falnazor0001,Dude is a ;god
0:15:58,@patiencemassaquoi9830,Pause to read
0:15:59,@waffelkitty,I'm going to Spam I'm going to Spam I'm going to Spam I'm going to Spam I'm going to Spam I'm going to Spam I'm going to Spam
0:16:00,@RandomStuff-o5l,dang
0:16:00,@ponytart4245,everyone read that
0:16:00,@ptkebr,like a turd in the wind
0:16:00,@nonten4,yoai back to jojo
0:16:00,@Elexir108,Lord
0:16:00,@Astro_Novalitee3e,PEAK??
0:16:00,@jo3a548,WE SHOUNEN
0:16:01,@mtr8832,HE DID THIS IN THAT ONE EPESODE BROKSISE
0:16:01,@JYNCHEG,diavolo :loudly_crying_face:
0:16:01,@Solums,Astro is strong
0:16:01,@MoonflowerPeak69,NOOOO
0:16:01,@ScrumptiousPixel,LOOOOOOORE
0:16:04,@Cosmo-h2z,Bro
0:16:04,@alcinaisMINE,Yeah we know astro 
0:16:05,@NubMcMoofin,:exploding_head::exploding_head::exploding_head:
0:16:05,@waffelkitty,I'm going to Spam I'm going to Spam I'm going to Spam I'm going to Spam I'm going to Spam I'm going to Spam I'm going to Spam I'm going to Spam
0:16:06,@lalnunpuiasm,haha dyle desrved it
0:16:06,@shrimpkuuu,SPROUT
0:16:06,@Moon_wolfpawz,SPROUT NO:broken_heart:
0:16:07,@BATSYZUULP,ASTRO BRO
0:16:07,@UngulaPropriaRQ,DRY SPROUT LMAO
0:16:08,@shrimpkuuu,HES DEAD
0:16:08,@richietrejo-ramos2252,oh damn!!
0:16:09,@Second_Verification,YESSS TAMERS
0:16:09,@CHILDE1FAN,OM
0:16:09,@appl3s10.5,HWEP SPORUT
0:16:09,@Z-AR7,LOREDROP
0:16:09,@vanveleca,Sprout......
0:16:10,@max-xing,SPROUT
0:16:10,@realblixels,:rolling_on_the_floor_laughing::rolling_on_the_floor_laughing::rolling_on_the_floor_laughing::rolling_on_the_floor_laughing::rolling_on_the_floor_laughing::rolling_on_the_floor_laughing::rolling_on_the_floor_laughing:
0:16:10,@waffelkitty,I'm going to Spam I'm going to Spam I'm going to Spam I'm going to Spam I'm going to Spam I'm going to Spam
0:16:10,@Astro_Novalitee3e,WHAT WAS THAT
0:16:10,@Nadinevillalobos_hello,NOOO SPROUT
0:16:10,@alynn_silly,DEAR GOD SPROUT
0:16:10,@miolz-o, ASTRO IS ACTUALLY STRONG????
0:16:11,@TheMTwinny,OH NO
0:16:11,@Fourthealgebralien4444,Sprout are you ok
0:16:11,@EthanPenalver,:oops:
0:16:12,@nonten4,somali child:
0:16:12,@brastionskywarrior6951,damn it he didnt die
0:16:12,@reeeNEWvr12,oh god
0:16:12,@IDOSTUFFWHATABOUTYOU,YYAYAY
0:16:12,@pinkpupbutt9299,GIVING HIM SHAKEN BABY SYNDROME
0:16:13,@Beetlesfruitcake,Omg
0:16:14,@NubMcMoofin,:face_holding_back_tears:
0:16:14,@aKyaStar,SPROUT
0:16:14,@Jade_IsNotGoingToBeFamous,IM FRYING
0:16:15,@mtr8832,is sprout high
0:16:15,@waffelkitty,I'm going to Spam I'm going to Spam I'm going to Spam I'm going to Spam I'm going to Spam I'm going to Spam I'm going to Spam
0:16:15,@BATSYZUULP,HOLY SBIT
0:16:16,@zahrathemlgtoad,DEHYDRATED SPROUT
0:16:16,@KitNoir_,BRO
0:16:16,@ptkebr,sucked dry
0:16:16,@blotnd,LOL
0:16:17,@brastionskywarrior6951,i was so excited
0:16:17,@Erisrose-moon,At least finish it :loudly_crying_face: 
0:16:17,@ScrumptiousPixel,SPROUT IS DEHYDRATED
0:16:17,@dominicunderwood4911,@goofie971 No KING CRIMSON
0:16:17,@goofie791,the berry boi is dried
0:16:18,@Shivery,Care Package?
0:16:17,@FennekoTheOtaku,'SPROUT
0:16:18,@grimtidings5451,Woah wut was that
0:16:18,@punkypony5165,Care Package
0:16:18,@bacongamer777-h1t,sprout
0:16:18,@MyriadSkyFlaming,HAHAHA!
0:16:18,@uwu_tixico_heat,XDDD SPROUTTTT
0:16:19,@jo3a548,OH NO
0:16:20,@pinkpupbutt9299,OMG
0:16:20,@Astro_Novalitee3e,SPROUT???
0:16:21,@MoonflowerPeak69,PEE ON SPROUT
0:16:21,@luvastri,spout
0:16:21,@ears-123,SPROUT GOT THE CARE PACKAGE TREATMENT VRO
0:16:22,@bacongamer777-h1t,nooo
0:16:22,@BATSYZUULP,Damn
0:16:22,@blotnd,I'M CRYUNF 
0:16:23,@HMZeroTwo,Sprout got the care package treatment :broken_heart:
0:16:23,@pinkpupbutt9299,LMAFO
0:16:24,@bp5814,Dehydrated again 
0:16:24,@Starfire_777,he's dying man
0:16:25,@IDOSTUFFWHATABOUTYOU,i keep getting ads wtf
0:16:25,@Shelly_offical1,NOO SPROUT:face_with_tears_of_joy::victory_hand:
0:16:25,@Dino_Mitez,he was aboutta snitch on sprout but he got silenced
0:16:25,@pinkpupbutt9299,LMAO
0:16:26,@BATSYZUULP,SPROUT
0:16:26,@MillerTheDarkTransPrince,spourt
0:16:26,@TemperanceJean-t3n,sprout!!!!!!!!!!
0:16:27,@Idkanymorelol454,Damn
0:16:27,@ScrumptiousPixel,"I DONT NEED IT, I DEFINITELY DONT NEED IT"
0:16:27,@MoonflowerPeak69,PEE ON HIM DANSY
0:16:27,@applebloom2307,"Oh, just like care package aha"
0:16:28,@mxchi76,OH
0:16:29,@Second_Verification,YESSSSS
0:16:29,@TheMTwinny,SPROUT LOOKING LIKE CARE PACKAGED
0:16:30,@d4stardlypetey,maybe for the better
0:16:31,@Beetlesfruitcake,Is he going to p on him
0:16:32,@Agent_Mothman_SE,Sprout looking worse than Care Package did
0:16:32,@Astro_Novalitee3e,HELP
0:16:33,@drunkserval,you have to water him... you have to use your pee
0:16:35,@alcinaisMINE,Ohhhhhhhh snap
0:16:36,@Cosmo_chocolatecake,Why?
0:16:38,@ScrumptiousPixel,I NEED IT!!!!
0:16:38,@scall0p639,Damn sprout all shriveled up
0:16:42,@MoonflowerPeak69,YES
0:16:42,@max-xing,HE'S A CHIP
0:16:43,@mxchi76,yes
0:16:44,@appl3s10.5,PISS ON SPROUT
0:16:44,@C0SM1C-f3o,YES
0:16:44,@Astro_Novalitee3e,what is that poll bro
0:16:46,@Beetlesfruitcake,YESS
0:16:46,@veekisser4ever,Lol
0:16:46,@ScrumptiousPixel,YES
0:16:47,@ponytart4245,WE ARE A COMMUNITY
0:16:47,@pinkpupbutt9299,PISSS ON HIM
0:16:47,@nonten4,more suffering for sprout please!
0:16:48,@alynn_silly,WHO is voting no:red_heart:
0:16:49,@RoBEEFnik,dandy postal piss button
0:16:49,@Starfire_777,he has to
0:16:49,@BATSYZUULP,PEE ON SPROUT
0:16:49,@FennekoTheOtaku,YES
0:16:50,@Astro_Novalitee3e,anyways YES
0:16:51,@MoonflowerPeak69,PEE ON SPROUT
0:16:51,@reeeNEWvr12,why is everyone voting yes?
0:16:51,@jo3a548,L;ASFJMOASFMAS
0:16:52,@Astro_Novalitee3e,YES
0:16:52,@Second_Verification,YESS LMAO
0:16:52,@KitNoir_,YES
0:16:52,@kevinspencerbassie,Peak poll
0:16:53,@Astro_Novalitee3e,YES
0:16:54,@Exiledlama,LMAO
0:16:54,@Astro_Novalitee3e,YES
0:16:55,@applebloom2307,Do it do it do it do it do it
0:16:55,@veekisser4ever,Piss of broski
0:16:55,@pinkpupbutt9299,SAVE HIM
0:16:55,@Moon_wolfpawz,EW
0:16:55,@Blehbl,hes going to piss him isnt he
0:16:56,@hyperofthelaziness,WHOS SAYIBG N
0:16:56,@BATSYZUULP,PEE ON SPROUT
0:16:57,@Astro_Novalitee3e,YES
0:16:58,@Fourthealgebralien4444,Ew what is that thing
0:16:58,@appl3s10.5,YES
0:16:58,@jennythebean9117,Damn he small
0:16:58,@Excoranium,NEXT EP
0:16:58,@pinkpupbutt9299,PISSBERRY
0:16:58,@Astro_Novalitee3e,YES
0:16:59,@tamers-fans,tamers i love you :pleading_face::pleading_face::pleading_face::loudly_crying_face::loudly_crying_face:
0:16:59,@stump0467,PISSE.ON HIM
0:16:59,@MillerTheDarkTransPrince,yayyyyy
0:16:59,@appl3s10.5,/YES
0:16:59,@falnazor0001,"""you gotta water me"""
0:16:59,@blotnd,how is he still talking 
0:16:59,@uwu_tixico_heat,.
0:16:59,@MoonflowerPeak69,I KNEW IT
0:16:59,@reeeNEWvr12,WHAT
0:16:59,@BATSYZUULP,YES
0:17:00,@appl3s10.5,YES
0:17:00,@Astro_Novalitee3e,YES
0:17:00,@applebloom2307,YES
0:17:01,@Moon_wolfpawz,NO
0:17:01,@vanveleca,ough
0:17:01,@Astro_Novalitee3e,YES
0:17:02,@blotnd,OMG
0:17:03,@TheMTwinny,LMAO
0:17:03,@jennythebean9117,Do it
0:17:03,@waffelkitty,I'm going to Spam
0:17:03,@Beetlesfruitcake,Okg
0:17:03,@pinkpupbutt9299,LMAFO
0:17:03,@ponytart4245,OH IN THE MOUTH THO
0:17:04,@Elexir108,Oh my god
0:17:04,@alynn_silly,IM SO EXCITED
0:17:04,@Blue-1-h4v,Oh
0:17:04,@richietrejo-ramos2252,Yes!
0:17:04,@IDOSTUFFWHATABOUTYOU,.
0:17:04,@3-ST4R-3,WHY SOES HE LOOK 
0:17:04,@zahrathemlgtoad,PLEASE DO IT
0:17:05,@RandomStuff-o5l,yes save himmm
0:17:05,@ScrumptiousPixel,DO IT
0:17:05,@drunkserval,WHY WOULD YOU SAY NO SPROUT IS GONNA DIE!!
0:17:05,@BATSYZUULP,YES
0:17:06,@MoonflowerPeak69,I KNEW IT
0:17:06,@Blehbl,SAVE HIMMM
0:17:06,@max-xing,LMAOOOOO
0:17:07,@starrynightynight,OUHh
0:17:07,@Shivery,Dried Sprout
0:17:07,@CHILDE1FAN,YES
0:17:07,@UngulaPropriaRQ,HE'S JUST A THIRSTY LITTLE STRAWBERRY
0:17:07,@jo3a548,get to it
0:17:08,@Idkanymorelol454,WHAT
0:17:08,@blotnd,OMG
0:17:08,@NubMcMoofin,:face_savoring_food:
0:17:08,@blotnd,how is he still talking 
0:17:08,@vazquezzavaladarielaalejan6147,YES
0:17:08,@BATSYZUULP,PEE O
0:17:08,@bacongamer777-h1t,pee
0:17:09,@pinkpupbutt9299,YEAAAA
0:17:09,@HMZeroTwo,Do it dandy. Goob did it for you
0:17:10,@vazquezzavaladarielaalejan6147,YES
0:17:10,@appl3s10.5,IM CIRNNEE
0:17:10,@Solums,Do it
0:17:11,@SproutTheStrawberry,I NEED WATER
0:17:11,@Astro_Novalitee3e,HE:LP
0:17:11,@IDOSTUFFWHATABOUTYOU,LMAOO
0:17:11,@goodnightloverz1972,DDUDE
0:17:11,@ВсеволодНесмашный,YES
0:17:11,@Idkanymorelol454,NO
0:17:11,@jennythebean9117,Do it!
0:17:12,@ILOVELAMPSLAMPS,PLS
0:17:12,@scall0p639,Dandy you have to or he’ll die 
0:17:12,@vazquezzavaladarielaalejan6147,YES
0:17:12,@applebloom2307,YESSSSSS
0:17:13,@SproutTheStrawberry,PLEASE DANDY
0:17:13,@vazquezzavaladarielaalejan6147,YES
0:17:14,@grimtidings5451,NOT MY FAVORITE BOY! DON'T LET HIM DIE!
0:17:14,@bacongamer777-h1t,pee
0:17:14,@pinkpupbutt9299,LMAFO
0:17:14,@naruytymangleanimatronica7972,OH NO XDDD
0:17:14,@blotnd,DUDE
0:17:14,@UngulaPropriaRQ,SAVE HIM WITH YOUR PISS 
0:17:15,@ponytart4245,wtf said no here
0:17:15,@Shelly_vbo,OMGGGGGG 
0:17:15,@BATSYZUULP,DOBIT
0:17:16,@C0SM1C-f3o,YES
0:17:16,@SproutTheStrawberry,PLEASEEEE
0:17:16,@pinkpupbutt9299,LMAFO
0:17:16,@richietrejo-ramos2252,YES!!
0:17:16,@vazquezzavaladarielaalejan6147,DO IT CANDY
0:17:16,@Moon_wolfpawz,OMG
0:17:17,@Astro_Novalitee3e,WJAY
0:17:17,@blotnd,TAMERS
0:17:18,@pinkpupbutt9299,LMFAO
0:17:19,@vazquezzavaladarielaalejan6147,DANDY
0:17:19,@Idkanymorelol454,WHATTTT
0:17:20,@ItsAngelEmi,WTH
0:17:20,@stump0467,YESSSSSSS
0:17:20,@vazquezzavaladarielaalejan6147,YES
0:17:20,@TheMTwinny,WATERSPORTS
0:17:21,@pinkpupbutt9299,LMFAO
0:17:21,@veekisser4ever,BROSKI I'M CRINE
0:17:21,@appl3s10.5,holt 
0:17:22,@shrimpkuuu,YUUUUUP
0:17:22,@uwu_tixico_heat,OMG-
0:17:22,@vazquezzavaladarielaalejan6147,YES
0:17:22,@patiencemassaquoi9830,SOMEONE CLIP THID
0:17:22,@goofie791,AYOOO
0:17:23,@miolz-o,LMAO
0:17:23,@BloxyCirkit,GOOD GOD
0:17:23,@BATSYZUULP,DO IT DANDICUS
0:17:23,@ScrumptiousPixel,GOLDEN ICHOR??
0:17:23,@ptkebr,how do you write such incredible character drama Mr Tamers??
0:17:23,@naruytymangleanimatronica7972,AY
0:17:24,@Daily_Dose_Of_Artyayyyyy,NOOOOO
0:17:24,@MoonflowerPeak69,HOLY
0:17:24,@jennythebean9117,Wish it was me
0:17:24,@max-xing,LMAOOOOOO OH MY GOD
0:17:24,@mtr8832,HES GONNA DO IT
0:17:24,@ReiiCamera,DUDE
0:17:24,@dribvox,WOAHHHHHHHHHHHHHHHHHHHHH
0:17:24,@HMZeroTwo,AYYYYY
0:17:25,@reeeNEWvr12,Doesn’t piss contain salt?
0:17:25,@Microwave_silly,oh hell nah PLSS
0:17:25,@vanveleca,goodness
0:17:25,@whiteLilly-s3q,YESssss
0:17:25,@FennekoTheOtaku,that was js crazy
0:17:26,@Beetlesfruitcake,EUGH
0:17:27,@Angela-l2w6s,noooo
0:17:27,@Daily_Dose_Of_Artyayyyyy,Ewwww
0:17:28,@miolz-o,WHA
0:17:28,@blotnd,OHHH MY GOD
0:17:28,@heresy8384, YES
0:17:28,@Two_tpot-y9t,hi
0:17:28,@richietrejo-ramos2252,WTF???
0:17:28,@Astro_Novalitee3e,AHHAHWJT
0:17:29,@MillerTheDarkTransPrince,water me dandy pls
0:17:29,@Hyloaf,YES
0:17:29,@shrimpkuuu,LMFAOOOO
0:17:29,@Z-AR7,OH
0:17:29,@patiencemassaquoi9830,OMG
0:17:30,@Elexir108,Oh my god :loudly_crying_face::loudly_crying_face::loudly_crying_face:
0:17:30,@NubMcMoofin,:smiling_face_with_hearts::smiling_face_with_hearts::smiling_face_with_hearts:
0:17:30,@aKyaStar,HELP
0:17:30,@domakemedoit,RO
0:17:30,@Beetlesfruitcake,LOLLLL
0:17:30,@heresy8384,YES
0:17:32,@mtr8832,screams
0:17:32,@ItsAngelEmi,WHAT
0:17:32,@vazquezzavaladarielaalejan6147,HELP
0:17:32,@Zazaglittershrimp,Chat what:loudly_crying_face:
0:17:32,@ruda.y,:face-purple-crying:
0:17:32,@ptkebr,OH MY GOOD GRACIOUS
0:17:33,@TemperanceJean-t3n,stop!!!!
0:17:33,@patiencemassaquoi9830,BROOO
0:17:33,@goofie791,WTF
0:17:33,@max-xing,HAHAHAHAHAHA
0:17:34,@uwu_tixico_heat,XD
0:17:34,@Eeth_the-lyxn,wtf
0:17:34,@pinkpupbutt9299,OH SHIT
0:17:34,@nonten4,awesome thank you tamers
0:17:34,@Average_guyyyyyy,Ain’t no way
0:17:34,@blotnd,THIS IS TERRIFYING 
0:17:34,@BATSYZUULP,HOY SUIT
0:17:34,@Kraggeraa,BRUH I JUST GOT HERE
0:17:36,@HMZeroTwo,GOD DAMN
0:17:36,@MyriadSkyFlaming,eeew
0:17:36,@starrynightynight,well dam
0:17:37,@Second_Verification,AYO
0:17:37,@NancyOsburn-x9k,HUH!?
0:17:38,@shrimpkuuu,TOODLES OMG
0:17:38,@Astro_Novalitee3e,DOMA???
0:17:39,@COOLKIDTOWNFOREVER11,THIS IS BAD
0:17:39,@uwu_tixico_heat,TOODLES
0:17:39,@stump0467,WATER SPORTS
0:17:39,@JuSti_nerd,.. Well
0:17:39,@pinkpupbutt9299,TOODLES?!?!?
0:17:40,@Shelly_offical1,O
0:17:40,@Ca11me_charl1e,LMFAOOOOOOO
0:17:41,@Daily_Dose_Of_Artyayyyyy,Ewwwww
0:17:41,@HMZeroTwo,Hi toodles!!!!
0:17:41,@blotnd,wait rnd pls rnd
0:17:41,@Eeth_the-lyxn,wtf
0:17:41,@Jade_IsNotGoingToBeFamous,IM CRINE
0:17:42,@KitNoir_,LMFAO
0:17:42,@naruytymangleanimatronica7972,JAJAJAJAJAJAA
0:17:43,@TheTurboHippo1,WHAT
0:17:44,@MoonflowerPeak69,HELP
0:17:44,@tadreamanolan1421,Ewwwwwwwwww
0:17:44,@jennythebean9117,He baby
0:17:44,@Eeth_the-lyxn,gig
0:17:45,@Cosmo_chocolatecake,ᵒ̴̶̷̤ꇴᵒ̴̶̷̤
0:17:45,@blotnd,RND COME ON
0:17:45,@stump0467,LMAO
0:17:45,@jo3a548,toodles
0:17:46,@Shivery,Toodles
0:17:46,@Shelly_offical1,OMGAH
0:17:46,@pinkpupbutt9299,LMFAO
0:17:46,@alcinaisMINE,Freaky dandy 
0:17:46,@BATSYZUULP,what
0:17:46,@William_Afton-iq,Aahhas
0:17:47,@Astro_Novalitee3e,DOMA HIII
0:17:47,@superdoopgirl,BRO
0:17:48,@waffelkitty,I'm going to Spam
0:17:48,@MillerTheDarkTransPrince,yessssd
0:17:48,@shrimpkuuu,STOP GIGI NO
0:17:48,@paycheck_.fan1,OMG
0:17:48,@SproutTheStrawberry,DONT IILL HER
0:17:49,@HMZeroTwo,GET EM TOODLES MY GIRL
0:17:49,@Eeth_the-lyxn,WTF GIG
0:17:49,@JuSti_nerd,LOL
0:17:49,@bacongamer777-h1t,finally toddles
0:17:50,@blotnd,RND RND RND
0:17:50,@alcohollibee8645,Toodles Lmaoo
0:17:50,@SproutTheStrawberry,DONTT
0:17:50,@Dino_Mitez,TOODLES GETS TO ROB HELL YEAH
0:17:51,@vazquezzavaladarielaalejan6147,OMG TOODLES
0:17:52,@waffelkitty,I'm going to Spam I'm going to Spam I'm going to Spam I'm going to Spam I'm going to Spam I'm going to Spam I'm going to Spam
0:17:52,@KitNoir_,GIGI
0:17:52,@miolz-o,LMAO
0:17:52,@grimtidings5451,Damn that happened uncensored
0:17:53,@Shelly_vbo,…
0:17:53,@blotnd,I NEED RND
0:17:53,@Niconifilmz,I just got here wtf is going on
0:17:54,@stump0467,this is fucking awesome
0:17:54,@FennekoTheOtaku,omg gigi
0:17:55,@Starfire_777,Based
0:17:55,@Meowclessokawaii,TOODLES
0:17:55,@Eeth_the-lyxn,DAMM
0:17:55,@Torithedat,IM LATE TO IT:loudly_crying_face:
0:17:58,@vazquezzavaladarielaalejan6147,BABY TOODLES
0:17:58,@blotnd,RND PLEASE COME OUT
0:17:58,@miolz-o,TOODLES NO
0:17:59,@pinkpupbutt9299,LMFAO
0:17:59,@ptkebr,derpy voice?
0:17:59,@TheMTwinny,IS THAT CHRYSI'S VOICE?
0:17:59,@Astro_Novalitee3e,wtf 
0:18:00,@mtr8832,robbin at 6 yrs old she experi
0:18:01,@blotnd,YES
0:18:02,@BATSYZUULP,mentally ill baby
0:18:02,@mrcreemsupreme,THEY BROKE INTO MY OWN GODAMN STRAWBERRY HOUSE
0:18:02,@tadreamanolan1421,Tootles
0:18:03,@Shivery,Gigi is so real
0:18:03,@Diablazo97,rnd mentionded YAYYY
0:18:03,@jennythebean9117,Baby is trying hard
0:18:04,@Therealboxtenrevamped,TODDLES
0:18:04,@mtr8832,experienced
0:18:04,@William_Afton-iq,crazy
0:18:05,@bacongamer777-h1t,LOL
0:18:05,@zahrathemlgtoad,OFC CONNIE IS HERE TOO
0:18:05,@blotnd,I'M GOONING
0:18:06,@alcinaisMINE,LUCKYROLL:red_heart::red_heart:
0:18:06,@veekisser4ever,Toodles mentioned
0:18:07,@kevinspencerbassie,TOODLES
0:18:08,@blotnd,RNDDD
0:18:10,@ponytart4245,"oh wait, she sounds like best blk horse"
0:18:10,@IDOSTUFFWHATABOUTYOU,LOL
0:18:10,@grimtidings5451,Double Hornet???
0:18:10,@Therealboxtenrevamped,Uhm
0:18:10,@BATSYZUULP,THEY ALL CRIMINALS :crying_face::crying_face::crying_face:
0:18:11,@HMZeroTwo,Hi rnd and connie and gigi
0:18:13,@blotnd,OMMGMMGMGMGMG
0:18:13,@MillerTheDarkTransPrince,yayyyy
0:18:13,@jennythebean9117,Fr
0:18:15,@Missmab123456,CONNIE
0:18:15,@Tamers12345MLP,"@Torithedat It's cool, all you really missed is Dandy pissing in Sprout's mouth"
0:18:16,@tadreamanolan1421,Dang Gigi It’s so rude
0:18:16,@Blehbl,RNDDD
0:18:18,@mxchi76,CONNIEE
0:18:19,@naruytymangleanimatronica7972,TODDLES
0:18:20,@alynn_silly,my youtube crashed and i felt myself almost have a heart attack i cant miss a second of this
0:18:20,@jo3a548,oh fuck
0:18:21,@Meowclessokawaii,OMG
0:18:23,@Eeth_the-lyxn,WHAT
0:18:23,@vanveleca,lmao
0:18:23,@blotnd,RND
0:18:24,@Ultimate8Baller,who just said luckyroll.??? wtf
0:18:24,@mtr8832,10/10 best shi I've ever watched
0:18:25,@pinkpupbutt9299,LMFAO
0:18:25,@Beetlesfruitcake,Rest in sheat sprout
0:18:27,@UngulaPropriaRQ,THE PISS SAVED HIM 
0:18:27,@Idkanymorelol454,DAMN
0:18:27,@JuSti_nerd,LMAO
0:18:27,@IMJUSTAPRETTYPRINCESS,NO
0:18:28,@kasugalletas289,NOO TOODLES
0:18:28,@Eeth_the-lyxn,EXUSSE ME\
0:18:28,@jennythebean9117,That baby!
0:18:31,@Eeth_the-lyxn,HELLO
0:18:33,@renamon5658,dandy
0:18:34,@Cosmo_chocolatecake,No
0:18:34,@NexzHere,i need to take a shit i feel it
0:18:37,@patiencemassaquoi9830,I’m at a lass for words bro
0:18:37,@Shivery,Gigi is like Chrysalis
0:18:42,@Therealboxtenrevamped,TOODLES NO
0:18:43,@alynn_silly,OH DEAR??!!
0:18:45,@BloxyCirkit,Finally gigi :red_heart:
0:18:46,@HMZeroTwo,Why are they bri ish
0:18:48,@vazquezzavaladarielaalejan6147,NOOO TOODLES
0:18:48,@blotnd,RND RND RND
0:18:51,@alynn_silly,HES ALIVE
0:18:54,@pinkpupbutt9299,IS HIS HOUSE AI ?????
0:18:55,@uwu_tixico_heat,.
0:18:55,@superdoopgirl,TOODLES NO
0:18:55,@waffelkitty,I'm going to Spam I'm going to Spam I'm going to Spam I'm going to Spam I'm going to Spam I'm going to Spam I'm going to Spam I'm going to Spam I'm going to Spam I'm going to Spam I'm going to Spam
0:18:56,@KatiePedroza-c1n9n,Oo
0:18:56,@UngulaPropriaRQ,THEIVES 
0:18:57,@BATSYZUULP,OH
0:18:58,@jennythebean9117,Free them!
0:18:59,@B00-s2y,Why is he so sped
0:19:00,@BATSYZUULP,gay
0:19:00,@Elexir108,Not toodles bro :loudly_crying_face:
0:19:00,@UngulaPropriaRQ,YO 
0:19:01,@FennekoTheOtaku,sprout is js slow
0:19:01,@appl3s10.5,im
0:19:01,@NancyOsburn-x9k,ERMMMMMMMMM
0:19:01,@vazquezzavaladarielaalejan6147,OMG
0:19:04,@appl3s10.5,WHATRTRRR
0:19:04,@dribvox,YESSSSSSSSS
0:19:06,@bambu2096,TOODLES!?
0:19:06,@blotnd,SOULVESTER TOO
0:19:06,@jo3a548,oh fuck
0:19:06,@Astro_Novalitee3e,HUH???
0:19:06,@vazquezzavaladarielaalejan6147,HALLOWEEN TOONS
0:19:07,@dominicunderwood4911,The furry!
0:19:07,@Beetlesfruitcake,LMAO
0:19:07,@shrimpkuuu,HOWD THEY GET OUT
0:19:07,@Idkanymorelol454,That’s gay 
0:19:07,@appl3s10.5,???
0:19:07,@jennythebean9117,Poggers
0:19:07,@Tamers12345MLP,between razzle and dazzle Which one is the white one and which one is the black one?
0:19:07,@alcinaisMINE,His little lesbian strawberry cottage 
0:19:07,@TheMTwinny,SQUAD
0:19:08,@BATSYZUULP,HWTA
0:19:08,@blwoomingৎ,YO YO YOO
0:19:08,@HMZeroTwo,THE HALLOWEENIES
0:19:08,@starrynightynight,omg
0:19:08,@zahrathemlgtoad,SOULVESTERRRR
0:19:08,@dribvox,THGATS MY GOAT SOUVLESTER
0:19:08,@mtr8832,WHY DOES TOODLES HAVE A BBL:anxious_face_with_sweat:
0:19:09,@KitNoir_,WHAT
0:19:09,@Astro_Novalitee3e,WHYA
0:19:09,@TheJackManArt, EEEHHHHH
0:19:09,@miolz-o,OMG THEY CAE
0:19:09,@naruytymangleanimatronica7972,AAAAAAAAAA
0:19:10,@UngulaPropriaRQ,THE AMEN BREAK 
0:19:10,@Meowclessokawaii,THE HALLOWEEN TOONS
0:19:10,@FennekoTheOtaku,SOULVESTER MY HUBBY
0:19:10,@MoonflowerPeak69,SOUL
0:19:10,@shrimpkuuu,CONNIE NO
0:19:11,@miolz-o,/WAT
0:19:12,@Diablazo97,MAN WHA THE HELL
0:19:12,@Starfire_777,W Gigi
0:19:12,@blotnd,rnd kiss soulvester pls
0:19:12,@BATSYZUULP,WHAT
0:19:12,@bacongamer777-h1t,omggg
0:19:13,@miolz-o,/WHAT
0:19:13,@Idkanymorelol454,YO
0:19:13,@Shivery,The Halloween toons
0:19:14,@3-ST4R-3,WHAT!?
0:19:14,@vanveleca,LMAO
0:19:14,@BATSYZUULP,WHAT
0:19:14,@pinkpupbutt9299,Oh
0:19:14,@miolz-o,OMG
0:19:15,@bacongamer777-h1t,lore
0:19:15,@miolz-o,OMG
0:19:15,@max-xing,SOULVESTER
0:19:16,@miolz-o,OMG
0:19:16,@superdoopgirl,WHY IS SOULVESTER CAKED UP
0:19:16,@Idkanymorelol454,PEAKK
0:19:16,@SproutTheStrawberry,LOL WHAT
0:19:17,@goofie791,BULGEE!
0:19:18,@MoonflowerPeak69,SOULVESTER OUR GOAT
0:19:18,@thatrandomzombiekid,noooooo
0:19:18,@TheMTwinny,THE CALVERY'S HERE
0:19:18,@Astro_Novalitee3e,theyrre both black
0:19:18,@naruytymangleanimatronica7972,OMMMG
0:19:21,@Solums,My husbando
0:19:21,@kasugalletas289,UUUUY
0:19:21,@blotnd,RND KISS SOULVESTER 
0:19:21,@Jade_IsNotGoingToBeFamous,it looked at me
0:19:21,@waffelkitty,I'm going to Spam I'm going to Spam I'm going to Spam I'm going to Spam I'm going to Spam I'm going to Spam I'm going to Spam I'm going to Spam I'm going to Spam I'm going to Spam I'm going to Spam
0:19:22,@Dino_Mitez,FIGHT!!??
0:19:22,@DanqRami,OOP
0:19:23,@MarionAlcorn,OMG
0:19:24,@vazquezzavaladarielaalejan6147,YEAAHHH
0:19:24,@shrimpkuuu,GIGI
0:19:25,@RandomStuff-o5l,YES COME FOR THE CLUTCH
0:19:25,@starrynightynight,soulvester yes:heart_suit::heart_suit::face_holding_back_tears:
0:19:26,@SproutTheStrawberry,NAHHHHH
0:19:26,@asesinatodoble,GOURDYMENTIONED
0:19:26,@UngulaPropriaRQ,LETS GOOOOO
0:19:26,@Diablazo97,TOODLES
0:19:26,@Shivery,Drana
0:19:26,@vazquezzavaladarielaalejan6147,NOOOOOOOOOO
0:19:26,@RoBEEFnik,GHFIGZG
0:19:26,@dribvox,GET EM GOURDY
0:19:26,@miolz-o,PEAKKKKKKK THEY CAME BACK
0:19:27,@alcinaisMINE,MYES KING
0:19:27,@shrimpkuuu,NO
0:19:27,@SproutTheStrawberry,HELL NO
0:19:27,@zahrathemlgtoad,NOOOO DON'T CALL HIM THAT
0:19:28,@Cosmo_chocolatecake,Niooo
0:19:28,@shrimpkuuu,NO
0:19:28,@FennekoTheOtaku,SOULVESTER EEHHHHH :smiling_face_with_heart_eyes:
0:19:28,@Eeth_the-lyxn,DAZZLE IS BLACK
0:19:28,@shrimpkuuu,NO
0:19:29,@Meowclessokawaii,TOODLES
0:19:29,@HMZeroTwo,GET EM GOURDS
0:19:30,@IDOSTUFFWHATABOUTYOU,WHAT DOES SOLVESTER HAVE ON HIS FRONT
0:19:30,@pinkpupbutt9299,LMAO
0:19:30,@SproutTheStrawberry,WTH????
0:19:30,@Elexir108,WOAH
0:19:31,@Meowclessokawaii,OMG
0:19:31,@scall0p639,Damn 
0:19:31,@bacongamer777-h1t,damn
0:19:31,@drunkserval,WELP
0:19:31,@Beetlesfruitcake,LOL
0:19:31,@NancyOsburn-x9k,TOODLESSS
0:19:31,@BaguetteDealer,yugioh
0:19:31,@max-xing,TOODLES
0:19:31,@superdoopgirl,NOOO
0:19:32,@mtr8832,I bet both rnd are both black
0:19:32,@SonyaLorenzo-c3c,what the hell :loudly_crying_face::loudly_crying_face::loudly_crying_face:
0:19:32,@blotnd,oh wow
0:19:32,@blwoomingৎ,NO TOOFLES
0:19:32,@uwu_tixico_heat,NOOOO T9ODLES
0:19:32,@shrimpkuuu,TOODLES NO
0:19:32,@patiencemassaquoi9830,WHOA
0:19:32,@d4stardlypetey,NOOOO
0:19:32,@starrynightynight,OH OMG
0:19:32,@JuSti_nerd,OMG
0:19:33,@Hyloaf,rip
0:19:33,@3-ST4R-3,OMG
0:19:33,@domakemedoit,LMFAO
0:19:34,@NubMcMoofin,:exploding_head:
0:19:34,@SproutTheStrawberry,TOODLES NOOOOOOOO
0:19:34,@KitNoir_,yo groudy
0:19:35,@Idkanymorelol454,YOO
0:19:35,@paycheck_.fan1,HALLOWEEN TOONS OMG
0:19:35,@Beetlesfruitcake,RIP TOODLES
0:19:36,@alcinaisMINE,SOULVESTER IS SO TUFF
0:19:36,@DanqRami,TOODLES NOO
0:19:37,@superdoopgirl,TOODLES NO
0:19:37,@Shivery,LOL TOODLES
0:19:37,@pinkpupbutt9299,OMG
0:19:37,@jennythebean9117,Gourdy kick their ass!
0:19:37,@punkypony5165,Rebecca!
0:19:37,@dominicunderwood4911,TOODLES NOOO!
0:19:37,@realblixels,DAZZLE IS BLACK 
0:19:38,@KitNoir_,TOODLES
0:19:38,@Dino_Mitez,HE USED A JOJO BARRAGE SOUND EFFECT
0:19:39,@bacongamer777-h1t,BROOOO NAAAH W
0:19:39,@naruytymangleanimatronica7972,TODDLES
0:19:40,@diamondht1420,nooo
0:19:41,@Cosmo_chocolatecake,Gigi why
0:19:41,@William_Afton-iq,SEXY PUMPKIN BABY?!??
0:19:42,@MoonflowerPeak69,DONT SAY THAT
0:19:42,@appl3s10.5,son
0:19:43,@BATSYZUULP,oh
0:19:43,@lurdesvallejo6379,nooooooooo
0:19:44,@TheMTwinny,YAMI YUGI LEADING THE CHARGE
0:19:44,@blotnd,RND PLEASE PLEASE KISS SOULVESTER 
0:19:44,@uwu_tixico_heat,xd
0:19:45,@alcinaisMINE,HAUNTEDPUMPKIND
0:19:45,@zahrathemlgtoad,exes
0:19:45,@mrcreemsupreme,sANS PUNCH
0:19:45,@BATSYZUULP,oh
0:19:46,@Booojhhhj,?????
0:19:46,@ScrumptiousPixel,Toodles is fucking dead
0:19:46,@Astro_Novalitee3e,BRUH
0:19:47,@UngulaPropriaRQ,GHOST PUNCH
0:19:47,@TheTurboHippo1,TOODLES OH MY GOD
0:19:47,@SonataDidIt,Legendary
0:19:48,@pinkpupbutt9299,LMAO
0:19:48,@Therealboxtenrevamped,TOODLES
0:19:48,@Idkanymorelol454,BRUH
0:19:49,@scall0p639,She’s a ghost dumb dumb 
0:19:49,@Cosmo_chocolatecake,That’s a kid
0:19:49,@shrimpkuuu,oh my god
0:19:50,@UngulaPropriaRQ,GHOST COMBO ATTACK
0:19:50,@JuSti_nerd,LOL 
0:19:50,@jennythebean9117,Gay punch works 
0:19:50,@HMZeroTwo,Ribbecca is useless
0:19:50,@helpmetsgameistohard,whoa
0:19:51,@BATSYZUULP,OH SHIT
0:19:51,@NubMcMoofin,:exploding_head:
0:19:52,@shrimpkuuu,GET HER ASS
0:19:52,@applebloom2307,Yeah she a ghost
0:19:53,@alynn_silly,THEY FUCKING KILLED TOODLES
0:19:53,@JuSti_nerd,AYYY
0:19:54,@Shivery,:ghost:
0:19:54,@KitNoir_,YOOO
0:19:54,@Astro_Novalitee3e,LOL
0:19:55,@SproutTheStrawberry,NAHHHH
0:19:55,@patiencemassaquoi9830,Dawg
0:19:55,@mtr8832,dayum
0:19:55,@Astro_Novalitee3e,HELP
0:19:55,@Agent_Mothman_SE,My favorite Tamers gag
0:19:55,@helpmetsgameistohard,whoa connie
0:19:56,@alcinaisMINE,HELLL YES
0:19:56,@pinkpupbutt9299,OH GOD
0:19:56,@Starfire_777,W Ghost
0:19:56,@dominicunderwood4911,Well how can SHE touch YOU??
0:19:56,@Eeth_the-lyxn,ARE THEY AMKING THIS AS WE ARE WATCHING?
0:19:56,@kasugalletas289,ALM
0:19:57,@BATSYZUULP,RIBECCA NO
0:19:57,@drunkserval,how it feels to play Dark Souls
0:19:58,@jo3a548,LOLOALSDOSALDASOD
0:19:58,@max-xing,RIBECCA
0:19:58,@DanqRami,dang...
0:19:59,@lurdesvallejo6379,:face-red-droopy-eyes:
0:19:59,@appl3s10.5,oH
0:19:59,@jennythebean9117,Damn
0:20:00,@BATSYZUULP,OH SHIT
0:20:00,@Idkanymorelol454,GODDAMN
0:20:01,@HMZeroTwo,She losing a round of punch out rn
0:20:01,@lalnunpuiasm,i thought the halloween toons were locked up
0:20:01,@William_Afton-iq,LOL
0:20:01,@vazquezzavaladarielaalejan6147,YEAAAAAH
0:20:03,@NubMcMoofin,:exploding_head::exploding_head::exploding_head:
0:20:03,@mtr8832,HOLY FEUGHK
0:20:03,@appl3s10.5,SHE DONT
0:20:04,@MariaValle-c7q,Yooo
0:20:04,@kevinspencerbassie,Yuri
0:20:04,@Astro_Novalitee3e,FINAL CONNIE:-:
0:20:04,@SproutTheStrawberry,Nahhhh
0:20:04,@blotnd,RND KISS SOULVESTER 
0:20:04,@GamerCREATORdandysworld,damn
0:20:04,@scall0p639,Hot damn 
0:20:05,@TheMTwinny,HAHAHAHA
0:20:05,@BloxyCirkit,Holy shit bro
0:20:05,@ScrumptiousPixel,HOW IS SHE HITTING YOU
0:20:06,@JuSti_nerd,OH
0:20:06,@Cattle.ink.3,DAMMM
0:20:06,@richietrejo-ramos2252,LOL
0:20:07,@belladora940,GET IT CONNIE
0:20:07,@NancyOsburn-x9k,:face-turquoise-covering-eyes:
0:20:07,@SproutTheStrawberry,IM GONNA CRY
0:20:07,@BATSYZUULP,YEAH SOULVESTER
0:20:07,@symphonydawn317,is that Sans
0:20:08,@MyriadSkyFlaming,lol
0:20:08,@Tamers12345MLP,"Toodles is okay, he's an 8 ball and 8 balls shouldn't be alive anyway, so she can probably survive being stabbed"
0:20:08,@Shivery,LMAO
0:20:09,@mxchi76,DAMN
0:20:09,@Latrice-o4c,..
0:20:09,@helpmetsgameistohard,brotatochip
0:20:10,@kasugalletas289,HUH
0:20:10,@Astro_Novalitee3e,HELP
0:20:10,@uwu_tixico_heat,xd
0:20:10,@KitNoir_,SOULVESTER WHAT
0:20:11,@Diablazo97,man that two
0:20:12,@TheMTwinny,BROTATO CHIP
0:20:12,@max-xing,BROTATO CHIP HAHAHA
0:20:13,@HMZeroTwo,BROTATO CHIP
0:20:13,@Diablazo97,jajaja
0:20:13,@belladora940,NOOO
0:20:14,@falnazor0001,So good!
0:20:14,@aranatoutsaint1824,sHIT
0:20:14,@whiteLilly-s3q,Yesssssss
0:20:15,@jo3a548,LOALSDOASLDOASDLASODLAS
0:20:15,@d4stardlypetey,THEY FIGHTING
0:20:15,@veekisser4ever,Brotato chip
0:20:15,@MoonflowerPeak69,HOW DOES RIBECCA BLEED
0:20:16,@naruytymangleanimatronica7972,Jajajaajjaaja
0:20:16,@Idkanymorelol454,Brotato chip
0:20:16,@blotnd,RND KISS SOULVESTER RND PLS
0:20:17,@Hyloaf,BABY FIGHT
0:20:17,@What-bm7nr,:face-blue-wide-eyes:
0:20:17,@BATSYZUULP,im crying why they just slapping
0:20:17,@NancyOsburn-x9k,TOODLES ALIVE!?
0:20:17,@JuSti_nerd,TOODLES
0:20:18,@FennekoTheOtaku,:loudly_crying_face:
0:20:19,@HMZeroTwo,THE KIDS ARE FIGHTING
0:20:19,@Eeth_the-lyxn,WHAT\
0:20:20,@lurdesvallejo6379,oh
0:20:21,@Blehbl,WHAT HAPPENED TO GIGI
0:20:21,@Angela-l2w6s,aaaa
0:20:21,@ScrumptiousPixel,Brotato chip
0:20:21,@Beetlesfruitcake,Local Connie
0:20:22,@William_Afton-iq,BROTATOCHIP
0:20:22,@alcinaisMINE,Ohhh Connie ohh
0:20:23,@3-ST4R-3,I though toodles died!?
0:20:23,@gummy8440,baby fights!
0:20:23,@Astro_Novalitee3e,HELP
0:20:24,@kasugalletas289,CHILDREN'S FIGHT
0:20:24,@jennythebean9117,Babies fighting 
0:20:24,@Shivery,babies are fighting
0:20:24,@alynn_silly,HOW DOES CONNIE NOT FAZE THROUGH RIBECCA.
0:20:25,@TheMTwinny,SLAP FIGHT
0:20:26,@pinkpupbutt9299,LMFAO
0:20:26,@BATSYZUULP,what was that
0:20:27,@applebloom2307,Baby fight!!!!
0:20:27,@GamerCREATORdandysworld,toodles and gourdy:rolling_on_the_floor_laughing:
0:20:27,@Blehbl,BABY BATTLE
0:20:27,@appl3s10.5,son
0:20:28,@William_Afton-iq,LOLLLL
0:20:29,@HMZeroTwo,The kids are playing how wholesome
0:20:29,@KitNoir_,JAHWIWJWJSKD
0:20:29,@Meowclessokawaii,THE BACKBROUDN?!
0:20:29,@MoonflowerPeak69,DOG FIGHT
0:20:32,@belladora940,WHAT QAS THAT WALLPAPER
0:20:33,@Diablazo97,Connie wha the
0:20:33,@Astro_Novalitee3e,HEL
0:20:33,@TheTurboHippo1,TOODLES IS IMMORTAL!
0:20:33,@ScrumptiousPixel,WHAT IS THAT?
0:20:33,@TheEggGang-Egg,BACKSHOTS
0:20:33,@jennythebean9117,He got WiFi 
0:20:33,@Sourdoughgt,I love you tamers
0:20:33,@alynn_silly,the babys are fighting 
0:20:34,@blotnd,RND KISS SOULVESTER 
0:20:34,@mxchi76,baby fight
0:20:34,@superdoopgirl,SPROUTS WALLPAPER
0:20:35,@Dino_Mitez,THEY GOT WIFI?
0:20:35,@icelemoniscool,WHA
0:20:36,@appl3s10.5,???
0:20:36,@mtr8832,WTF
0:20:37,@Shivery,Alpha Sprout
0:20:37,@B00-s2y,GYATT
0:20:38,@bambu2096,NOOO
0:20:38,@max-xing,the shit
0:20:38,@pinkpupbutt9299,EWWWW
0:20:38,@Jade_IsNotGoingToBeFamous,wha
0:20:39,@UngulaPropriaRQ,HE CAN PUNCH GHOSTS?
0:20:40,@crazyartist1016,:cat-orange-whistling:
0:20:41,@blwoomingৎ,CONNIE
0:20:42,@William_Afton-iq,AHHH
0:20:45,@alcinaisMINE,Break it up you two..
0:20:45,@Beetlesfruitcake,Last word for Halloween toons
0:20:45,@Astro_Novalitee3e,HEL
0:20:47,@jo3a548,LASDOMASDFLMASFDOASMDFL
0:20:47,@blotnd,ohmy god 
0:20:48,@KitNoir_,THE WALLPAPER
0:20:49,@Eeth_the-lyxn,WTF
0:20:50,@pinkpupbutt9299,LMFAO
0:20:52,@JuSti_nerd,LOL
0:20:52,@jennythebean9117,Sprout can punch ghost 
0:20:52,@BATSYZUULP,xosmo black canon
0:20:53,@Cosmo_chocolatecake,Ok Gordy
0:20:55,@Shelly_offical1,NAH
0:20:57,@UngulaPropriaRQ,LETS FUCKING GO
0:20:58,@blotnd,WHEN YOU HAD THE OPPORTUNITY 
0:20:58,@Astro_Novalitee3e,WH
0:20:58,@HMZeroTwo,"Of course sprout can punch a ghost, he was dead already"
0:21:01,@TheMTwinny,OH MUH GAWD
0:21:01,@Starfire_777,i love Connie
0:21:02,@mtr8832,erm
0:21:02,@Astro_Novalitee3e,w
0:21:02,@jennythebean9117,They left someone didn’t they
0:21:02,@blotnd,RND
0:21:03,@pinkpupbutt9299,GET EM
0:21:03,@Astro_Novalitee3e,w
0:21:03,@Tamers12345MLP,@UngulaPropriaRQ Oh shit I didn't think that through lol
0:21:04,@mrcreemsupreme,we need more black femboys
0:21:04,@Eeth_the-lyxn,OOP
0:21:05,@MillerTheDarkTransPrince,omg
0:21:05,@vanveleca,dang that was quick
0:21:05,@JuSti_nerd,HAHAHA
0:21:05,@lurdesvallejo6379,xd
0:21:07,@appl3s10.5,oh
0:21:07,@Idkanymorelol454,THIS IS SO PEAK
0:21:07,@scall0p639,Hell yeah get their asses
0:21:08,@UngulaPropriaRQ,YEAHH
0:21:08,@falnazor0001,YES!
0:21:08,@patiencemassaquoi9830,Ah hex nah
0:21:09,@blotnd,RND PLS RND NO
0:21:09,@vazquezzavaladarielaalejan6147,HELP
0:21:10,@blotnd,RND
0:21:11,@Shivery,they fast
0:21:11,@jennythebean9117,Yippee 
0:21:11,@HMZeroTwo,Shrimpo tryna look vicious
0:21:12,@appl3s10.5,aHE:P
0:21:12,@kasugalletas289,JSJSJSJ
0:21:13,@blwoomingৎ,OMG
0:21:13,@BATSYZUULP,oh
0:21:13,@Moon_wolfpawz,OMG
0:21:13,@mtr8832,CLOCK THEM
0:21:13,@starrynightynight,OH
0:21:13,@uwu_tixico_heat,TOODLESSSSSS
0:21:14,@max-xing,WHAT
0:21:14,@HMZeroTwo,AYE
0:21:14,@UngulaPropriaRQ,BASED 
0:21:14,@Astro_Novalitee3e,HELP
0:21:15,@KitNoir_,EEEEEEEE
0:21:15,@appl3s10.5,????
0:21:16,@belladora940,.
0:21:16,@pinkpupbutt9299,OH DAMN
0:21:16,@patiencemassaquoi9830,Dude
0:21:16,@Eeth_the-lyxn,WTF
0:21:16,@UngulaPropriaRQ,HAHAHAH
0:21:16,@BATSYZUULP,what
0:21:17,@Astro_Novalitee3e,LOL
0:21:17,@NubMcMoofin,:smiling_face_with_hearts:
0:21:17,@bacongamer777-h1t,damn
0:21:17,@blotnd,NOOO RND
0:21:17,@kasugalletas289,WHAT
0:21:17,@scall0p639,Ayooooooo :loudly_crying_face:
0:21:18,@blwoomingৎ,WHAT JUST HAPPEN
0:21:18,@Smellydiaries,WTF
0:21:18,@miolz-o,WHA
0:21:19,@ReiiCamera,GELP
0:21:20,@superdoopgirl,BRO
0:21:20,@kevinspencerbassie,SHRIMPO 
0:21:20,@Jade_IsNotGoingToBeFamous,oh thats
0:21:21,@Astro_Novalitee3e,NOOO]
0:21:21,@shrimpkuuu,NO
0:21:22,@Diablazo97,rnd NOOO oo
0:21:22,@blotnd,.. 
0:21:22,@ScrumptiousPixel,oh
0:21:22,@TheMTwinny,LMAO
0:21:23,@Eeth_the-lyxn,BERRYFLOWER
0:21:23,@jennythebean9117,Deserved 
0:21:23,@HMZeroTwo,Leave toodles alone :broken_heart:
0:21:23,@KitNoir_,YOOOOO
0:21:23,@Beetlesfruitcake,Oh
0:21:23,@Astro_Novalitee3e,GIGI
0:21:23,@tulips_ae199,omfg
0:21:23,@vazquezzavaladarielaalejan6147,NOOOOOOOOOOO
0:21:23,@miolz-o,GOOB 
0:21:23,@vanveleca,lmao
0:21:24,@lalnunpuiasm,wow
0:21:24,@BATSYZUULP,YEAH
0:21:24,@William_Afton-iq,EYO
0:21:25,@belladora940,WHT WAS THAT SPROUT AND DANDY...
0:21:25,@Latrice-o4c,:text-green-game-over::face-green-smiling:
0:21:25,@jo3a548,I AM DYING
0:21:25,@helpmetsgameistohard,dandys block?
0:21:26,@SonataDidIt,Deserved
0:21:27,@Diablazo97,RND
0:21:27,@KitNoir_,WHAT
0:21:27,@HMZeroTwo,NOOOOOOO
0:21:27,@SproutTheStrawberry,Damn
0:21:28,@MoonflowerPeak69,TOODLES
0:21:28,@Smellydiaries,RND NO
0:21:28,@moriorinvictus69,deserved
0:21:28,@zahrathemlgtoad,damnn...
0:21:29,@FennekoTheOtaku,omg
0:21:29,@Eeth_the-lyxn,OH...
0:21:29,@jo3a548,"LADFOASM,FLSMAFLFASO"
0:21:29,@AnimeGames16,LOL
0:21:30,@Dino_Mitez,ITS A FUCKING EXECUTION
0:21:30,@BATSYZUULP,DESWRVED
0:21:30,@NubMcMoofin,:face_holding_back_tears:
0:21:30,@pinkpupbutt9299,RIP
0:21:30,@mxchi76,rip
0:21:30,@max-xing,GIGI PLUSH
0:21:31,@miolz-o,NOOOO RND
0:21:31,@naruytymangleanimatronica7972,asumecha
0:21:32,@Meowclessokawaii,TACO BELL
0:21:32,@richietrejo-ramos2252,wtf???
0:21:32,@JYNCHEG,this might be the craziest one yet
0:21:32,@mtr8832,deserved fr
0:21:32,@kasugalletas289,LMFAO
0:21:33,@Blehbl,NOOOOOO
0:21:33,@William_Afton-iq,AHHH NOOO
0:21:33,@UngulaPropriaRQ,lmao fucking clapped 
0:21:33,@plzplzplzgimmedaza,Sprout can punch ghosts bc he died once
0:21:33,@GamerCREATORdandysworld,haha
0:21:33,@veekisser4ever,Rip toodles
0:21:33,@blotnd,im ending it
0:21:34,@superdoopgirl,TOODLES DIES TWICE???
0:21:34,@alynn_silly,STILL
0:21:35,@Eeth_the-lyxn,THEY KILLED TOODLES
0:21:35,@Astro_Novalitee3e,lol
0:21:36,@alcinaisMINE,We love you goob…
0:21:36,@ScrumptiousPixel,Toodles is fucking dead 2
0:21:36,@jennythebean9117,Mmm Taco Bell 
0:21:36,@pinkpupbutt9299,TACO BELL
0:21:37,@BATSYZUULP,tacobell
0:21:37,@applebloom2307,Sprout died once before so technically he has the connection to the other world and that's maybe why he can touch ghosts
0:21:37,@HMZeroTwo,WHY TOODLES
0:21:38,@JuSti_nerd,UH
0:21:38,@alcohollibee8645,TOODLES NO
0:21:39,@miolz-o,THATS WHO DIES?????
0:21:40,@uwu_tixico_heat,Awwwww
0:21:40,@FennekoTheOtaku,NOT TACO BELL 
0:21:41,@bambu2096,:face-blue-wide-eyes::face-blue-wide-eyes::face-blue-wide-eyes::face-blue-wide-eyes:
0:21:41,@William_Afton-iq,RIPPPPPP
0:21:42,@JuSti_nerd,AWW LOOEY 
0:21:42,@NancyOsburn-x9k,Taco Bell? Can I have some
0:21:43,@Itsmespookyjewel9949,TOODLES
0:21:44,@mtr8832,looey-
0:21:44,@miolz-o,WHAT THE HELL????????
0:21:47,@alcinaisMINE,Mountain Dew gessss
0:21:49,@blotnd,can rnd come back
0:21:49,@patiencemassaquoi9830,Everyone just got blicked down
0:21:49,@Idkanymorelol454,yummy taco bell 
0:21:50,@Shivery,Rip
0:21:50,@paycheck_.fan1,TOODLESS
0:21:51,@ScrumptiousPixel,Wheres the goat boxten
0:21:52,@FennekoTheOtaku,i rather rasining canes
0:21:54,@shrimpkuuu,?
0:21:54,@milie109,uhh
0:21:54,@UngulaPropriaRQ,DANDY WHY
0:21:56,@blwoomingৎ,.
0:21:56,@Average_guyyyyyy,lol
0:21:56,@jennythebean9117,Gay
0:21:56,@pinkpupbutt9299,LOL
0:21:56,@Astro_Novalitee3e,LOL
0:21:57,@appl3s10.5,well
0:21:57,@BATSYZUULP,HOLYBSHIT
0:21:57,@alynn_silly,the power of friendship
0:21:58,@Astro_Novalitee3e,WHAT
0:21:58,@Eeth_the-lyxn,WTF
0:21:58,@drunkserval,WHAT
0:21:59,@tadreamanolan1421,AYO
0:21:59,@zahrathemlgtoad,WOAHHHH
0:21:59,@helpmetsgameistohard,BRO WHAT
0:21:59,@mtr8832,WTFFF
0:22:00,@appl3s10.5,what
0:22:00,@Idkanymorelol454,WHAT 
0:22:00,@uwu_tixico_heat,WHT5TT
0:22:00,@blwoomingৎ,PH MY GOD
0:22:00,@NubMcMoofin,:smiling_face_with_hearts::smiling_face_with_hearts:
0:22:01,@patiencemassaquoi9830,BRO
0:22:01,@vazquezzavaladarielaalejan6147,-
0:22:01,@Jade_IsNotGoingToBeFamous,oh thats
0:22:01,@JuSti_nerd,UHM
0:22:01,@Elexir108,He’s cheating
0:22:01,@ScrumptiousPixel,Bro
0:22:01,@BATSYZUULP,FLOWER BALLOON
0:22:01,@HMZeroTwo,Dandy up on the podium like Omni-man at the guardians funeral
0:22:01,@Astro_Novalitee3e,GAYAGYA
0:22:01,@KitNoir_,WHAT
0:22:01,@NancyOsburn-x9k,ERMMM
0:22:02,@Moon_wolfpawz,OMG
0:22:02,@B00-s2y,AhahahahahahahHhahahaahayhaysh
0:22:03,@alcinaisMINE,Poppy going thru it 
0:22:03,@kasugalletas289,ORA
0:22:03,@Eeth_the-lyxn,UGH
0:22:04,@Astro_Novalitee3e,YAOI
0:22:04,@jennythebean9117,Damn
0:22:05,@Starfire_777,hot
0:22:05,@belladora940,IM CRINE:face-purple-crying:
0:22:05,@appl3s10.5,????
0:22:06,@Beetlesfruitcake,Oh
0:22:06,@zahrathemlgtoad,I WISH I WAS DANDY
0:22:06,@SproutTheStrawberry,HIS CLAW
0:22:06,@Average_guyyyyyy,THAT WAS THE MOST FUNNY EPISODE 
0:22:06,@dominicunderwood4911,DANDY WHAT ABOUT ASTRO
0:22:07,@B00-s2y,Ahhhhhhhhhhhhhhhhh
0:22:07,@mateonoyola7430,The sigma
0:22:07,@BATSYZUULP,DLOWER BALLON
0:22:07,@patiencemassaquoi9830,ARE WE SERIOUS
0:22:07,@max-xing,WHY IS GOURDY
0:22:07,@bp5814,EXCUSE ME
0:22:08,@blwoomingৎ,WHY IS DANDY KISSING EVERYONE
0:22:08,@mxchi76,NEW YAOI
0:22:08,@FennekoTheOtaku,/woah
0:22:10,@uwu_tixico_heat,BALLONFLOWERRRRRRRRRRRRRRR
0:22:10,@mtr8832,the power of too much yaoi
0:22:11,@Fourthealgebralien4444,Connie is already dead 
0:22:11,@BATSYZUULP,FLOWER BALLON
0:22:11,@milie109,ajsjaja lol
0:22:11,@jo3a548,DAYUUUM SOLVESTER
0:22:13,@Erisrose-moon,Wha?????
0:22:13,@shrimpkuuu,?
0:22:14,@vanveleca,woah
0:22:14,@blwoomingৎ,.
0:22:15,@ScrumptiousPixel,YES
0:22:15,@William_Afton-iq,DAMNNNNN
0:22:15,@blotnd,WHY ARE U SAYING YES
0:22:15,@pwndzn,YES
0:22:16,@appl3s10.5,oh ok.
0:22:16,@Beetlesfruitcake,Whatever they all locals anyway
0:22:16,@UngulaPropriaRQ,SOULVESTER NO
0:22:17,@kevinspencerbassie,Look Looey and sprout are gonna crack
0:22:17,@vazquezzavaladarielaalejan6147,WHAT
0:22:17,@blotnd,RND
0:22:17,@HMZeroTwo,AAAAAAYYYYYE
0:22:18,@grimtidings5451,REALITY GLITCHED FOR HIM THERE
0:22:18,@patiencemassaquoi9830,? 
0:22:18,@Astro_Novalitee3e,WHAT
0:22:18,@BATSYZUULP,what
0:22:19,@alynn_silly,WHAT
0:22:19,@the_only_sam,GOURDY???
0:22:19,@dribvox,oh good heavens
0:22:19,@B00-s2y,Eswwwsw
0:22:19,@NancyOsburn-x9k,AYO
0:22:19,@Diablazo97,MAN NOT G
0:22:20,@Blehbl,what
0:22:20,@vazquezzavaladarielaalejan6147,HELP??
0:22:20,@pinkpupbutt9299,AYO
0:22:20,@NubMcMoofin,:exploding_head:
0:22:21,@MoonflowerPeak69,GOURDY??
0:22:21,@CHILDE1FAN,oh….
0:22:21,@lurdesvallejo6379,no
0:22:21,@alynn_silly,.....
0:22:21,@dribvox,OH GOOD HEAVENS
0:22:21,@Idkanymorelol454,YO
0:22:22,@JuSti_nerd,UHM
0:22:22,@BATSYZUULP,whoah
0:22:23,@FennekoTheOtaku,NO
0:22:23,@mrcreemsupreme,WHAT
0:22:23,@patiencemassaquoi9830,THATS A CHILD
0:22:23,@pinkpupbutt9299,AYOOOOO
0:22:23,@ayeshabiscarra,OMGGG DANDY STOP KISSING EVERYONE
0:22:23,@naruytymangleanimatronica7972,QUEEEEEEEE
0:22:23,@yokaan9487,NOOO
0:22:24,@Beetlesfruitcake,oh my gosh
0:22:24,@miolz-o,WHAT
0:22:24,@MoonflowerPeak69,EWW
0:22:25,@BATSYZUULP,woah
0:22:25,@helpmetsgameistohard,GOURDY NO
0:22:25,@KitNoir_,what
0:22:25,@pinkpupbutt9299,NO
0:22:25,@grimtidings5451,BRO
0:22:25,@belladora940,bro
0:22:25,@Dino_Mitez,dude
0:22:25,@GamerCREATORdandysworld,:skull:
0:22:25,@caiotube231,I preesed no by accident 
0:22:26,@blwoomingৎ,tamers.
0:22:26,@applebloom2307,O
0:22:26,@Missmab123456,LMAO
0:22:26,@FennekoTheOtaku,NO DONY 
0:22:27,@Astro_Novalitee3e,GOURDY>????????????????????????
0:22:27,@HMZeroTwo,Pumpkin rizz
0:22:27,@BATSYZUULP,woah
0:22:27,@NubMcMoofin,:exploding_head::exploding_head:
0:22:27,@pinkpupbutt9299,STOP
0:22:27,@saskiasouthgate6572,YESSSS
0:22:28,@Blehbl,dude
0:22:28,@MoonflowerPeak69,NO
0:22:29,@TemperanceJean-t3n,no
0:22:29,@SproutTheStrawberry,HOEPP
0:22:29,@ScrumptiousPixel,DIDDYVESTRR
0:22:29,@thatrandomzombiekid,uuu
0:22:29,@Montavely,tamers ur gonna get CANCELED
0:22:29,@whiteLilly-s3q,…
0:22:29,@miolz-o,NO???? 
0:22:29,@patiencemassaquoi9830,THATS A child
0:22:30,@rAliusplate,no..
0:22:30,@7lonelyd,LMAOOOOOOO
0:22:30,@Astro_Novalitee3e,BRO EH:LP
0:22:30,@bacongamer777-h1t,aaaa
0:22:30,@LabrittxDdd,GOURDYYY NOOOOOO
0:22:30,@pinkpupbutt9299,EWWWW
0:22:30,@gummy8440,soulvester please do not do this
0:22:30,@vazquezzavaladarielaalejan6147,WHAT HAPPENED THERE
0:22:31,@BATSYZUULP,woah
0:22:31,@jennythebean9117,He baby!
0:22:31,@Idkanymorelol454,NO
0:22:31,@Starfire_777,CHRIS HANSON
0:22:31,@miolz-o,STOP
0:22:32,@BloxyCirkit,Leave the pumpkin out of this :loudly_crying_face:
0:22:32,@Shivery,soulvester :oncoming_police_car:
0:22:33,@SproutTheStrawberry,IM GIGGLING
0:22:33,@helpmetsgameistohard,GOURDYYYYYYYY
0:22:33,@grimtidings5451,CEASE!
0:22:33,@Selkie-Woh,SOULVESTER NOOOOO
0:22:33,@miolz-o,/WHAT
0:22:33,@Latrice-o4c,:face-blue-wide-eyes:
0:22:34,@miolz-o,/WHAT
0:22:34,@kasugalletas289,WTF
0:22:34,@UngulaPropriaRQ,SOULVESTER IS ON THE EPSTIEN LIST LMAOOOO
0:22:34,@Blehbl,EUEGEGGHHH
0:22:35,@Idkanymorelol454,THAT A BABY
0:22:35,@vazquezzavaladarielaalejan6147,TAMER????????
0:22:35,@C0SM1C-f3o, WHAT.
0:22:35,@duffel_brr,WHAT IS THIS
0:22:35,@MoonflowerPeak69,NO SOUL
0:22:35,@IDOSTUFFWHATABOUTYOU,TAMERS WTF
0:22:36,@GamerCREATORdandysworld,hes a kid
0:22:36,@Astro_Novalitee3e,LOL ECLIPSE
0:22:36,@mtr8832,HOLY GOOFD FRUGFHK8NG HEAVINGS
0:22:36,@jo3a548,I AM DYNG
0:22:36,@aranatoutsaint1824,that a child
0:22:36,@JuSti_nerd,GOURDY IS A KID
0:22:37,@Eclipse-u1s,LOL
0:22:37,@AmberlyChavez,Oh…..
0:22:37,@William_Afton-iq,THATS A MINOR
0:22:37,@superdoopgirl,WHAT IS SOULVESTER DOING
0:22:37,@Idkanymorelol454,NOO
0:22:37,@NancyOsburn-x9k,YES BE DISGUSTED RIB
0:22:38,@blotnd,rnd run away. rnd run away. 
0:22:38,@Daykiske,LMFAOOOOOOOOOOOOOOO
0:22:38,@vazquezzavaladarielaalejan6147,TAMERS????????
0:22:39,@SiderulerCEO,Tamer what!?!??
0:22:39,@Eeth_the-lyxn,WERES
0:22:39,@lurdesvallejo6379,es un Niño
0:22:39,@ScrumptiousPixel,DIDDYVESTER
0:22:39,@Cosmo_chocolatecake,"Dandy, what?"
0:22:40,@Choco_pufz,UR GONNA GET CANCELLED 
0:22:40,@TheJackManArt,bruuuuuu
0:22:40,@ayeshabiscarra,gourdy i think u shouldnt
0:22:40,@COOLKIDTOWNFOREVER11,Oh no EWWWWWWWWWW
0:22:41,@richietrejo-ramos2252,STOP!!!!
0:22:41,@miolz-o,GORUDY U CANT SAY THAT
0:22:41,@alcinaisMINE,DUDE
0:22:41,@blwoomingৎ,Tames definitely a darkshipper.
0:22:42,@7lonelyd,DIDDYVESTER
0:22:42,@belladora940,that's a child BRO
0:22:42,@BATSYZUULP,TGATS A XHILD
0:22:42,@mxchi76,NOOO
0:22:42,@KitNoir_,what dude
0:22:43,@4EVERLOVER45,what WHATTT
0:22:43,@alcinaisMINE,DUDE
0:22:44,@paycheck_.fan1,THATA A KIDD
0:22:44,@Eeth_the-lyxn,WERES GLISTEN
0:22:45,@Beetlesfruitcake,How old is gourdo dude:loudly_crying_face:
0:22:45,@ayeshabiscarra,GOURDY-
0:22:45,@ILOVELAMPSLAMPS,YO??? W TAMERS
0:22:45,@alynn_silly,??.?.????!
0:22:46,@IDOSTUFFWHATABOUTYOU,THATS A MINOR..
0:22:46,@Jade_IsNotGoingToBeFamous,I'm with eclipse this time
0:22:46,@Blehbl,ewww
0:22:47,@DAAWESOMEPUP,Toodles didn’t deserve to die :(
0:22:48,@pwndzn,Lol
0:22:49,@mokhia_kitofficalphoneacc,ONLY TOODLES 
0:22:49,@MoonflowerPeak69,THATS A MINOR
0:22:49,@alcinaisMINE,^|{^%%|^|^
0:22:49,@Imsleepdeprived.ৎ,FUNNYBERRY?????
0:22:50,@4EVERLOVER45,YOU CAN SAY THAT SIULVESER
0:22:51,@max-xing,SOMEONE GET SOULVESTER IN JAIL
0:22:51,@ChucuchanXF,ERRRR
0:22:51,@pinkpupbutt9299,OMFG
0:22:52,@alcinaisMINE,KH MY HOF
0:22:53,@miolz-o,WHAT...
0:22:55,@richietrejo-ramos2252,:(((
0:22:55,@alcinaisMINE,IN FRAKING OT
0:22:55,@Freaky-bocchi,Bro I missed half of ts
0:22:56,@COOLKIDTOWNFOREVER11,Tamers cancelled speedrun
0:22:56,@Solums,oh why
0:22:56,@blotnd,i don't like this anymore that was just 
0:22:57,@Cosmo_chocolatecake,Not Taco Bell
0:22:57,@IDOSTUFFWHATABOUTYOU,THATS A GODAMN KID WTF
0:22:57,@kasugalletas289,DUDE WHAT IS THAT-
0:22:58,@HMZeroTwo,Poppy always knows she just doesn't like Dandy
0:22:58,@alcinaisMINE,TAMERA DEEDJG ME
0:22:58,@Astro_Novalitee3e,LOL
0:22:58,@mrcreemsupreme,BACK IN JAOIL
0:22:58,@blotnd,nvm
0:22:58,@ears-123,"tamers, gourdy es un niño...."
0:22:59,@superdoopgirl,FREE GOURDY
0:22:59,@pandemorido4785,what the
0:23:00,@Eeth_the-lyxn,WERES GLISTEN TAMMER
0:23:01,@ayeshabiscarra,WHATTT
0:23:01,@alcinaisMINE,TAMERS DES ME
0:23:03,@jennythebean9117,Roger is based
0:23:03,@alcinaisMINE,TAMERS FED ME
0:23:03,@B00-s2y,Yes
0:23:04,@icelemoniscool,NO WHAT
0:23:04,@naruytymangleanimatronica7972,BRO?
0:23:06,@alcinaisMINE,TAMERS YES KING
0:23:06,@mtr8832,rodgeh
0:23:06,@Astro_Novalitee3e,HEHJLP
0:23:07,@Idkanymorelol454,LOL
0:23:07,@FennekoTheOtaku,help
0:23:08,@uncle_logan14,Tamers on the epstine list
0:23:08,@OzDegen,WHAT THE HELL
0:23:09,@SupaBuddies480,I CAN SMELL THE GOOGLE DOCKEY
0:23:09,@alcinaisMINE,YE SKIT. YES KING
0:23:09,@Shelly_offical1,THAT'S A CHILD:loudly_crying_face::loudly_crying_face::loudly_crying_face::loudly_crying_face:
0:23:09,@ILOVELAMPSLAMPS,W TAMERS 
0:23:09,@ruda.y,:face-red-droopy-eyes:
0:23:10,@GamerCREATORdandysworld,haha
0:23:12,@pinkpupbutt9299,RODGER
0:23:12,@Lattechannal1363,hi!
0:23:13,@alcinaisMINE,hauntedpumpkins
0:23:14,@Shelly_offical1,WHAT
0:23:15,@Eeth_the-lyxn,DAMM ROGER HATES TOODLES
0:23:16,@ungato-w4x,qué es esto :loudly_crying_face::loudly_crying_face:
0:23:16,@alcinaisMINE,HAUNTEDPYOKIND
0:23:18,@Smellydiaries,im an og tamers fan before he deleted all of his sonic adventure videos this is all normal lmfao
0:23:18,@William_Afton-iq,LOL
0:23:18,@ruda.y,:face-orange-frowning:
0:23:18,@alcinaisMINE,Hhdbsnans
0:23:19,@pinkpupbutt9299,YEA KING
0:23:19,@Bet12121,Soulvester really acting like a 1400s knight XD
0:23:19,@UngulaPropriaRQ,damn valid 
0:23:19,@appl3s10.5,son
0:23:20,@richietrejo-ramos2252,:face-red-droopy-eyes::face-red-droopy-eyes::face-red-droopy-eyes:
0:23:20,@Astro_Novalitee3e,LOL
0:23:21,@BATSYZUULP,THAT WEEKLY TWENTY BUCJS
0:23:22,@alcinaisMINE,I AN SOOOO
0:23:22,@d4stardlypetey,soul ester goes to prison episode when
0:23:23,@Idkanymorelol454,LOLLL
0:23:23,@TheJackManArt,brrooooooo
0:23:23,@kasugalletas289,uff rogelio:fire:
0:23:23,@lolkmal-k5w, wtf is Sulvester doing 
0:23:24,@Missmab123456,Rodger…
0:23:25,@Diablazo97,rodger wha the he
0:23:24,@B00-s2y,Hahahaahahhaha
0:23:26,@HMZeroTwo,Thank you rodger
0:23:27,@mtr8832,:face-blue-smiling::face-blue-smiling:
0:23:27,@ILOVELAMPSLAMPS,hauntedpumpkins mention w tamers 
0:23:28,@bambu2096,:face-purple-crying::face-purple-crying::face-purple-crying::face-purple-crying:
0:23:28,@naruytymangleanimatronica7972,que onda we
0:23:28,@ScrumptiousPixel,im bored
0:23:29,@jennythebean9117,Someone call CPS on Sylvester 
0:23:30,@alcinaisMINE,FREAKY GOIRDY AND SOULVESTER
0:23:30,@miolz-o,I CANT GET OVER SOULDVASTER AND GOURDY :loudly_crying_face:
0:23:31,@realblixels,:rolling_on_the_floor_laughing::rolling_on_the_floor_laughing::rolling_on_the_floor_laughing::rolling_on_the_floor_laughing::rolling_on_the_floor_laughing::rolling_on_the_floor_laughing::rolling_on_the_floor_laughing::rolling_on_the_floor_laughing::rolling_on_the_floor_laughing::rolling_on_the_floor_laughing:
0:23:31,@OrbotFan20,He needs the money
0:23:31,@Freaky-bocchi,Damn
0:23:34,@belladora940,:face-blue-wide-eyes::face-blue-wide-eyes::face-blue-wide-eyes::face-blue-wide-eyes:
0:23:34,@NancyOsburn-x9k,:face-orange-biting-nails::face-orange-biting-nails::face-orange-biting-nails::face-orange-biting-nails::face-orange-biting-nails::face-orange-biting-nails::face-orange-biting-nails::face-orange-biting-nails:
0:23:35,@B00-s2y,:face-red-heart-shape::face-red-heart-shape::face-red-heart-shape::face-red-heart-shape:
0:23:36,@Idkanymorelol454,So rea
0:23:36,@camilabelendurancaillahua4053,:face-turquoise-covering-eyes:
0:23:36,@skyberry_axx,Tamers uh uh! guys probably he doesn't know how old gourdy is
0:23:37,@pinkpupbutt9299,LMAO
0:23:37,@realblixels,:rolling_on_the_floor_laughing::rolling_on_the_floor_laughing::rolling_on_the_floor_laughing::rolling_on_the_floor_laughing::rolling_on_the_floor_laughing::rolling_on_the_floor_laughing::rolling_on_the_floor_laughing::rolling_on_the_floor_laughing::rolling_on_the_floor_laughing::rolling_on_the_floor_laughing::rolling_on_the_floor_laughing:
0:23:38,@alcinaisMINE, WE love hauntedpumpkins
0:23:38,@Shivery,lol
0:23:39,@SonataDidIt,lol
0:23:39,@domakemedoit,ABSOLUTRLY NOT
0:23:39,@Eeth_the-lyxn,BUT HONESTLY WERES GLISTEN TAMMER
0:23:40,@jennythebean9117,Kiss
0:23:40,@UngulaPropriaRQ,awww
0:23:41,@TheDassid,At least toodles can't get into the pill cabinet anymore
0:23:42,@LabrittxDdd,Rogelio hambreado
0:23:42,@Moon_wolfpawz,POPPY SYBAU
0:23:42,@alcinaisMINE,hahahhahaha yess
0:23:43,@vazquezzavaladarielaalejan6147,NOOOOOOOOO
0:23:44,@EricaGibson-jf4mi,Ge *good episode*
0:23:44,@B00-s2y,LIES
0:23:44,@bambu2096,NOOO GIGI
0:23:44,@whisp6189,:hand-purple-blue-peace:
0:23:44,@alcinaisMINE,I WIN
0:23:45,@C0SM1C-f3o,FREE GOURDY AND TOODLES DUDE :broken_heart:
0:23:45,@pinkpupbutt9299,RODGER OUR KING
0:23:45,@Beetlesfruitcake,Oh
0:23:46,@BATSYZUULP,OH WOAH
0:23:47,@patiencemassaquoi9830,lol
0:23:47,@ILOVELAMPSLAMPS,put gourdy with astro next 
0:23:48,@belladora940,:body-blue-raised-arms::body-blue-raised-arms::body-blue-raised-arms:
0:23:49,@Beetlesfruitcake,Oh my gosh
0:23:49,@jennythebean9117,Damn :loudly_crying_face:
0:23:49,@HMZeroTwo,Poor rodger
0:23:49,@naruytymangleanimatronica7972,ay
0:23:50,@TheMTwinny,LMAO
0:23:50,@mxchi76,NOOOO
0:23:51,@FennekoTheOtaku,where the christmas toons tho
0:23:51,@mtr8832,real sad
0:23:51,@miolz-o,WHO is we????
0:23:51,@Missmab123456,Awwww
0:23:53,@Astro_Novalitee3e,lol
0:23:53,@lurdesvallejo6379,lol
0:23:53,@ayeshabiscarra,R soulvester n gourdy in a relationship or wgat
0:23:53,@alcinaisMINE,Rodger that’s ur daughter
0:23:54,@Blehbl,ewww
0:23:54,@shrimpkuuu,oh my god bruh give him his baby back
0:23:55,@blotnd,RND PLS
0:23:55,@helpmetsgameistohard,toodles was an age regresser
0:23:55,@belladora940,:body-green-covering-eyes::body-green-covering-eyes::body-green-covering-eyes::body-green-covering-eyes:
0:23:57,@William_Afton-iq,OH MY GOD
0:23:57,@appl3s10.5,:eyes-purple-crying::eyes-purple-crying::eyes-purple-crying::eyes-purple-crying::eyes-purple-crying:
0:23:57,@Starfire_777,it's okay Roge
0:23:58,@alcohollibee8645,My toodlesssss
0:24:02,@TheJackManArt,bruuuuuu el rodger si queria toodles 
0:24:03,@JuSti_nerd,Tamers knows Gourdy is a kid bro
0:24:05,@belladora940,:face-blue-covering-eyes:
0:24:05,@alynn_silly,OH NO?!!
0:24:06,@grimtidings5451,Poor Rodger
0:24:06,@Shivery,:loudly_crying_face:
0:24:07,@s4turnssey3s,help the misspelled rest in peace
0:24:07,@Tamers12345MLP,Soulvestor is from the 1600s he doesn't yet get societal norms just yet
0:24:07,@Ca11me_charl1e,:body-green-covering-eyes::body-green-covering-eyes::body-green-covering-eyes::body-green-covering-eyes::body-green-covering-eyes:
0:24:08,@jennythebean9117,Damn
0:24:08,@vanveleca,:face-orange-biting-nails::face-orange-biting-nails::face-orange-biting-nails:
0:24:08,@William_Afton-iq,:eyes-purple-crying::eyes-purple-crying::eyes-purple-crying::eyes-purple-crying::eyes-purple-crying::eyes-purple-crying::eyes-purple-crying::eyes-purple-crying::eyes-purple-crying::eyes-purple-crying::eyes-purple-crying::eyes-purple-crying::eyes-purple-crying::eyes-purple-crying::eyes-purple-crying::eyes-purple-crying::eyes-purple-crying::eyes-purple-crying::eyes-purple-crying::eyes-purple-crying:
0:24:08,@kevinspencerbassie,Dandy is NOT seeing those pearly gates
0:24:09,@Imsleepdeprived.ৎ,I NEED FUNNYBERRY
0:24:10,@KitNoir_,soulvester log off
0:24:10,@mtr8832,tf
0:24:11,@pinkpupbutt9299,LMAO
0:24:12,@NancyOsburn-x9k,:face-blue-wide-eyes::face-blue-wide-eyes::face-blue-wide-eyes::face-blue-wide-eyes:
0:24:15,@Freaky-bocchi,Fuck
0:24:15,@MoonflowerPeak69,put soul to jail
0:24:15,@lurdesvallejo6379,:face-purple-crying:
0:24:16,@superdoopgirl,:face-orange-biting-nails::face-orange-biting-nails:
0:24:17,@billyboy8534,BORDEN!!!
0:24:17,@Eeth_the-lyxn,GLOCK
0:24:19,@Starfire_777,oh screw you weirdo
0:24:19,@PWUDDING_1,WIAT
0:24:20,@max-xing,TAMERS 
0:24:20,@realblixels,:rolling_on_the_floor_laughing::rolling_on_the_floor_laughing::rolling_on_the_floor_laughing::rolling_on_the_floor_laughing::rolling_on_the_floor_laughing::rolling_on_the_floor_laughing::rolling_on_the_floor_laughing::rolling_on_the_floor_laughing::rolling_on_the_floor_laughing::rolling_on_the_floor_laughing:
0:24:20,@ScrumptiousPixel,Why did he say glock 19
0:24:21,@waffelkitty,I'm going to Spam
0:24:22,@asesinatodoble,shut up soulvester
0:24:22,@mtr8832,soulvester-
0:24:23,@MoonflowerPeak69,STRAIGHT TO JAIL
0:24:23,@ruda.y,:text-green-game-over:
0:24:24,@alcinaisMINE,Soulvester agegap yaoi is normal don’t worry
0:24:24,@SonataDidIt,LOL
0:24:24,@richietrejo-ramos2252,:face-purple-crying:
0:24:24,@Zazaglittershrimp,:loudly_crying_face::loudly_crying_face::loudly_crying_face::loudly_crying_face::loudly_crying_face::loudly_crying_face:
0:24:24,@blotnd,WOW
0:24:25,@Blehbl,NOOOOOO
0:24:25,@realblixels,:rolling_on_the_floor_laughing::rolling_on_the_floor_laughing::rolling_on_the_floor_laughing::rolling_on_the_floor_laughing::rolling_on_the_floor_laughing::rolling_on_the_floor_laughing::rolling_on_the_floor_laughing::rolling_on_the_floor_laughing::rolling_on_the_floor_laughing::rolling_on_the_floor_laughing::rolling_on_the_floor_laughing:
0:24:25,@Elexir108,Real tbh
0:24:25,@BATSYZUULP,NO DONT STOP IT
0:24:25,@AidenAngel-r6j8z,:loudly_crying_face::loudly_crying_face::loudly_crying_face::loudly_crying_face::loudly_crying_face::loudly_crying_face::loudly_crying_face::loudly_crying_face::loudly_crying_face:
0:24:26,@SproutTheStrawberry,I have them
0:24:26,@Hyloaf,TRUE
0:24:26,@Missmab123456,LOL
0:24:26,@applebloom2307,Aw~
0:24:27,@Beetlesfruitcake,🫩
0:24:28,@ears-123,some of you guys are icking me out with what you're saying rn :pleading_face:
0:24:28,@Idkanymorelol454,real
0:24:28,@ShamaunHodges-i4n,uwu hello
0:24:29,@BATSYZUULP,STOP IT
0:24:29,@blotnd,SOULVESTER 
0:24:30,@jo3a548,HE IS RIGHT YOU KNOW
0:24:30,@appl3s10.5,LOLLL
0:24:30,@kasugalletas289,pwro
0:24:30,@FennekoTheOtaku,nahhh
0:24:31,@grimtidings5451,Bro legit
0:24:31,@patiencemassaquoi9830,He’s speaking facts
0:24:32,@Blehbl,MY RDN
0:24:32,@William_Afton-iq,CRAZY
0:24:32,@Daykiske,Actually yeah true
0:24:33,@B00-s2y,:loudly_crying_face::loudly_crying_face::loudly_crying_face::loudly_crying_face::loudly_crying_face::loudly_crying_face:
0:24:33,@mrcreemsupreme, i actually bought them yesterday
0:24:34,@Idkanymorelol454,so real bro
0:24:34,@tulips_ae199,NO
0:24:34,@BATSYZUULP,LEAVE MY GIAT ALONE
0:24:34,@naruytymangleanimatronica7972,ay
0:24:34,@nonten4,tjhank you for the game tip
0:24:35,@Freaky-bocchi,Damn
0:24:35,@ayeshabiscarra,speaking facts
0:24:36,@AlinaCal-m5u,NOOO RAZZLE AND DAZZLE
0:24:37,@Ca11me_charl1e,FAX THOOO
0:24:37,@alcohollibee8645,Word
0:24:37,@dovaak,true knight
0:24:38,@Shivery,he's right
0:24:39,@Dino_Mitez,oh thank god soulvester is just an idiot
0:24:39,@jennythebean9117,Wow
0:24:39,@bambu2096,WHAT
0:24:39,@pinkpupbutt9299,LMFAO
0:24:39,@Tiffany-kat09,WHAT
0:24:40,@Astro_Novalitee3e,lolololo
0:24:40,@B00-s2y,Nah but frrrrr
0:24:41,@dribvox,HES TOO TRUE
0:24:42,@Bet12121,damn Soulvester spitting them facts...
0:24:45,@Fourthealgebralien4444,67!
0:24:45,@William_Afton-iq,WHATTT
0:24:45,@UngulaPropriaRQ,67
0:24:45,@DanqRami,I feel like someone gonna shoot soulvester
0:24:46,@Tiffany-kat09,BUT BUT
0:24:47,@superarcade643,6 7!!!!!
0:24:48,@mtr8832,oranges grow on trees?-
0:24:48,@vazquezzavaladarielaalejan6147,67
0:24:48,@Freaky-bocchi,Calm down soulveter
0:24:49,@NexzHere,67
0:24:49,@Eeth_the-lyxn,WERES GLISTEN
0:24:49,@whisp6189,true noble knight
0:24:49,@shrimpkuuu,677777
0:24:49,@ShamaunHodges-i4n,dandy...
0:24:50,@jennythebean9117,67
0:24:50,@Idkanymorelol454,WHAT
0:24:51,@appl3s10.5,67
0:24:51,@Diablazo97,PEOPLE DONT SAY IT
0:24:51,@Elexir108,:winking_face_with_tongue::winking_face_with_tongue::winking_face_with_tongue::winking_face_with_tongue:
0:24:51,@alcinaisMINE,Yes king 
0:24:51,@Nox_Atra,HOW YOU ARE SO FAST WITH THESE ANIMATIONS BRO? xd
0:24:52,@mrcreemsupreme,67
0:24:52,@MillerTheDarkTransPrince,:3
0:24:52,@pinkpupbutt9299,WHAT
0:24:52,@Randomzillygoober,gourdy…
0:24:52,@ayeshabiscarra,677777\
0:24:53,@Jade_IsNotGoingToBeFamous,wowww
0:24:53,@Astro_Novalitee3e,67
0:24:53,@NexzHere,6777
0:24:53,@nonten4,67
0:24:54,@ayeshabiscarra,677
0:24:54,@Beetlesfruitcake,677777
0:24:54,@ears-123,67
0:24:54,@Hyloaf,67!!!!!
0:24:54,@nonten4,67
0:24:54,@Zoethezombie-u8q,67
0:24:54,@vazquezzavaladarielaalejan6147,OMG
0:24:54,@nonten4,67
0:24:54,@miolz-o,67
0:24:54,@BloxyCirkit,6767
0:24:55,@nonten4,67
0:24:55,@Astro_Novalitee3e,67
0:24:55,@ayeshabiscarra,677
0:24:55,@belladora940,6777
0:24:55,@Eeth_the-lyxn,WERES GLISTEN TAMMER
0:24:55,@nonten4,67
0:24:55,@ILOVELAMPSLAMPS,soulvester hurrying ts up so he can get some pumpkin ass ts crazy
0:24:55,@BloxyCirkit,67
0:24:55,@thatrandomzombiekid,21
0:24:56,@Astro_Novalitee3e,67
0:24:56,@Kraggeraa,6 7
0:24:56,@miolz-o,/67
0:24:56,@William_Afton-iq,NOOOOOOOOOO
0:24:56,@shrimpkuuu,67 67 67
0:24:56,@bacongamer777-h1t,67
0:24:56,@richietrejo-ramos2252,67
0:24:56,@Astro_Novalitee3e,67
0:24:57,@NexzHere,67
0:24:57,@Shivery,67
0:24:57,@TheJackManArt,6 7 
0:24:57,@NexzHere,67
0:24:57,@Astro_Novalitee3e,67
0:24:58,@NexzHere,67
0:24:58,@NexzHere,67
0:24:59,@superdoopgirl,67
0:24:59,@ВсеволодНесмашный,67
0:25:00,@Eeth_the-lyxn,67
0:25:01,@bacongamer777-h1t,67
0:25:01,@jennythebean9117,Epic anime moment
0:25:01,@CreamSodaT_T,67
0:25:02,@4EVERLOVER45,67
0:25:02,@Cosmo-h2z,67
0:25:02,@mtr8832,galaxyyy
0:25:02,@Beetlesfruitcake,SIX SEVEN
0:25:02,@tulips_ae199,OH MY
0:25:02,@BATSYZUULP,kiss
0:25:03,@Jade_IsNotGoingToBeFamous,holy depression
0:25:03,@ChucuchanXF,67
0:25:04,@Diablazo97,MAN THIS PPL ITS RUINED
0:25:04,@William_Afton-iq,NOOOOOOOOOOOOO
0:25:04,@ruda.y,67
0:25:04,@mxchi76,SIX SEVENN
0:25:04,@bacongamer777-h1t,6767
0:25:04,@Zazaglittershrimp,67
0:25:04,@maxbear027,67
0:25:04,@LabrittxDdd,67
0:25:04,@BATSYZUULP,KISS
0:25:05,@Eeth_the-lyxn,67
0:25:06,@BlossomXliv,HI
0:25:06,@kshskah-g1t,67
0:25:06,@Exiledlama,67
0:25:06,@Starfire_777,forgot about him
0:25:07,@KitNoir_,67
0:25:07,@Meowclessokawaii,OMG
0:25:07,@mrcreemsupreme,we found the hidden 67guyyddd
0:25:07,@4EVERLOVER45,67
0:25:07,@BATSYZUULP,KISS
0:25:07,@r4d10_h34d,67
0:25:08,@vazquezzavaladarielaalejan6147,MOONFLOWER
0:25:08,@kasugalletas289,se quedó abandonado-
0:25:08,@skyberry_axx,67 MILES
0:25:09,@BlossomXliv,HI
0:25:09,@alcinaisMINE,67
0:25:09,@4EVERLOVER45,6767
0:25:09,@Freaky-bocchi,677
0:25:09,@NexzHere,67
0:25:09,@Idkanymorelol454,67 in the big 26…
0:25:09,@MoonflowerPeak69,MOONFLOWER YAOI
0:25:10,@BATSYZUULP,KISS
0:25:10,@miolz-o,PLEASE IS THIS THE MOMENT
0:25:10,@superdoopgirl,67
0:25:10,@4EVERLOVER45,67
0:25:10,@BlossomXliv,HIH
0:25:10,@vazquezzavaladarielaalejan6147,MOONFLOWER
0:25:10,@belladora940,67
0:25:10,@jennythebean9117,6 7
0:25:11,@mtr8832,KISS
0:25:11,@Meowclessokawaii,KISS
0:25:11,@ILOVELAMPSLAMPS,67
0:25:11,@superdoopgirl,67
0:25:12,@BlossomXliv,HI
0:25:12,@BATSYZUULP,KISS
0:25:12,@Eeth_the-lyxn,MOONFLOWER
0:25:13,@belladora940,67
0:25:13,@NexzHere,7
0:25:13,@paycheck_.fan1,67
0:25:13,@miolz-o,KISS
0:25:14,@MoonflowerPeak69,MOONFLOWER YAOI
0:25:14,@Idkanymorelol454,KISS
0:25:14,@BATSYZUULP,KISS
0:25:14,@CreamSodaT_T,YAOI
0:25:14,@LolaJohnson-b9i,I am watching it
0:25:14,@vazquezzavaladarielaalejan6147,MOONFLOWER
0:25:14,@StopTalkin.,67
0:25:15,@BlossomXliv,HI
0:25:15,@KitNoir_,67
0:25:15,@Eeth_the-lyxn,MOONFLOWER
0:25:16,@BlossomXliv,HIH
0:25:16,@mxchi76,KISSS
0:25:16,@whisp6189,i love the electric scooter
0:25:16,@BATSYZUULP,aKiss
0:25:16,@miolz-o,KISS
0:25:17,@BlossomXliv,HIH
0:25:17,@AbigailPack,Hi
0:25:17,@vazquezzavaladarielaalejan6147,MOONFLOWWWWWWER
0:25:17,@dominicunderwood4911,67
0:25:17,@BlossomXliv,HIH
0:25:17,@Astro_Novalitee3e,67
0:25:18,@richietrejo-ramos2252,67!!!!
0:25:19,@Astro_Novalitee3e,OMG
0:25:19,@kshskah-g1t,KISS
0:25:19,@BATSYZUULP,KIDS
0:25:20,@jennythebean9117,Kiss
0:25:20,@Idkanymorelol454,KISS KISS KISS
0:25:21,@Daykiske,THE SCOOTER LMAOOOO
0:25:21,@miolz-o,KISS
0:25:21,@Eeth_the-lyxn,MOONFLOWER
0:25:21,@naruytymangleanimatronica7972,MOONFLOWER
0:25:21,@BATSYZUULP,KISS
0:25:21,@Meowclessokawaii,HE WAS WAITING FOR HIM
0:25:22,@thatrandomzombiekid,21
0:25:23,@Freaky-bocchi,YAOI
0:25:23,@MoonStone-Gaze,Yuck
0:25:23,@3-ST4R-3,PLEASE KISS AGAIN 
0:25:23,@alynn_silly,OG M YGDO MOONFLWOEOR
0:25:23,@lalnunpuiasm,67
0:25:24,@vazquezzavaladarielaalejan6147,GIVE US MOONFLOWER
0:25:24,@William_Afton-iq,GYATT DAMN
0:25:24,@ItsAngelEmi,GYATT
0:25:24,@ChucuchanXF,AY?
0:25:24,@BlossomXliv,OMG
0:25:24,@Eeth_the-lyxn,THEY ARE GAY
0:25:24,@alcinaisMINE,yessss….
0:25:24,@mtr8832,YAOIIII
0:25:24,@bambu2096,HH
0:25:25,@lurdesvallejo6379,67
0:25:25,@Smellydiaries,moon him
0:25:25,@whisp6189,kiss
0:25:26,@MoonflowerPeak69,MOONFLOWER YAOI
0:25:26,@3-ST4R-3,KISS
0:25:26,@whisp6189,kiss
0:25:27,@Astro_Novalitee3e,GA
0:25:27,@yokaan9487,67
0:25:27,@alynn_silly,MOONFLFOQOER
0:25:27,@superdoopgirl,WHEN DO THEY GET MARRIED
0:25:27,@whisp6189,kiss
0:25:28,@Idkanymorelol454,KISSSSSSSSSSS
0:25:28,@naruytymangleanimatronica7972,KISS KISS
0:25:28,@3-ST4R-3,KISS
0:25:28,@appl3s10.5,oh my god r they gonna kiss
0:25:29,@bacongamer777-h1t,gay kiss
0:25:29,@vazquezzavaladarielaalejan6147,KISS KISS KISS
0:25:29,@Eeth_the-lyxn,MOONFLOWER
0:25:29,@CHILDE1FAN,kiss
0:25:29,@belladora940,ASTRO UR HANDDSOSKSKMMMEE
0:25:30,@HMZeroTwo,Dandy and astro should turn twisted here I think
0:25:31,@3-ST4R-3,KISS
0:25:32,@Astro_Novalitee3e,KISS
0:25:32,@Eeth_the-lyxn,KISS
0:25:32,@kevinspencerbassie,YAOI
0:25:33,@Cosmo_chocolatecake,Kiss kiss kiss
0:25:33,@3-ST4R-3,KISS
0:25:33,@mtr8832,gay bros
0:25:33,@Idkanymorelol454,KISS
0:25:34,@Starfire_777,your saying it wrong it's 6 7
0:25:34,@naruytymangleanimatronica7972,KISS
0:25:34,@skyberry_axx,kiss
0:25:34,@patiencemassaquoi9830,Alr now give each other tongue
0:25:34,@alynn_silly,MOONFLDOWOER
0:25:35,@3-ST4R-3,KISS
0:25:35,@Eeth_the-lyxn,KISS
0:25:36,@bacongamer777-h1t,Yess gay kiss
0:25:36,@Freaky-bocchi,Yaoi!
0:25:36,@Moran_tekrizzia15,.
0:25:36,@Eeth_the-lyxn,KISS
0:25:36,@blotnd,RND
0:25:38,@blwoomingৎ,it really is a moon kiss
0:25:39,@appl3s10.5,HELLPOPP
0:25:39,@skyberry_axx,kiss
0:25:39,@Freaky-bocchi,Kiss
0:25:39,@BATSYZUULP,kiss
0:25:39,@vazquezzavaladarielaalejan6147,GASP
0:25:39,@Astro_Novalitee3e,KISS
0:25:40,@applebloom2307,Ooooo
0:25:40,@jo3a548,oh fuck
0:25:41,@bambu2096,YAOI
0:25:41,@blwoomingৎ,OH WOW
0:25:42,@vazquezzavaladarielaalejan6147,GASP
0:25:42,@alynn_silly,IM GONNA THROW UO
0:25:42,@3-ST4R-3,KISS
0:25:42,@jennythebean9117,Kiss
0:25:43,@naruytymangleanimatronica7972,KISS
0:25:43,@pinkpupbutt9299,YOOOOO
0:25:43,@skyberry_axx,kiss
0:25:43,@Ca11me_charl1e,KISS GAYS
0:25:43,@whisp6189,:O
0:25:44,@alcinaisMINE,Now kiss………
0:25:44,@TemperanceJean-t3n,gay
0:25:44,@William_Afton-iq,WHAT
0:25:45,@alynn_silly,MOONFLOWOER
0:25:45,@B00-s2y,GAY
0:25:45,@Idkanymorelol454,KISS
0:25:46,@ShamaunHodges-i4n,g... a..... y
0:25:47,@donnodgiodsaofuwe09guw0g,piss n kiss a classic formula
0:25:48,@vazquezzavaladarielaalejan6147,MOONFLOWER
0:25:48,@Shivery,gasp
0:25:49,@Idkanymorelol454,KISS
0:25:49,@BlossomXliv,Astro: GAYY
0:25:50,@tulips_ae199,LOOL
0:25:50,@falnazor0001,It's all lies!
0:25:51,@ChucuchanXF,OMG
0:25:51,@blwoomingৎ,ASTRO KNOWS IT
0:25:51,@vazquezzavaladarielaalejan6147,MOONFLOWER
0:25:51,@paycheck_.fan1,KISS NOW
0:25:53,@MoonflowerPeak69,MOONFLOWER YAOI
0:25:53,@Astro_Novalitee3e,KISS
0:25:54,@vazquezzavaladarielaalejan6147,MOONFLOWER
0:25:54,@TheTurboHippo1,KISSS KISS
0:25:55,@alcinaisMINE,Astro missed out
0:25:55,@patiencemassaquoi9830,LIES
0:25:55,@TheMTwinny,GROPE
0:25:57,@vazquezzavaladarielaalejan6147,PLEASE
0:25:57,@mxchi76,LIAR
0:25:57,@paycheck_.fan1,YAOIIIIIII
0:25:57,@Eeth_the-lyxn,KISS
0:25:58,@kasugalletas289,the hand-
0:25:58,@Idkanymorelol454,KISSSSSS
0:25:59,@bacongamer777-h1t,keep up
0:25:59,@FennekoTheOtaku,"""straight"""
0:26:00,@ShamaunHodges-i4n,yes
0:26:00,@vazquezzavaladarielaalejan6147,PLEASEEEEEE
0:26:01,@bambu2096,KISS!!!!!
0:26:01,@Freaky-bocchi,:relieved_face:
0:26:02,@alynn_silly,HIS FACW.
0:26:02,@Diablazo97,but
0:26:02,@helpmetsgameistohard,yes you have lied dandy
0:26:02,@Astro_Novalitee3e,KISS
0:26:02,@UngulaPropriaRQ,KISS YOU HOME OHES 
0:26:02,@Elexir108,Ow
0:26:02,@belladora940,dandu spreading lies
0:26:03,@TheJackManArt,im a straight as a pencil
0:26:03,@superdoopgirl,bro is not straight 
0:26:03,@CreamSodaT_T,we didn't get mooncake smh
0:26:03,@MoonflowerPeak69,MOONFLOWER YAOI
0:26:03,@alcinaisMINE,THE GACHA LIFE MUSIC
0:26:03,@shrimpkuuu,astro bro listen to dyle
0:26:03,@William_Afton-iq,G....... A......... Y............
0:26:04,@jo3a548,brotato chips
0:26:04,@vazquezzavaladarielaalejan6147,SAY GEX
0:26:04,@BlossomXliv,GAY
0:26:05,@UngulaPropriaRQ,WHAT 
0:26:06,@Eeth_the-lyxn,MOONFLOWER
0:26:06,@naruytymangleanimatronica7972,KISS
0:26:06,@maxbear027,:flushed_face:
0:26:06,@Blehbl,YES YOU DID.
0:26:07,@falnazor0001,Ahhhh!
0:26:07,@UngulaPropriaRQ,YOOOOOOOOO
0:26:07,@Idkanymorelol454,BROTATO CHIP
0:26:07,@pinkpupbutt9299,LYING FLOWER
0:26:07,@ReiiCamera,KISS. NOW.
0:26:07,@NancyOsburn-x9k,KISSESS
0:26:08,@TheTurboHippo1,KISS
0:26:08,@Diablazo97,ASTRO NO
0:26:08,@TheMTwinny,BROTATO CHIP TIMES 3
0:26:08,@Moon_wolfpawz,OMG
0:26:08,@jennythebean9117,Don’t gaslight 
0:26:09,@Starfire_777,make out
0:26:09,@TemperanceJean-t3n,yes you have\\
0:26:09,@vazquezzavaladarielaalejan6147,WHAT
0:26:09,@max-xing,as if he wasnt pissing on sprout
0:26:09,@r4d10_h34d,KISS KISS
0:26:10,@BATSYZUULP,WOAH
0:26:10,@Astro_Novalitee3e,I LOVE YOU DANDY
0:26:10,@connornevitt,purtaytoh
0:26:10,@shrimpkuuu,OH MY GOD
0:26:11,@Shivery,He's straight as a hill
0:26:11,@Idkanymorelol454,HELL YEAH
0:26:12,@miolz-o,WHAT
0:26:12,@bambu2096,:double_exclamation_mark:KISS:double_exclamation_mark:
0:26:12,@AlinaCal-m5u,KISS PLEASE
0:26:12,@vazquezzavaladarielaalejan6147,OMGG
0:26:12,@vanveleca,um
0:26:12,@BATSYZUULP,WOAH
0:26:12,@blwoomingৎ,dandy
0:26:12,@Nadinevillalobos_hello,Awwww
0:26:12,@whisp6189,what
0:26:13,@Beetlesfruitcake,What
0:26:13,@mrcreemsupreme,what
0:26:13,@jo3a548,WHAT
0:26:13,@mtr8832,erm...
0:26:13,@appl3s10.5,3what
0:26:14,@r4d10_h34d,what
0:26:14,@Hyloaf,huh
0:26:14,@NubMcMoofin,:exploding_head::exploding_head:
0:26:14,@Bet12121,WOAH
0:26:15,@HMZeroTwo,That's hot
0:26:15,@max-xing,WHAT
0:26:15,@BlossomXliv,OMG POOR ASTRO
0:26:15,@Elexir108,What is happening 
0:26:15,@heresy8384,WOAH
0:26:15,@patiencemassaquoi9830,????
0:26:16,@BaguetteDealer,woah
0:26:16,@ReiiCamera,OMG WHAT .
0:26:16,@jennythebean9117,Bro what
0:26:16,@miolz-o,EXCUSE ME
0:26:16,@NancyOsburn-x9k,WHATTTTTTT
0:26:17,@Eeth_the-lyxn,THEY ARE VERY GAY
0:26:17,@DanqRami,OH
0:26:17,@JuSti_nerd,Uh
0:26:17,@bambu2096,oh.
0:26:17,@Tamers12345MLP,@TheMTwinny He may not be gay but he knows where's the best place to grab
0:26:18,@William_Afton-iq,BROTATO CHIP
0:26:18,@paycheck_.fan1,what
0:26:18,@TheTurboHippo1,HUH
0:26:19,@Astro_Novalitee3e,help
0:26:19,@Blehbl,OWWWW
0:26:20,@goodnightloverz1972,WHAT
0:26:20,@KitNoir_,YOOOOOOOO
0:26:20,@belladora940,WHAT...
0:26:20,@Excoranium,Has tamers played dandy’s world?
0:26:22,@shrimpkuuu,oh my god. thiis is
0:26:22,@Idkanymorelol454,HUH
0:26:22,@the_only_sam,EWW
0:26:23,@TheDassid,HUH
0:26:23,@William_Afton-iq,NOOOOOOOOO
0:26:23,@ayeshabiscarra,EWOAHH
0:26:23,@Shivery,ugh
0:26:24,@COOLKIDTOWNFOREVER11,Ewwww
0:26:24,@shrimpkuuu,hng
0:26:24,@superdoopgirl,WHAT
0:26:25,@Diablazo97,YOOO
0:26:25,@MoonflowerPeak69,NOO
0:26:25,@BATSYZUULP,What
0:26:25,@NubMcMoofin,:exploding_head::exploding_head::face_savoring_food:
0:26:25,@naruytymangleanimatronica7972,AY
0:26:25,@whisp6189,uhhh
0:26:25,@mtr8832,is he fingerings him
0:26:25,@ayeshabiscarra,WPIAHH
0:26:26,@alcinaisMINE,True king
0:26:26,@KitNoir_,YOOOOOOO
0:26:26,@GamerCREATORdandysworld,wow...
0:26:27,@Moon_wolfpawz,UH
0:26:27,@jennythebean9117,Eyeussy
0:26:27,@pinkpupbutt9299,OMFG
0:26:27,@mxchi76,OH
0:26:27,@unicornfarts27,oh my god bruh:loudly_crying_face::loudly_crying_face::loudly_crying_face:
0:26:27,@Freaky-bocchi,OMG
0:26:28,@BATSYZUULP,WOAH
0:26:28,@belladora940,NO..
0:26:28,@the_only_sam,Ewwww
0:26:29,@whisp6189,HE FINGERING IT
0:26:29,@miolz-o,HUH
0:26:29,@kasugalletas289,WAIT WHAT
0:26:30,@helpmetsgameistohard,ummm
0:26:30,@Smellydiaries,WOAH
0:26:30,@HMZeroTwo,AYE
0:26:30,@r4d10_h34d,WHAT IS THIS
0:26:30,@mrcreemsupreme,????
0:26:30,@SproutTheStrawberry,WTH
0:26:30,@Fourthealgebralien4444,Is dandy lobotonizinh astrp
0:26:30,@Freaky-bocchi,EW
0:26:30,@UngulaPropriaRQ,THIS IS FREAKY AS SHIT LETS GOOOOOOO
0:26:31,@max-xing,WHAT IS HE DOING
0:26:31,@bambu2096,...
0:26:31,@KitNoir_,SHOP
0:26:31,@falnazor0001,Dear Lord
0:26:31,@paycheck_.fan1,bROO
0:26:32,@MoonflowerPeak69,MY MOONFLOWER
0:26:32,@Eeth_the-lyxn,WHAT IS HE DOING
0:26:32,@alcinaisMINE,OH FREAK
0:26:32,@belladora940,WHAT...
0:26:32,@blotnd,WHAT IS HAPPENING 
0:26:33,@appl3s10.5,/???WHAt is haoppening
0:26:33,@SproutTheStrawberry,NAHHHHHHHH
0:26:35,@alynn_silly,WHAT
0:26:35,@grimtidings5451,WHAT
0:26:35,@aym.67,HI
0:26:35,@Idkanymorelol454,WHAT
0:26:36,@dribvox,HUH?????????????
0:26:36,@shrimpkuuu,woah
0:26:36,@Erisrose-moon,What is going on….?????
0:26:36,@ayeshabiscarra,TS FINGERING
0:26:37,@richietrejo-ramos2252,????
0:26:37,@C0SM1C-f3o,OH!
0:26:37,@Beatroot-27,uhm
0:26:37,@tadreamanolan1421,STOP
0:26:37,@blwoomingৎ,stop toicuhugn Astro like that.
0:26:37,@DanqRami,UHHHH
0:26:37,@HMZeroTwo,Still hot tho
0:26:38,@belladora940,NO ..:face-turquoise-covering-eyes:
0:26:38,@patiencemassaquoi9830,HES FINGERING HSI FACE
0:26:38,@miolz-o,OH MY GOD
0:26:39,@JayCray8753,OHHH
0:26:39,@shrimpkuuu,AND HE LIEKED IT
0:26:39,@BaguetteDealer,diabolical
0:26:40,@LizzyTheL1zzard,THAT THE HELL
0:26:40,@aym.67,NAH
0:26:40,@patiencemassaquoi9830,ATT
0:26:40,@tulips_ae199,ummmm
0:26:41,@domakemedoit,BRO EW
0:26:41,@Shivery,twisted
0:26:41,@pinkpupbutt9299,FREAKS!!!!!!!
0:26:41,@KitNoir_,WHAT
0:26:41,@Diablazo97,DANDY WHAT THE
0:26:41,@William_Afton-iq,MY BABY
0:26:42,@superdoopgirl,TAMERS
0:26:42,@SproutTheStrawberry,HELL NAH
0:26:42,@alynn_silly,WHATATWHAT
0:26:42,@NancyOsburn-x9k,ERMMM
0:26:42,@Blehbl,hUH
0:26:43,@vazquezzavaladarielaalejan6147,HE LIKED IT
0:26:43,@Jade_IsNotGoingToBeFamous,WHASTTTTTTTTTTTTTTTTTT
0:26:43,@Eeth_the-lyxn,AYO
0:26:43,@shrimpkuuu,okay.
0:26:43,@Astro_Novalitee3e,OKG
0:26:43,@RandomStuff-o5l,wtf
0:26:43,@patiencemassaquoi9830,WTF
0:26:44,@vanveleca,:face-blue-smiling::face-blue-smiling::face-blue-smiling:
0:26:44,@blotnd,WHAT 
0:26:44,@alcinaisMINE,Ooo they freaky
0:26:45,@connornevitt,:blue_circle::blue_circle::waving_hand:
0:26:45,@pwndzn,WTH
0:26:45,@blwoomingৎ,WHY HE BLUSHING
0:26:45,@Dino_Mitez,hes brain washing him...
0:26:45,@BATSYZUULP,FINGERING
0:26:45,@Eeth_the-lyxn,AYO
0:26:45,@NubMcMoofin,:smiling_face_with_hearts:
0:26:45,@Astro_Novalitee3e,OHMYGOD
0:26:46,@ReiiCamera,OMGGG
0:26:46,@florenceapleni3233,BRO IS GETTING FINGERED
0:26:46,@mtr8832,YOOO HE WAS DOOING IT
0:26:46,@fantafartz,IM CRYJNGG WHAT
0:26:46,@mxchi76,OMG
0:26:47,@r4d10_h34d,WHAT WAS THAT
0:26:47,@pinkpupbutt9299,OMG
0:26:47,@Yungpeezy77,Epi moment
0:26:47,@Astro_Novalitee3e,YES
0:26:47,@shrimpkuuu,i need a moment
0:26:47,@Eeth_the-lyxn,WTF
0:26:48,@CreamSodaT_T,FINGER HOLE FINGER HOLE FINGER HOLD
0:26:50,@Astro_Novalitee3e,OMMGOGMMG
0:26:50,@superdoopgirl,WAHT THE FREAKERDOODLE
0:26:51,@Meowclessokawaii,Omg
0:26:51,@whisp6189,tamers why 
0:26:51,@shrimpkuuu,i needa moment i just
0:26:52,@ReiiCamera,gay se
0:26:52,@donnodgiodsaofuwe09guw0g,thats kinda graphic looking almost
0:26:52,@fenlover666,dang
0:26:52,@mtr8832,:face-purple-crying::face-purple-crying::face-purple-crying::face-purple-crying::face-purple-crying::face-purple-crying:
0:26:52,@Cattle.ink.3,hahahaaaaa
0:26:52,@SupaBuddies480,OJ YEAHJJJJBDHDHDJD
0:26:52,@B00-s2y,WHYyy
0:26:53,@CreamSodaT_T,FINGER HOLE
0:26:53,@pinkpupbutt9299,WOW
0:26:53,@SwordsOfJustice,I DONT KNOW HOW TO FEEL
0:26:53,@the_only_sam,fINGERING HIS EYE IS DIABOLICAL
0:26:54,@vazquezzavaladarielaalejan6147,HE FINGERED HIM
0:26:54,@s4turnssey3s,oh!
0:26:54,@belladora940,NO...:face-turquoise-covering-eyes:
0:26:54,@marinamachadomiscow,:0
0:26:54,@Cosmo_chocolatecake,Gay
0:26:54,@doijodupix,oh my god
0:26:55,@TheMTwinny,DANDY'S AIN'T SO DANDY
0:26:55,@Freaky-bocchi,THE SUMMER HARIKU DIED
0:26:55,@bambu2096,dandy.
0:26:56,@IDOSTUFFWHATABOUTYOU,AYOOO ITS GOING TO ANOTHER PLACE
0:26:56,@thatrandomzombiekid,uuuuuuuhhhhhhhhh what
0:26:56,@Eeth_the-lyxn,MOONFLOWER
0:26:57,@jo3a548,WHAT
0:26:57,@maxbear027,:trophy-yellow-smiling::trophy-yellow-smiling::trophy-yellow-smiling::trophy-yellow-smiling::trophy-yellow-smiling::trophy-yellow-smiling:
0:26:57,@BATSYZUULP,HOLY SHOT
0:26:58,@paycheck_.fan1,WHATTTT EW
0:26:58,@CreamSodaT_T,DIHH
0:26:59,@richietrejo-ramos2252,-_-
0:27:00,@Tamers12345MLP,Dandy is cnaonically like this in the game btw
0:27:00,@appl3s10.5,SONNN
0:27:01,@patiencemassaquoi9830,WHY DID HE FINGER HIM BRO
0:27:01,@Eeth_the-lyxn,THEY ARE GAY
0:27:01,@Astro_Novalitee3e,OHMHGOD
0:27:01,@SupaBuddies480,THATS DIABOLICA
0:27:01,@maxbear027,:trophy-yellow-smiling::trophy-yellow-smiling::trophy-yellow-smiling::trophy-yellow-smiling:
0:27:01,@ForsakeDash,DANG
0:27:02,@Elexir108,Jesus
0:27:02,@alynn_silly,I GENUIENYL SCREAMED
0:27:02,@Beetlesfruitcake,WHY DID THAT GO ON FOR SO LONG
0:27:02,@ayeshabiscarra,im scared
0:27:02,@B00-s2y,Ahhhhhhhhhhhhhhhh
0:27:03,@4EVERLOVER45,67
0:27:03,@jo3a548,AIEEEEEEEEEEEEEEEEEEEEEEE
0:27:03,@Shivery,Mindfuck
0:27:04,@pinkpupbutt9299,AO3 KINDA SHIT ?!?!?
0:27:04,@ruda.y,:face-blue-wide-eyes:
0:27:04,@grimtidings5451,DUDE
0:27:04,@vazquezzavaladarielaalejan6147,YEEEEEES
0:27:04,@shrimpkuuu,i canbt breathe
0:27:05,@whisp6189,the electric scooter
0:27:06,@ShamaunHodges-i4n,what happened
0:27:06,@HMZeroTwo,Who's laughing
0:27:07,@kasugalletas289,I WAS EXPECTING A KISS
0:27:07,@MoonflowerPeak69,TOXIC MOONFLOWER NOOO
0:27:07,@Freaky-bocchi,Omg…
0:27:08,@William_Afton-iq,NAHHH
0:27:08,@NancyOsburn-x9k,YES I DID
0:27:09,@mtr8832,DIDDYS WORLD
0:27:09,@UltimateBlanket,end
0:27:09,@applebloom2307,omg it is the Summer Hikaru died
0:27:09,@C0SM1C-f3o,WAS HE BLUSHING??
0:27:10,@dominicunderwood4911,awesome
0:27:10,@Astro_Novalitee3e,W
0:27:10,@Eeth_the-lyxn,NOOOOOOOOOOOOOO
0:27:10,@aKyaStar,meudeus
0:27:10,@aym.67,AYY
0:27:10,@SupaBuddies480,THATS DIABOLICAL
0:27:11,@Astro_Novalitee3e,W
0:27:11,@Moon_wolfpawz,UH
0:27:11,@Diablazo97,bro.......
0:27:11,@max-xing,THANK YOU TAMERS
0:27:11,@TheTurboHippo1,....
0:27:11,@KitNoir_,DUDE
0:27:11,@Katty13465,what...
0:27:11,@punkypony5165,Cool ending
0:27:12,@miolz-o,WHAT JUST HAPPENED
0:27:12,@Astro_Novalitee3e,W
0:27:12,@BATSYZUULP,inlove with this ep lowk
0:27:12,@Blehbl,I DIDN'T
0:27:13,@jo3a548,The plot thickens
0:27:14,@Eeth_the-lyxn,WE NEED MORE
0:27:14,@Astro_Novalitee3e,w
0:27:14,@bambu2096,:face-purple-crying::face-purple-crying::face-purple-crying::face-purple-crying::face-purple-crying::face-purple-crying::face-purple-crying::face-purple-crying::face-purple-crying:NOOO ASTRO!!!!!!!!!!!
0:27:14,@us1985,wow
0:27:14,@ayeshabiscarra,wtf was that laugh
0:27:15,@MyriadSkyFlaming,what!?
0:27:15,@alynn_silly,HOLLYYY MOONFLOWER.
0:27:15,@Astro_Novalitee3e,w
0:27:15,@SiderulerCEO,no
0:27:15,@paycheck_.fan1,YES
0:27:16,@CHILDE1FAN,LMAO
0:27:16,@Idkanymorelol454,ASTRO
0:27:16,@bacongamer777-h1t,w episodd
0:27:17,@superdoopgirl,TAMERS EXPALIN THIS
0:27:17,@Tamers12345MLP,This is canon compliant Dandy
0:27:17,@Daykiske,W EPISODE
0:27:17,@naruytymangleanimatronica7972,COMO??
0:27:17,@NubMcMoofin,:saluting_face::saluting_face:
0:27:19,@vazquezzavaladarielaalejan6147,I´LL DO IT
0:27:19,@the_only_sam,I'm crying
0:27:19,@bukolaadegbulugbe364,Facts butttttt DandyRUN
0:27:19,@William_Afton-iq,MY BABY
0:27:20,@miolz-o,HE WAS BLUSHNG DID HE LIKE THAT SHIT
0:27:20,@Freaky-bocchi,Oh:grinning_face: 
0:27:20,@bacongamer777-h1t,damn
0:27:20,@HMZeroTwo,Peak ngl
0:27:20,@s4turnssey3s,i’d like to read about this
0:27:20,@ForsakeDash,ASTRO ARE YOU OKAY?
0:27:20,@alynn_silly,IM SHAKING
0:27:21,@ChucuchanXF,THAT...WAS SOMETHING
0:27:21,@aym.67,nastys workd
0:27:21,@Beetlesfruitcake,Punch Astro
0:27:21,@Angela-l2w6s,yaaaayyyyyyyyy
0:27:21,@raymondbottomtextbutidk8140,I WILL NOT 
0:27:22,@pinkpupbutt9299,OMG
0:27:22,@richietrejo-ramos2252,bruhhh
0:27:23,@vazquezzavaladarielaalejan6147,DON´T PUNCH HIM
0:27:23,@BATSYZUULP,MORE ASTRO FINGERING
0:27:23,@jennythebean9117,Dandy why didn’t you put Astro on the scoot?
0:27:23,@DanqRami,WHAT DID I JUST WITNESS
0:27:24,@helpmetsgameistohard,SEND THE PATRON 
0:27:25,@alcinaisMINE,Cute giggle!
0:27:25,@RoBEEFnik,i need a bartleby cameo in one of these videos
0:27:26,@whiteLilly-s3q,.
0:27:26,@tadreamanolan1421,Noooooooooooooooooooooooooooooooooooooo
0:27:26,@DownyDuck,:body-green-covering-eyes:
0:27:26,@zahrathemlgtoad,more looey content next time
0:27:26,@Erisrose-moon,Well.
0:27:27,@pinkpupbutt9299,LMAO
0:27:27,@Dino_Mitez,HES BRAIN WASHING HIM
0:27:27,@Eeth_the-lyxn,NOOOO DONT END
0:27:27,@Astro_Novalitee3e,PEAK VIDEO TAMERS
0:27:27,@helpmetsgameistohard,DONT PUNCH HIM
0:27:29,@cynsosilly,W tamers:mending_heart:
0:27:29,@BATSYZUULP,MORE ASTRO FINGERING
0:27:29,@Meowclessokawaii,Tamers what’s up with gourdy and solvester
0:27:31,@MoonflowerPeak69,ASTRO ISNT OK
0:27:31,@SproutTheStrawberry,GO RODGER
0:27:32,@alynn_silly,THAT WAS SO BITCHIN
0:27:32,@pinkpupbutt9299,THIS IS BASeD
0:27:32,@Ca11me_charl1e,WOW WHAT A TREAT
0:27:33,@Eeth_the-lyxn,DONT END
0:27:33,@William_Afton-iq,DAMN
0:27:33,@mtr8832,RODGERS
0:27:33,@SproutTheStrawberry,I SAW IT
0:27:33,@raymondbottomtextbutidk8140,POUNCH ASTRO
0:27:34,@Food_saysfuck, Why are yall acting so shocked?… :broken_heart::victory_hand::victory_hand:
0:27:34,@TheMTwinny,MORE SONIC UNDERGROUND PLEASE
0:27:34,@vazquezzavaladarielaalejan6147,I LOVE YOU ASTRO
0:27:35,@shrimpo1223,wow
0:27:35,@ShamaunHodges-i4n,i saw finn and shrimp kiss
0:27:35,@blotnd,does dandy canonically finger astros star 
0:27:36,@whisp6189,hii...
0:27:36,@alcinaisMINE,YES Tamers I LOVE IT thanks for feeding us with hauntedpumpkins
0:27:36,@dominicunderwood4911,"DONT CHECM OUT PATREON, ASTRO LIKES BEING HIT!"
0:27:37,@UngulaPropriaRQ,he likes creamed corn
0:27:37,@BATSYZUULP,YEAH
0:27:38,@superdoopgirl,TAMERS WE LOVE U
0:27:39,@Angela-l2w6s,is Astro ok
0:27:39,@Astro_Novalitee3e,LITTLE BRO?
0:27:39,@kevinspencerbassie,So hot 
0:27:39,@skyberry_axx,Hii
0:27:39,@Imsleepdeprived.ৎ,MORE MORE
0:27:39,@the_only_sam,gaystro
0:27:39,@jennythebean9117,:3
0:27:40,@MillerTheDarkTransPrince,yayyy
0:27:40,@Freaky-bocchi,:loudly_crying_face::loudly_crying_face::loudly_crying_face:son im cringe
0:27:40,@whisp6189,creamed corn!
0:27:41,@EricaGibson-jf4mi,:face-purple-crying::face-purple-crying::face-purple-crying::face-purple-crying::face-purple-crying::face-purple-crying::face-purple-crying::face-purple-crying::face-purple-crying::face-purple-crying::face-purple-crying::face-purple-crying::face-purple-crying::face-purple-crying::face-purple-crying::face-purple-crying::face-purple-crying::face-purple-crying::face-purple-crying: astro
0:27:41,@The-Sharks-Hideout,LOL
0:27:41,@Shelly_offical1,SOOOOOOOO GOOD
0:27:42,@goofie791,hes creaming 
0:27:42,@The-Sharks-Hideout,LOL
0:27:42,@C0SM1C-f3o,hi astro
0:27:43,@ForsakeDash,awwww
0:27:43,@Eeth_the-lyxn,DONT END IT
0:27:44,@The-Sharks-Hideout,LOL
0:27:45,@The-Sharks-Hideout,LOL
0:27:45,@aym.67,Tamers are good
0:27:45,@William_Afton-iq,I LOVE THAT TOO BRO
0:27:46,@The-Sharks-Hideout,LOL
0:27:46,@thatcoolgirlacrossthestreet,NOOOOO THEREE A AD HELP
0:27:47,@kevinspencerbassie,RAGEBAIT
0:27:48,@max-xing,i just noticed the bandages help
0:27:48,@The-Sharks-Hideout,LOL
0:27:48,@applebloom2307,Thank you Tamers for his gift. I will live another week or so on this
0:27:49,@ayeshabiscarra,HES FUCKING DYING
0:27:49,@The-Sharks-Hideout,LOL
0:27:51,@C0SM1C-f3o,bye astro!
0:27:51,@The-Sharks-Hideout,LOL
0:27:52,@alcinaisMINE,Love u tamers 
0:27:52,@pinkpupbutt9299,LMAO
0:27:53,@shrimpkuuu,bro oh my god im
0:27:53,@bambu2096,POOR ASTRO:face-purple-crying::face-purple-crying::face-purple-crying::eyes-purple-crying::eyes-purple-crying::eyes-purple-crying::eyes-purple-crying:
0:27:53,@Moon_wolfpawz,UM
0:27:53,@BATSYZUULP,OH HES BRAIN DEAD
0:27:54,@Eeth_the-lyxn,NOOOOOO
0:27:54,@The-Sharks-Hideout,LOL
0:27:54,@appl3s10.5,OH??
0:27:54,@Tamers12345MLP,@Meowclessokawaii Soulvestor is screwed up in the head that's what's up
0:27:55,@vazquezzavaladarielaalejan6147,WHAT
0:27:55,@SproutTheStrawberry,.
0:27:55,@Katty13465,Diddy's world is fire:fire::fire::fire::fire:
0:27:55,@Kraggeraa,THERE I AM GARY
0:27:55,@alynn_silly,he has beain damage
0:27:56,@shrimpkuuu,GOOB
0:27:56,@pwndzn,Lobotomy 
0:27:56,@mxchi76,damn
0:27:56,@pinkpupbutt9299,BYYEEEEE
0:27:56,@starrynightynight,this is interesting ep
0:27:56,@thatcoolgirlacrossthestreet,WGAT THE HELL HAPEPEND TO ATROS HEAD
0:27:56,@Eeth_the-lyxn,WTF
0:27:56,@Astro_Novalitee3e,HE CANT SPOEAK
0:27:57,@shrimpkuuu,GOOB?
0:27:58,@Freaky-bocchi,Uh
0:27:58,@Diablazo97,goob?
0:27:58,@Astro_Novalitee3e,what
0:27:59,@Beetlesfruitcake,Uh oh
0:27:59,@jo3a548,oh fuck
0:27:59,@BATSYZUULP,aGoob bo
0:27:59,@miolz-o,GOOB NOOOO
0:28:00,@SproutTheStrawberry,GOOB NO
0:28:00,@kasugalletas289,ellos son mar y cones:pleading_face::fire:?
0:28:01,@appl3s10.5,GOOB??
0:28:01,@dribvox,NOOOOOOO GOOB
0:28:01,@max-xing,GOOB????
0:28:01,@OrbotFan20,Goob
0:28:01,@pinkpupbutt9299,OMG ????
0:28:01,@Mao_1736,Bye
0:28:01,@HMZeroTwo,NOOO GOOB
0:28:01,@Freaky-bocchi,Byee
0:28:02,@jennythebean9117,Noooooooo
0:28:02,@Meowclessokawaii,GOOB
0:28:02,@CHILDE1FAN,OH??
0:28:02,@Astro_Novalitee3e,goob???
0:28:02,@MadoyTheCatlol,Don’t age restrict this 
0:28:02,@miolz-o,WHAT
0:28:02,@Idkanymorelol454,NO
0:28:02,@whisp6189,goop!
0:28:02,@SproutTheStrawberry,GOOB??
0:28:02,@BATSYZUULP,GOOB NO
0:28:03,@pinkpupbutt9299,NOOOOO
0:28:03,@thatcoolgirlacrossthestreet,GOOOB WHAT HAOEOEND
0:28:03,@aKyaStar,GOOB
0:28:03,@NancyOsburn-x9k,GOOB!?
0:28:03,@shrimpkuuu,NO HES TURNING TWISTED
0:28:03,@Eeth_the-lyxn,\UHHH
0:28:04,@Blehbl,GOOB NOOO9
0:28:04,@goodnightloverz1972,OHMUGOD
0:28:04,@ayeshabiscarra,OH?
0:28:04,@falnazor0001,"Another masterpiece, Tamers!"
0:28:04,@alcinaisMINE,Freaky Soulvester real
0:28:04,@ForsakeDash,ASTRO NOOOOOO
0:28:05,@William_Afton-iq,NOOOOOOO
0:28:05,@pinkpupbutt9299,GOOBBBB
0:28:05,@Elexir108,Oh my god
0:28:06,@dribvox,LET GOOB LIVE
0:28:07,@connornevitt,lol
0:28:07,@bambu2096,NOO GOOB:eyes-purple-crying:
0:28:07,@Mao_1736,GOOB
0:28:07,@FennekoTheOtaku,GOOB NOO
0:28:07,@ayeshabiscarra,GOOB
0:28:07,@Eeth_the-lyxn,NOOOOOOOOOOOOOOO
0:28:08,@BaguetteDealer,GOOB NOOOO
0:28:08,@the_only_sam,goob
0:28:08,@jo3a548,PLOT THICKENING
0:28:08,@miolz-o,NOOOOOOOOOOOOOOOOOOOO
0:28:08,@vazquezzavaladarielaalejan6147,GOOB
0:28:09,@helpmetsgameistohard,whoa
0:28:09,@grimtidings5451,GOOB IS CORRUPTED
0:28:09,@aym.67,Twisted
0:28:09,@TheTurboHippo1,GOOBBBB
0:28:09,@Choco_pufz,GOOB
0:28:09,@kasugalletas289,NOO GOOBBY
0:28:09,@Moon_wolfpawz,GOOB
0:28:09,@pinkpupbutt9299,NOT MY BABY
0:28:09,@ayeshabiscarra,GOOB NOOO
0:28:09,@whisp6189,sus
0:28:09,@убеота,я РДУУ что это
0:28:10,@vazquezzavaladarielaalejan6147,NOOO
0:28:10,@mxchi76,WGAT
0:28:10,@Jade_IsNotGoingToBeFamous,NOOOOO
0:28:11,@DanqRami,NOOO
0:28:11,@Idkanymorelol454,GOOB NOOOOO
0:28:11,@whisp6189,sus
0:28:12,@NancyOsburn-x9k,GOOB NOOO
0:28:13,@C0SM1C-f3o,bye dandy and astro
0:28:13,@SproutTheStrawberry,GOOOOBBBB NOOOOOOOOOOOOOOO
0:28:13,@MoneyForFriends,lol gay
0:28:13,@TheMTwinny,PUNISHED GOOB
0:28:13,@bambu2096,:face-purple-crying::face-purple-crying::face-purple-crying::face-purple-crying::face-purple-crying::face-purple-crying::face-purple-crying::face-purple-crying:
0:28:13,@Mao_1736,OMGGGGG
0:28:13,@doijodupix,ohhh
0:28:13,@Blehbl,THEY'RE COMING TO GET HOM
0:28:13,@aym.67,GOOB
0:28:13,@Astro_Novalitee3e,HE:LP
0:28:15,@BloxyCirkit,NOO GOB
0:28:15,@HMZeroTwo,Goob hang in there scraps is here for you
0:28:15,@MoonflowerPeak69,HELP
0:28:16,@appl3s10.5,GOOB LORE????
0:28:16,@naruytymangleanimatronica7972,GOOOB
0:28:17,@bacongamer777-h1t,gay
0:28:17,@asstro_linnk,I have to watch ts before it gets age restricted
0:28:17,@jennythebean9117,Goob villain arc?
0:28:17,@paycheck_.fan1,GOOOB
0:28:17,@Angela-l2w6s,:loudly_crying_face::loudly_crying_face::loudly_crying_face::loudly_crying_face::loudly_crying_face:
0:28:17,@alcohollibee8645,NO NOT GOOB
0:28:17,@uncle_logan14,YRS WATCH GOOB SUFFER
0:28:17,@realblixels,:frowning_face::frowning_face::frowning_face::frowning_face::frowning_face::frowning_face::frowning_face::frowning_face::frowning_face::frowning_face::frowning_face::frowning_face:
0:28:18,@BATSYZUULP,GOOB
0:28:18,@pinkpupbutt9299,NNNOOOOOOOOOOOOOOOOO
0:28:18,@superdoopgirl,JUSTICE FOR GOOB
0:28:18,@Beetlesfruitcake,Wow I am motivated
0:28:18,@mtr8832,gooby my boy noo
0:28:19,@Fourthealgebralien4444,This episode made me feel sad now im crying every day
0:28:19,@2faced_,NO GOOOOB 
0:28:19,@helpmetsgameistohard,goob dont get depressed we love you
0:28:20,@raymondbottomtextbutidk8140,this was peak
0:28:20,@Solums,Goob lore
0:28:20,@NancyOsburn-x9k,LET HIM LIVE TAMERS
0:28:21,@kasugalletas289,MY BBYYYY
0:28:21,@Hyloaf,sus
0:28:21,@whisp6189,sus
0:28:21,@vazquezzavaladarielaalejan6147,BABYY
0:28:21,@MoonflowerPeak69,MY MOONFLOWER :broken_heart::broken_heart:
0:28:21,@alcinaisMINE,SCRAPS DO SOMETHING
0:28:22,@Beetlesfruitcake,Thanks gamers
0:28:22,@Mao_1736,POOR GOOB NOOOOO
0:28:22,@aranatoutsaint1824,NOO
0:28:22,@pandemorido4785,WHAT THE HELL JUST HAPPENED
0:28:22,@Freaky-bocchi,LMAOO
0:28:22,@veekisser4ever,goob needs a phase where he uses his powers for bad
0:28:22,@miolz-o,THEY GOT GOOB
0:28:22,@TheTurboHippo1,GOOOB NOOOOOO
0:28:23,@blotnd,PLEASE TELL ME THIS IS A SAD BART REFERENCE 
0:28:23,@scall0p639,Nooooo poor goob 
0:28:23,@blwoomingৎ,Take all my money
0:28:23,@C0SM1C-f3o,GACHA LIFE AHH ENDING
0:28:23,@shrimpkuuu,dude is goob actually gonna turn twisted im so scared
0:28:24,@Tom-gr8bx,bro got a house at least
0:28:24,@Cattle.ink.3,noooo ma boi goobbbbbbbb
0:28:24,@The-Sharks-Hideout,;)
0:28:24,@maxbear027,I'm in my goob era
0:28:24,@YouFool_official,Is goob gonna die or no
0:28:24,@pinkpupbutt9299,MY POOR BOY
0:28:24,@alynn_silly,GOOB NAW
0:28:25,@Jade_IsNotGoingToBeFamous,so depresssing
0:28:25,@Agent_Mothman_SE,Anti bullying psas in 2012
0:28:27,@alcinaisMINE,GOOB NOOOO
0:28:27,@skyberry_axx,ABSOLUTE CINEMA
0:28:27,@MyriadSkyFlaming,no goob!
0:28:28,@Shivery,Goob :broken_heart:
0:28:28,@pandemorido4785,??????
0:28:28,@aym.67,GOOD 
0:28:28,@asstro_linnk,ALSO PLEASE DONT AGE RESTRI T
0:28:28,@Idkanymorelol454,NOOOOOOOOOO
0:28:28,@pwndzn,W episode 
0:28:28,@Shelly_offical1,I LOOOOVE ASTROKE
0:28:28,@Starfire_777,Emo Goob
0:28:29,@whiteLilly-s3q, Emo
0:28:30,@applebloom2307,Goob so relatable
0:28:30,@bambu2096,poor GOOB........:eyes-purple-crying::face-purple-crying:
0:28:31,@aranatoutsaint1824,my little baby
0:28:31,@MegaKeonMusic,GOOB NOOOO ;W;
0:28:31,@Astro_Novalitee3e,rip
0:28:32,@2faced_,NO MORE DOOMED ANYRYHUGS JEISKEKSOSOEOD
0:28:33,@miolz-o,NOOO
0:28:33,@Eeth_the-lyxn,I WANTED TO KEEP WATCHING
0:28:33,@Freaky-bocchi,HELP
0:28:34,@alcinaisMINE,goob ur too good for this world
0:28:35,@miolz-o,NOOOOOOOOOOOOOOOOOO
0:28:35,@appl3s10.5,so like.that was AMAZING.
0:28:35,@C0SM1C-f3o,gacha life ending
0:28:36,@dribvox,GOOB LIVEEEEEEEEEE
0:28:37,@naruytymangleanimatronica7972,GOOOB TT
0:28:37,@Astro_Novalitee3e,LOL
0:28:38,@zahrathemlgtoad,poor goob man... he had the purest soul
0:28:38,@richietrejo-ramos2252,:loudly_crying_face::loudly_crying_face::loudly_crying_face:
0:28:38,@mtr8832,PLEASE MAKE EMO GOOB
0:28:39,@Mao_1736,no
0:28:39,@alynn_silly,DOOMED YAOI
0:28:40,@YouFool_official,I can’t wait for the next vid Tamer!!
0:28:40,@vazquezzavaladarielaalejan6147,WE LOVE YOU GOOOD :loudly_crying_face:
0:28:41,@aym.67,EMO GOOB
0:28:42,@DUDEDREAM3332,GOOB
0:28:42,@HMZeroTwo,Goob will be fine chat
0:28:42,@NubMcMoofin,:racehorse::racehorse::racehorse::racehorse::horse::horse::racehorse::racehorse:
0:28:42,@MegaKeonMusic,:broken_heart:
0:28:43,@Eeth_the-lyxn,DONT END IT
0:28:43,@MillerTheDarkTransPrince,emp goob
0:28:43,@Katty13465,we're going to get a feature-length film
0:28:44,@kasugalletas289,MY LITTLE BBY GOOBY QUE TE PASOO
0:28:44,@mxchi76,sus
0:28:44,@cespinozaa85,keep your hands off my goob!!!!
0:28:44,@BaguetteDealer,what a vibe B )
0:28:45,@Moon_wolfpawz,Emo goob
0:28:45,@Mao_1736,BOXTEN X ASTRO
0:28:46,@Eeth_the-lyxn,DX
0:28:46,@paycheck_.fan1,NOOOOOOOO POOOOR GOOOOOOOB
0:28:47,@max-xing,thank you tamers for another amazing episode
0:28:47,@ShamaunHodges-i4n,WTOOOOPPP:loudly_crying_face::loudly_crying_face::loudly_crying_face:
0:28:47,@Dino_Mitez,why is this so on point with real stuff dude? genuine talent
0:28:47,@SproutTheStrawberry,Man
0:28:48,@Idkanymorelol454,GOOOBBBBBB
0:28:48,@MegaKeonMusic,I LOVE YOU GOOB NEVER GIVE UP
0:28:49,@patiencemassaquoi9830,Depressed Goob arc
0:28:49,@alcohollibee8645,Tamers always has good songs 
0:28:51,@applebloom2307,The story is deepening ( ͡° ͜ʖ ͡°)
0:28:52,@superdoopgirl,TAMER SAVE GOOB
0:28:52,@Idkanymorelol454,NOOOOO
0:28:54,@dominicunderwood4911,goob...
0:28:54,@naruytymangleanimatronica7972,GOOOB NOO MI BEBÉ
0:28:54,@Eeth_the-lyxn,NOOOOOOOOOOOOOOOOOOOOOOOOOOOOOOO
0:28:55,@ReiiCamera,no goob dont be emo....
0:28:55,@punkypony5165,Thanks Tamers
0:28:55,@alcinaisMINE,I’m genuinely tearing up at the moment
0:28:55,@duffel_brr,yaoi triangle
0:28:56,@GamerCREATORdandysworld,we need you Autistic Bear
0:28:57,@C0SM1C-f3o,gacha life.
0:28:58,@ShamaunHodges-i4n,:face-red-heart-shape:goob
0:28:58,@shrimpkuuu,@Tamers12345MLP are the 4 that died forever canonically dead to the series or will they come back
0:28:59,@kevinspencerbassie,Goob is so dead
0:28:59,@bambu2096,I NEED THE HUG:face-purple-crying::face-purple-crying::face-purple-crying::face-purple-crying::face-purple-crying::face-purple-crying:
0:29:00,@B00-s2y,Poor goob 
0:29:00,@pinkpupbutt9299,BYYYEEEE YOUTUBE
0:29:00,@miolz-o,this was so good tho
0:29:01,@Idkanymorelol454,SAVE GOOB
0:29:01,@Binary_Forever,gay
0:29:01,@MillerTheDarkTransPrince,I love goob
0:29:02,@osp4277,so tuff
0:29:02,@C0SM1C-f3o,ending.
0:29:03,@whisp6189,why is there one diddy thing that happens in every episode
0:29:04,@miolz-o,loved this
0:29:05,@Eeth_the-lyxn,IS IT DONE?
0:29:05,@LolaJohnson-b9i,I am watching this ep in a bathroom 
0:29:06,@Diablazo97,shrimpo it's going to be cooked
0:29:07,@William_Afton-iq,crine rn
0:29:07,@mxchi76,GOOB PLS DONT DIE
0:29:07,@jennythebean9117,Goob gain powers!
0:29:08,@shrimpkuuu,good episode i fcking loved it
0:29:08,@appl3s10.5,yea... im definetly rewatching this...
0:29:08,@symphonydawn317,Should Jackpot return for a villain arc @Tamers12345MLP?
0:29:09,@naruytymangleanimatronica7972,GOOOB NOOO
0:29:10,@YouFool_official,Tamer is so tuff broo
0:29:10,@B00-s2y,Rumors tickets cu
0:29:11,@Shivery,sus
0:29:11,@Cosmo_chocolatecake,No
0:29:11,@aym.67,ayyyy
0:29:12,@BloxyCirkit,Netflix could never do this
0:29:12,@bambu2096,:face-purple-crying::face-purple-crying::face-purple-crying::face-purple-crying::face-purple-crying::face-purple-crying::face-purple-crying:
0:29:13,@vanveleca,gruity
0:29:13,@JohnnaMargauxDonasco,Cosmo looks crakleble
0:29:13,@AbigailPack,Omg
0:29:15,@Missmab123456,"Thanks, Tamers!"
0:29:16,@mtr8832,I GENUINELY LOVW THIS EPISOSE
0:29:16,@alcinaisMINE,Best episode yet 
0:29:17,@vazquezzavaladarielaalejan6147,TAMERS GIVE US MORE DANDY´S WORLD PLEASE
0:29:17,@Eeth_the-lyxn,NO DONT END IT TAMMER
0:29:17,@superdoopgirl,goob my autistic goat dont die
0:29:18,@aym.67,Good stuff
0:29:18,@whosthatfakie,guys the worst part is that lowk dyle was right i'm dyinggg
0:29:18,@aranatoutsaint1824,LOVE YOU
0:29:20,@applebloom2307,Life isn't so bad I suppose
0:29:20,@NÄHT3-p1x,Gooby 
0:29:21,@mrcreemsupreme,ive been holding in a fat one
0:29:22,@Eeth_the-lyxn,FEED US MORE
0:29:23,@tulips_ae199,PEAK!!!
0:29:23,@connornevitt,its okay he had a bulletproof vest
0:29:24,@Hmon160,goobert
0:29:25,@UngulaPropriaRQ,that was amazing t man
0:29:25,@zahrathemlgtoad,like if you cried
0:29:25,@TheJackManArt,why looey come back after get killed by dandy the last episode?
0:29:26,@cespinozaa85,not the goob!!!!
0:29:26,@OrbotFan20,The end now go home
0:29:26,@NubMcMoofin,:saluting_face::saluting_face::saluting_face:
0:29:26,@whiteLilly-s3q,On my bathroom floor rn
0:29:27,@miolz-o,loved this
0:29:27,@Cosmo_chocolatecake,˶ˊᜊˋ˶˶ˊᜊˋ˶˶ˊᜊˋ˶˶ˊᜊˋ˶˶ˊᜊˋ˶˶ˊᜊˋ˶˶ˊᜊˋ˶˶ˊᜊˋ˶˶ˊᜊˋ˶
0:29:27,@MillerTheDarkTransPrince,10/10
0:29:27,@SproutTheStrawberry,MAN
0:29:28,@Shelly_vbo,YO HOST THIS IS SKICK HERE / DANDY IS A GOOD ONE SPROUT IS GAY HALLOWEEN IS FUCKING DUMBBBBBBBB-
0:29:28,@HopeIsEpic.,release the soulvester files
0:29:29,@naruytymangleanimatronica7972,GOOOOOB
0:29:30,@nonten4,isnt he 5? wont he like forget this in 10 minutes?
0:29:30,@jennythebean9117,Zamn tamers I’m crying
0:29:30,@Eeth_the-lyxn,NOOOOOOOOOOOOOOOOOOOOOOOOOOO
0:29:30,@C0SM1C-f3o,woah
0:29:31,@BlossomXliv,MORE
0:29:31,@aym.67,who joined early
0:29:32,@BaguetteDealer,"Top notch shit as always Tamers , thank you."
0:29:32,@Daykiske,PEAK 
0:29:32,@zahrathemlgtoad,:face-purple-crying::face-purple-crying::face-purple-crying::face-purple-crying:
0:29:33,@Cosmo_chocolatecake,つ﹏ɵ̷̥̥᷅つ﹏ɵ̷̥̥᷅つ﹏ɵ̷̥̥᷅つ﹏ɵ̷̥̥᷅
0:29:33,@bambu2096,:face-purple-crying::face-purple-crying::face-purple-crying:
0:29:34,@SproutTheStrawberry,POOR GOOB
0:29:35,@appl3s10.5,that was... something!....
0:29:36,@Eeth_the-lyxn,IM CHARLIE KIKR
0:29:36,@fantafartz,this lowkey me
0:29:38,@Idkanymorelol454,Rip goob 
0:29:38,@UngulaPropriaRQ,peak
0:29:39,@grimtidings5451,Goob arc incoming???
0:29:39,@Mao_1736,BYEEEEEEEEEE
0:29:40,@superdoopgirl,bunni bunni bunni
0:29:40,@UngulaPropriaRQ,so peak
0:29:41,@3-ST4R-3,PEAK EPISODE 
0:29:42,@mxchi76,ABSOLUTE CINEMA
0:29:42,@Cattle.ink.3,byeee guys
0:29:42,@miolz-o,SO GODO
0:29:43,@Salmaalalba,oh
0:29:43,@vazquezzavaladarielaalejan6147,NOOOOOOO
0:29:43,@AnimeGames16,o7
0:29:43,@Eeth_the-lyxn,IM CHARLIE KIRK
0:29:43,@Hmon160,matcha
0:29:44,@AbigailPack,Slay
0:29:44,@appl3s10.5,but peak as always lowkey
0:29:44,@NubMcMoofin,:saluting_face::saluting_face:
0:29:45,@jennythebean9117,That’s some exquisite yaoi
0:29:45,@shrimpkuuu,DONT CALL IT THE SOULVESTER FILES????
0:29:47,@vazquezzavaladarielaalejan6147,PLEASE MOREE
0:29:47,@Shelly_vbo,NOO ITS OVER
0:29:47,@miolz-o,THAT WAS PEAKKKKKK
0:29:48,@alcinaisMINE,We are hauntedpumpkinssss
0:29:48,@Eeth_the-lyxn,GAY
0:29:48,@C0SM1C-f3o,woah
0:29:49,@connornevitt,bye fam
