timestamp,author,message
0:00:00,@CheezenCrackerzz,MY BROHTHA HURRY UP :tired_face::tired_face::tired_face:
0:00:00,@TheMTwinny,WHO GONNA FART FIRST
0:00:00,@Potatogalsunite,cough
0:00:00,@jo3a548,YAY
0:00:00,@Flowers-FIGURE123,1
0:00:01,@ximy3160,WAITTTTTT
0:00:02,@Laceshelf,YO
0:00:02,@OverDuskVZ,7
0:00:03,@TheIrisIsAlive,YESSSS
0:00:03,@Flowers-FIGURE123,YEAS
0:00:03,@W4FF13_offcial,YO
0:00:04,@kittycoinoutofdate,OMGGGG
0:00:04,@The_Moon_Nighty,AAAAAA
0:00:04,@leighmhgiel,Lets-a GOOOOOOOOOOOOOO...
0:00:04,@OverDuskVZ,5
0:00:04,@K1tkat_XD_offical,oh-
0:00:04,@tawianna07,:0
0:00:05,@theaombo,PLAY
0:00:05,@Anajuliagomesdemorais,yes yes yes yes yes
0:00:05,@Peejaylew,EWW
0:00:05,@OverDuskVZ,4
0:00:06,@MinioMicha09,Toodles is my child
0:00:07,@applebloom2307,ITS COMING AAAAA IM COMINGG AAA
0:00:07,@WeLOVEMomonga,DIIIHHHH DIIHHHHHH
0:00:07,@AlphaSleeper_89,Dandy and Dyle can never be together because of Dandy’s internalized homophobia 
0:00:07,@bulskoo5441,Is this a Megan stream
0:00:07,@Kakaokomanden,67
0:00:07,@Thedrpepperfan08,10
0:00:07,@Kevinmomiaoficial,wooooow
0:00:07,@Muffim123,HOW IS THIS FAMILY FRENDLY
0:00:08,@ajxbluefr,IM IN LOVE WITH COSMO
0:00:08,@SofieSoftie239w9w,umm
0:00:08,@TheMTwinny,HAHAHAHAHA
0:00:09,@Laceshelf,SPROUT STOP FARTING OMG
0:00:09,@OverDuskVZ,1
0:00:09,@EzlanaSeay,HELL YES
0:00:09,@foooooodood,WWWW
0:00:09,@newt4321,damn
0:00:09,@Ra.-0Hworm,what a start
0:00:09,@NubMcMoofin,:horse::racehorse::racehorse::horse::racehorse::horse::horse::racehorse::racehorse::horse:
0:00:10,@seaweed52,made it!
0:00:10,@jo3a548,6 7
0:00:11,@Shivery,67 Hours
0:00:12,@Engel-n2d,1
0:00:12,@GoofyGuyReal2763,we just started 
0:00:12,@Muffim123,AHHHH
0:00:12,@Fortnitebros677,Bro I’m so mad I just got a ad of some ai alpha furry asking to rizz me up:pouting_face::pouting_face::tongue:
0:00:13,@Peejaylew,67
0:00:13,@Billy-h1i,waos
0:00:13,@joycadet7064,67
0:00:14,@NicolAldea,ahhhh
0:00:14,@S0L4R_sol,AHHHHHHHH
0:00:14,@EludiesaAlberto,im watching freaking ads
0:00:15,@OverDuskVZ,YEEEEEEEEEEEESS
0:00:15,@CheezenCrackerzz,AHHHH
0:00:15,@UngulaPropriaRQ,67
0:00:15,@brody2662,67
0:00:18,@S0L4R_sol,AHHHHHHHHHHH
0:00:18,@Pachuco_puppycorn,67 !!!!!
0:00:18,@CheezenCrackerzz,1
0:00:19,@richietrejo-ramos2252,67!!
0:00:19,@jennythebean9117,67
0:00:20,@jaquitamcdaniel7021,67
0:00:20,@DahliaDrawsDesign,Holy carp nooo I can’t have audio my dads hereeee
0:00:21,@Kevinmomiaoficial,omg
0:00:21,@jazzy_jays1,SHUT UP NO 67
0:00:22,@S0L4R_sol,AAAAAHHHHHHH
0:00:22,@leighmhgiel,Toxic Yaoi as usual lol
0:00:23,@CherryStar-q8q,COSMO COSMO COSMO MY LOVEEE
0:00:24,@moriorinvictus69,I WAS HERE
0:00:25,@Kevinmomiaoficial,:0
0:00:26,@S0L4R_sol,AHHHHHHHHHH
0:00:26,@alcinaisMINE,"He said this episode will be sussy, that either means another fruitcake cracking scene or a bunch of gourdvester"
0:00:27,@OverDuskVZ,67
0:00:28,@Tamers12345MLP,"Sprout wasn't farting out of his ass, that was the pipe bag, it's all good"
0:00:28,@Kevinmomiaoficial,woww
0:00:28,@SofieSoftie239w9w,what!
0:00:29,@I_lovee_muffins,swaggg
0:00:30,@supaires,67 isn't funny anymore
0:00:30,@PIX13_ANG3L,YAY
0:00:31,@Kevinmomiaoficial,cool
0:00:31,@S0L4R_sol,AHHHHHHHH
0:00:31,@Kakaokomanden,MANA TATTA
0:00:32,@DeltaAviation_717,DANDY YOU GAY FLOWER
0:00:33,@HATKID4LIFEE,CHAT SHUSH WATCH
0:00:33,@WeLOVEMomonga,CAN YALL STFU ABT 67 OUUU
0:00:35,@jennythebean9117,I am pooping 
0:00:36,@Pachuco_puppycorn,Cosmo is SO KAWAII !!!~ :unicorn::cupcake:
0:00:37,@S0L4R_sol,BAHAHHAHAHHAHA
0:00:37,@moriorinvictus69,HELLO VOD WATCHERS
0:00:38,@brody2662,Ouu shi
0:00:38,@MinioMicha09,I’m scared
0:00:38,@Cutegirlypoplana,OMG 
0:00:39,@WeLOVEMomonga,OMG OMG
0:00:39,@newt4321,lol
0:00:39,@S0L4R_sol,LMAO
0:00:40,@WeLOVEMomonga,OMG
0:00:40,@CheezenCrackerzz,lmaooo
0:00:40,@applebloom2307,LOL
0:00:40,@cosmothecake3,COSMOOOOOO
0:00:40,@WeLOVEMomonga,HUSH
0:00:42,@HATKID4LIFEE,:cat-orange-whistling:
0:00:43,@Kevinmomiaoficial,omggggg
0:00:44,@afghanitus,YAATTTT AAAAA MY GOAT
0:00:44,@Billy-h1i,XD
0:00:44,@supaires,tamers when does goob appear YOU FRAUD
0:00:45,@leighmhgiel,Of course it was Yatta lol
0:00:45,@jo3a548,6 7
0:00:46,@WeLOVEMomonga,GGNG SHUT UP I NEEDA WATCH TA
0:00:46,@WeLOVEMomonga,OMG
0:00:47,@WeLOVEMomonga,OMG
0:00:47,@alcinaisMINE,Omg
0:00:47,@Finnthebow,yatta
0:00:48,@Thedrpepperfan08,Omg omg I love this
0:00:48,@UngulaPropriaRQ,67
0:00:48,@TheMTwinny,67
0:00:48,@richietrejo-ramos2252,HI YATTA!
0:00:49,@Kakaokomanden,67
0:00:49,@Kevinmomiaoficial,what-
0:00:50,@WeLOVEMomonga,OK
0:00:50,@jazzy_jays1,LOL YATTA
0:00:52,@jaquitamcdaniel7021,67
0:00:52,@theaombo,i am happy
0:00:53,@S0L4R_sol,I LOVE YOU TAMERS LMAO
0:00:54,@alcinaisMINE,omg yatta omg.. omg.. gyah
0:00:54,@jennythebean9117,67 dollars 
0:00:54,@Tamers12345MLP,"@supaires Who says? You, bitch?"
0:00:55,@WeLOVEMomonga,SPEOUTTT
0:00:56,@Kevinmomiaoficial,is yatta-
0:00:56,@WeLOVEMomonga,SPROUTTT
0:00:57,@SofieSoftie239w9w,OOP
0:00:57,@zen.ornamentbasket,why are they woke tamers san?
0:01:00,@CheezenCrackerzz,the gay colored cakeee :face_holding_back_tears::face_holding_back_tears:
0:01:00,@fireejr15.5,67676
0:01:01,@jo3a548,LOL
0:01:01,@THE_OR30_C4T,IM GOONING GUYS STOP
0:01:05,@IC4R34B0UTY0U,OMG
0:01:06,@IC4R34B0UTY0U,0MGMM
0:01:07,@UngulaPropriaRQ,676767
0:01:07,@IC4R34B0UTY0U,GOMOGMOGOMG
0:01:08,@IC4R34B0UTY0U,OMGOMOGMOG
0:01:09,@IC4R34B0UTY0U,OMG
0:01:10,@IC4R34B0UTY0U,OMG
0:01:10,@OverDuskVZ,HELP
0:01:10,@jennythebean9117,True
0:01:11,@IC4R34B0UTY0U,OMG
0:01:11,@gummy8440,supaires sleep with one eye open
0:01:11,@krystalhargett1239,nahh
0:01:11,@Randomangeluser,HUH
0:01:11,@IC4R34B0UTY0U,OMG
0:01:12,@jo3a548,cute
0:01:12,@Laceshelf,What yu said dandy:red_heart:
0:01:13,@IC4R34B0UTY0U,HII
0:01:14,@ajxbluefr,IM IN LOVE WITH COSMO
0:01:14,@SofieSoftie239w9w,CLOCK HIM DANDY
0:01:14,@WeLOVEMomonga,AWWHHH DANDYYYYYYY
0:01:14,@IC4R34B0UTY0U,OMH
0:01:14,@OverDuskVZ,OMGG
0:01:15,@foooooodood,lol
0:01:18,@jo3a548,LASFOSAFLASFO
0:01:18,@Tamers12345MLP,She's a pinatta so the explosive diarrhea was just chocoalte maybe 
0:01:18,@WeLOVEMomonga,DANDY
0:01:18,@IC4R34B0UTY0U,hell yeahhh
0:01:20,@WeLOVEMomonga,DANDY
0:01:20,@Kakaokomanden,cute
0:01:20,@CheezenCrackerzz,LOLLL
0:01:20,@IC4R34B0UTY0U,HII
0:01:21,@IC4R34B0UTY0U,HII
0:01:21,@Shivery,BLOT
0:01:21,@K1tkat_XD_offical,damn-
0:01:22,@shadowmilkswifee,why is the cake gay
0:01:23,@Kevinmomiaoficial,tas bien sprout?
0:01:24,@SofieSoftie239w9w,BLOT NO
0:01:25,@TheMTwinny,LMAO
0:01:25,@S0L4R_sol,TAMERS KISS ME
0:01:26,@Kakaokomanden,RIP Blot
0:01:26,@NicolAldea,o shit
0:01:27,@jennythebean9117,He can drive?
0:01:29,@Billy-h1i,XD se murio blot
0:01:29,@richietrejo-ramos2252,WHAT BLOT?!!
0:01:31,@leighmhgiel,"Oh god, that's fatigue showing Sprout"
0:01:31,@IC4R34B0UTY0U,OH
0:01:31,@rIGHVOLTAGE-37,The Gay
0:01:32,@K1tkat_XD_offical,FRUITCAKEE
0:01:32,@DahliaDrawsDesign,BLOT NOOOO
0:01:33,@jo3a548,YAAAAAAAAY
0:01:34,@THE_OR30_C4T,NO TAMERS HE JUST SHAT AGGRESSIVELY
0:01:34,@WeLOVEMomonga,DANDY KISS ME AAWWWWW
0:01:34,@Ice.Cream-P34Rls,OMGGG
0:01:34,@AlphaSleeper_89,A
0:01:34,@K1tkat_XD_offical,OOOOO
0:01:35,@OverDuskVZ,OMG
0:01:35,@Kevinmomiaoficial,"he is no okay,por sprout-"
0:01:37,@K1tkat_XD_offical,YESSS
0:01:37,@SofieSoftie239w9w,Cosmo run!
0:01:38,@OverDuskVZ,YES
0:01:38,@W4FF13_offcial,YO
0:01:39,@Kevinmomiaoficial,omgggg
0:01:40,@SigmaRizz-du1cc,Awww happy boxten!!!
0:01:40,@OverDuskVZ,YEEEEEEES
0:01:41,@alcinaisMINE,His birthdays in march thats rough
0:01:42,@IC4R34B0UTY0U,omg
0:01:43,@WeLOVEMomonga,DAMN
0:01:43,@DeltaAviation_717,GAY
0:01:43,@K1tkat_XD_offical,XD
0:01:43,@tawianna07,Awww
0:01:44,@SigmaRizz-du1cc,HES SK CUTE
0:01:44,@Kevinmomiaoficial,a party
0:01:44,@MinioMicha09,You good 
0:01:45,@IC4R34B0UTY0U,FRUITCAKE
0:01:45,@HATKID4LIFEE,ABSOLUTE CINEMA 
0:01:45,@Tamers12345MLP,@Kakaokomanden Blot was the one standing in the road so it's not Sprout's fault
0:01:46,@SigmaRizz-du1cc,MY BABY
0:01:46,@applebloom2307,yooo
0:01:46,@Billy-h1i,waos
0:01:46,@richietrejo-ramos2252,OMG
0:01:47,@S0L4R_sol,TAMERS KISS ME
0:01:47,@W4FF13_offcial,Happy birthday Speer.
0:01:47,@Laceshelf,Awee
0:01:47,@K1tkat_XD_offical,YAYYYY
0:01:48,@IC4R34B0UTY0U,FRUITCAKEKAEKDSKA
0:01:48,@jennythebean9117,:o
0:01:49,@SigmaRizz-du1cc,KISSES BOXTEN
0:01:50,@UngulaPropriaRQ,awwww
0:01:50,@WeLOVEMomonga,A BDAY IS EVERDAU!
0:01:50,@OverDuskVZ,WHAT
0:01:50,@jo3a548,hell yeah
0:01:51,@AlphaSleeper_89,Dawwww so awesome
0:01:52,@THE_OR30_C4T,GO MAKE OUT
0:01:52,@tawianna07,I feel like sprout is gonna fall asleep
0:01:52,@I-am-cosmo22,Hi
0:01:52,@leighmhgiel,Oh my.
0:01:52,@bulskoo5441,aw
0:01:53,@Laceshelf,Awee:face_holding_back_tears::face_holding_back_tears::face_holding_back_tears:
0:01:53,@CheezenCrackerzz,when my eyes turn run.. RED :cat_with_wry_smile::cat_with_wry_smile::cat_with_wry_smile:
0:01:57,@I_lovee_muffins,swaaaaag
0:01:57,@alcinaisMINE,Soulvester: hi
0:01:58,@S0L4R_sol,TAMERS KISS ME 
0:01:58,@MinioMicha09,Huh
0:01:59,@Kevinmomiaoficial,:hand-purple-blue-peace::hand-purple-blue-peace::hand-purple-blue-peace::hand-purple-blue-peace::hand-purple-blue-peace::hand-purple-blue-peace::hand-purple-blue-peace::hand-purple-blue-peace::hand-purple-blue-peace:
0:01:59,@theaombo,GUYS IM DRIVING US ALL
0:02:00,@SofieSoftie239w9w,NAHHH BOXTEN
0:02:00,@Pachuco_puppycorn,WHAT
0:02:00,@fireejr15.5,I want Cosmos femboy voice back
0:02:01,@okuriinu8489,get it boxten
0:02:01,@JorgeM-e7q,Hi
0:02:02,@Kevinmomiaoficial,wooooow
0:02:03,@S0L4R_sol,TAMERS KISS ME
0:02:03,@jennythebean9117,Samies
0:02:04,@applebloom2307,whats gonna go wrong damn
0:02:05,@shadowmilkswifee,happy birthday sprout :face_holding_back_tears:
0:02:05,@SigmaRizz-du1cc,HE FOR LE MOVES
0:02:05,@WeLOVEMomonga,AWHHH THE AFNART KEYCHAINS!
0:02:06,@Patopatio,ouu shii
0:02:06,@TheIrisIsAlive,goonten
0:02:08,@SuperCaptainFail,EMOTIONAL SUPPORT TWINK
0:02:08,@theaombo,WHERE WE GONNA GO
0:02:10,@leighmhgiel,Boxton is shaking it.
0:02:10,@IC4R34B0UTY0U,AWW
0:02:10,@ForgeLavaking,WtH
0:02:10,@W4FF13_offcial,My mom came in:loudly_crying_face:
0:02:12,@N0rth5579,Boxten-
0:02:12,@S0L4R_sol,TAMERS KISS MW
0:02:12,@K1tkat_XD_offical,UHHH
0:02:13,@redtiger-t78,Holy shit
0:02:13,@TheMTwinny,There's the idiot
0:02:14,@Pachuco_puppycorn,HAPPY BIRTHDAY SPROUT OMG !!!!
0:02:14,@THE_OR30_C4T,ITS SHAKING
0:02:14,@NubMcMoofin,:face_savoring_food::face_savoring_food:
0:02:15,@WeLOVEMomonga,FRUITCAKE AWW TS CUTE
0:02:15,@Ratthewthecutie,WE NEED MORE YAOI
0:02:15,@jennythebean9117,Damn Boxton
0:02:15,@SofieSoftie239w9w,OOO
0:02:16,@alcinaisMINE,o-omg!!! dandys world.. thankyou.. this surprise party is awesome!!
0:02:16,@jazzy_jays1,WOAH DANDY
0:02:16,@Shivery,Sleep deprived
0:02:16,@redtiger-t78,jk
0:02:17,@kittycoinoutofdate,... lol I lov3 this ship cos x sprout
0:02:18,@M4TYZX,DAYUM DANDY
0:02:18,@MinioMicha09,Boxten stop that
0:02:18,@mexfinncanonilovefinnhehe,OH
0:02:18,@richietrejo-ramos2252,:face-blue-smiling::face-blue-smiling::face-blue-smiling:
0:02:20,@Kevinmomiaoficial,woooowwww
0:02:21,@WeLOVEMomonga,YESSSS
0:02:21,@dontmindmehere67,WIH
0:02:21,@ForgeLavaking,AM SHİTTİNG
0:02:22,@CheezenCrackerzz,"his fave line: ""are you pooping on my butt"""
0:02:22,@S0L4R_sol,TAMERS KISS MW
0:02:22,@WeLOVEMomonga,YEEESSSSS
0:02:23,@W4FF13_offcial,DAMN IT
0:02:24,@Kevinmomiaoficial,a party
0:02:24,@Nox_Atra,how the fuk you aleways find peak songs???
0:02:24,@M4TYZX,WHAT
0:02:25,@Billy-h1i,XD
0:02:25,@UngulaPropriaRQ,Sprout needed that morale boost 
0:02:27,@moriorinvictus69,shi lk jelly
0:02:27,@The-Brettman,I miss sonic underground
0:02:27,@jo3a548,oh fuck
0:02:28,@alcinaisMINE,Boxten:smiling_face_with_heart_eyes::smiling_face_with_heart_eyes:
0:02:29,@AlphaSleeper_89,ASTRO
0:02:31,@Kevinmomiaoficial,what-
0:02:31,@imkazilleon65,wow
0:02:34,@Kevinmomiaoficial,xd
0:02:34,@user-silky-g4j,finnn
0:02:34,@sophia_gamer12345,Yooo sprout 
0:02:34,@jo3a548,oh fuck
0:02:35,@jennythebean9117,Take it
0:02:35,@N0rth5579,oh
0:02:35,@Anajuliagomesdemorais,what that??
0:02:36,@CheezenCrackerzz,AYY BOXTEN
0:02:37,@ThatgirlELL3,Sprout is so sleepy bro
0:02:37,@Kevinmomiaoficial,astro :0
0:02:38,@Shivery,Seafood!
0:02:38,@Finnthebow,OMGGG YESSS
0:02:40,@TheMTwinny,LMAO
0:02:40,@ChloeAnderson-f8i,Holy smokes
0:02:40,@SofieSoftie239w9w,oo
0:02:40,@Kevinmomiaoficial,ooooo
0:02:41,@Kakaokomanden,HOT
0:02:41,@gummy8440,OMG HI GIGI
0:02:41,@jennythebean9117,Gay
0:02:42,@K1tkat_XD_offical,WHAT WAS THAT
0:02:42,@Billy-h1i,XD oe que fue
0:02:42,@D.P.S.E.,Lol
0:02:43,@N0rth5579,.. 
0:02:43,@Fortnitebros677,gay is ok:mending_heart:
0:02:44,@neva773,:0
0:02:44,@NicolAldea,ajajaja
0:02:44,@Tlike1982A,:slightly_smiling_face:
0:02:45,@Kevinmomiaoficial,que paso ahí
0:02:45,@alcinaisMINE,Sprouts gonna love it when soulvester starts flirting with gourdy
0:02:45,@ForgeLavaking,AM SHİTTİNG AM SHİTTİNG AM SHİTTİNG
0:02:45,@Gooberlicious-pm,Wtf dandy:loudly_crying_face:
0:02:46,@shadowmilkswifee,WHAT WAS THAT
0:02:46,@supaires,EWWW ASTROOO
0:02:46,@N0rth5579,um
0:02:47,@Kevinmomiaoficial,ayo
0:02:47,@Ice.Cream-P34Rls,OMG
0:02:47,@TheMTwinny,THE MOON FARTED
0:02:48,@S0L4R_sol,TAMERS KISSWMEAHHHH
0:02:49,@Kevinmomiaoficial,bro
0:02:50,@OverDuskVZ,YES
0:02:51,@AlphaSleeper_89,SHRIMPO
0:02:53,@DahliaDrawsDesign,FINNN
0:02:53,@Finnthebow,holyy FINN AND SHRIMPO
0:02:53,@fireejr15.5,Oohhghh
0:02:53,@Kevinmomiaoficial,shirmpo-
0:02:56,@K1tkat_XD_offical,yayayayayaya
0:02:56,@SuperCaptainFail,i love how real this is
0:02:56,@CheezenCrackerzz,holy gayerson
0:02:57,@OverDuskVZ,RAGE BAIT MENTIONED
0:02:58,@Pachuco_puppycorn,i love Moonflower :flushed_face:
0:02:58,@BriThomas-t6q,yes
0:03:00,@Billy-h1i,"son muchas cosas ,no puedo comentar todo"
0:03:00,@leighmhgiel,I see Gigi and Inkston
0:03:00,@Ratthewthecutie,Yaoi
0:03:00,@NicolAldea,waxwell
0:03:00,@MinioMicha09,Uhm
0:03:01,@jennythebean9117,Same baddie 
0:03:02,@CheezenCrackerzz,OML
0:03:02,@K1tkat_XD_offical,HEHE
0:03:02,@Ratthewthecutie,Yaoi
0:03:02,@redtiger-t78,ohh jeez FINNXCOSMOOO
0:03:02,@WeLOVEMomonga,Dandy..?
0:03:03,@Kevinmomiaoficial,what are You doing?
0:03:03,@user-silky-g4j,classic dandy
0:03:05,@CheezenCrackerzz,YAYAYYAYAYA
0:03:06,@afghanitus,SHRIMPO AND FINN FINALLY KISS YESSS
0:03:06,@W4FF13_offcial,KISS
0:03:06,@K1tkat_XD_offical,oh
0:03:07,@WeLOVEMomonga,MOONFLOWER
0:03:07,@Finnthebow,RAGEBAIT <3
0:03:08,@shadowmilkswifee,I left my dandys world run for this bro
0:03:09,@Kevinmomiaoficial,:thinking_face::thinking_face::thinking_face::thinking_face::face_with_monocle::face_with_monocle::face_with_monocle::face_with_monocle:
0:03:11,@MinioMicha09,Where’s my daughter 
0:03:11,@WeLOVEMomonga,MOONFLOWER ASWWWW
0:03:11,@jazzy_jays1,lemme get a slice
0:03:12,@Kevinmomiaoficial,sus
0:03:13,@S0L4R_sol,YALL SQW THAG
0:03:13,@CheezenCrackerzz,HO RAGEBAITT
0:03:14,@ajxbluefr,CAN WE SEE COSMO AND REDBOY CRAKE
0:03:15,@Kakaokomanden,Dandy is such a chad for doing that
0:03:15,@WeLOVEMomonga,AAAAWWWW
0:03:15,@jo3a548,he is right
0:03:15,@K1tkat_XD_offical,YAYYYY
0:03:18,@SofieSoftie239w9w,YAYA
0:03:21,@alcinaisMINE,Dandy being nice for once
0:03:24,@ecampo123,Ay yo
0:03:24,@UngulaPropriaRQ,THE CANDLE LMAO
0:03:25,@joycadet7064,Blow the candle 
0:03:26,@Cutegirlypoplana,What the hell
0:03:26,@SonataDidIt,oh no
0:03:26,@Kakaokomanden,Waxwell lmao
0:03:27,@WeLOVEMomonga,OUU DID WE INTERRUPT SMT?
0:03:28,@gummy8440,Wait no Dandy don't do this are you gonna slam his face into the cake
0:03:29,@carabarabonanza,meow
0:03:30,@Billy-h1i,que?
0:03:30,@W4FF13_offcial,Waxwell
0:03:32,@jo3a548,cute
0:03:33,@K1tkat_XD_offical,YAYYYY
0:03:33,@tawianna07,My goodness
0:03:33,@Nightlyshadesofthenight,YAAAHOOO
0:03:34,@sophia_gamer12345,Astro is such a good boy 
0:03:35,@OverDuskVZ,TO WHATT
0:03:36,@alcinaisMINE,SOULVESTER
0:03:36,@TheMTwinny,daw
0:03:36,@CheezenCrackerzz,Waxwell my babyyy
0:03:36,@Gooberlicious-pm,Lol
0:03:36,@Nightlyshadesofthenight,HWAT HAPPENED 
0:03:37,@WHATTHETENYA,𝓜𝔂 𝓱𝓪𝓹𝓹𝓲
0:03:37,@user-silky-g4j,awww
0:03:38,@fireejr15.5,AYO
0:03:38,@jennythebean9117,The house blows up 
0:03:38,@Laceshelf,Dats so cute
0:03:39,@supaires,awww
0:03:40,@K1tkat_XD_offical,NO ITS BOYFRIENDS
0:03:40,@tawianna07,Awwwwwww
0:03:40,@OverDuskVZ,AYOOOOOOO
0:03:40,@ረዐሸሸቿሃሀቿረረ,YOOO
0:03:42,@jaquitamcdaniel7021,omg
0:03:42,@DahliaDrawsDesign,WAXWELL NOOOOO
0:03:42,@Julian-vu9zb,wholesome for once
0:03:42,@fireejr15.5,BLOW WAXWELL
0:03:43,@Billy-h1i,"no mano, que lindo"
0:03:44,@jo3a548,yay
0:03:44,@tawianna07,He’s so happy
0:03:44,@NicolAldea,awww
0:03:44,@dsmnisUK,nooo baby
0:03:44,@That1ArtistFriend,The Song im so dead
0:03:45,@MinioMicha09,Awh
0:03:45,@K1tkat_XD_offical,YAYY
0:03:45,@Kevinmomiaoficial,awwww
0:03:45,@Jasminsalah-q2b,:loudly_crying_face::loudly_crying_face::loudly_crying_face::loudly_crying_face:
0:03:47,@2DCautionSign,owww :blue_heart:
0:03:47,@ReuploadedYTmedia,"To the person who asked if I like the video or just like reuploading them. I enjoy watching these videos and hate attempting to reupload it, that's your answe"
0:03:47,@SofieSoftie239w9w,YAYYYY HES CRYING!!!
0:03:48,@Kevinmomiaoficial,cute
0:03:49,@Tamers12345MLP,@gummy8440 How the hell did you figure that out
0:03:50,@DahliaDrawsDesign,OH THANK GOD
0:03:50,@CheezenCrackerzz,WAXWAXY
0:03:50,@OverDuskVZ,AWWWWWWWWW
0:03:51,@jaquitamcdaniel7021,:loudly_crying_face::loudly_crying_face::loudly_crying_face::loudly_crying_face:
0:03:51,@Kevinmomiaoficial,:3
0:03:51,@dsmnisUK,AWHHH
0:03:51,@MinioMicha09,Don’t cry dude
0:03:51,@M4TYZX,awhhh
0:03:52,@krystalhargett1239,:face-red-droopy-eyes::face-red-droopy-eyes::face-red-droopy-eyes::face-red-droopy-eyes:
0:03:52,@fireejr15.5,AAWWWWWW
0:03:52,@neva773,I thought Cosmo was the candle ngl
0:03:52,@THE_OR30_C4T,AWW
0:03:53,@Nightlyshadesofthenight,I JUST GOT HERE 
0:03:54,@Kakaokomanden,this is so wholesome who is going to ruin it
0:03:54,@AlphaSleeper_89,I thought they were gonna use waxwell’s head as a candle
0:03:54,@K1tkat_XD_offical,uhhh
0:03:56,@NicolAldea,oh My aby
0:03:56,@OverDuskVZ,:loudly_crying_face:
0:03:56,@Kevinmomiaoficial,:face-red-heart-shape::face-red-heart-shape::face-red-heart-shape::face-red-heart-shape::face-red-heart-shape::face-red-heart-shape::face-red-heart-shape::face-red-heart-shape:
0:03:57,@NubMcMoofin,:smiling_face_with_hearts::smiling_face_with_hearts::smiling_face_with_hearts:
0:03:57,@alcinaisMINE,Haha sus:flushed_face::flushed_face:
0:03:58,@joycadet7064,Yall put your candles:candle:
0:03:58,@jo3a548,damn solvester
0:03:58,@TheMTwinny,Why is Dandy so friendly
0:03:59,@ecampo123,Why is this so wholesome?!?
0:03:59,@Pachuco_puppycorn,awwww THIS IS SO KAWAII !!!!!!! :unicorn::cupcake::pleading_face:
0:03:59,@Moonflower4life-g9v,Dudu got friend zoned 
0:04:00,@Jasminsalah-q2b,W
0:04:00,@Billy-h1i,que lindo causa
0:04:00,@Kevinmomiaoficial,astro xd
0:04:00,@SigmaRizz-du1cc,AWWW SPROUT LE BABY
0:04:01,@CheezenCrackerzz,awww
0:04:01,@fireejr15.5,AWWWWWWQ
0:04:01,@Anajuliagomesdemorais,awwwwwww só cute sprout :loudly_crying_face::loudly_crying_face::loudly_crying_face::loudly_crying_face::loudly_crying_face::loudly_crying_face::loudly_crying_face:
0:04:01,@okuriinu8489,this is a sweet way to add candles
0:04:01,@PoppinCornBaby,AWE
0:04:03,@krystalhargett1239,:glasses-purple-yellow-diamond::glasses-purple-yellow-diamond::glasses-purple-yellow-diamond:
0:04:03,@leighmhgiel,Sprout is tearing up.
0:04:04,@applebloom2307,is this a dream ikts too good to be true
0:04:04,@SigmaRizz-du1cc,AWWHHH
0:04:05,@jo3a548,cuuute
0:04:05,@OverDuskVZ,SHUT UP DANDY WE DONT CARE
0:04:05,@jazzy_jays1,SOULVESTER 
0:04:06,@fireejr15.5,Aawwwwq
0:04:07,@Kevinmomiaoficial,awwwwwww
0:04:07,@swearwerds,why dandy nearly sounds like teto?
0:04:08,@raddyThedemonredALEX,YO
0:04:08,@jaquitamcdaniel7021,:loudly_crying_face::loudly_crying_face::loudly_crying_face::loudly_crying_face::loudly_crying_face:
0:04:09,@ThatgirlELL3,AWWWW
0:04:09,@Nightlyshadesofthenight,AW MY SON GOURDY
0:04:09,@MacieMcmahon,light amazing
0:04:10,@Kevinmomiaoficial,cute :4
0:04:11,@K1tkat_XD_offical,XD
0:04:11,@Shivery,:eyes-purple-crying::eyes-purple-crying::eyes-purple-crying:
0:04:12,@NicolAldea,awww
0:04:12,@RenTheReckless,sprout highkey a tsundere for dandy
0:04:12,@fireejr15.5,:face-red-heart-shape::face-red-heart-shape:
0:04:12,@ThatgirlELL3,SO CUTE
0:04:12,@tawianna07,I’ve never seen sprout cry
0:04:13,@scarlethorse5391,:red_heart::red_heart::red_heart::red_heart::red_heart::red_heart:
0:04:13,@Ratthewthecutie,I bet astro is gonna fart out the candles
0:04:14,@alcinaisMINE,best friends oh SHUT UP
0:04:14,@CheezenCrackerzz,he bout to get slimed out
0:04:14,@M4TYZX,AWWWW
0:04:14,@Kevinmomiaoficial,:3
0:04:14,@K1tkat_XD_offical,YAYYYYYYYYY
0:04:14,@jennythebean9117,:loudly_crying_face::loudly_crying_face::loudly_crying_face:
0:04:15,@SuperCaptainFail,cosmo <3
0:04:15,@W4FF13_offcial,Aww gourdy
0:04:15,@Billy-h1i,que hermoso mano
0:04:17,@THE_OR30_C4T,GOURDY AWWW
0:04:18,@tawianna07,Gordy’s voice is killing me
0:04:19,@Kevinmomiaoficial,awwwww
0:04:19,@user-silky-g4j,why my boy waxxy blushing
0:04:20,@SofieSoftie239w9w,NOOO DONT CRY SPROUT!!!!
0:04:20,@UngulaPropriaRQ,awww this is cute 
0:04:20,@MinioMicha09,Where my daughter toodles then
0:04:21,@raddyThedemonredALEX,SOULVESTER
0:04:22,@applebloom2307,ITS A DREAM FR IT HAS TO BE
0:04:22,@Jasminsalah-q2b,:red_heart::red_heart::red_heart::red_heart:
0:04:22,@ThatgirlELL3,AWWWW
0:04:23,@W4FF13_offcial,Waxwell…
0:04:24,@NicolAldea,waxwell ajabaj
0:04:24,@Finnthebow,AWW
0:04:24,@SuperCaptainFail,wait this is so cute tho
0:04:25,@M4TYZX,AO CUTEEEEE
0:04:25,@HATKID4LIFEE,NOOO CHAT I GTG
0:04:25,@CheezenCrackerzz,Lmao
0:04:26,@alcinaisMINE,Its not like i like you guys or anything
0:04:27,@jennythebean9117,So cute x3
0:04:27,@supaires,GOOB OH MY GOD YOURE SO CUTE
0:04:27,@Ratthewthecutie,Astro is gonna blow the candle with his fart
0:04:27,@OverDuskVZ,OWW GOURDY
0:04:27,@Tamers12345MLP,Dandy's World can be a happy place sometimes whenm Dandy isn't enforcing abuse and control on everyone
0:04:28,@QualeekSabawu,:shelterin:
0:04:28,@gummy8440,"Its a classic rival move, thats dandy gotta respect it"
0:04:29,@Ili.The.Raccoon1457,AWW GOURDY
0:04:29,@THE_OR30_C4T,:eyes-purple-crying:
0:04:30,@pandafrenzy14,WAXWELL
0:04:30,@shadowmilkswifee,is waxwell a tsundere
0:04:31,@HATKID4LIFEE,ILL BE CALLING MY FRIEND
0:04:33,@MinioMicha09,Tsundere 
0:04:34,@theaombo,no this is bad
0:04:34,@K1tkat_XD_offical,AWWW SO CUTE
0:04:34,@applebloom2307,No one is this nice to sprout
0:04:35,@PoppinCornBaby,This seems to be to be true…
0:04:37,@Kakaokomanden,This is too wholesome for too long oh no something will go very wrong
0:04:38,@Billy-h1i,"mano es demasiado, me van a hacer llorar"
0:04:38,@richietrejo-ramos2252,Awww :smiling_face_with_hearts: 
0:04:38,@CheezenCrackerzz,he actually bout to get whooped
0:04:38,@Hastur99,Its funny i got a bday next thurs
0:04:39,@ThatgirlELL3,So cute:smiling_face_with_heart_eyes:
0:04:39,@swearwerds,k
0:04:40,@HATKID4LIFEE,TAMERS YOURE THE FLIPPING GOAT
0:04:40,@jazzy_jays1,AWWWW THEYRE SO NICE
0:04:41,@UngulaPropriaRQ,thanks goob
0:04:41,@MinioMicha09,Tsundere 
0:04:42,@user-silky-g4j,knew it was too wholesome
0:04:43,@Exiledlama,LMAO
0:04:44,@Food_saysfuck,Waxwell looks so chop omg
0:04:44,@alcinaisMINE,we all love sprout 
0:04:44,@THE_OR30_C4T,THANK YOU TAMERS THIS IS PEAK
0:04:44,@K1tkat_XD_offical,damn-
0:04:45,@UngulaPropriaRQ,OH SHIT 
0:04:45,@Engel-n2d,Awww so cute!!!!
0:04:45,@dontmindmehere67,DAMN
0:04:45,@crazyartist1016,:loudly_crying_face:
0:04:46,@ThatgirlELL3,.
0:04:47,@Jasminsalah-q2b,Fahhhh
0:04:47,@2DCautionSign,OH NO
0:04:47,@TheMTwinny,AND THERE IT IS
0:04:47,@Kakaokomanden,LMAO GOTTEM
0:04:48,@richietrejo-ramos2252,GOOB!!
0:04:48,@NicolAldea,ajajja
0:04:48,@JorgeM-e7q,:face-purple-crying:
0:04:48,@K1tkat_XD_offical,OMG
0:04:49,@jo3a548,gotcha
0:04:49,@shadowmilkswifee,Waxwell’s holding his baby sibling :face_holding_back_tears:
0:04:49,@pandafrenzy14,"O,H"
0:04:49,@ThatgirlELL3,DAMN ?
0:04:50,@theaombo,YYYYEEEEEEESSSSSSS
0:04:50,@Randomangeluser,The most wholesome moment in tamers history:face_holding_back_tears:
0:04:50,@Engel-n2d,AHHHHH!!!
0:04:51,@Kevinmomiaoficial,o no-
0:04:51,@ረዐሸሸቿሃሀቿረረ,is astro gonna solo them both when they get mad
0:04:51,@Fortnitebros677,Look sprout is covered in white stuff 
0:04:51,@Izzy_TheAnimator,im late
0:04:51,@SofieSoftie239w9w,DANDY!!!!
0:04:51,@leighmhgiel,Gourdy is best pumpkin boy. :3 :jack_o_lantern:
0:04:51,@NubMcMoofin,:disappointed_face::disappointed_face:
0:04:52,@Laceshelf,DANDY NO
0:04:52,@juanbanuelos1014,DANDY YOU FOOL!
0:04:52,@pandafrenzy14,OMGGGG
0:04:54,@PoppinCornBaby,YEP CALLED IT
0:04:54,@Laceshelf,DANDY
0:04:54,@Cutegirlypoplana,Aww this cute
0:04:54,@jennythebean9117,Make out
0:04:55,@OverDuskVZ,","
0:04:55,@Billy-h1i,tmr como la cagan
0:04:56,@Laceshelf,DANDY NO
0:04:56,@K1tkat_XD_offical,WHY ARE THEY FIGHTING-
0:04:57,@MinioMicha09,Hey hey hey
0:04:59,@applebloom2307,hate people who do that omg
0:04:59,@THE_OR30_C4T,NOOOOOO
0:04:59,@sophia_gamer12345,Ooh thats where it started
0:05:00,@Anajuliagomesdemorais,what
0:05:00,@M4TYZX,I KNEW THIS WAS WEIRD
0:05:00,@Kevinmomiaoficial,o no
0:05:00,@pandafrenzy14,AHHHH SPROUT~
0:05:01,@CheezenCrackerzz,waxwell shoulda been the candle
0:05:01,@tawianna07,Noooo
0:05:02,@AlphaSleeper_89,OH SHIIIIIII
0:05:02,@DahliaDrawsDesign,OFC OFC
0:05:03,@K1tkat_XD_offical,OH NO
0:05:04,@fireejr15.5,Uh ohhhhh
0:05:04,@Nightlyshadesofthenight,OH
0:05:04,@MinioMicha09,They twisted
0:05:05,@Kevinmomiaoficial,dandy no-
0:05:06,@DeltaAviation_717,DAMN DANDY THAT WAS BOLD
0:05:07,@ChloeAnderson-f8i,WHAT
0:05:07,@supaires,their fragile masculinity making them fight already
0:05:07,@SofieSoftie239w9w,OH NO
0:05:07,@ThatgirlELL3,DAMNN DAMNN
0:05:08,@Finnthebow,ohh nooo
0:05:08,@CheezenCrackerzz,oop
0:05:08,@K1tkat_XD_offical,DAMN
0:05:10,@SuperCaptainFail,goob <3
0:05:11,@fireejr15.5,:face-fuchsia-wide-eyes::face-blue-wide-eyes::face-blue-wide-eyes:
0:05:11,@K1tkat_XD_offical,OH NOOOO
0:05:12,@OverDuskVZ,OFC YOU DID DANDY
0:05:12,@Kevinmomiaoficial,Dandy why-
0:05:12,@W4FF13_offcial,YO
0:05:13,@Billy-h1i,"XD, todo el momento emotivo se fue a la mierda"
0:05:13,@Finnthebow,A GUN GOSH
0:05:13,@CheezenCrackerzz,I KNEW IT
0:05:14,@Randomangeluser,:frowning_face_with_open_mouth:.
0:05:14,@theaombo,oh
0:05:15,@Thedrpepperfan08,why are they fighting
0:05:15,@tawianna07, Don’t twist it now the video just started
0:05:16,@Ratthewthecutie,Natsuki?
0:05:17,@OverDuskVZ,FUCKING DANDY
0:05:17,@W4FF13_offcial,SPROUT NO
0:05:18,@theaombo,lol
0:05:18,@raddyThedemonredALEX,dandy fucking ruined it
0:05:18,@Nightlyshadesofthenight,OMG
0:05:19,@Pachuco_puppycorn,I'd be mad too
0:05:20,@K1tkat_XD_offical,why is this funny-
0:05:20,@crazyartist1016,:eyes-purple-crying:
0:05:20,@NubMcMoofin,:disappointed_face:
0:05:20,@theaombo,lamo
0:05:20,@alcinaisMINE,Classic sprout! :face_with_tears_of_joy:
0:05:21,@fireejr15.5,:face-turquoise-covering-eyes::face-turquoise-covering-eyes:
0:05:21,@2DCautionSign,sprout nooo
0:05:21,@Jasminsalah-q2b,Nooo sprout
0:05:21,@Kevinmomiaoficial,no sprout :(
0:05:22,@NicolAldea,noo
0:05:22,@MinioMicha09,Ew
0:05:22,@dsmnisUK,NOOOOO
0:05:22,@AaliyahMarin-p2v,:hand-orange-covering-eyes:
0:05:23,@bunrab22,uh oh
0:05:24,@bulskoo5441,red state strawberry
0:05:26,@SuperCaptainFail,omg dandy
0:05:26,@Billy-h1i,bruhhhh
0:05:27,@joycadet7064,:face-pink-tears::face-pink-tears::face-pink-tears:
0:05:27,@moriorinvictus69,overeacted tbh
0:05:28,@THE_OR30_C4T,NOOO :(
0:05:28,@tawianna07,Awww nooooooooo
0:05:28,@Kevinmomiaoficial,pobre sprout
0:05:28,@OverDuskVZ,NOOOOOOOO
0:05:29,@dsmnisUK,babe
0:05:29,@NicolAldea,no
0:05:29,@fireejr15.5,:eyes-purple-crying::eyes-purple-crying:
0:05:29,@leighmhgiel,Oh Sprout is as pissed as Mary Dahl was when the same thing happened to HER! lol
0:05:29,@itsoliva4359,yo vro :loudly_crying_face:
0:05:29,@theaombo,YES DANDY
0:05:30,@SofieSoftie239w9w,sprout you lucky I ain't behind all dat
0:05:30,@Food_saysfuck,Pasta ;-;
0:05:31,@AaliyahMarin-p2v,:eyes-purple-crying:
0:05:32,@richietrejo-ramos2252,uh-oh
0:05:32,@ረዐሸሸቿሃሀቿረረ,holy strawberry cake
0:05:33,@Kevinmomiaoficial,:(
0:05:33,@sprouts-realwife,Ultimate showdown
0:05:33,@jennythebean9117,Both 
0:05:34,@Kaii-o8p7v,biggie cozmo
0:05:34,@NicolAldea,nooo
0:05:34,@ForgeLavaking,.
0:05:35,@Finnthebow,noo sprout don't cry
0:05:35,@W4FF13_offcial,Damn his poop machine big-
0:05:37,@HATKID4LIFEE,Nvm I can stay
0:05:38,@THE_OR30_C4T,:face-purple-crying::face-purple-crying:
0:05:38,@Ratthewthecutie,Pasta is the best 
0:05:39,@Nightlyshadesofthenight,Cosmo
0:05:40,@CheezenCrackerzz,'A TOODY GOOBER IS WHAT YOU ARE'
0:05:40,@K1tkat_XD_offical,i love when sprouts mad (i dont hate sprout)
0:05:40,@mararoad1899,ᕼO ᑎO ᕼᗴ IՏ ᑕᖇYIᑎᘜ
0:05:40,@Anajuliagomesdemorais,nooo sprout :((((
0:05:42,@Pachuco_puppycorn,no sprout it's ok :broken_heart::broken_heart::broken_heart::broken_heart::broken_heart::wilted_flower::wilted_flower::crying_face::crying_face::crying_face::crying_face::crying_face:
0:05:44,@Kakaokomanden,Honestly about time Sprout took an L
0:05:44,@Billy-h1i,"mano, está amasando la pasta que fue"
0:05:46,@Shivery,Cute chubby
0:05:48,@alcinaisMINE,What the hell was that for guys
0:05:50,@shadowmilkswifee,it’s murder that’s his baby sibling :crying_face:
0:05:53,@AaliyahMarin-p2v,:eyes-purple-crying:
0:05:53,@Kevinmomiaoficial,ooo.....
0:05:55,@NicolAldea,:(
0:06:00,@CheezenCrackerzz,oh naur
0:06:01,@Tamers12345MLP,@Kakaokomanden He'll get his revenge
0:06:02,@Ratthewthecutie,THAT MURDER 
0:06:02,@alcinaisMINE,NO. How could they do that to my BOY. My BEAUTIFUL BABY BOY
0:06:03,@Kevinmomiaoficial,o nOooooo
0:06:04,@MinioMicha09,He good still
0:06:07,@Nightlyshadesofthenight,…
0:06:07,@richietrejo-ramos2252,:pleading_face::pleading_face::pleading_face:
0:06:08,@THE_OR30_C4T,SPROUT NO ITS OK :broken_heart::broken_heart::broken_heart:
0:06:08,@ረዐሸሸቿሃሀቿረረ,it dont count because the candles are not his color
0:06:10,@Kevinmomiaoficial,poor sprout
0:06:11,@Nightlyshadesofthenight,Well…
0:06:12,@Kevinmomiaoficial,:(
0:06:13,@AaliyahMarin-p2v,:eyes-purple-crying:
0:06:15,@SuperCaptainFail,cosmo.... i love him....
0:06:16,@Billy-h1i,XD
0:06:16,@Kakaokomanden,Oh no Dandy better watch out then
0:06:17,@ForgeLavaking,(☆▽☆) Here we go retroy!
0:06:19,@AlphaSleeper_89,FIGHT TO THE DEATH
0:06:20,@AaliyahMarin-p2v,:eyes-purple-crying:
0:06:20,@scall0p31w,It doesn’t count as murder cuz the candles are already dead corpses 
0:06:21,@CheezenCrackerzz,he lowk depressed
0:06:21,@THE_OR30_C4T,THEY DONT HAVE ANYTHING SPROUT
0:06:22,@jennythebean9117,True
0:06:22,@Finnthebow,when do they kiss:face_with_tongue:
0:06:23,@scarlethorse5391,"Oh, he's got a bakery alright :winking_face:"
0:06:24,@ThatgirlELL3,Why does he keep recording
0:06:24,@fireejr15.5,67 on the poll
0:06:25,@user-silky-g4j,COSMO
0:06:25,@tawianna07,There’s no way he’s recording
0:06:26,@THE_OR30_C4T,GO SPROUT GO
0:06:28,@jo3a548,oh fuck
0:06:29,@Nightlyshadesofthenight,COSMO
0:06:29,@K1tkat_XD_offical,NOOOO
0:06:31,@richietrejo-ramos2252,:eyes-purple-crying:
0:06:32,@UngulaPropriaRQ,HELL YEAH
0:06:32,@ecampo123,:hushed_face:
0:06:34,@Billy-h1i,que?
0:06:36,@pandafrenzy14,UNALIVW
0:06:36,@jennythebean9117,Murder 
0:06:36,@AaliyahMarin-p2v,:face-fuchsia-wide-eyes:
0:06:36,@supaires,why r they always Killin someone
0:06:37,@ThatgirlELL3,COSMO NOT AGAIN
0:06:37,@W4FF13_offcial,We ain’t going back to that scene..
0:06:38,@DeltaAviation_717,CRACK
0:06:38,@UngulaPropriaRQ,LETS FUCKING GO COSMO
0:06:38,@KekiToEKC,COSMO STOP
0:06:39,@user-silky-g4j,oooh
0:06:39,@theaombo,FIGHT
0:06:39,@Shivery,Yes
0:06:39,@Tamers12345MLP,@scall0p31w thats what i was thinking too
0:06:40,@NicolAldea,q no
0:06:40,@THE_OR30_C4T,HELL YEAH COSMO
0:06:40,@MinioMicha09,Huh
0:06:40,@shadowmilkswifee,oh no are they gonna go twisted again
0:06:41,@Billy-h1i,cosmo no otra vez
0:06:42,@K1tkat_XD_offical,THATS THE SAME THING THAT THEY DID TO ASTRO
0:06:42,@RenTheReckless,Cosmo is so violent
0:06:43,@OverDuskVZ,YE
0:06:43,@M4TYZX,WHAT
0:06:44,@The_Moon_Nighty,OH NO ???
0:06:43,@2DCautionSign,ptsd from astro’s incident 
0:06:44,@OverDuskVZ,S
0:06:44,@Pachuco_puppycorn,NOT AGAIN COSMO OMH
0:06:44,@THE_OR30_C4T,AVENGE SPROUT
0:06:44,@Izzy_TheAnimator,I eat refrigerators
0:06:45,@ThatgirlELL3,COSMO
0:06:45,@ForgeLavaking,i NAH Watching this
0:06:45,@ረዐሸሸቿሃሀቿረረ,cosmo dont do this you gon get head tapped
0:06:46,@Fortnitebros677,Woah there buddy
0:06:47,@Nightlyshadesofthenight,OUU SHII
0:06:47,@CheezenCrackerzz,Cage fight for the next episode ?
0:06:48,@Kevinmomiaoficial,como
0:06:49,@fireejr15.5,here we go..
0:06:49,@Finnthebow,AAAYYY
0:06:49,@Laceshelf,Every1 kill sprouts
0:06:50,@TheMTwinny,MODERN PROBLEMS REQUIRE MODERN SOLUTIONS
0:06:50,@raddyThedemonredALEX,YL
0:06:50,@ThatgirlELL3,OOOO
0:06:51,@MinioMicha09,NO
0:06:51,@Shivery,Nope
0:06:51,@CherryStar-q8q,COSMO STOP HAVING MURDEROUS THOUGHTS
0:06:51,@sprouts-realwife,No Cosmo
0:06:52,@NicolAldea,oh
0:06:52,@Gerrard1103,Wow
0:06:53,@Ice.Cream-P34Rls,OH?
0:06:53,@NubMcMoofin,:exploding_head:
0:06:53,@AaliyahMarin-p2v,:cat-orange-whistling:
0:06:53,@ThatgirlELL3,OOOOOOO
0:06:53,@W4FF13_offcial,NOT AGAIn
0:06:53,@KekiToEKC,:eyes:
0:06:54,@ajxbluefr,YESSSS
0:06:54,@M4TYZX,YOOOOOO
0:06:55,@SofieSoftie239w9w,EY6YY
0:06:55,@OverDuskVZ,67
0:06:55,@jennythebean9117,Gay
0:06:55,@DeltaAviation_717,COSMO NOOOOO
0:06:55,@ForgeLavaking,by way please adopt me tamers
0:06:55,@leighmhgiel,"Oh no, they're gonna do the same to Dandy the same as they did to Astro..."
0:06:56,@shadowmilkswifee,OH MY GOD
0:06:56,@Finnthebow,OH HIII
0:06:57,@davidroy9958,not again
0:06:57,@Billy-h1i,"bruh, como siempre es el que- a la mierda"
0:06:57,@jo3a548,DAYUMM
0:06:58,@raddyThedemonredALEX,HOLY FU
0:06:58,@ረዐሸሸቿሃሀቿረረ,YOOOO
0:06:58,@Jasminsalah-q2b,Oh shit
0:06:58,@Finnthebow,WAHTOTAHt iawr
0:06:58,@Nightlyshadesofthenight,OH SHIII
0:06:58,@sophia_gamer12345,Uh oh 
0:06:59,@I-am-cosmo22,Ayyyyyoooooo
0:06:59,@theaombo,YSHHH
0:06:59,@ajxbluefr,KISS
0:06:59,@Finnthebow,WHATT
0:06:59,@pandafrenzy14,THEY TRIED TO KILL ASTRO NOW DADDY DANDY?
0:07:00,@alcinaisMINE,haha yeah just for shits n giggles
0:07:00,@The_Moon_Nighty,:eyes::eyes::eyes::eyes:
0:07:01,@tawianna07,Ohhhh shiiiiii
0:07:01,@kaysit.a,BROOO OMG YESSS
0:07:01,@applebloom2307,Cosmo is fr freaky
0:07:02,@RenTheReckless,ouu shiii
0:07:02,@Kakaokomanden,OH DAMN
0:07:02,@ChainsawVelvet,WOW WOW WOW
0:07:02,@M4TYZX,HOLY SHIYYYY
0:07:03,@pandafrenzy14,OMG
0:07:03,@foooooodood,:face-red-droopy-eyes:
0:07:03,@ThatgirlELL3,AYO
0:07:03,@Ratthewthecutie,Oh here’s yaoi
0:07:03,@QualeekSabawu,AINT NO WAY THEY GONNA DO WHAT 5HEY DID WITH ASTRO TO DANDY
0:07:05,@Finnthebow,OH SHII
0:07:05,@theaombo,OMG
0:07:06,@liroeiko,OH WOW
0:07:06,@drewovermyer9593,REFERENCE TO POOL DAY EPISODE
0:07:07,@theaombo,OMG
0:07:07,@jo3a548,oh guck
0:07:08,@CheezenCrackerzz,do it
0:07:08,@QualeekSabawu,noooo
0:07:08,@THE_OR30_C4T,YESS GO COSMO AND SPROUT GOO
0:07:08,@jazzy_jays1,AYE
0:07:08,@g3m.l0v3r.21,AYOOOO
0:07:08,@SofieSoftie239w9w,HEYYY GET AWAY FROM THAT SPOT!
0:07:09,@Nightlyshadesofthenight,:eyes::eyes::eyes::eyes::eyes::eyes:
0:07:09,@jazzy_jays1,AYE
0:07:09,@jennythebean9117,Spicy 
0:07:10,@SuperCaptainFail,ayo cosmo is crazy
0:07:10,@void_games123,tamers I got a question.. what if sprout wasnt mean to others would it make toons not be mean to him much?
0:07:10,@Fortnitebros677,WHAT
0:07:10,@jazzy_jays1,WOAH
0:07:10,@ረዐሸሸቿሃሀቿረረ,OH
0:07:10,@sprouts-realwife,Cosmo no BAD COSMO
0:07:10,@M4TYZX,OOOOOOO
0:07:11,@ajxbluefr,PUT IT IN
0:07:11,@ThatgirlELL3,OMG
0:07:11,@ForgeLavaking,AYo stop watching
0:07:11,@liroeiko,WOWWWW
0:07:12,@Anajuliagomesdemorais,bro
0:07:13,@davidroy9958,not again
0:07:13,@Billy-h1i,no mano le va a tocar la jalea de fresa
0:07:13,@2DCautionSign,tamers we know what you are
0:07:14,@jazzy_jays1,NOOOOOOOOOOO
0:07:14,@EzlanaSeay,YOOOOOOOOOOO
0:07:14,@alcinaisMINE,omg he said the thing
0:07:14,@Nightlyshadesofthenight,OU SHII
0:07:15,@K1tkat_XD_offical,GAY FRUITCAKE:eyes::eyes::eyes::eyes:
0:07:17,@kaysit.a,YEEEESSSS
0:07:17,@ThatgirlELL3,AYO
0:07:17,@JordanSmith-z9g,Nooooooo
0:07:17,@DeltaAviation_717,COSMO GOD DAMN
0:07:18,@K1tkat_XD_offical,what.
0:07:18,@OverDuskVZ,YOOOOO
0:07:18,@KekiToEKC,COSMO :loudly_crying_face::loudly_crying_face::loudly_crying_face:
0:07:20,@supaires,WOAHHH
0:07:20,@ForgeLavaking,what the fuck
0:07:20,@Ilovetooniverseglisten,GLISTENNNNN GLISTENGLIDTEN
0:07:21,@CheezenCrackerzz,SLIME THEM OUT
0:07:21,@Nightlyshadesofthenight,GLISTEN
0:07:21,@Izzy_TheAnimator,:eyes:
0:07:22,@EzlanaSeay,OH HELL NOOO
0:07:22,@THE_OR30_C4T,GLISTEN WTF
0:07:22,@okuriinu8489,cosmo and carepackage are one
0:07:22,@jazzy_jays1,OMG GLISTEN
0:07:22,@Peejaylew,YO 
0:07:23,@Billy-h1i,XD que fue
0:07:24,@SuperCaptainFail,UNHAND HIM COSMO
0:07:24,@leighmhgiel,Cosmo is a messed up femboy lol
0:07:24,@CherryStar-q8q,i just know Cosmo is top I just can't prove it
0:07:24,@tawianna07,Aww
0:07:25,@Kakaokomanden,HIT IT GLISTEN
0:07:25,@Finnthebow,HOLY COSMOO:smiling_face_with_heart_eyes:
0:07:26,@Tamers12345MLP,Cosmo being Cosmo :face_with_rolling_eyes:
0:07:26,@M4TYZX,DAMN
0:07:27,@UngulaPropriaRQ,damn they straight up partying for no reason
0:07:27,@HATKID4LIFEE,Poor sprout :crying_face: 
0:07:27,@ThatgirlELL3,YOO
0:07:28,@EzlanaSeay,.
0:07:29,@theaombo,what
0:07:29,@shadowmilkswifee,don’t tell me they’re cracking again
0:07:29,@AaliyahMarin-p2v,:glasses-purple-yellow-diamond:
0:07:29,@KekiToEKC,Gourdy run
0:07:29,@raddyThedemonredALEX,takers do you there I will be like sprout
0:07:30,@alcinaisMINE,ok sussy moment?!?!
0:07:31,@okuriinu8489,not carepackage'
0:07:31,@ረዐሸሸቿሃሀቿረረ,YOOO
0:07:31,@Jasminsalah-q2b,W rodgerer
0:07:31,@Billy-h1i,esa piscina no estaba cagada?
0:07:31,@jo3a548,oh fuck
0:07:32,@ivyysflowergarden,yo...
0:07:33,@fireejr15.5,OH
0:07:34,@jennythebean9117,Did Yatta clean her shit?
0:07:35,@tawianna07,Ewww didn’t yada poop in it
0:07:37,@SuperCaptainFail,YOYOYOYO THIS IS A FAMILY CHANNEL
0:07:37,@M4TYZX,COSMO BEING COSMO
0:07:38,@jo3a548,pool party
0:07:38,@Cosmostrawberry,FUCKING FRUITCAKR
0:07:38,@THE_OR30_C4T,WHY IS GOURDY HERE
0:07:41,@Nightlyshadesofthenight,Yantra
0:07:42,@okuriinu8489,cosmo and applesplit are one
0:07:43,@shadowmilkswifee,well as tamers said they crack on a daily basis :face_holding_back_tears:
0:07:44,@MinioMicha09,Awh 
0:07:46,@Jasminsalah-q2b,Damn
0:07:46,@BriThomas-t6q,:smiling_face_with_tear:
0:07:47,@AlphaSleeper_89,I love when Cosmo is a murderer 
0:07:47,@sophia_gamer12345,Rodger can cause a tsunami
0:07:47,@Billy-h1i,XD
0:07:48,@THE_OR30_C4T,GOURDY RUN :goblin:
0:07:48,@jazzy_jays1,YATTA IM CALLING YOU OUT
0:07:48,@applebloom2307,Lol
0:07:48,@MinioMicha09,Where toodles
0:07:49,@Nightlyshadesofthenight,Yatta we know it was you
0:07:49,@jennythebean9117,Fr
0:07:50,@sprouts-realwife,Where's my fav twisted?!
0:07:51,@CheezenCrackerzz,WAXWELL
0:07:52,@Lashel-i8m,I just got here hi guys
0:07:52,@leighmhgiel,Yatta is guilty asf!
0:07:53,@K1tkat_XD_offical,cheese.
0:07:53,@alcinaisMINE,soulVESTER :smiling_face_with_heart_eyes::smiling_face_with_heart_eyes::smiling_face_with_heart_eyes:
0:07:54,@raddyThedemonredALEX,tamers do you think I will be like sprout
0:07:54,@zen.ornamentbasket,ornamentbasket technically mentiond
0:07:55,@Finnthebow,so buffff
0:07:55,@newt4321,WHAT DID I MISS
0:07:55,@K1tkat_XD_offical,UHH
0:07:55,@jazzy_jays1,WOAH SOULVESTER
0:07:55,@SuperCaptainFail,CARE PACKAGE/APPLE SPLIT ALL OVER AGAIN
0:07:57,@Thatoneanimator-f8u,Wax up my fellow tamers fans!!!!!!!
0:07:59,@Tamers12345MLP,"@jennythebean9117 No, why would yatta clean her shit when she's better of acting like it was some other toon?"
0:08:01,@CheezenCrackerzz,WAXWELL MY HUSBAND
0:08:03,@SomeKindOfCritter,i was spiraling and got a notification for this. thank you tamers
0:08:04,@TheMTwinny,WHAT IN THE SEVEN HELLS
0:08:05,@NicolAldea,tostadas
0:08:08,@gummy8440,"Soulvester trust, tostadas are bueno"
0:08:11,@AaliyahMarin-p2v,:face-purple-wide-eyes:
0:08:11,@0neth3g3n1us1,why is wax well british?
0:08:13,@jennythebean9117,Bro is white 
0:08:14,@ChainsawVelvet,Tostadas
0:08:14,@liroeiko,TOSTADA
0:08:15,@Flowers-FIGURE123,HAHAHAH IM LAUGHING SO HARD
0:08:17,@DahliaDrawsDesign,Tostadas are the best
0:08:18,@Kakaokomanden,You tell them soulvester
0:08:20,@alcinaisMINE,Aww he so hungry
0:08:21,@leighmhgiel,Soulvester doesn't know what tostada is! :grinning_squinting_face:
0:08:21,@SuperCaptainFail,Dandy i love rodger so much hes so funny
0:08:24,@Billy-h1i,"mano un taco es solo carne, que es esa mierda"
0:08:28,@K1tkat_XD_offical,UH
0:08:31,@TheoM-t7d,Taco Tuesday
0:08:32,@THE_OR30_C4T,YES SOULVESTER :sweat_droplets::sweat_droplets::sweat_droplets: JUST A BIT LONGER
0:08:32,@TonyTheTalkingClock-DHMIS,YIPPIEEE
0:08:32,@I-am-cosmo22,Tostadas
0:08:34,@K1tkat_XD_offical,HOW IS THAT EVIL-
0:08:34,@Nightlyshadesofthenight,Oh
0:08:34,@sprouts-realwife,I LIKE TOSTADA
0:08:34,@newt4321,WHAT HAPPENED I WAS DOING DISHES
0:08:35,@alcinaisMINE,Its tostada friday
0:08:37,@jo3a548,cute
0:08:40,@Nightlyshadesofthenight,WAXWELL DOMT
0:08:40,@Finnthebow,SONN 
0:08:40,@SuperCaptainFail,TACO TUESDAY ITS FRIDAY BINCH
0:08:41,@ReuploadedYTmedia,:face_with_tears_of_joy::thumbs_up:
0:08:42,@Kakaokomanden,BRUTAL PLAN
0:08:42,@Cosmostrawberry,Why the fuck is soulvester hating on a tostada 
0:08:43,@Nightlyshadesofthenight,OH
0:08:43,@UngulaPropriaRQ,DONT BULLY GOOB
0:08:43,@Tamers12345MLP,Guess who just learned what a tostada is
0:08:45,@alcinaisMINE,Wait no stay for gourdy
0:08:45,@2DCautionSign,oh freaky
0:08:46,@jazzy_jays1,WTF
0:08:46,@ThatgirlELL3,Um
0:08:47,@pandafrenzy14,OMG
0:08:47,@HATKID4LIFEE,YO
0:08:47,@jo3a548,DAYUUUUUUUUUUUM
0:08:47,@jennythebean9117,Waxwell is evil
0:08:48,@TheoM-t7d,What the fuck?
0:08:48,@Finnthebow,AY YOO
0:08:48,@Billy-h1i,le sale mal o bien?
0:08:48,@K1tkat_XD_offical,what.
0:08:49,@pandafrenzy14,GOOB
0:08:49,@CheezenCrackerzz,GET SOULVESTER OUTTA THERE
0:08:49,@Nightlyshadesofthenight,OH SHII
0:08:50,@HATKID4LIFEE,COSMO CHILL
0:08:51,@theaombo,WHAT
0:08:52,@DeltaAviation_717,WHAOOOOOOOO
0:08:53,@Kakaokomanden,OH FUUUUUCK
0:08:53,@Billy-h1i,oh no hermano
0:08:53,@jennythebean9117,Gay
0:08:53,@Nightlyshadesofthenight,OMG
0:08:53,@jazzy_jays1,WOAHHHHHHHHHH
0:08:54,@Ice.Cream-P34Rls,OH SHI
0:08:54,@KekiToEKC,HELP
0:08:54,@UngulaPropriaRQ,OH DAMN
0:08:54,@kaysit.a,???
0:08:54,@applebloom2307,DOGGY
0:08:54,@alcinaisMINE,Why r u being a tsundere
0:08:55,@NubMcMoofin,:exploding_head::exploding_head:
0:08:56,@GetToElevator,I’m FUCKING READY!!
0:08:56,@pandafrenzy14,Ahah
0:08:57,@richietrejo-ramos2252,Uh-oh
0:08:57,@liroeiko,HOLYYY
0:08:57,@RenTheReckless,WOAH
0:08:58,@applebloom2307,DAM
0:08:59,@DeltaAviation_717,GET OUT
0:08:59,@ThatgirlELL3,AYO GOOB CHILL
0:08:59,@K1tkat_XD_offical,WHAT.
0:09:00,@Anajuliagomesdemorais,ayoooooooooooooooo
0:09:00,@OverDuskVZ,WHAT
0:09:00,@jazzy_jays1,NAHHHH
0:09:00,@fireejr15.5,AYO
0:09:01,@TheMTwinny,LMAO
0:09:01,@tawianna07,Dam
0:09:02,@CheezenCrackerzz,waxy my baby
0:09:02,@newt4321,damn
0:09:02,@OverDuskVZ,YOOOOO
0:09:03,@MinioMicha09,Stop
0:09:04,@theaombo,DAMN
0:09:04,@SofieSoftie239w9w,ACK
0:09:05,@Julian-vu9zb,born a hero hero
0:09:05,@leighmhgiel,Oh Goob is panting like a dog! :grinning_squinting_face:
0:09:05,@Peejaylew,.
0:09:05,@Jasminsalah-q2b,DAMN
0:09:05,@AaliyahMarin-p2v,:face-blue-wide-eyes:
0:09:05,@crazyartist1016,:face-turquoise-covering-eyes:
0:09:06,@fireejr15.5,W GOOB
0:09:06,@The_Moon_Nighty,HOLY MOLYY
0:09:08,@Nightlyshadesofthenight,GOOB:loudly_crying_face:
0:09:08,@alcinaisMINE,Woooahhh too far pal
0:09:08,@OverDuskVZ,HELP
0:09:09,@K1tkat_XD_offical,oh
0:09:11,@UngulaPropriaRQ,PUT A BRA ON DUDE 
0:09:11,@fireejr15.5,W GOOB
0:09:13,@Shivery,his scars :skull:
0:09:13,@ረዐሸሸቿሃሀቿረረ,YO
0:09:14,@CheezenCrackerzz,UHM
0:09:14,@OverDuskVZ,GOOB
0:09:14,@afghanitus,hot damn
0:09:14,@one_inamilllion79,Its getting HOT in HERE
0:09:14,@AlphaSleeper_89,WHAY THE HEL IM SOBBING
0:09:14,@UngulaPropriaRQ,THOSE THINGS ARE OBSCENE
0:09:15,@KekiToEKC,WAXWELL YOUR ARMS
0:09:16,@SuperCaptainFail,WOULDNT INK BOY JUST MELT IN THE WATER
0:09:17,@ChainsawVelvet,OWWW WAXWEL HAHA
0:09:17,@THE_OR30_C4T,WHAT DOES WAXWELL SH
0:09:17,@EzlanaSeay,OH HELL NO
0:09:17,@Kakaokomanden,poor waxwell
0:09:18,@user-silky-g4j,ooh ominous
0:09:18,@MinioMicha09,WOW I’M #3
0:09:21,@ረዐሸሸቿሃሀቿረረ,OH
0:09:21,@DahliaDrawsDesign,Sh scars
0:09:22,@Nightlyshadesofthenight,DANDY RUNNN
0:09:22,@cupcake-21-l2n,Oi
0:09:22,@ThatgirlELL3,Cosmo not again bro
0:09:23,@baldmcnosehair,woah...
0:09:23,@Billy-h1i,olvidé que Goob era básicamente un perro
0:09:23,@MinioMicha09,Uh
0:09:24,@applebloom2307,Based
0:09:24,@dsmnisUK,damn sh scars
0:09:25,@ረዐሸሸቿሃሀቿረረ,HOLY
0:09:25,@supaires,why does waxwwll have cuts I thought it was only astro and finn
0:09:26,@Finnthebow,DAM ASTRO
0:09:27,@alcinaisMINE,Put em away soulvester
0:09:27,@2DCautionSign,aw soulvester
0:09:29,@AaliyahMarin-p2v,:face-fuchsia-wide-eyes:
0:09:30,@THE_OR30_C4T,DOES WAXWELL SH???
0:09:31,@KekiToEKC,stupid Soulvester
0:09:31,@ረዐሸሸቿሃሀቿረረ,STAR cake
0:09:32,@AlphaSleeper_89,COSMO
0:09:33,@jo3a548,yay
0:09:33,@MinioMicha09,Awh shit
0:09:35,@tawianna07,I guess he liked the tostada
0:09:36,@CheezenCrackerzz,His arms
0:09:36,@Tamers12345MLP,@UngulaPropriaRQ There's no law saying a ghost can't show their ghost tits
0:09:36,@applebloom2307,"oooh, i likke this music"
0:09:37,@Billy-h1i,"oh no hermano, ese cosmo planea algo, otra vez"
0:09:38,@liroeiko,GET HIM COSMO GET HIM
0:09:39,@alcinaisMINE,MELODII LOOK
0:09:40,@AlphaSleeper_89,COSMOOO I LOVE UUU :3
0:09:42,@liroeiko,YEAHHHHHHH
0:09:42,@SomeKindOfCritter,Soul manspreading like he owns the place
0:09:42,@alcinaisMINE,LOOOK AT WAXWELLS
0:09:43,@OverDuskVZ,DANG SOULVESTER IS BUFF
0:09:45,@bulskoo5441,Where yatta
0:09:46,@theaombo,LOL
0:09:46,@CherryStar-q8q,:rainbow_flag: WAXWELL BE WHO YOU ARE:rainbow_flag:
0:09:48,@fireejr15.5,NO COSMO
0:09:48,@Finnthebow,AAAHH FINNXSHRIMPO
0:09:48,@MinioMicha09,TOODLES 
0:09:49,@leighmhgiel,Where is Yatta?
0:09:49,@liroeiko,GO COSMO GO
0:09:50,@AaliyahMarin-p2v,:face-blue-wide-eyes::face-blue-wide-eyes::face-blue-wide-eyes:
0:09:51,@moriorinvictus69,gourdy get away from him!
0:09:52,@ThatgirlELL3,Um
0:09:52,@jennythebean9117,Don’t split up
0:09:52,@Billy-h1i,"aaaa verdad, es Halloween"
0:09:53,@alcinaisMINE,Guatt
0:09:53,@gummy8440,Shrimpo is too busy filling that fish bowl to cause trouble so Waxwell is picking up the slack
0:09:53,@Tamers12345MLP,@THE_OR30_C4T Why wouldn't Waxwell sh? His life sucks
0:09:54,@liroeiko, I LOVE YOU COSMO
0:09:57,@liroeiko,YOU GOT THIS COSMO
0:09:58,@UngulaPropriaRQ,@Tamers12345MLP damn those pesky ghosts 
0:09:59,@jennythebean9117,Don’t do yall 
0:10:00,@Kakaokomanden,Astro is going to die now isn't he
0:10:01,@K1tkat_XD_offical,ohhh
0:10:03,@liroeiko,GO COSMO GOOOOO
0:10:07,@liroeiko,I LOVE COSMO
0:10:07,@AaliyahMarin-p2v,:cat-orange-whistling:
0:10:15,@SuperCaptainFail,shrimpo <3
0:10:18,@WarniTania,a
0:10:22,@Billy-h1i,este tacaño
0:10:25,@twoismybgg4lifeChinachinachina,AND I WENT HOME ERLY
0:10:25,@alcinaisMINE,gourdy and soulvester do not crack during the blackout dude haahhhhhh thatd be so sussy
0:10:26,@applebloom2307,bet he has polybus too
0:10:30,@user-silky-g4j,good job astro
0:10:30,@jennythebean9117,Soulyester don’t go
0:10:30,@ecampo123,Least corrupt mayor
0:10:32,@jo3a548,yayayaya
0:10:32,@THE_OR30_C4T,WAXWELL
0:10:33,@Billy-h1i,XD latinoamerica
0:10:36,@zen.ornamentbasket,dude im falling asleep ts bs is so borimh
0:10:36,@pandafrenzy14,TAMERS MAKE DANDY AND DYLE DATE KISS PLEASE 
0:10:38,@leighmhgiel,Yay!
0:10:38,@CheezenCrackerzz,WAXYYYYYY
0:10:38,@supaires,"nah tammers scraps life sucks, I'd do things to myself if I was this irrelevant"
0:10:41,@jo3a548,oh fuck
0:10:43,@2DCautionSign,oh god
0:10:43,@Billy-h1i,xd
0:10:44,@Finnthebow,AY YO
0:10:45,@Nightlyshadesofthenight,OH
0:10:45,@ThatgirlELL3,Oh shittings
0:10:47,@AaliyahMarin-p2v,:face-fuchsia-wide-eyes:
0:10:47,@CheezenCrackerzz,SMILE WAXWELL
0:10:48,@ThatgirlELL3,EW
0:10:48,@KekiToEKC,STOP
0:10:48,@Ice.Cream-P34Rls,?
0:10:49,@THE_OR30_C4T,YOOO WTF
0:10:50,@afghanitus,WHATTT LOL
0:10:50,@ረዐሸሸቿሃሀቿረረ,oh no
0:10:51,@liroeiko,HOLY
0:10:51,@applebloom2307,OOHH
0:10:52,@Anajuliagomesdemorais,brooooooooooo
0:10:52,@oxy_thebunny,:)
0:10:53,@Honestlyanobody,Soulvestor should already know what dandy's basement looks like
0:10:53,@THE_OR30_C4T,DIH
0:10:54,@sprouts-realwife,ew
0:10:55,@QualeekSabawu,"tamers, will sprout n cosmo do what they did to ASTRO to dandy?"
0:10:55,@OverDuskVZ,HELPPPP
0:10:55,@CheezenCrackerzz,YAYAYYA
0:10:55,@ChloeAnderson-f8i,LMSO
0:10:55,@newt4321,wtf
0:10:56,@Finnthebow,XD
0:10:56,@Nightlyshadesofthenight,WAZWELL
0:10:57,@ForgeLavaking,wth
0:10:58,@Billy-h1i,bruuhh
0:10:58,@MinioMicha09,Gourdy dead too
0:10:58,@moriorinvictus69,GOTEEM
0:10:58,@Kakaokomanden,Holy chad move
0:10:59,@kaysit.a,NOOOO
0:10:59,@W4FF13_offcial,Damn
0:10:59,@CheezenCrackerzz,YAYAY
0:10:59,@SomeKindOfCritter,can waxwell push Soul off ghe stairs
0:11:00,@DeltaAviation_717,OH SHITINGS
0:11:00,@M4TYZX,WHAT
0:11:01,@EzlanaSeay,NOOOO
0:11:03,@liroeiko,WHY IS SOULVESTER ALWAYS BRICKED 
0:11:04,@theaombo,damn
0:11:04,@SomeKindOfCritter,oh.
0:11:05,@jennythebean9117,Soul you on the registry m
0:11:05,@MirooMinoo,WTF WAS THAT
0:11:07,@Cosmostrawberry,wtf
0:11:07,@Shivery,Deserved
0:11:08,@K1tkat_XD_offical,OOOO
0:11:08,@Tamers12345MLP,@Honestlyanobody It's just dark
0:11:08,@CheezenCrackerzz,uhm
0:11:08,@richietrejo-ramos2252,NOOO
0:11:09,@ForgeLavaking,*dances the typa of shit
0:11:10,@MinioMicha09,DAM
0:11:11,@THE_OR30_C4T,OUHHH SHITTINGSS
0:11:13,@EzlanaSeay,OH NO WAXWELL
0:11:15,@Nightlyshadesofthenight,WAXWELL IS DEAD
0:11:16,@PoppinCornBaby,LMAO
0:11:16,@Kakaokomanden,Soulvester really is the best
0:11:17,@DahliaDrawsDesign,Yay it’s working!
0:11:17,@oxy_thebunny,:-P
0:11:22,@HATKID4LIFEE,IM WATCHING THIS WHILE ON THE TOILET
0:11:23,@DeltaAviation_717,IM BRICKED
0:11:23,@Nightlyshadesofthenight,scraps
0:11:25,@Nightlyshadesofthenight,…
0:11:25,@CheezenCrackerzz,WAXWELL BABY NOOO
0:11:25,@SuperCaptainFail,oh theyre dying tonight arent they
0:11:26,@Finnthebow,SON
0:11:27,@Pachuco_puppycorn,WAXWELL NO
0:11:29,@MinioMicha09,Nah bebeh toodles
0:11:30,@THE_OR30_C4T,WHATT
0:11:32,@ረዐሸሸቿሃሀቿረረ,when does goob beat scraps
0:11:32,@qxest1on,oh ok
0:11:32,@Tamers12345MLP,"Soulvestor isn't bricked, he's just naturally packing and he's wearing tight spandex"
0:11:33,@Kakaokomanden,lmao based scraps
0:11:34,@THE_OR30_C4T,SHRIMPO
0:11:34,@leighmhgiel,Oh no
0:11:35,@Nightlyshadesofthenight,SCRAPS
0:11:37,@ThatgirlELL3,OH??
0:11:37,@Billy-h1i,bruh
0:11:37,@tawianna07,Nooo gooooobb
0:11:38,@OverDuskVZ,HELP
0:11:38,@SomeKindOfCritter,shrimpo
0:11:39,@Katothefirst,IM GAY
0:11:40,@CheezenCrackerzz,WAXWELL ILYYY
0:11:41,@Pachuco_puppycorn,LEAVE GOOB ALONE
0:11:41,@OverDuskVZ,SCRAPS??
0:11:42,@richietrejo-ramos2252,Why?
0:11:43,@tawianna07,He’s gonna die
0:11:44,@THE_OR30_C4T,RODGER TAKE GOOB UP
0:11:45,@shadowmilkswifee,why is scraps so mean to goob :crying_face:
0:11:46,@liroeiko,OU SHII
0:11:46,@Nightlyshadesofthenight,OH
0:11:46,@Ceiling559,this dialogue is fire
0:11:48,@THE_OR30_C4T,TAKE DIHH
0:11:48,@EzlanaSeay,I'M SORRY 
0:11:49,@fate-thepotat0,EW
0:11:51,@NubMcMoofin,:saluting_face:
0:11:52,@EzlanaSeay,:cat-orange-whistling::cat-orange-whistling::cat-orange-whistling::cat-orange-whistling::cat-orange-whistling::cat-orange-whistling::cat-orange-whistling::cat-orange-whistling:
0:11:52,@qxest1on,yo wtf
0:11:52,@jennythebean9117,Gay 
0:11:52,@Billy-h1i,de alguna forma todos los episodios se conectan
0:11:54,@user-silky-g4j,wowww
0:11:55,@ThatgirlELL3,YUCK
0:11:55,@applebloom2307,Woof woof
0:11:56,@Billy-h1i,XD
0:11:56,@leighmhgiel,Why is he leashed?
0:11:57,@alcinaisMINE,I know goob hes into this
0:11:59,@newt4321,yo
0:11:59,@CheezenCrackerzz,LMAOOOOOO
0:12:00,@KekiToEKC,implying Toodles Is a boy
0:12:00,@SomeKindOfCritter,Finn there for emotional support
0:12:01,@Kakaokomanden,I like how Goob says that after dropping a log
0:12:02,@ThatgirlELL3,OMG?
0:12:02,@ረዐሸሸቿሃሀቿረረ,LOL
0:12:02,@AlphaSleeper_89,When waxwell’s life is in jeopardy I am smiling
0:12:02,@2DCautionSign,OHNO
0:12:02,@EzlanaSeay,WHA
0:12:03,@fireejr15.5,I WANNA LEASH GOOB
0:12:04,@Finnthebow,DANGG
0:12:04,@embracedeceitt,OH?
0:12:04,@supaires,they're enjoying the view
0:12:04,@OverDuskVZ,HELPPP
0:12:05,@NubMcMoofin,:exploding_head::exploding_head::exploding_head:
0:12:05,@Nightlyshadesofthenight,OMG
0:12:06,@theaombo,DAMN
0:12:06,@RenTheReckless,yumm
0:12:06,@scarlethorse5391,YOOOOOOOOOOOO
0:12:07,@raddyThedemonredALEX,I fucking knew it
0:12:07,@Nightlyshadesofthenight,NO
0:12:07,@Billy-h1i,pero que?
0:12:08,@KekiToEKC,NOOO
0:12:08,@UngulaPropriaRQ,damn that's crazy
0:12:09,@Shivery,AAAA
0:12:10,@alcinaisMINE,Not cool dude not in the middle of a shit
0:12:10,@jennythebean9117,Goob was right 
0:12:10,@applebloom2307,yo
0:12:10,@SomeKindOfCritter,OH MY GODF
0:12:10,@MinioMicha09,Uhm
0:12:10,@ረዐሸሸቿሃሀቿረረ,OH MY GOSH
0:12:11,@qxest1on,woah
0:12:11,@2DCautionSign,woah
0:12:11,@NicolAldea,nooo
0:12:12,@TheMTwinny,UH
0:12:12,@Nightlyshadesofthenight,NOOOOOO FINNNN
0:12:12,@QualeekSabawu,NÒOOOO
0:12:12,@supaires,NO
0:12:13,@CheezenCrackerzz,uhm
0:12:13,@ThatgirlELL3,OMG?!!
0:12:13,@liroeiko,YEAH COSMOOOO
0:12:14,@Kakaokomanden,OH NO
0:12:14,@newt4321,ouch
0:12:14,@Tamers12345MLP,Goob has to wear a leash so he doesn't run
0:12:14,@Cosmostrawberry,COSMOOOOO
0:12:15,@Shivery,Deserved
0:12:15,@Laceshelf,LMAO?
0:12:15,@Billy-h1i,oh no hermano
0:12:16,@sophia_gamer12345,Damn
0:12:16,@theaombo,DAMN
0:12:16,@KekiToEKC,Danganronpa
0:12:16,@fireejr15.5,NOOOOO
0:12:17,@OverDuskVZ,NOOOOOOOOOOO
0:12:17,@AlphaSleeper_89,COSMOOOOOO
0:12:17,@raddyThedemonredALEX,I fcking knew it
0:12:17,@THE_OR30_C4T,OMG NAUR
0:12:17,@liroeiko,YEAAHHEEHAHEAA
0:12:18,@QualeekSabawu,gooooob
0:12:18,@Nightlyshadesofthenight,SCRAPSSSS
0:12:18,@kaysit.a,OH MY OSH
0:12:18,@applebloom2307,DAM 
0:12:18,@fate-thepotat0,Miku said thatNeru said thatLuka said thatMEIKO said thatKaito said thatGumi said thatYi xi said thatIA said thatYuki said thatFeng said thatKafu said thatUna said thatSekai said thatKevin said that
0:12:18,@NicolAldea,nooo
0:12:19,@jo3a548,oh fuck
0:12:19,@jazzy_jays1,OMG
0:12:19,@DahliaDrawsDesign,HOLY SHIT
0:12:19,@user-silky-g4j,woww
0:12:19,@NubMcMoofin,:face_holding_back_tears::face_holding_back_tears:
0:12:20,@Ili.The.Raccoon1457,GOOB
0:12:20,@liroeiko,GOOD COSMO
0:12:20,@one_inamilllion79,uh ohhhhhhh
0:12:20,@Fortnitebros677,BRO WHAT IS HAPPENING 
0:12:21,@CherryStar-q8q,OH DANG
0:12:21,@alcinaisMINE,leave my sons ALONE
0:12:21,@EzlanaSeay,COSMO OH NY GOD
0:12:21,@fireejr15.5,:face-blue-wide-eyes::face-blue-wide-eyes::face-blue-wide-eyes:
0:12:22,@Pachuco_puppycorn,GOOB NOOOOOOOOOOOOOOOO
0:12:23,@ForgeLavaking,Cosmo did İY
0:12:23,@jo3a548,OH FUCK
0:12:23,@maxzachback,looks like a danganronpa death scene
0:12:24,@alcinaisMINE,OWOWWJE
0:12:24,@ThatgirlELL3,EW
0:12:24,@liroeiko,GOOD JOB COSMO
0:12:25,@W4FF13_offcial,Co/‘O
0:12:25,@Nightlyshadesofthenight,EW
0:12:25,@OverDuskVZ,NOOOOOOOOOOOOO
0:12:25,@Nox_Atra,bro killing everyone XD
0:12:25,@jo3a548,DAYUUUUUUUUM
0:12:25,@applebloom2307,Murder mysteryyyyy
0:12:26,@ivyysflowergarden,YES COSMO
0:12:26,@alcinaisMINE,OUHHG
0:12:26,@liroeiko,I LOVE COSMO
0:12:26,@ረዐሸሸቿሃሀቿረረ,YOOOOO NAHHH
0:12:26,@raddyThedemonredALEX,tamers I fucking knew it
0:12:26,@Finnthebow,WHATT
0:12:26,@Ice.Cream-P34Rls,OMG
0:12:27,@Shivery,NOOO
0:12:27,@fireejr15.5,:face-blue-wide-eyes::face-blue-wide-eyes::face-blue-wide-eyes:
0:12:27,@Peejaylew,GOOBLO
0:12:27,@SomeKindOfCritter,WHAT IN THE DANGANRONPA DEATH REVEAL
0:12:27,@EzlanaSeay,OH SHOTTTTTT
0:12:27,@QualeekSabawu,WHY TAMERS WHY
0:12:27,@The_Moon_Nighty,BAHAHAHA HELP :loudly_crying_face::loudly_crying_face::loudly_crying_face:
0:12:27,@MinioMicha09,HOLY
0:12:28,@CheezenCrackerzz,FINN
0:12:28,@2DCautionSign,HELLO
0:12:28,@DahliaDrawsDesign,COSMOOOOOOO
0:12:29,@SigmaRizz-du1cc,IK YALL LEAVE
0:12:29,@NicolAldea,what
0:12:29,@misakayy1911,uh oh
0:12:29,@juanbanuelos1014,GORDY AY YOOOOOO
0:12:30,@THE_OR30_C4T,WHttt
0:12:30,@Billy-h1i,pero que?
0:12:30,@Katothefirst,YOOOOOOOOOOO
0:12:31,@pandafrenzy14,YO
0:12:31,@NubMcMoofin,:frowning_face_with_open_mouth:
0:12:31,@alcinaisMINE,SUSYS
0:12:31,@UngulaPropriaRQ,GOURDY STOP THAT SHIT 
0:12:32,@Tamers12345MLP,If Goob is given absolute freedom Goob will put eithe rhimself or others in danger
0:12:32,@supaires,HELLLLLL NOOO
0:12:32,@abread369,NO STOP IT
0:12:33,@ThatgirlELL3,OH HELL NO
0:12:33,@dsmnisUK,nooo
0:12:33,@Fortnitebros677,I GOT SO SCARED BRO
0:12:33,@RenTheReckless,BRO
0:12:33,@abread369,STOP IT
0:12:34,@EzlanaSeay,OH HELL NO
0:12:34,@THE_OR30_C4T,HELL NAH
0:12:34,@theaombo,HHH|UHHHH
0:12:34,@afghanitus,NO LOLLLLL NOOOOO
0:12:34,@jennythebean9117,Oh no :worried_face: 
0:12:34,@alcinaisMINE,SUPER SUSSY
0:12:34,@pandafrenzy14,OMG
0:12:34,@W4FF13_offcial,GOURDY
0:12:35,@ivyysflowergarden,GOOD JOB COSMO
0:12:35,@Sir_punsalot,NOOOOOOO
0:12:35,@Pillow_fabrics,interesting
0:12:35,@DeltaAviation_717,GOURDY WHY
0:12:35,@Ihnele,WE'RE SO BACK
0:12:35,@2DCautionSign,Ohhhh
0:12:36,@newt4321,oh
0:12:36,@abread369,MAKE IT STOP
0:12:36,@Pachuco_puppycorn,NO GOOB
0:12:36,@ረዐሸሸቿሃሀቿረረ,OH
0:12:36,@CheezenCrackerzz,NO FINN
0:12:37,@OverDuskVZ,YO
0:12:36,@sprouts-realwife,EWWWW
0:12:37,@ThatgirlELL3,Oh
0:12:37,@liroeiko,COSMO
0:12:38,@maxzachback,AYOOO SUSSY
0:12:39,@Sir_punsalot,oh okay
0:12:39,@OverDuskVZ,WHAT
0:12:40,@bulskoo5441,chris hansen help me
0:12:40,@fireejr15.5,:face-orange-raised-eyebrow::face-orange-raised-eyebrow:
0:12:40,@afghanitus,phew
0:12:40,@qxest1on,STOP
0:12:41,@kaysit.a,LMAO
0:12:41,@maxzachback,oh
0:12:41,@applebloom2307,YESYESYES
0:12:42,@jennythebean9117,Oh
0:12:42,@OverDuskVZ,AYOOOOOOO
0:12:42,@Katothefirst,GOURDY CHILLL
0:12:42,@theaombo,oh
0:12:42,@EzlanaSeay,OHHH EWWWWWWW
0:12:43,@KekiToEKC,OMFG
0:12:43,@Pachuco_puppycorn,GOURDY STOP.
0:12:43,@Ice.Cream-P34Rls,HELL NO
0:12:43,@alcinaisMINE,SO FREAKING DUN
0:12:44,@raddyThedemonredALEX,YEAH
0:12:44,@sprouts-realwife,no no
0:12:44,@DahliaDrawsDesign,GET THEM COSMO NOW!
0:12:44,@THE_OR30_C4T,UM
0:12:44,@fate-thepotat0,OMG SOULVESTER IS A PDF
0:12:45,@Tiffany-kat09,LMAO
0:12:45,@pandafrenzy14,BAHAHHA
0:12:45,@applebloom2307,YESYESYESYES 
0:12:46,@DeltaAviation_717,OH IM DIRTY MINDING
0:12:46,@TamikaKing-s2l,hi
0:12:46,@c0sn_ow,YAYY COSMO
0:12:47,@jazzy_jays1,GOURDY NOOOOOO
0:12:48,@OverDuskVZ,OH
0:12:49,@CheezenCrackerzz,COSMO DONT KILL WAXWELL
0:12:50,@swearwerds,WAS THAT COSMO!?
0:12:50,@jazzy_jays1,Oh.
0:12:50,@Nightlyshadesofthenight,GROUDY LEAVE SOULVESTER AND RUNNNN
0:12:50,@ረዐሸሸቿሃሀቿረረ,UH OH
0:12:51,@Cutegirlypoplana,Oop
0:12:51,@raddyThedemonredALEX,YOL
0:12:51,@AaliyahMarin-p2v,:face-red-droopy-eyes:
0:12:51,@OverDuskVZ,JAJJAJAJA
0:12:51,@fireejr15.5,OH HELL NAH
0:12:51,@Gooberlicious-pm,Ohhh ok
0:12:52,@SomeKindOfCritter,MONEY BEHIND YOU TAKE EVERYTHING
0:12:52,@2DCautionSign,uh ohhh
0:12:52,@alcinaisMINE,LET THEM CRACK
0:12:52,@EzlanaSeay,YES
0:12:53,@liroeiko,GET THEM COSMO
0:12:53,@theaombo,RUN
0:12:55,@theaombo,RUN
0:12:55,@jo3a548,OH FUCK
0:12:56,@EzlanaSeay,ONLY THAT
0:12:57,@Nightlyshadesofthenight,OMG
0:12:57,@Billy-h1i,oye y la espada?
0:12:58,@qxest1on,oh
0:12:58,@ThatgirlELL3,OH IT COSMO AND SPROUT?
0:13:00,@applebloom2307,Oh
0:13:00,@richietrejo-ramos2252,RUN
0:13:00,@fate-thepotat0,DR DISTRISPECT
0:13:01,@RenTheReckless,They obviously meant arcade games
0:13:02,@liroeiko,and sprout ig
0:13:02,@alcinaisMINE,NOW MISS
0:13:03,@JordanSmith-z9g,Pumpkin kid why are you touching ancient ghost look behind you strawberry boy isn’t in front of you pumpkin kid
0:13:02,@newt4321,my eyes
0:13:04,@alcinaisMINE,KISS
0:13:04,@jennythebean9117,Run pumpkin baby
0:13:05,@mexfinncanonilovefinnhehe,FINN :loudly_crying_face:
0:13:06,@W4FF13_offcial,Oh 
0:13:06,@Pachuco_puppycorn,LEAVE GOURDY ALONE
0:13:07,@ivyysflowergarden,SPROUT
0:13:09,@2DCautionSign,BRO
0:13:09,@ThatgirlELL3,What?!
0:13:09,@jazzy_jays1,BOY RUNNNNN
0:13:09,@EzlanaSeay,OH HELL NO
0:13:10,@alcinaisMINE,RHEYRE GONNA BE THE SUSSY COUPLE
0:13:12,@alcinaisMINE,PLEASE
0:13:12,@UngulaPropriaRQ,WHAT THE FUCK DUDE 
0:13:12,@MinioMicha09,FUH
0:13:13,@leighmhgiel,Oh no
0:13:13,@Katothefirst,uh oh
0:13:14,@NubMcMoofin,:frowning_face_with_open_mouth::frowning_face_with_open_mouth:
0:13:15,@EzlanaSeay,NOOOOOO
0:13:15,@alcinaisMINE,PLEASE DUDE
0:13:15,@maxzachback,shhhh
0:13:16,@SomeKindOfCritter,THE SAME ROLLING PIN FROM LAST TIME
0:13:16,@supaires,no
0:13:16,@Billy-h1i,xddddddd
0:13:16,@TheMTwinny,NO DON'T 
0:13:16,@embracedeceitt,HOLY SHIT FLAMEKNIGHT???
0:13:17,@StarlitGato,girl
0:13:17,@DeltaAviation_717,BRUH WHO SAID LET GOURDY HOP ON IT
0:13:17,@UngulaPropriaRQ,DUDE SHUT UP
0:13:17,@ረዐሸሸቿሃሀቿረረ,YO WHAT
0:13:17,@ivyysflowergarden,I SAW HIS FEET
0:13:18,@freynoso47,HELP
0:13:18,@Nightlyshadesofthenight,GOURDY LEAVE SOULVESTER SAVE YOURSELF 
0:13:18,@zen.ornamentbasket,no
0:13:18,@Pillow_fabrics,WHAT
0:13:18,@Cosmostrawberry,OH HELLL NOOO
0:13:19,@Pachuco_puppycorn,LEAVE THE PUMPKIN BABY ALONE
0:13:20,@W4FF13_offcial,GOURDY NO
0:13:22,@CheezenCrackerzz,COSMO GET EM
0:13:22,@Purogaming12,"Oh no, LOL"
0:13:22,@alcinaisMINE,TEST IT
0:13:23,@THE_OR30_C4T,WHATT
0:13:23,@MinioMicha09,Gourdy had 1 stealth btw 
0:13:23,@KekiToEKC,SHUT UP
0:13:23,@fate-thepotat0,"Looey is a yellow balloon creature with mismatched green and purple balloon ears, cheeks, and limbs. He wears a white half-turtleneck shirt with a green and purple polka-dot pattern and has a yellow b"
0:13:24,@qxest1on,uh no
0:13:24,@jennythebean9117,Noooooo
0:13:24,@supaires,NONONONONO
0:13:25,@ረዐሸሸቿሃሀቿረረ,WHATTT
0:13:26,@Cosmostrawberry,STOP
0:13:26,@atable2395,CRACK HIM SOULVESTER
0:13:26,@OverDuskVZ,HELP??
0:13:27,@applebloom2307,ehhhhhhh i dunno abou that
0:13:27,@THE_OR30_C4T,WHAT THE FUCK
0:13:27,@2DCautionSign,bruh
0:13:27,@Nightlyshadesofthenight,EWWWW
0:13:28,@TheMTwinny,NOOOOOOOOOOOOOOOOO
0:13:28,@freynoso47,NOOOOOO
0:13:29,@leighmhgiel,Oh no
0:13:29,@ThatgirlELL3,NO NO NO NO
0:13:29,@qxest1on,NO
0:13:29,@Nox_Atra,LMAO 
0:13:30,@SuperCaptainFail,"""THAT IS GOOD"""
0:13:31,@alcinaisMINE,DUDE IM BEGGING CRACK
0:13:31,@Food_saysfuck,LMAFO
0:13:32,@KekiToEKC,SHUT UP SOULVESTER
0:13:32,@kaysit.a,LOL
0:13:32,@UngulaPropriaRQ,SOULVESTER PLEASE STOP
0:13:33,@Purogaming12,NOOOO
0:13:33,@OverDuskVZ,SOULVESTER SHUT UP
0:13:34,@alcinaisMINE,FUCKKKK
0:13:34,@supaires,WJAT THE HELL
0:13:35,@EzlanaSeay,Do WHAT?
0:13:35,@StarlitGato,HELPAPDF
0:13:35,@okuriinu8489,smh
0:13:36,@Nightlyshadesofthenight,HES
0:13:36,@fate-thepotat0,YESS
0:13:36,@tawianna07,Noooo
0:13:36,@applebloom2307,YESYES
0:13:36,@Tamers12345MLP,"Soulvestor will go to the gardenview salt mines soon, don't worry"
0:13:36,@Billy-h1i,xddddddd oe soulvester no te pases
0:13:37,@THE_OR30_C4T,NAHHH
0:13:37,@applebloom2307,YES
0:13:37,@kaysit.a,ILOVEIT
0:13:37,@jennythebean9117,Based
0:13:38,@applebloom2307,YES
0:13:40,@fate-thepotat0,LMAO
0:13:40,@liroeiko,GOOD SPROUT
0:13:40,@SwiftyTheStickGuy,They gotta kill Soulvester
0:13:40,@sprouts-realwife,bro
0:13:40,@SomeKindOfCritter,bro shut up Soul
0:13:41,@Nightlyshadesofthenight,THANK YOU COMSO
0:13:41,@alcinaisMINE,SPROUT WHAT THE FUVK
0:13:41,@MinioMicha09,Rwwwt
0:13:42,@newt4321,ouch
0:13:42,@EzlanaSeay,THAT IS GOOD?
0:13:43,@okuriinu8489,GET EM YES
0:13:44,@liroeiko,YEAHHHHH
0:13:44,@NubMcMoofin,:disappointed_face:
0:13:44,@Nightlyshadesofthenight,OH NO
0:13:44,@applebloom2307,Aw. 
0:13:45,@supaires,I know tamers is giggling behind the screen
0:13:46,@raddyThedemonredALEX,HOLY SHIT
0:13:46,@tawianna07,Bro got dragged
0:13:46,@Laceshelf,LMAO
0:13:47,@fate-thepotat0,TYSM
0:13:47,@pandafrenzy14,NOOO
0:13:47,@Billy-h1i,"bueno, no hubo rico rico"
0:13:47,@alcinaisMINE,NOT COOL DUDE NOT COOL
0:13:48,@W4FF13_offcial,NAUR
0:13:48,@afghanitus,diddyvester
0:13:49,@ivyysflowergarden,YES
0:13:49,@liroeiko,THANK COSMO EVERYONE
0:13:49,@Imanna012,WTH LMAOO?
0:13:49,@EzlanaSeay,FUCK 
0:13:50,@M1stakerCh01ce,what the
0:13:51,@supaires,bro sprout did that to a child
0:13:51,@liroeiko,THANK COSMO
0:13:52,@Pachuco_puppycorn,RUN BABY
0:13:52,@richietrejo-ramos2252,NOO!!!
0:13:53,@Nightlyshadesofthenight,LOLOLOL
0:13:53,@TheMTwinny,THE KNIGHT DUDE DESERVED IT
0:13:53,@jo3a548,krabs
0:13:55,@Shivery,Mr Krabs walk
0:13:55,@bulskoo5441,pull not push
0:13:56,@Nightlyshadesofthenight,NO DANDY
0:13:56,@AlphaSleeper_89,Why are you guys cheering for Soulvester y’all are nasty as shit :crying_face:
0:13:57,@DahliaDrawsDesign,Dam the child too
0:13:57,@UngulaPropriaRQ,lmfao 
0:13:57,@Finnthebow,Wheres soulvesters sword
0:13:58,@applebloom2307,i want shoutacon
0:13:58,@fireejr15.5,GOURSDYYYYY
0:13:58,@GREMLINWATER,OH SHIT IM HERE
0:13:59,@ረዐሸሸቿሃሀቿረረ,wait wouldnt dandy win because the toons cant die
0:14:00,@RenTheReckless,"Oh, it's Seedly. How didn't I realize"
0:14:01,@THE_OR30_C4T,TAMERS GO TORTURE SOULVESTER
0:14:02,@jennythebean9117,Mr Krabs
0:14:02,@EzlanaSeay,HAAHHAAHAHHAAHHA
0:14:02,@GREMLINWATER,yooooo
0:14:03,@leighmhgiel,Krabs walking SFX lol
0:14:04,@richietrejo-ramos2252,WHY BABY DEAD??!
0:14:04,@CheezenCrackerzz,ahh
0:14:07,@DeltaAviation_717,DAMN GOURDY
0:14:07,@Tamers12345MLP,@Finnthebow Soulvestor'
0:14:10,@misakayy1911,LMAO
0:14:13,@M4TYZX,HOLY POOP
0:14:13,@applebloom2307,oh dam#
0:14:14,@Tamers12345MLP,@Finnthebow Soulvestor's sword is up his ass
0:14:14,@SonataDidIt,Lol
0:14:15,@asimpleuser8570,I wonder if Tamers laughs at his own creations while making them
0:14:16,@starcoIIar,this is just like until dawn
0:14:16,@HATKID4LIFEE,COSMO AINT PLAYING 
0:14:16,@Hikarian01,im pent up
0:14:16,@freynoso47,GET THAT DWEEB
0:14:17,@THE_OR30_C4T,OUU SHII
0:14:17,@Shivery,Lol
0:14:20,@Finnthebow,:loudly_crying_face:
0:14:21,@UngulaPropriaRQ,OH SHIT
0:14:21,@Kakaokomanden,OH NO
0:14:22,@alcinaisMINE,"i mean, Gourdys still warm"
0:14:22,@jennythebean9117,:skull:
0:14:22,@applebloom2307,LOL
0:14:22,@Haisjee,lol
0:14:23,@dsmnisUK,LMAO
0:14:23,@jo3a548,oh fuck
0:14:25,@Cosmostrawberry,I’m crine
0:14:26,@Nightlyshadesofthenight,that are so dead
0:14:26,@EzlanaSeay,RUINED LIFE?
0:14:26,@atable2395,"Hmmm,"
0:14:26,@NubMcMoofin,:exploding_head:
0:14:27,@Pachuco_puppycorn,LOL
0:14:27,@liroeiko,YEH COSMO
0:14:28,@richietrejo-ramos2252,lol
0:14:28,@CheezenCrackerzz,WAXWELL NOOOOOOOOOOOOO
0:14:29,@KekiToEKC,oh
0:14:29,@liroeiko,YEHAHHHHHH
0:14:30,@M4TYZX,COSMO AINT PLAYINNNNNN
0:14:31,@user-silky-g4j,yayyy
0:14:31,@MinioMicha09,Dawg
0:14:31,@FajrianNoor-y8j,NOOOOOOO!
0:14:31,@leighmhgiel,Oh no.
0:14:33,@c0sn_ow,FRUITCAKE
0:14:33,@pandafrenzy14,MAKE DYLE AND DANDY DATE AGAIN PLEASE TAMERSSSS
0:14:33,@applebloom2307,Ooooooo
0:14:34,@fate-thepotat0,WHY IA COSMO CHOPPED
0:14:34,@Billy-h1i,"XD, no mano, otra vez"
0:14:35,@jazzy_jays1,NOOOOO
0:14:35,@liroeiko,GOOD JOB COSMO
0:14:35,@_Lilly_0o0,GORDY IS A CHILD BRO
0:14:35,@theaombo,FIGHT
0:14:36,@THE_OR30_C4T,WHY IS SOMEONE FUCKING PENT UP
0:14:38,@TheMTwinny,TOXIC YAOI ALERT
0:14:39,@ThatgirlELL3,DAMN
0:14:39,@liroeiko,I'M SO HAPPY
0:14:40,@tawianna07,Dandy looks so pissed off bro
0:14:41,@theaombo,FIGHT
0:14:42,@raddyThedemonredALEX,i'm fucing giggling so bad
0:14:43,@jennythebean9117,Shit
0:14:43,@CheezenCrackerzz,DAMN YOU COSMO
0:14:43,@fate-thepotat0,CHOPPED COSMOOO
0:14:43,@Pachuco_puppycorn,NOOOOOO NO NOT RODGER
0:14:44,@theaombo,FIGHT
0:14:44,@MinioMicha09,Toodles NO
0:14:46,@ረዐሸሸቿሃሀቿረረ,DANDY BEAT THEIR AH
0:14:46,@CherryStar-q8q,PRETTY BOY COSMO
0:14:46,@EzlanaSeay,BRO
0:14:46,@Cutegirlypoplana,Nooo gourdy
0:14:47,@liroeiko,NGHHHH GOOMING
0:14:48,@supaires,there's 3 of you JUMP THEM
0:14:49,@joaquinperez4830,what the helly
0:14:50,@liroeiko,I LOVEEEE COSMO
0:14:51,@Pachuco_puppycorn,NO NOT RODGER NO
0:14:53,@Cosmostrawberry,COSMO AND SPROUT GET EM
0:14:54,@Billy-h1i,activen los poderes causaasss
0:14:54,@alcinaisMINE,Not cool guys ur just jealous gourdy and soulvester are a healthier couple than you :woman_facepalming::woman_facepalming:
0:14:55,@SomeKindOfCritter,bro they killing everyone with each episode lately what's happening.
0:14:55,@juanbanuelos1014,ITS TIME FOR A DEATG BATTLE!!!!!
0:14:55,@MinioMicha09,Ay toodles no
0:14:55,@EzlanaSeay,ASTRO RUN 
0:15:00,@fireejr15.5,Care Package and Apple Bottoms
0:15:00,@richietrejo-ramos2252,MURDER!!
0:15:01,@newt4321,fight
0:15:01,@liroeiko,NGHHHH
0:15:02,@KekiToEKC,STOP COSMO
0:15:02,@FajrianNoor-y8j,:shelterin:
0:15:03,@CherryStar-q8q,I LOVE TWISTED COSMO SO MUCH I'M SO HAPPY
0:15:03,@_Lilly_0o0,LMFAOAOAOOA
0:15:04,@DeltaAviation_717,DANDY RUN AND CRACK ASTRO THEN BEAT SPROUT
0:15:05,@ThatgirlELL3,IDK WHY IM CRINGING
0:15:05,@Laceshelf,Dandy is always right
0:15:05,@Haisjee,tostadas:drooling_face::drooling_face::drooling_face::drooling_face:
0:15:06,@JaydenTheLover,TAMERS I LOVE YOU.
0:15:06,@EzlanaSeay,YOU CAN'T GET HIT TOO
0:15:08,@liroeiko,COSMO I'M BRICKED
0:15:08,@applebloom2307,I would be too though
0:15:09,@jennythebean9117,I want some flat tacos 
0:15:09,@jo3a548,OH SHIT
0:15:10,@Pachuco_puppycorn,OUT OF EVERYONE THAT COULD'VE DIED WHT RODGER :crying_face::crying_face::crying_face::crying_face::crying_face::crying_face::broken_heart::broken_heart::broken_heart::broken_heart::broken_heart:
0:15:11,@Finnthebow,DAM
0:15:11,@Thegoobb,ASTRO WIN FOR ME
0:15:12,@davidroy9958,cosmo is hie
0:15:13,@dwaynereid8166,:virtualhug:
0:15:16,@supaires,nevermind
0:15:17,@kaysit.a,"I really love your videos, tamers, they make me feel better when I'm feeling like shit."
0:15:18,@swearwerds,TETO imean DANDY GET HIM!
0:15:19,@Finnthebow,there just killing everyone
0:15:21,@shadowmilkswifee,GO COSMO
0:15:21,@liroeiko,COSMO IS SOOOO GOONWORHY
0:15:21,@okuriinu8489,did cosmo forget he almlost died to twisted dandy
0:15:21,@Fortnitebros677,Why do sprout and Cosmo acting like there in a edgy femboy omega-verse fanfic:wilted_flower:
0:15:21,@jennythebean9117,Oh no
0:15:22,@Billy-h1i,activen los poderes mano
0:15:23,@Nightlyshadesofthenight,FUCK
0:15:23,@Cosmostrawberry,GET THEM
0:15:25,@theaombo,lamo
0:15:26,@Peejaylew,D
0:15:26,@liroeiko,GO COSMO GO
0:15:26,@TheMTwinny,MAKE LIKE A BANAN AND PEEL OUT
0:15:28,@THE_OR30_C4T,CRACK
0:15:28,@JaydenTheLover,TAMERS
0:15:29,@Nightlyshadesofthenight,OMG ASTRO
0:15:29,@liroeiko,I LOVE YOU COSMO
0:15:30,@Billy-h1i,XD tremendo ataque a distancia
0:15:31,@jo3a548,OH SJIT
0:15:32,@liroeiko,YEHHHHHH
0:15:33,@JaydenTheLover,I LOVE YOU PLEASE
0:15:33,@CheezenCrackerzz,SHUT UP DANDY
0:15:35,@bulskoo5441,sonic damage...
0:15:35,@SuperCaptainFail,ASTRO NOOOOOOOOOO
0:15:36,@NubMcMoofin,:frowning_face_with_open_mouth:
0:15:36,@ረዐሸሸቿሃሀቿረረ,NO
0:15:36,@DahliaDrawsDesign,Astros TraMau
0:15:36,@alcinaisMINE,Astro can handle it hes used to it
0:15:37,@Cosmostrawberry,YESSS
0:15:37,@OverDuskVZ,HELPP
0:15:37,@Nightlyshadesofthenight,NO
0:15:38,@jennythebean9117,:worried_face: 
0:15:39,@Purogaming12,NOOOO ASTRO
0:15:40,@Peejaylew,NO
0:15:42,@KekiToEKC,ASTRO ALWAYS SUFFERING
0:15:42,@Ili.The.Raccoon1457,ASTRO
0:15:42,@Nightlyshadesofthenight,SPROUT
0:15:43,@Julian-vu9zb,this has to be a dream
0:15:44,@supaires,astro I swear to God
0:15:45,@GetToElevator,Oh ShIT
0:15:45,@Nightlyshadesofthenight,NO
0:15:45,@Katothefirst,Cosmo kinda baddass right now
0:15:46,@leighmhgiel,"Oh no, not again!"
0:15:46,@Pachuco_puppycorn,ASTRO NO
0:15:47,@Cosmostrawberry,GET EMMMM
0:15:48,@jo3a548,use your powers astro
0:15:48,@Nightlyshadesofthenight,ASTRO NOOO
0:15:49,@atable2395,:washhands::washhands::washhands:
0:15:50,@Laceshelf,STOP BLUSHING
0:15:50,@Ili.The.Raccoon1457,ASTRO NOO
0:15:50,@2DCautionSign,NOO ASTROO
0:15:51,@Laceshelf,OMG
0:15:51,@EzlanaSeay,BRO
0:15:52,@Tea_Teasr,NOOOO
0:15:52,@Pachuco_puppycorn,NOOO NOT ASTRO
0:15:53,@THE_OR30_C4T,ITS OK HES USED TO ICHOR EXTRACTIONS
0:15:53,@richietrejo-ramos2252,help Astro!!
0:15:53,@Peejaylew,UH OH
0:15:54,@alcinaisMINE,Noo hes twister
0:15:54,@ParkerDoodlesThings,I HAVE TO WATCH AN ADD
0:15:55,@lazyshiiba,ASTRO NO
0:15:55,@sprouts-realwife,yes gere he comes
0:15:56,@Imanna012,ASTRO OML
0:15:57,@JaydenTheLover,oh.
0:15:58,@Nightlyshadesofthenight,HES NOT LYING
0:15:58,@SuperCaptainFail,STOP HURTING HIM
0:15:59,@2DCautionSign,MY BOYY
0:15:59,@NubMcMoofin,:face_holding_back_tears:
0:16:00,@KekiToEKC,is he into that
0:16:01,@Pachuco_puppycorn,LEAVE HIM ALONE PLEASE
0:16:01,@Tamers12345MLP,@alcinaisMINE Yeah Astro is used to having things going in and out of his eyes
0:16:02,@DeltaAviation_717,ASTRO
0:16:02,@rIGHVOLTAGE-37,eye contact tho?
0:16:02,@ParkerDoodlesThings,WHAT AM I MISSING
0:16:02,@newt4321,stop blushing astro
0:16:02,@TheMTwinny,HAPPY HALLOWEEN
0:16:03,@MinioMicha09,Why are blushing
0:16:03,@Tea_Teasr,NOT AGAIN FROM MANY EPSIOPES NOW THIS
0:16:03,@ReuploadedYTmedia,God dang
0:16:03,@jo3a548,oh fuck
0:16:04,@Shivery,Why does Astro gets the worse!? 
0:16:05,@jennythebean9117,He ain’t lying 
0:16:05,@pandafrenzy14,THE ICHOR AND THE FINGER
0:16:06,@richietrejo-ramos2252,:loudly_crying_face::loudly_crying_face::loudly_crying_face::folded_hands::folded_hands::folded_hands:
0:16:06,@Billy-h1i,"sip, eso ya es un fetiche"
0:16:07,@jo3a548,DO SOMETHINJG
0:16:07,@leighmhgiel,Cosmo is EVIL
0:16:07,@EludiesaAlberto,NOOOOOOO MY BABY'S Y/N
0:16:07,@raddyThedemonredALEX,his blushinv
0:16:08,@atable2395,ASTRO NUAR
0:16:09,@applebloom2307,this is like when you dont give Mion the doll
0:16:10,@MinioMicha09,Ew
0:16:11,@Peejaylew,OH HSIT
0:16:11,@THE_OR30_C4T,ITS OK HES USED TO ICHOR EXTRACTIONS
0:16:11,@Nightlyshadesofthenight,DANDY DO SOMETHING 
0:16:11,@SomeKindOfCritter,oh their roles got turned around huh
0:16:11,@Pachuco_puppycorn,PLEASE PLEASE NOT ASTRO AGAIN
0:16:14,@ረዐሸሸቿሃሀቿረረ,wouldnt that not like damage him because his eye is a like a void so its not really hitting him
0:16:14,@alcinaisMINE,Melodii are you enjoying this
0:16:14,@JaydenTheLover,TAMERS I LOVE YOU PLEASE
0:16:15,@ThatgirlELL3,THAT LOOKS LIKE THAT POMNI AND JAX SCENE
0:16:16,@tawianna07,Nooooo
0:16:16,@DeltaAviation_717,NUAR
0:16:17,@UngulaPropriaRQ,Cosmo is into it 
0:16:18,@EzlanaSeay,GET SPROUT OFF
0:16:18,@maxzachback,astro do it
0:16:19,@Billy-h1i,"eso también es fetiche oe, todos estos son masoquistas"
0:16:19,@oxy_thebunny,I want Skittles
0:16:19,@UngulaPropriaRQ,OH SHIT 
0:16:20,@ForgeLavaking,i SHİTTİNG
0:16:20,@Finnthebow,oh shi
0:16:20,@raddyThedemonredALEX,why the fuck is srout acting like jax
0:16:20,@SuperCaptainFail,ASTRO COUNTERPLAY
0:16:21,@ParkerDoodlesThings,YOOOO
0:16:21,@UngulaPropriaRQ,WHAT A TWIST 
0:16:21,@Cosmostrawberry,YALL ARE SOOO KINKY I SWEAR
0:16:21,@MinioMicha09,Tadc mentioned 
0:16:22,@pandafrenzy14,HAHAAHA
0:16:23,@pandafrenzy14,AHHH
0:16:24,@ForgeLavaking,i SHİTTİNG
0:16:25,@THE_OR30_C4T,WHY ARE THEY BLUSHING
0:16:25,@KekiToEKC,NOOO
0:16:26,@Hikarian01,astro my baby :red_heart::red_heart::red_heart:
0:16:27,@user-silky-g4j,oh hell yh
0:16:28,@ForgeLavaking,İ SHİTTİNG
0:16:28,@dsmnisUK,lol
0:16:29,@Pachuco_puppycorn,LEAVE THAT MOON ALONE !!!!!!!!!
0:16:31,@ForgeLavaking,i SHİTtİng
0:16:32,@CheezenCrackerzz,....
0:16:32,@WeLOVEMomonga,SPROUT GET THE flipanoodlepoodleholyguackamolyronaldomcdonaldoleonardodihmickysupercalifragilisticexpialidocious OFF MY BABY
0:16:33,@ረዐሸሸቿሃሀቿረረ,YES
0:16:33,@K1tkat_XD_offical,YESS
0:16:34,@Nightlyshadesofthenight,YESS
0:16:34,@applebloom2307,oh dam
0:16:35,@KekiToEKC,NOOOOO
0:16:35,@SuperCaptainFail,UH OHHHHHHHH
0:16:35,@EludiesaAlberto,NOOOOO STOP TAMER STOP THAT
0:16:35,@DeltaAviation_717,Damn Cosmo
0:16:35,@TheMTwinny,OH SHIT
0:16:35,@Nightlyshadesofthenight,YESSS
0:16:35,@Peejaylew,OH
0:16:36,@UngulaPropriaRQ,OH SNAP
0:16:36,@jo3a548,OH SHIT
0:16:36,@ThatgirlELL3,Oh shittings
0:16:36,@K1tkat_XD_offical,aw mann
0:16:37,@Nightlyshadesofthenight,YES
0:16:37,@AlphaSleeper_89,FIGHT FIGHTGRGE
0:16:37,@jennythebean9117,Oh shit
0:16:38,@WeLOVEMomonga,ASTRO MY ABBY
0:16:39,@KekiToEKC,HUH
0:16:39,@raddyThedemonredALEX,YES
0:16:39,@Nightlyshadesofthenight,YESSSS
0:16:40,@EzlanaSeay,SPROUT NO
0:16:40,@Billy-h1i,por fin mano
0:16:40,@CheezenCrackerzz,that's scary asf
0:16:41,@Peejaylew,YES
0:16:41,@tawianna07,Ohhhh
0:16:41,@Nightlyshadesofthenight,YESSSS
0:16:41,@Pachuco_puppycorn,LEAVE HIM ALONE STOP !!!!!!!
0:16:42,@Nightlyshadesofthenight,YESSS
0:16:42,@JaydenTheLover,I NEED MORE DANDYSWORLD STUFF I WATCH YOU BEFORE I SLEEP:heart_hands::heart_hands::heart_hands::heart_hands::heart_hands::money_mouth_face::money_mouth_face::money_mouth_face::money_mouth_face:
0:16:43,@SomeKindOfCritter,oh shittings
0:16:44,@supaires,GO
0:16:44,@Cosmostrawberry,OHHH SHITINGS
0:16:44,@pandafrenzy14,OMGGG
0:16:45,@Tea_Teasr,omg
0:16:45,@GetToElevator,OH SHIT
0:16:45,@EludiesaAlberto,YES MY MAN
0:16:45,@kaysit.a,YESSS
0:16:45,@richietrejo-ramos2252,OH SHIT!!
0:16:46,@Nightlyshadesofthenight,YEAHHHHH
0:16:46,@Finnthebow,DAM
0:16:47,@DeltaAviation_717,DAMN DANDY
0:16:47,@newt4321,LET'S GO
0:16:49,@K1tkat_XD_offical,YESSS DANDY
0:16:49,@Nightlyshadesofthenight,YAHAHAHAHAHAA
0:16:50,@KekiToEKC,PEAK
0:16:50,@Tea_Teasr,OMG DID DANDY WIN
0:16:50,@CheezenCrackerzz,gay
0:16:52,@Fortnitebros677,Oh shiddings
0:16:52,@sprouts-realwife,YES TWISTED SPROUT
0:16:52,@NubMcMoofin,:exploding_head:
0:16:53,@Peejaylew,YO DANDY
0:16:53,@ParkerDoodlesThings,HOLY SHITTINGS
0:16:53,@ረዐሸሸቿሃሀቿረረ,LES GO DANDY
0:16:53,@PoppinCornBaby,There it is
0:16:54,@leighmhgiel,Oh Cosmo is gonna GET IT! :skull: :blossom:
0:16:54,@dsmnisUK,LMFAO
0:16:54,@Nightlyshadesofthenight,GET EM
0:16:55,@K1tkat_XD_offical,DANDY SLAYY
0:16:55,@alcinaisMINE,He yandere for his kitten
0:16:55,@fluats,OUUU SHITTINGSS
0:16:56,@SuperCaptainFail,DANDY UNLEASHED
0:16:56,@K1tkat_XD_offical,YESSS
0:16:57,@EzlanaSeay,YES
0:16:58,@richietrejo-ramos2252,LETS GOOO!!
0:16:58,@Nightlyshadesofthenight,GET THEMMMMM
0:16:58,@Tea_Teasr,W DANDY
0:16:59,@ichigo.bunnii,GET IT DANDY
0:16:59,@K1tkat_XD_offical,DANDY GO
0:16:59,@Peejaylew,DANDY 
0:16:59,@Billy-h1i,se acordó que era su mundo
0:16:59,@Pachuco_puppycorn,YES
0:17:00,@Cosmostrawberry,LET GO OF HIM
0:17:01,@juanbanuelos1014,Boi done mess up
0:17:01,@K1tkat_XD_offical,DANDY GO
0:17:01,@jennythebean9117,Yes
0:17:01,@applebloom2307,love twisted dandy aaaa
0:17:01,@ThatgirlELL3,:worried_face: 
0:17:04,@gamertuberonmask,Oh shart I’m 18 minutes late what did I miss
0:17:05,@Peejaylew,NO DANDY
0:17:05,@Fortnitebros677,Let dandy protect his femboy:pleading_face:
0:17:05,@ivyysflowergarden,NO SPROUT NO
0:17:06,@EludiesaAlberto,YEASS PROTECT YOUR KITTEN
0:17:06,@EzlanaSeay,DANDY!!
0:17:07,@MinioMicha09,Hey
0:17:08,@jo3a548,OH FUCK FUCK
0:17:08,@CheezenCrackerzz,Cosmo's punishment part 2
0:17:08,@supaires,hot
0:17:09,@shadowmilkswifee,WHAT
0:17:09,@ThatgirlELL3,UH
0:17:09,@Hikarian01,dandy take me
0:17:10,@ForgeLavaking,yo İ NOY Watching this
0:17:10,@KekiToEKC,dandy protecting his kitten
0:17:11,@THE_OR30_C4T,PUT IT IN
0:17:11,@TheMTwinny,EYE FOR AN EYE
0:17:12,@JaydenTheLover,OUI SHII
0:17:13,@sprouts-realwife,Yes! yes yes yes
0:17:13,@FajrianNoor-y8j,yeu!:yougotthis:
0:17:14,@DeltaAviation_717,HES GOING TO CRACK YOU RUN SPROUT
0:17:14,@2DCautionSign,Oh naurrr
0:17:15,@lazyshiiba,o damn
0:17:15,@Pachuco_puppycorn,MY FAVOURITE TOONS !!! YES YES YES
0:17:17,@alcinaisMINE,He luv his kitten
0:17:18,@SuperCaptainFail,TAMERS YOUVE DONE IT AGAIN!!!!!
0:17:18,@Nightlyshadesofthenight,ASTRO JIST DO OT
0:17:18,@jennythebean9117,:loudly_crying_face::loudly_crying_face::loudly_crying_face::loudly_crying_face:
0:17:21,@raddyThedemonredALEX,OH FUCK NO
0:17:21,@kittycoinoutofdate,... sprout chill
0:17:21,@ivyysflowergarden,Sprout's punishment part 2
0:17:23,@MinioMicha09,Stop
0:17:25,@Peejaylew,ASTRO PLEASE
0:17:25,@Nightlyshadesofthenight,OH SHII
0:17:25,@alcinaisMINE,MELODII
0:17:25,@ረዐሸሸቿሃሀቿረረ,OH MY GOSH
0:17:26,@JaydenTheLover,EWWWW..
0:17:26,@sprouts-realwife,Pfffftttt
0:17:26,@gamertuberonmask,OH GOSH
0:17:27,@Tea_Teasr,bsically the pool party ep
0:17:28,@EzlanaSeay,WHAT?
0:17:28,@Tamers12345MLP,"@gamertuberonmask You missed so much, I gotta be honest"
0:17:28,@K1tkat_XD_offical,DANDY GO ! !
0:17:28,@NubMcMoofin,:exploding_head::exploding_head:
0:17:29,@KekiToEKC,GOD
0:17:29,@supaires,OWWWWW
0:17:30,@AlphaSleeper_89,EEUGHHH…. NO
0:17:30,@UngulaPropriaRQ,OH SHIIIIT 
0:17:31,@pandafrenzy14,OMGGGG
0:17:31,@DeltaAviation_717,OH SHIT
0:17:32,@alcinaisMINE,MELODII
0:17:32,@Hikarian01,:face_with_spiral_eyes::face_with_spiral_eyes::face_with_spiral_eyes:
0:17:33,@W4FF13_offcial,Who
0:17:33,@Pachuco_puppycorn,DEFEND THE MOON BOY !!!!!
0:17:34,@sophia_gamer12345,Damn
0:17:36,@Nightlyshadesofthenight,OH SHIT
0:17:36,@Peejaylew,SPRIUT
0:17:37,@HATKID4LIFEE,NO ASTRO
0:17:37,@theaombo,yes
0:17:37,@MinioMicha09,Oh
0:17:37,@Cosmostrawberry,HOLY
0:17:37,@ThatgirlELL3,UM
0:17:38,@kaysit.a,OOOWOW
0:17:38,@afghanitus,ouhh shi
0:17:38,@ForgeLavaking,ayo
0:17:38,@DeltaAviation_717,EWW
0:17:39,@newt4321,astro is y/n
0:17:39,@K1tkat_XD_offical,OH NO
0:17:39,@PoppinCornBaby,Damn
0:17:40,@richietrejo-ramos2252,Son!!
0:17:40,@sprouts-realwife,DAMN
0:17:41,@Shivery,Fruitcake nooooo
0:17:41,@jazzy_jays1,DEAD
0:17:42,@EzlanaSeay,OH 
0:17:42,@c0sn_ow,OMG
0:17:42,@SuperCaptainFail,DOUBLED GAPED
0:17:43,@DahliaDrawsDesign,HOLY SHIT
0:17:43,@DeltaAviation_717,WTF
0:17:43,@honeiyt,why is dandy so tuff
0:17:43,@HATKID4LIFEE,HIS EYE GOT STABBED
0:17:44,@ThatgirlELL3,Rip bro
0:17:44,@ichigo.bunnii,WTF
0:17:45,@ረዐሸሸቿሃሀቿረረ,did that feel good
0:17:46,@Nightlyshadesofthenight,OMG THEY’RE DEAD
0:17:47,@JaydenTheLover,TAMERS PLEASE I LOVE YOU:broken_heart::broken_heart::broken_heart:
0:17:48,@atable2395,Holy shit ..
0:17:49,@applebloom2307,dam
0:17:50,@Billy-h1i,"no pues, tiene sentido, tremendo lore"
0:17:50,@THE_OR30_C4T,HOLY SHIT
0:17:51,@The_Moon_Nighty,TF HAPPEN-
0:17:51,@TheMTwinny,HAHA WOW
0:17:51,@tawianna07,"Bro Astro, if you don’t run"
0:17:51,@SomeKindOfCritter,oh my god
0:17:51,@Binary_Forever,Well damn
0:17:52,@one_inamilllion79,That was brutal
0:17:52,@alcinaisMINE,Is that how.. twister sprout lose his eye….
0:17:53,@Pachuco_puppycorn,I'M LOVING THIS :flushed_face:
0:17:53,@jennythebean9117,Oh shit :skull:
0:17:54,@Shivery,Twisted Sprout
0:17:54,@K1tkat_XD_offical,OH SHIT
0:17:55,@theaombo,oh no
0:17:55,@Finnthebow,ohh
0:17:55,@Nightlyshadesofthenight,FUCK
0:17:56,@Laceshelf,YO
0:17:57,@Billy-h1i,que?
0:17:57,@honeiyt,Oop
0:17:57,@gummy8440,Dandicus beware! You're in for a scare!
0:17:57,@pandafrenzy14,OMG
0:17:57,@Peejaylew,OH SHIT
0:17:58,@Cosmostrawberry,FUCK
0:17:58,@AlphaSleeper_89,THIS IS SO COOL WHAT
0:17:58,@FajrianNoor-y8j,:fearful_face::fearful_face::fearful_face::anxious_face_with_sweat::anxious_face_with_sweat::anxious_face_with_sweat:o NO
0:17:59,@leighmhgiel,Dandy is extracting Irichor from Sprout! :blossom:
0:18:00,@supaires,ouh..
0:18:00,@c0sn_ow,OH MY
0:18:00,@gamertuberonmask,Oh shoot Spit is coming back
0:18:00,@RenTheReckless,theres so much eye gooning in this series
0:18:01,@OverDuskVZ,OMG
0:18:01,@ThatgirlELL3,I knew it
0:18:02,@pandafrenzy14,SPROUTTT
0:18:02,@SomeKindOfCritter,ruhroh raggy
0:18:02,@honeiyt,sprout turned fucking twisted
0:18:03,@Peejaylew,YO SPROUT
0:18:04,@KekiToEKC,OH
0:18:05,@SuperCaptainFail,ROUND 2 LETS GOOOOOOO
0:18:05,@Billy-h1i,aaa verdad
0:18:05,@one_inamilllion79,"oooh, they're gonna get tentacled"
0:18:05,@gamertuberonmask,I mean Sprout
0:18:05,@THE_OR30_C4T,THEY ARE TURNING TWISTED HELL NAHH
0:18:06,@richietrejo-ramos2252,OH NO FUCK!!
0:18:07,@alcinaisMINE,Im so fucking scared right now
0:18:07,@Joseph-e8y3v,FIGHT FIGHT FIGHT FIGHT
0:18:07,@Shivery,Cosmo noooo
0:18:08,@CheezenCrackerzz,does he find that attractive
0:18:08,@W4FF13_offcial,TW SPRET
0:18:08,@sprouts-realwife,TWISTED SPROUT YESSSSSS
0:18:08,@sondrabradley1615,oh hsit
0:18:08,@juanbanuelos1014,FIGHT FIGHT FIGHT
0:18:08,@NicolAldea,omg
0:18:09,@Tea_Teasr,tw sprout????
0:18:09,@Pachuco_puppycorn,I LOVE DANDY AND ASTRO
0:18:09,@ParkerDoodlesThings,YOOOO
0:18:09,@jennythebean9117,They twisted 
0:18:10,@applebloom2307,OH DAM
0:18:12,@shadowmilkswifee,HES GONNA GET STABBED IN THE AIR
0:18:12,@Hikarian01,cosmo is caked up
0:18:12,@Dead_angel-white,Oop
0:18:12,@ረዐሸሸቿሃሀቿረረ,sprout leave the area before dandy wipes you:
0:18:13,@2DCautionSign,stuff got serious
0:18:13,@sondrabradley1615,SHIT
0:18:13,@NicolAldea,ajajaj cosmo xD
0:18:13,@Peejaylew,FIGHT
0:18:15,@sprouts-realwife,my hubby
0:18:15,@EludiesaAlberto,Oh shiddings--
0:18:15,@EzlanaSeay,SPROUT NO
0:18:16,@OverDuskVZ,NOOOOOO
0:18:16,@atable2395,Y/n and ceo 
0:18:17,@ChloeAnderson-f8i,LMSO
0:18:17,@Finnthebow,SONN
0:18:17,@Laceshelf,YO
0:18:17,@sondrabradley1615,.
0:18:18,@jo3a548,OH FUCK
0:18:18,@honeiyt,.
0:18:18,@KekiToEKC,YES
0:18:18,@THE_OR30_C4T,OH SHITTINGS
0:18:18,@Cosmostrawberry,SPROUT IS ANGY
0:18:18,@Peejaylew,ASTRO
0:18:19,@Billy-h1i,porfin mano
0:18:19,@Cutegirlypoplana,Holy shit
0:18:19,@richietrejo-ramos2252,D
0:18:19,@TheMTwinny,LMAO
0:18:19,@supaires,HAJAJA
0:18:19,@NicolAldea,o :0
0:18:19,@UngulaPropriaRQ,OH SNAP
0:18:20,@Laceshelf,Lmao
0:18:20,@ajxbluefr,DAMMM.M
0:18:20,@leighmhgiel,"Oh, IT'S FIGHT TIME!"
0:18:20,@Tea_Teasr,okay this is why the title was called
0:18:20,@applebloom2307,ooo
0:18:20,@atable2395,Xd
0:18:22,@NicolAldea,ababba
0:18:22,@KekiToEKC,NO
0:18:22,@shadowmilkswifee,OH HES NOT?
0:18:22,@okuriinu8489,shit just got real
0:18:22,@nyanjhynx,"after a horrible day, I'm finally here :broken_heart:"
0:18:23,@Dead_angel-white,HELP WHAT
0:18:24,@richietrejo-ramos2252,Dman!!
0:18:24,@ajxbluefr,lol
0:18:24,@K1tkat_XD_offical,OH UHHH
0:18:24,@EzlanaSeay,OH NO
0:18:25,@SuperCaptainFail,TAMERS I LOVE YOU THIS IS SO EPIC
0:18:25,@NicolAldea,ajabja
0:18:25,@newt4321,lol
0:18:26,@ረዐሸሸቿሃሀቿረረ,OH
0:18:26,@jennythebean9117,Boxton help!
0:18:27,@K1tkat_XD_offical,YESSS
0:18:27,@THE_OR30_C4T,YOOOOO
0:18:28,@Dead_angel-white,ASTRO
0:18:28,@Joseph-e8y3v,LETS GOOOOO
0:18:29,@EzlanaSeay,YES
0:18:29,@Tea_Teasr,oop
0:18:29,@Pachuco_puppycorn,LOL
0:18:29,@SomeKindOfCritter,le epic battle moment
0:18:31,@Nox_Atra,bro tried aura farming 
0:18:31,@K1tkat_XD_offical,oh-
0:18:31,@OverDuskVZ,NOOOOOOO
0:18:33,@ichigo.bunnii,WHAT IS HAPPENING
0:18:34,@EzlanaSeay,OH NO
0:18:35,@FajrianNoor-y8j,:grinning_squinting_face::grinning_squinting_face::grinning_squinting_face::grinning_squinting_face::grinning_squinting_face::grinning_squinting_face::grinning_squinting_face::thumbs_up::chillwcat::virtualhug::elbowcough:
0:18:35,@Dead_angel-white,NOOOO ASTROOO
0:18:35,@JaydenTheLover,OUI ASTRO OUI YOUR SO CUTE:money_mouth_face::money_mouth_face::money_mouth_face::money_mouth_face:
0:18:38,@honeiyt,giggles
0:18:39,@MyriadSkyFlaming,DADDY'S FIGHT!
0:18:39,@Billy-h1i,its no use. -silver
0:18:40,@Nightlyshadesofthenight,FUCK
0:18:40,@alcinaisMINE,CAT FIGHT CAT FIGHT
0:18:41,@OverDuskVZ,OMG
0:18:41,@Tamers12345MLP,Astro can't do anything right
0:18:42,@Katothefirst,BOXTON HELLLP
0:18:42,@EludiesaAlberto,NOOOOOOOOOOOOP STAWP
0:18:43,@MinioMicha09,Sniff
0:18:43,@Fortnitebros677,"Astro, what was that anime transformation :wilted_flower:"
0:18:44,@Joseph-e8y3v,ASTRO SHUT UP AND LET THEM BOX
0:18:44,@sprouts-realwife,YES THANK YOU TAMES
0:18:45,@Nightlyshadesofthenight,MOVEEEE COMSOOOO
0:18:46,@Ili.The.Raccoon1457,ASTRO
0:18:46,@Dead_angel-white,GRRRRRR
0:18:47,@D.P.S.E.,ASTRO NOO
0:18:47,@Finnthebow,YOO EXE COSMO
0:18:48,@ረዐሸሸቿሃሀቿረረ,astro if you dont solo cosmo
0:18:49,@DeltaAviation_717,SUCK IT ASTRO THEY WILL LET YOU GO
0:18:49,@Kakaokomanden,Dandy about to go crazy oh no no
0:18:50,@K1tkat_XD_offical,NOOOO
0:18:50,@Finnthebow,XD
0:18:51,@Dead_angel-white,NOOOOOOO
0:18:53,@jennythebean9117,Oh no
0:18:53,@c0sn_ow,COSMOOOO
0:18:53,@Tea_Teasr,ASTRO
0:18:54,@Pachuco_puppycorn,ASTRO IS ADORABLE STOP
0:18:54,@KekiToEKC,NOOO
0:18:55,@pandafrenzy14,TAMERS
0:18:56,@Billy-h1i,a cosmo que chucha le importa las disculpas
0:18:56,@alcinaisMINE,soulvester do somethint
0:18:56,@atable2395,Oh fuck-
0:18:56,@QuadellSabawu,cosmo STINKS
0:18:57,@gamertuberonmask,WAIT IS SPROUT GONNA PULL THE KING KONG TECHNIQUE ON DANDY
0:18:57,@pandafrenzy14,OMG
0:18:58,@richietrejo-ramos2252,noooo
0:18:59,@SuperCaptainFail,GET EM DANDY
0:19:00,@K1tkat_XD_offical,oh
0:19:01,@Pachuco_puppycorn,SAVE HIM
0:19:02,@ThatgirlELL3,THE BOUNCE AFFECT
0:19:03,@2DCautionSign,damn
0:19:03,@FajrianNoor-y8j,NOOOOOOOOOOOOOOOOOO!
0:19:04,@jo3a548,OH SHIT
0:19:04,@supaires,astro I genuinely hate you
0:19:04,@gamertuberonmask,Oh no
0:19:05,@jennythebean9117,Cheeks
0:19:05,@SomeKindOfCritter,woah recoil
0:19:06,@Laceshelf,SANDY NO
0:19:06,@swearwerds,FIGHT!
0:19:06,@Nightlyshadesofthenight,NO
0:19:07,@UngulaPropriaRQ,bwoioioing
0:19:08,@Laceshelf,IM GONNA CRY
0:19:08,@Cosmostrawberry,Crazy…
0:19:08,@KekiToEKC,NOOO
0:19:09,@Joseph-e8y3v,astro you a whole ass main and getting cooked by cosmo
0:19:09,@Tea_Teasr,damn
0:19:10,@kaysit.a,NOOOOOO
0:19:10,@Laceshelf,STOP
0:19:10,@gummy8440,and this is where Razzle and Dazzle show up!!!11! WoAaa!!
0:19:10,@JaydenTheLover,TAMERS PLEASE I LOVE YOU SO SO SO SO SO SO SO SO SO SOSSOSOOSOSOOSOSS MUCH
0:19:12,@OverDuskVZ,NOOOOOO
0:19:12,@leighmhgiel,Oh Cosmo is ASKING FOR IT!
0:19:12,@Pachuco_puppycorn,TAMERS STOP MY HEART CAN'T HANDLE THIS
0:19:12,@Cutegirlypoplana,Who is going to win
0:19:12,@gamertuberonmask,OH
0:19:14,@theaombo,no
0:19:15,@c0sn_ow,YESSSS
0:19:15,@jo3a548,Dandy got outskilled
0:19:15,@Shivery,Noo Moonflower
0:19:16,@EzlanaSeay, JELLLY
0:19:16,@Laceshelf,IM CRYING
0:19:16,@NubMcMoofin,:disappointed_face:
0:19:17,@Joseph-e8y3v,NOOOOOOO
0:19:18,@ForgeLavaking,oh finally he's here watch astro die
0:19:18,@ThatgirlELL3,OMH bro
0:19:19,@honeiyt,Uh??
0:19:19,@Peejaylew,Bro got knocked. Out
0:19:21,@richietrejo-ramos2252,Dman….
0:19:21,@Finnthebow,thats crazy
0:19:21,@Billy-h1i,bruh
0:19:23,@ThatgirlELL3,:face_without_mouth:
0:19:23,@SomeKindOfCritter,sleepy time for both of them
0:19:23,@W4FF13_offcial,Roles was swapped 
0:19:24,@EzlanaSeay,WHAT
0:19:24,@user-silky-g4j,woww
0:19:26,@K1tkat_XD_offical,twisted fight
0:19:27,@Tea_Teasr,noooooo
0:19:27,@CheezenCrackerzz,oh gawdamn
0:19:28,@Katothefirst,nahhh
0:19:29,@SomeKindOfCritter,OH HE'S THE DOG NOW
0:19:30,@FajrianNoor-y8j,NOOOOOOOOOOOOOOOOOOOOOOOOOOOOOOO!
0:19:30,@supaires,NOOOO I DONT WANT THEM TO WIN
0:19:30,@alcinaisMINE,Cosmo evil….
0:19:30,@RenTheReckless,I love Tamers too
0:19:31,@KekiToEKC,can cosmo stop being into sadism
0:19:33,@pandafrenzy14,Ahhhhh
0:19:35,@tawianna07,Dang
0:19:35,@shadowmilkswifee,when are we gonna hear Cosmo’s other voice actor :face_holding_back_tears:
0:19:36,@rIGHVOLTAGE-37,oh my god
0:19:36,@jennythebean9117,:loudly_crying_face::loudly_crying_face::loudly_crying_face:
0:19:36,@Food_saysfuck,ASTRO WAS FUCKING RIGHT
0:19:38,@Tea_Teasr,this is a bad ending for me
0:19:38,@sondrabradley1615,NOT ROLLING BACK TO EPISODE 10
0:19:38,@Billy-h1i,bad ending causas
0:19:40,@TheMTwinny,WTF IS ICOR?
0:19:41,@jazzy_jays1,OH DEAR GOD
0:19:42,@Nightlyshadesofthenight,DUDE DANDY YOU’RE LITERALLY A LETHAL HOW DID YOU LOSEEEE
0:19:45,@Food_saysfuck,ASTRO IS RIGHT
0:19:46,@Cosmostrawberry,FRUITCAKE 
0:19:47,@ichigo.bunnii,is that evil yaoi
0:19:48,@sprouts-realwife,i love u twisted sprout
0:19:50,@Food_saysfuck,HE WAS RIGHT ABOUT COMSO
0:19:50,@gummy8440,they each get 1 win in a round but the final run back will be horrible 
0:19:52,@jo3a548,oh yeah
0:19:53,@NicolAldea,kiss
0:19:54,@CheezenCrackerzz,aww
0:19:55,@Dead_angel-white,Crys
0:19:56,@NicolAldea,kiss
0:19:56,@UngulaPropriaRQ,haha i get it because they're bakers
0:19:57,@rIGHVOLTAGE-37,OH MY GOD THEYRE LIKE ACTUALLY TWISTED NOW THEY WERENT ATCULAYAHY WTAISTED BEFORE THIS COUDJFHIWKSUSISISJS
0:19:58,@MinioMicha09,No
0:19:59,@NicolAldea,kiss
0:20:00,@jo3a548,oh fuck
0:20:01,@user-silky-g4j,dandy lost how
0:20:02,@DeltaAviation_717,Fuck NOW
0:20:03,@pandafrenzy14,OMG
0:20:03,@Dead_angel-white,:face-purple-wide-eyes:
0:20:03,@NicolAldea,kiss
0:20:03,@Cosmostrawberry,YESSS
0:20:03,@pandafrenzy14,AWWW
0:20:04,@jennythebean9117,I want a dessert 
0:20:05,@Hikarian01,toxic yaoi
0:20:06,@pandafrenzy14,OMGGGG
0:20:07,@honeiyt,.
0:20:07,@Billy-h1i,mucho lore causas
0:20:08,@Dead_angel-white,Oh wow-
0:20:09,@Food_saysfuck,HE ACTUALLY RIGHT
0:20:09,@jo3a548,awww
0:20:09,@CherryStar-q8q,I KNEW IT I KNEW COSMO LIKED BEING TOP I HAVE PROOF
0:20:11,@jennythebean9117,Oooo flash back 
0:20:11,@richietrejo-ramos2252,Bruh :smiling_face_with_sunglasses: 
0:20:11,@NicolAldea,kiss
0:20:12,@MinioMicha09,Huh 
0:20:12,@Shivery,True
0:20:13,@ThatgirlELL3,OH OH OH
0:20:13,@SuperCaptainFail,THEYRE SO CUTE THO
0:20:13,@ረዐሸሸቿሃሀቿረረ,YOO
0:20:15,@NicolAldea,ahhh
0:20:16,@ThatgirlELL3,OH OH
0:20:16,@jazzy_jays1,AYYYOOOOO
0:20:16,@gamertuberonmask,YO
0:20:16,@ParkerDoodlesThings,YOOOOO
0:20:17,@OverDuskVZ,I love my yaoi toxic
0:20:17,@raddyThedemonredALEX,YO
0:20:17,@Dead_angel-white,OH
0:20:17,@W4FF13_offcial,Erm
0:20:17,@Peejaylew,MWHAT
0:20:18,@CheezenCrackerzz,ghv I gwve
0:20:18,@honeiyt,what the
0:20:18,@ichigo.bunnii,WE LOVE TOXIC YAOI
0:20:19,@alcinaisMINE,Happy sugar life ass
0:20:19,@atable2395,PH MY FUCKING GOD
0:20:20,@NicolAldea,ah
0:20:21,@TheMTwinny,THE ONLY GOOD TAMERS YAOI IS BARDONIC
0:20:21,@jo3a548,cute astro
0:20:21,@Cosmostrawberry,AWWH SO CUTE
0:20:21,@pandafrenzy14,OMGFF
0:20:21,@ForgeLavaking,ayo DONT watch thi
0:20:23,@Billy-h1i,XD
0:20:24,@Rosie-u4p1g,Ńœ
0:20:24,@ParkerDoodlesThings,HOLY BAZOOKERS 
0:20:24,@kaysit.a,i love you tamers :sleepy_face::sleepy_face::sleepy_face:
0:20:26,@bobbybungalo,oh ok
0:20:26,@Ceiling559,oh I guess they're fine
0:20:26,@PoppinCornBaby,AYO?!
0:20:27,@ichigo.bunnii,YAOIII
0:20:28,@Hikarian01,hey knew what they were doing…
0:20:28,@Tea_Teasr,OMG
0:20:29,@M4TYZX,IM SCARED
0:20:29,@Pachuco_puppycorn,TOXIC YAOI !!!!!!!!!!
0:20:29,@W4FF13_offcial,DENNYS
0:20:30,@EzlanaSeay,NO
0:20:30,@ichigo.bunnii,oh
0:20:30,@THE_OR30_C4T,HELL YEAH
0:20:30,@CheezenCrackerzz,no.
0:20:31,@alcinaisMINE,BARDONIC IS PEAK
0:20:31,@EludiesaAlberto,THEY ALIVE!!
0:20:31,@shadowmilkswifee,HOW ARE THEY ALIVE
0:20:32,@DeltaAviation_717,SPROUT YOU KNOW WHAT TO DO
0:20:32,@Dead_angel-white,ASTRO MY DADDY
0:20:32,@SomeKindOfCritter,holy shittings will cosmo turn into ayanokoji at some point
0:20:34,@richietrejo-ramos2252,:face-orange-biting-nails::face-orange-biting-nails::face-orange-biting-nails:
0:20:34,@Nox_Atra,@TheMTwinny he main in-game currency and a key part of the horror lore :grinning_face: 
0:20:35,@W4FF13_offcial,They’re at dennys
0:20:35,@THE_OR30_C4T,CRACK NOW
0:20:36,@leighmhgiel,Oh. Astro and Dandy survived...
0:20:36,@atable2395,TEAH NOTHONG HAPPENED …
0:20:37,@ThatgirlELL3,Strawberry
0:20:37,@jarelwoodside3196,ofc he's getting strawberry
0:20:38,@FajrianNoor-y8j,:shelterin::hydrate::videocall:
0:20:38,@Finnthebow,yatta
0:20:40,@MinioMicha09,He gonna get finger in the chess again
0:20:40,@EzlanaSeay,FUCKING HELL
0:20:41,@Tamers12345MLP,@Ceiling559 Toons are very resilient
0:20:42,@alcinaisMINE,Soulvester and gourdy: hi we lived too
0:20:43,@ForgeLavaking,WHzaT THE *****
0:20:43,@CheezenCrackerzz,uh
0:20:44,@Cometlover10,Yatta!!!
0:20:46,@THE_OR30_C4T,START CRACKING
0:20:51,@Dead_angel-white,HAT
0:20:52,@qxest1on,oh?
0:20:53,@Billy-h1i,"bruh, y ahora?"
0:20:53,@DahliaDrawsDesign,Oh they were just in the bath
0:20:54,@Pachuco_puppycorn,ASTRO YAYY MY BABY !!!! (≧▽≦)
0:20:54,@honeiyt,…….:eyes::eyes::eyes::eyes::eyes:
0:20:54,@ForgeLavaking,oH OH zhell nah i won't watching the zhİz
0:20:54,@alcinaisMINE,Was the easter episode arc for nothint
0:20:55,@Dead_angel-white,WHATTtyt
0:20:56,@SuperCaptainFail,NAHHHH HE BUCK BROKE DANDY
0:20:58,@ReemReem-f6f,wow I love ts:winking_face_with_tongue:
0:21:03,@Dead_angel-white,WOAH-
0:21:03,@SHEDLETSKY12-g7u,:D
0:21:03,@richietrejo-ramos2252,What?
0:21:06,@Tea_Teasr,astro is backk ><
0:21:07,@SuperCaptainFail,DANDY IS THE BETA SPROUT IS THE ALPHA NOW
0:21:07,@JaydenTheLover,PLEASE TAMERS PLEASE CAN I HAVE ONE RESPONSE PLEASE I BEGGGG OF YOU.
0:21:08,@jo3a548,Dork
0:21:08,@newt4321,there's a kid in the chat
0:21:08,@tawianna07,"Yay, I’m so glad Astro is alive"
0:21:08,@gummy8440,but every other toon at the party was innocent they should all jump sprout in the parking lot
0:21:10,@Cutegirlypoplana,What the fuck
0:21:10,@Nightlyshadesofthenight,omgggg
0:21:11,@Pachuco_puppycorn,NO DANDY YOU'RE THE BEST
0:21:12,@Fortnitebros677,Why are they all acting pretty chill:broken_heart:
0:21:13,@JaydenTheLover,dork.
0:21:16,@Nightlyshadesofthenight,MOVE SPROUTTTTT
0:21:16,@sondrabradley1615,ohhhh
0:21:18,@TheMTwinny,D O R K S
0:21:19,@shadowmilkswifee,are you gonna post about the Halloween toons excluding Soulvester and gourdy :eyes:
0:21:19,@WeLOVEMomonga,IM PISSED GET MY DANDY BACK
0:21:20,@ThatgirlELL3,dorks
0:21:20,@Dead_angel-white,I love this bro.
0:21:22,@WeLOVEMomonga,OH DAMN
0:21:23,@Hikarian01,"tamers, dont push urselves too hard. we love ur animations, but dont burn out !!"
0:21:23,@qxest1on,dork
0:21:23,@t3r3z16,1k viewers :3
0:21:24,@AlphaSleeper_89,Dorks
0:21:28,@WeLOVEMomonga,YEAHHHH
0:21:28,@SHEDLETSKY12-g7u,Woah peak video!
0:21:28,@CarolPalmisano-e6k,𝓢𝓵𝔂𝔂𝔂𝔂
0:21:29,@EzlanaSeay,YO
0:21:31,@KarinaPerez-p2z,yayyyyy
0:21:34,@Pachuco_puppycorn,I've been a bad flower~ :tongue:
0:21:34,@ረዐሸሸቿሃሀቿረረ,sprout acting like he wasn't about to get one tapped
0:21:35,@alcinaisMINE,@shadowmilkswifee be grateful…..
0:21:35,@Finnthebow,Tamers who's your fav toon?
0:21:36,@Wanehusk,YOOOO
0:21:36,@OverDuskVZ,I love these mfs toxics
0:21:38,@Food_saysfuck,EW
0:21:38,@W4FF13_offcial,Tamers can Timmy show up in a future video? I have a post that has him in it
0:21:41,@sondrabradley1615,NAW IM JOKING IVE SEEN ALL THE EPISODES EVEN THE GIRLS PARTY
0:21:41,@Wanehusk,THIS IS PEAAKAKKKK
0:21:44,@qxest1on,what was rhay
0:21:44,@sprouts-realwife,pfffft
0:21:44,@richietrejo-ramos2252,Okay dandy?
0:21:45,@Tamers12345MLP,Cosmo is being fed goob by his man
0:21:45,@moriorinvictus69,lol
0:21:48,@atable2395,:virtualhug:
0:21:48,@Pachuco_puppycorn,he's so OBESE
0:21:48,@bulskoo5441,biscuits and gravy are so gross unless it's like 1 biscuit and a spoonful of gravy
0:21:48,@Joseph-e8y3v,DANDY NOOOOO
0:21:49,@swearwerds,"i have one question tamers, why dandy's voice almost and nearly sounds like teto?"
0:21:49,@honeiyt,i feel bad for dandy now
0:21:50,@jo3a548,Dandy ptsd
0:21:50,@Wanehusk,HES COOKING
0:21:50,@ReemReem-f6f,why sprout blushing?
0:21:51,@alcinaisMINE,Boy humbled
0:21:54,@shadowmilkswifee,I AM I AM
0:21:57,@KarinaPerez-p2z,yayyy
0:21:57,@Cometlover10,"Brusha,,,"
0:21:58,@MinioMicha09,???
0:21:58,@Kakaokomanden,Dandy must get stronger.
0:21:59,@leighmhgiel,"GET YOUR CONFIDENCE BACK, DANDY!"
0:21:59,@gamertuberonmask,Brusha
0:22:00,@ichigo.bunnii,i want my toxic bunnybasket yuri next/j
0:22:01,@Wanehusk,YO BRUSHA MY FAVORITE
0:22:02,@Haisjee,brusha
0:22:03,@RenTheReckless,hes being fed too good.
0:22:03,@MinioMicha09,SON
0:22:04,@jo3a548,cutew
0:22:04,@Nox_Atra,"@TheMTwinny You use Ichor to buy new Toons, Trinkets, Skins, Stickers, and pre-game items and too much exposure or trauma from Ichor turns normal Toons into hostile, twisteds"
0:22:05,@abread369,BRUSHAA
0:22:05,@EludiesaAlberto,CRACK
0:22:05,@alcinaisMINE,Brusha working in customer service once again
0:22:06,@jo3a548,cuuute
0:22:07,@Billy-h1i,"brusha va a hablar? no, parece que nunca"
0:22:07,@Joseph-e8y3v,DANDY SLAUGHTER THEM PLS
0:22:08,@WeLOVEMomonga,NO DANDY
0:22:08,@2DCautionSign,ooooo dandyyyy
0:22:08,@Tea_Teasr,DANDY BE POSTIVE
0:22:10,@sophia_gamer12345,Ooo
0:22:10,@WeLOVEMomonga,WE LOVE YOU
0:22:11,@Wanehusk,:face-red-heart-shape::face-red-heart-shape::eyes-purple-crying:
0:22:12,@MinioMicha09,Huh
0:22:13,@kaniculture,noooo
0:22:14,@jo3a548,GAAAAAAAAAAAAAAAAAAY
0:22:15,@WeLOVEMomonga,DANDY NO
0:22:15,@Nightlyshadesofthenight,YESS
0:22:16,@Wanehusk,TS IS SO PEAK
0:22:17,@Tamers12345MLP,I forgot Brusha was here lmao
0:22:17,@CherryStar-q8q,BRUSHA MENTIONED!?!?!?
0:22:17,@Finnthebow,is dandy going to come out?
0:22:18,@Nightlyshadesofthenight,YEAHHH
0:22:18,@honeiyt,aawwwwww
0:22:18,@JaydenTheLover,PLEASE TAMERS:folded_hands::folded_hands::folded_hands: I LOBAAAAA YOUUUU
0:22:20,@2DCautionSign,DANDY YESSS
0:22:20,@AlphaSleeper_89,NO DANDY INTERNALIZED HOMOPHOBIA 
0:22:20,@KarinaPerez-p2z,dandy x astro
0:22:20,@gummy8440,Dandy if you accept your true feelings you will hav the power to defeat Sprout yet again
0:22:21,@Food_saysfuck,have sex now
0:22:21,@atable2395,Y’all two crack
0:22:21,@Shivery,Astro why?
0:22:22,@gamertuberonmask,OH GOSH
0:22:23,@alcinaisMINE,great going astro
0:22:23,@Wanehusk,:skull:
0:22:23,@Fortnitebros677,OMGEE YAOI LOVE DTORY:pleading_face::pleading_face:
0:22:24,@OverDuskVZ,HELP?
0:22:24,@Nightlyshadesofthenight,oh
0:22:24,@SomeKindOfCritter,awww salt cube
0:22:24,@WeLOVEMomonga,DANDY BEAT THEM UP
0:22:24,@Billy-h1i,"está hablando en voz alta verdad?, parece que no"
0:22:25,@Finnthebow,OH SON
0:22:26,@pandafrenzy14,OH SITTT
0:22:26,@AliSaid-x3m,Noooooo
0:22:26,@HATKID4LIFEE,GIYS DID DANDY LOSE
0:22:27,@MinioMicha09,Oh
0:22:27,@WeLOVEMomonga,IM PISSED
0:22:27,@TheMTwinny,LMAO TRAUMA
0:22:27,@Billy-h1i,oe que?
0:22:28,@gamertuberonmask,HE’S EATING TINY SPROUT
0:22:28,@qxest1on,gayys
0:22:28,@TheoM-t7d,:face-blue-smiling::hand-pink-waving::hand-pink-waving:
0:22:29,@ረዐሸሸቿሃሀቿረረ,was that sprout
0:22:29,@WeLOVEMomonga,MY CUTE DANDY
0:22:30,@Haisjee,broooooo
0:22:30,@Yurilovessprout,gay
0:22:30,@pandafrenzy14,SHIT
0:22:31,@Katothefirst,HAH! GAYYYYY
0:22:32,@Joseph-e8y3v,NOOO HES GOT PTSD
0:22:32,@KekiToEKC,EW EW EW SQUISH IT
0:22:34,@theaombo,yes
0:22:34,@Billy-h1i,0_0 que fue causa
0:22:35,@WeLOVEMomonga,DANDY AAUGHHHH
0:22:35,@tawianna07,That’s scary
0:22:36,@GlimmyGOD,oh no dandy is schizophrenic now
0:22:37,@WeLOVEMomonga,UGHHHHH
0:22:39,@sprouts-realwife,lol
0:22:39,@Katothefirst,ptsd is crazy
0:22:39,@sondrabradley1615,AWWWW HELL NAWW
0:22:39,@Wanehusk,YAOI FOR EVERYONE🫪
0:22:40,@qxest1on,OH?
0:22:40,@ThatgirlELL3,Lol
0:22:40,@KarinaPerez-p2z,YES
0:22:40,@EludiesaAlberto,HALLUCIONATIONS
0:22:40,@gamertuberonmask,YO
0:22:40,@2DCautionSign,bruh
0:22:41,@user-silky-g4j,yayyy
0:22:41,@EzlanaSeay,HELL NO
0:22:43,@ረዐሸሸቿሃሀቿረረ,YOOOO
0:22:44,@UngulaPropriaRQ,lmfao the little fart
0:22:44,@jo3a548,CUUUUUUUUUUUUTE
0:22:45,@kaniculture,YOOO
0:22:45,@ThatgirlELL3,AHHH
0:22:45,@Wanehusk,NAAYAY7Z
0:22:46,@Nightlyshadesofthenight,YESSSSS
0:22:46,@atable2395,HOLY SHIT
0:22:46,@OverDuskVZ,OH???
0:22:46,@TheoM-t7d,:red_apple::red_apple:
0:22:46,@Billy-h1i,ahí termina?
0:22:46,@SuperCaptainFail,OOOOOOMG
0:22:46,@Tea_Teasr,OMH
0:22:46,@pandafrenzy14,I NEED MORE 
0:22:47,@gamertuberonmask,A STRAWBERRY FARTED
0:22:48,@Finnthebow,YESSS
0:22:48,@JaydenTheLover,YES.
0:22:48,@Galaxyworld-c,Omg their eating sprout totally not like I don’t care:smiling_face_with_heart_eyes:
0:22:48,@NicolAldea,waaa
0:22:48,@Laceshelf,YO
0:22:48,@EludiesaAlberto,YEAH
0:22:49,@Kinahizhere,I’m lowkey glad fruitcake won
0:22:49,@pandafrenzy14,OMGGG
0:22:49,@Nightlyshadesofthenight,YAYAYAYAYAYAAYYA
0:22:49,@MinioMicha09,Ew
0:22:49,@SonataDidIt,GAY
0:22:49,@Fortnitebros677,YESEE
0:22:50,@newt4321,damn
0:22:50,@theaombo,YES
0:22:50,@pandafrenzy14,OMGGGGG
0:22:50,@richietrejo-ramos2252,SHIT!!
0:22:51,@NubMcMoofin,:exploding_head:
0:22:51,@2DCautionSign,AYEEEEE
0:22:51,@NicolAldea,omg
0:22:52,@SuperCaptainFail,TAMERS YOUVE DONE IT AGAIN
0:22:52,@qxest1on,yess
0:22:53,@Peejaylew,YESM
0:22:53,@KekiToEKC,OH MY GOD
0:22:53,@alcinaisMINE,Top 10 best gacha moments GYAT
0:22:53,@Hikarian01,:loudly_crying_face::red_heart::red_heart::red_heart::red_heart::red_heart::red_heart::red_heart::red_heart:
0:22:54,@Ili.The.Raccoon1457,MOONFLOWER
0:22:54,@Joseph-e8y3v,YES
0:22:54,@Ihnele,moonflowerbros...
0:22:54,@SomeKindOfCritter,yaoi moments
0:22:54,@qxest1on,YESS
0:22:54,@CarolPalmisano-e6k,𝓐𝓱𝓱𝓱𝓱𝓱𝓱𝓱𝓱𝓱
0:22:54,@VAL123-b4s,OMGGG
0:22:54,@EludiesaAlberto,MY COUPLE
0:22:54,@tawianna07,Wow
0:22:55,@ረዐሸሸቿሃሀቿረረ,YOOOO
0:22:55,@Wanehusk,NO FUXKING SHOT
0:22:55,@ThatgirlELL3,IM CRINE
0:22:55,@gamertuberonmask,AYO
0:22:55,@atable2395,YADDDDDDS QUEEEEM
0:22:56,@raddyThedemonredALEX,YO
0:22:56,@HATKID4LIFEE,CHAT WHO WON THE FIGHT
0:22:58,@2DCautionSign,oh wow
0:22:58,@tawianna07,What an episode?
0:22:58,@PoppinCornBaby,NICE
0:22:58,@SomeKindOfCritter,HLROPP
0:22:59,@JaydenTheLover,MY BUTTS SO CLENCHED.
0:22:59,@CarolPalmisano-e6k,𝓚𝔀𝓲𝓼𝓼𝓲𝓼𝓲𝓼𝓳𝓳𝓼𝓼
0:22:59,@qxest1on,OMG YES
0:22:59,@OverDuskVZ,OMGGGGGGGG
0:22:59,@honeiyt,FUKC THEY KISSED
0:22:59,@DahliaDrawsDesign,YESSSSSSSSS
0:22:59,@NubMcMoofin,:saluting_face::saluting_face::saluting_face:
0:22:59,@jazzy_jays1,OMG
0:23:00,@EzlanaSeay,YES
0:23:00,@KekiToEKC,WHAT
0:23:00,@NicolAldea,alaaa
0:23:01,@Cosmostrawberry,WOW I LOVE GAY THINGS SOOO MUCH 
0:23:01,@YouFool_Official,W
0:23:01,@ajxbluefr,nooooo
0:23:01,@leighmhgiel,WAIT. THAT'S IT?...
0:23:02,@shadowmilkswifee,what the sigma
0:23:02,@lazyshiiba,thank you tamers
0:23:02,@afghanitus,its so fucking peak MAN
0:23:02,@WeLOVEMomonga,DANDY NO
0:23:02,@Finnthebow,YESSS ZAD
0:23:03,@Nox_Atra,yey yaoi moment
0:23:03,@pandafrenzy14,THAT OUTFIT
0:23:04,@Pachuco_puppycorn,YAOI
0:23:04,@afghanitus,WOOOOOOOOOOO
0:23:05,@bulskoo5441,so fast...
0:23:05,@afghanitus,ASTRO
0:23:05,@jo3a548,sexy ED
0:23:05,@atable2395,SUCH A DIVAAAAAA
0:23:05,@ichigo.bunnii,YAOI
0:23:05,@Billy-h1i,"sip ,ahí termino"
0:23:06,@Fortnitebros677,Why was that short or am i hallucinating :broken_heart:
0:23:06,@fireejr15.5,OMGGGGG
0:23:06,@supaires,well that's cute
0:23:06,@Hikarian01,oh god yeah
0:23:06,@WeLOVEMomonga,GAIN UR CONFIDENCE
0:23:07,@Katothefirst,wtf
0:23:07,@عليعمار-ل4ه5ي,OMG
0:23:07,@Haisjee,heh...
0:23:08,@pandafrenzy14,THE OUTIFTS
0:23:08,@Wanehusk,PLS DONT GET RESTRICTED VRO
0:23:09,@afghanitus,W
0:23:09,@DahliaDrawsDesign,We WON WE WON
0:23:10,@ረዐሸሸቿሃሀቿረረ,ouu shi:eyes:
0:23:10,@Kakaokomanden,zaaaaamn
0:23:10,@MacieMcmahon,no can't be they twisted :((( to femboy protector what's going on
0:23:10,@ichigo.bunnii,YAOII
0:23:11,@EzlanaSeay,WHAT THE HELL
0:23:11,@Hikarian01,YAYAYAYAYAYA
0:23:11,@Finnthebow,HELL YEAA
0:23:11,@AlphaSleeper_89,OMG THESE OUTFITS ARE SO COOL WHAT THE HELL
0:23:12,@gamertuberonmask,THOSE FITS
0:23:13,@richietrejo-ramos2252,XD
0:23:15,@Kakaokomanden,OH LAWD
0:23:15,@OverDuskVZ,I CANT BIRTH
0:23:16,@Katothefirst,GET IT COSM9O
0:23:16,@user-silky-g4j,wonderful episode
0:23:17,@RenTheReckless,OO
0:23:17,@Hikarian01,II LOVED IT
0:23:17,@SomeKindOfCritter,WHY ARE THEY ALL IN CROP TOPS IM CRINE
0:23:18,@Pachuco_puppycorn,THIS EPISODE WAS SOSOSOSOSOSSOSSOO PEAK
0:23:19,@Gooberlicious-pm,I was hoping sprout and Cosmo would die
0:23:20,@pandafrenzy14,AHHHHHHHHHHH
0:23:20,@Wanehusk,:loudly_crying_face::loudly_crying_face::loudly_crying_face::cold_face:
0:23:20,@StarlitGato,DAMNNN
0:23:21,@t3r3z16,Thank you once again Tamers12345
0:23:22,@Kakaokomanden,STRAWBERRY SLUUUT
0:23:22,@sondrabradley1615,@Tamers12345MLP Thank you for this beautiful episode
0:23:23,@UngulaPropriaRQ,Tamers I'm going to need to pay you as a fashion consultant or something 
0:23:23,@ichigo.bunnii,i want waxwell oiled up
0:23:23,@newt4321,good boys
0:23:24,@Diskaria,Отлично
0:23:24,@RenTheReckless,WAX WELL WHERE
0:23:25,@Nightlyshadesofthenight,DANDY
0:23:26,@gamertuberonmask,Oh my gosh I got scared I almost mistyped
0:23:28,@richietrejo-ramos2252,:loudly_crying_face::victory_hand:
0:23:28,@mararoad1899,ᕼᗴᒪᒪ Yᗴᗩᕼ ᗷIᑕᕼ!
0:23:28,@Ceiling559,I'm gonna lose it
0:23:28,@Finnthebow,THIS WAS SO PEAKK:red_heart::red_heart::red_heart:
0:23:28,@pandafrenzy14,ASTROS OUTFIT
0:23:28,@gamertuberonmask,PEBBLE
0:23:29,@kaniculture,8/10 goob didnt get enough kisses
0:23:29,@CheezenCrackerzz,oh yeah
0:23:30,@Mr_Holloways,hey Tamar are we going to see more of pebble
0:23:30,@TheoM-t7d,"Oh my God, he is so jacked"
0:23:30,@Katothefirst,YEEE3E
0:23:31,@qxest1on,omfg
0:23:31,@alcinaisMINE,He had like a week to make this episode ofc its short
0:23:32,@gamertuberonmask,ITS BEEN SO LONG
0:23:33,@ShadowGamer-zw8ij,THIS ISNT OVER???
0:23:33,@Nox_Atra,what is this song I love it???????????
0:23:33,@starberry_milk,holy shit
0:23:33,@EzlanaSeay,MOVE SPROUT
0:23:34,@CarolPalmisano-e6k,𝓦𝓸𝔀
0:23:37,@W4FF13_offcial,Can Timmy be in a video?
0:23:37,@Nightlyshadesofthenight,YEAH DANDY
0:23:37,@Wanehusk,:loudly_crying_face::face_holding_back_tears:
0:23:37,@ረዐሸሸቿሃሀቿረረ,TAMERS WE LOVE YOU THANK YOU FOR POSTING
0:23:37,@MinioMicha09,Pebb 
0:23:38,@The_Moon_Nighty,YAOI WIN TS TIME HELL YEAHHHH
0:23:38,@GetToElevator,W
0:23:38,@gummy8440,are these outfits getting added to the game?
0:23:39,@Galaxyworld-c,Stop cosmo your making me blush:smiling_face_with_heart_eyes::smiling_face_with_hearts::smiling_face_with_hearts: why am I so corny bruh
0:23:39,@MacieMcmahon,I'm literally
0:23:39,@W4FF13_offcial,:3
0:23:39,@Tamers12345MLP,"It shouldn't get age restricted since most of my videos that do eventually get age restricted, get age restricted before they premiere"
0:23:40,@Billy-h1i,"Tamers, how come you make peak animations but with such morbid scripts?"
0:23:40,@jarelwoodside3196,:washhands::washhands::washhands::washhands::washhands::washhands::washhands::washhands::washhands::washhands:
0:23:40,@gamertuberonmask,ITS BEEN SO LONG SINCE WE LAST SEEN PEBBLE
0:23:41,@ajxbluefr,cosmo is hot tho so I see why
0:23:42,@Cosmostrawberry,COSMO SPRED RM
0:23:42,@GetToElevator,W
0:23:43,@Petmello,oMG
0:23:43,@Katothefirst,im bricked
0:23:43,@leighmhgiel,Hi Pebble! :3
0:23:43,@TheoM-t7d,He
0:23:43,@lgmrecordss,:elbowcough::elbowcough::elbowcough::yougotthis::yougotthis:
0:23:44,@theguy6167,W video and good update Whata. Day for dandy’s world adults
0:23:44,@Slackjaw55,"Thanks for the episode, tamers."
0:23:45,@alcinaisMINE,Whos timmy
0:23:45,@GetToElevator,W
0:23:45,@2DCautionSign,peak episode tamers
0:23:46,@Finnthebow,SON I NEED MOREEEEE:red_heart::red_heart:
0:23:46,@SigmaRizz-du1cc,PEAK
0:23:47,@THE_OR30_C4T,THANK YOU FOR POSTING TAMERS :money_mouth_face::money_mouth_face:
0:23:47,@Tea_Teasr,2 yaois at the same ep
0:23:47,@OverDuskVZ,ASTRO AND COSMO HAVE MY FAV FITS OMG
0:23:50,@SigmaRizz-du1cc,#PEAK
0:23:50,@Randomangeluser,Another peak episode to send to my friends thank you so much tamers:face_holding_back_tears:
0:23:50,@M4TYZX,SO PEAK
0:23:50,@GetToElevator,W
0:23:50,@maricarla-1234,the gayest episode
0:23:51,@swearwerds,i like this song!
0:23:51,@Shivery,Weird ep 
0:23:51,@mexfinncanonilovefinnhehe,TYSM TAMERSSS
0:23:52,@CheezenCrackerzz,ayy
0:23:52,@Wanehusk,:tired_face::money_bag:
0:23:52,@SamB-g1,nice end credits
0:23:53,@fate-thepotat0,BRO IS BACK SHOTTING THE AIR
0:23:53,@Brooklyn_Dandicus,W vid
0:23:55,@Lia_Seal,I LOVE U DYLE I LOVE U
0:23:56,@moriorinvictus69,Cosmo is mogging hard tbh
0:23:56,@Julian-vu9zb,PEAKK
0:23:57,@OverDuskVZ,PEAAAK
0:23:58,@qxest1on,ts so peak
0:23:59,@MacieMcmahon,I'm just not in that much I dint start too early
0:23:59,@ChloeAnderson-f8i,I’m waiting for my user to show rn
0:24:01,@Shivery,Sprout has a pacifier you know what that means?
0:24:01,@ShadowGamer-zw8ij,is it done already?
0:24:01,@richietrejo-ramos2252,:hand-orange-covering-eyes::hand-orange-covering-eyes::hand-orange-covering-eyes:
0:24:01,@M4TYZX,COSMOS FIT IS SO FIRE
0:24:03,@Brooklyn_Dandicus,MOONFLOWER I LOVE MOONFLOWER TYSM TAMERS
0:24:03,@Crash-Studio15,This was the best episode I’ve ever watched 
0:24:04,@CarolPalmisano-e6k,𝓞𝓹
0:24:04,@Billy-h1i,"Tamers, how come you make peak animations but with such morbid scripts?"
0:24:05,@user-silky-g4j,aww pebble
0:24:07,@THE_OR30_C4T,TS PEAL TWIN
0:24:08,@pandafrenzy14,tamers make dandy and dyle date again please :crying_face::crying_face::crying_face:
0:24:08,@richietrejo-ramos2252,PEAKK
0:24:08,@CheezenCrackerzz,cage fight next?
0:24:09,@Tea_Teasr,not pebble just vibing
0:24:12,@PanCakGaming,Aww
0:24:13,@Wanehusk,Freaky :flushed_face:
0:24:13,@SomeKindOfCritter,why are they all snatched and then there's dandy im crine
0:24:14,@ረዐሸሸቿሃሀቿረረ,ngl why is dandy the only one here that the fit makes them more fat
0:24:15,@D.P.S.E.,Goated episode tamers!
0:24:16,@ShadowGamer-zw8ij,i got promised an hour?
0:24:17,@raddyThedemonredALEX,T
0:24:18,@hcmhcm3219,Crazy
0:24:19,@NicolAldea,omg
0:24:19,@Cosmostrawberry,DONT MIND TAMMERS I TOOK SCREENSHOTS OF COSMO AND SPROUT 
0:24:19,@pandafrenzy14,make good a cannon age player
0:24:23,@M4TYZX,I NEED MORE MOONFLOWER
0:24:25,@raddyThedemonredALEX,at least pebble ain't dead
0:24:27,@BriThomas-t6q,:hand-orange-covering-eyes::hand-orange-covering-eyes::hand-orange-covering-eyes:
0:24:27,@abread369,dandy chubby king
0:24:28,@SomeKindOfCritter,i hate the strabweu
0:24:29,@sondrabradley1615,TS PEAK
0:24:31,@Hikarian01,:smiling_face_with_heart_eyes::smiling_face_with_heart_eyes::smiling_face_with_heart_eyes::smiling_face_with_heart_eyes:
0:24:32,@코스모_찬,w episode
0:24:32,@M4TYZX,TAMERS PLEASE MORE MOONFLOWER
0:24:33,@NubMcMoofin,:horse::racehorse::racehorse::horse::racehorse::horse::horse::racehorse:
0:24:34,@jennythebean9117,Daddy Tamers I can’t wait for more
0:24:37,@alcinaisMINE,Ultimate rave group 
0:24:37,@HATKID4LIFEE,MOONFLOWER
0:24:38,@Wanehusk,:pleading_face::loudly_crying_face:
0:24:39,@Laceshelf,HIS DAWG AWEE
0:24:40,@atable2395,:hand-orange-covering-eyes::hand-orange-covering-eyes::hydrate:
0:24:41,@AlphaSleeper_89,Shrimpo is my favorite character but I think Cosmo is my favorite in the tamers AU
0:24:41,@KekiToEKC,peak episode
0:24:41,@Billy-h1i,los finales siempre son los mejores
0:24:42,@jo3a548,YAY
0:24:43,@gamertuberonmask,We need more Pebble
0:24:43,@LittleJellybean47,MAKE DANDY AND ASTRO GAYER:face_holding_back_tears::face_holding_back_tears:
0:24:44,@Wanehusk,Yes bro
0:24:44,@M4TYZX,I BEG U MOREE
0:24:45,@raddyThedemonredALEX,YES
0:24:46,@Finnthebow,tamers YOUR THE GOAT
0:24:46,@honeiyt,.
0:24:48,@sondrabradley1615,YESS
0:24:48,@alcinaisMINE,I liked itttttttt yummy gourdvester 
0:24:48,@jo3a548,lasfoasflsao
0:24:48,@sophia_gamer12345,Finally got fed moonflower
0:24:49,@raddyThedemonredALEX,YES
0:24:49,@Hikarian01,moonflower my beloved :heart_hands:
0:24:50,@Nightlyshadesofthenight,YAHOO
0:24:51,@user-silky-g4j,aaah such a lovely episode
0:24:52,@RenTheReckless,Tamers is modern day Shakespeare btw
0:24:53,@TheMTwinny,HAHA JUST KIDDING
0:24:53,@raddyThedemonredALEX,YES
0:24:53,@JorgeM-e7q,:face_holding_back_tears:
0:24:54,@WeLOVEMomonga,DANDY SHOUDLVE WON UUUUUUHHHGGGGGHHHHHHH
0:24:55,@theaombo,more
0:24:55,@Wanehusk,:beach_with_umbrella:
0:24:56,@tdrocks3483,MORE SPROUT AMD COSMO PLSSSDSSSS
0:24:56,@fearofcrows,I don't want to hear that dandy isn't also hot in that rave fit
0:24:57,@CheezenCrackerzz,more moonberry pls sir tamers
0:24:57,@Nox_Atra,peak episode as always
0:24:57,@ረዐሸሸቿሃሀቿረረ,can we do both options?
0:24:58,@ShadowGamer-zw8ij,I THOUGHT TS WAS AN HOUR?
0:25:00,@MinioMicha09,He getting finger again
0:25:01,@OverDuskVZ,I LOVE YOU TAMERS
0:25:01,@BriThomas-t6q,:face-purple-wide-eyes::face-purple-wide-eyes::face-purple-wide-eyes::face-purple-wide-eyes::face-purple-wide-eyes::face-purple-wide-eyes::face-purple-wide-eyes:
0:25:01,@sondrabradley1615,yo yo yo lets chill dandy
0:25:03,@LittleJellybean47,YES
0:25:04,@newt4321,:eyes:
0:25:04,@alcinaisMINE,Let dandy win next time 
0:25:04,@Billy-h1i,no tengo plata causa
0:25:05,@MacieMcmahon,why they shower together
0:25:07,@atable2395,Luv ya astrooooo
0:25:07,@fate-thepotat0,TAMES LET ME PLS CRACK UU
0:25:08,@qxest1on,eeyyy
0:25:08,@Wanehusk,:pensive_face::pensive_face::face_with_raised_eyebrow:
0:25:08,@afghanitus,cant wait for more astro x dandy 
0:25:09,@NubMcMoofin,:saluting_face::saluting_face::saluting_face:
0:25:11,@Tea_Teasr,NOT THE GIFS-
0:25:11,@gamertuberonmask,I’m gonna start over the whole video and see what I missed because I joined so trucking late
0:25:11,@jo3a548,YAY
0:25:11,@XXDERLMX-MAIN,everyone blow the candle
0:25:12,@Secret-agent-x1g,The slap my ass jokeXD
0:25:12,@THE_OR30_C4T,FUCK YEAH
0:25:13,@Kakaokomanden,mmm yeah that's the good shit
0:25:13,@Billy-h1i,no puedo nalgearlo?
0:25:13,@Finnthebow,SO GOOD
0:25:13,@1xA11yXD,ASTRO PLZ
0:25:14,@richietrejo-ramos2252,Bye
0:25:14,@OverDuskVZ,I NEED MORE
0:25:14,@pandafrenzy14,NOPP
