timestamp,author,message
0:00:00,@duroycadichon-li8do,YAYYY
0:00:00,@serpentsfief,1
0:00:00,@vazquezzavaladarielaalejan6147,1
0:00:00,@lulaaamooon,:chillwdog:
0:00:00,@Thais_família,YESS
0:00:00,@dwaynehunter8465,1
0:00:01,@honeiyt,7
0:00:01,@lizardclub,YESSSS
0:00:01,@MIRKOKLUK,YESS OMGG
0:00:02,@vazquezzavaladarielaalejan6147,1
0:00:03,@whoopsiemazie,Yummy
0:00:03,@VorytextYT,:face-turquoise-covering-eyes::face-turquoise-covering-eyes::face-turquoise-covering-eyes::face-turquoise-covering-eyes::face-turquoise-covering-eyes::face-turquoise-covering-eyes:
0:00:03,@Shellydinasour-c1o,YIPPE
0:00:04,@AverageFNiAEnjoyer,I am so ready for this dogwater
0:00:04,@LilfoxKennedy,started
0:00:05,@GOobygoob-e3x5d,DO YOU LIKE ANGRYHUGS
0:00:05,@jennythebean9117,Mmmm breakfast 
0:00:05,@vazquezzavaladarielaalejan6147,YESSS
0:00:05,@SuperCaptainFail,SPRING ONIONS YASSS
0:00:05,@vanveleca,EGG GAMING
0:00:05,@UngulaPropriaRQ,YEAH ONIONS 
0:00:06,@SinnyDaSiamese,YSSSS
0:00:06,@honeiyt,1
0:00:06,@ilikefrogzz6384,5
0:00:06,@dominicunderwood4911,KILLER QUEEN
0:00:06,@FennecSt4rr,YAY YAY YA
0:00:06,@SummerPreppySkincare-w5m,YAY
0:00:06,@Cattle.ink.3,I CAN'T WAIT TO WATCH THIS!!!!!
0:00:07,@NatashiaJones-d7w,FEED MEEEEDEEEEEDEEEEE
0:00:07,@Jadazchannel,SPOTUTTTT
0:00:07,@alcinaisMINE,I’m too autistic for this 
0:00:07,@ilikefrogzz6384,4
0:00:08,@Shelly_withvee,WOW
0:00:08,@shrimpkuuu,awww looey
0:00:08,@MohammedElhakimk,lol
0:00:08,@jo3a548,cute
0:00:08,@XxZ0MB1E_K1TTYxX,:mending_heart::mending_heart::mending_heart::mending_heart::mending_heart:
0:00:08,@ImKooka,GULP
0:00:08,@ilikefrogzz6384,3
0:00:09,@СвятославаК-ы9б,10 SECS!
0:00:09,@Vivivector,YESSSS
0:00:09,@user-dj4ci4qp7d,yes yes yes
0:00:10,@WerchioMop,LOEY
0:00:10,@dominicunderwood4911,BOI
0:00:10,@Fooper899,silly boy
0:00:11,@Iplyaz-POOPY,Baking
0:00:11,@superarcade643,CUTEEEE
0:00:11,@Hyloaf,gay
0:00:11,@ilikefrogzz6384,1
0:00:11,@Lily1slucky,the what?????
0:00:11,@Jadazchannel,AHHHHHH
0:00:11,@Naro488,WOAH
0:00:11,@vazquezzavaladarielaalejan6147,OMG FUNNY BERRY
0:00:12,@dookyking4lyfe,IDIOT
0:00:12,@sproutseedly-n1v,guys i am literally creaming
0:00:12,@superarcade643,CUTECUTECUTE
0:00:13,@BrownPilledFartCel,YES
0:00:13,@Aqilarasya-o9r,WOHOO
0:00:13,@Baldstro_novalite,WHAT
0:00:14,@HMZeroTwo,did sprout replace cosmo with looey
0:00:14,@user-dj4ci4qp7d,yesss
0:00:15,@Shelly_withvee,:loudly_crying_face::loudly_crying_face::loudly_crying_face::loudly_crying_face:
0:00:15,@victorv5774,:face-red-heart-shape::face-red-heart-shape::face-red-heart-shape::face-red-heart-shape:lets goooo BERRYFUNNY
0:00:15,@Jadazchannel,SPROUTTTTT
0:00:15,@I_feel_sigma-x2p,uh
0:00:16,@vazquezzavaladarielaalejan6147,YESSS
0:00:16,@AkiHawkins-n3t,XD
0:00:17,@Shadow_Milk-m8t,AAAAAWWWW
0:00:17,@СвятославаК-ы9б,Aaaaaaa
0:00:17,@jeonvrq,LOOEEYEE
0:00:17,@Naro488,AYO
0:00:17,@Cloudyy-edit-lover,lol
0:00:18,@ANALBONES,funnyberry
0:00:18,@jeonvrq,W
0:00:18,@applebloom2307,Cutie
0:00:18,@KatiePedroza-c1n9n,O
0:00:18,@jo3a548,GAAAAAAAAAAAAAAY
0:00:18,@Baldstro_novalite,HELLPP
0:00:19,@jeonvrq,W
0:00:19,@r0tten_angel666,HEJSHEISSHAHAHAHAHAHAHAHAHAHA
0:00:19,@Fooper899,aw h blush
0:00:20,@СвятославаК-ы9б,:face-turquoise-covering-eyes:
0:00:20,@MiniPlush12,hi
0:00:20,@TrinityLong-k7l1n,Oh my
0:00:20,@I_feel_sigma-x2p,LOL
0:00:20,@Sweetie-r9p9r,WOO
0:00:21,@ProbablyFlawlessInDisguse,I WUB U
0:00:21,@ItsJustNoni-l0ps,OOMHGGG
0:00:21,@dookyking4lyfe,haha silly
0:00:21,@FennecSt4rr,BERRYGUNNY
0:00:22,@Flw3rm00n,lol
0:00:22,@justASHERandWILLOW,OMG ITS STARTING LOOEY SMD PLEASEEEUGGHHH
0:00:22,@Funni_roach,Ok it's time
0:00:22,@Shelly-f7p8v,FUNNYBERRYYYYY
0:00:22,@TheJackManArt,brruuuuu
0:00:23,@DinosaursGoRawrXDDD,awwww
0:00:23,@alcinaisMINE,Looey has shrimpo voice 
0:00:23,@superarcade643,CUUUTTEEEEEEEEEEEEEEEEEEEE
0:00:23,@grimtidings5451,Who this goob?
0:00:23,@BeachDaysArmy,peakkk
0:00:23,@UniquieNewsome,Omg
0:00:23,@Nathan_Benji,i HATE BERRY FUNNY
0:00:24,@drakestart,LOOEY X SPROUT
0:00:24,@ProbablyFlawlessInDisguse,I WHB H
0:00:24,@Eightivealwayslovedyou-y7g,10
0:00:24,@JacobAquino-q9u,this is amazing
0:00:24,@shrimpkuuu,he's cheating on cosmo bruh
0:00:24,@Baldstro_novalite,FUNNY BERRY IM CRINE
0:00:24,@toodles-p7o,ii
0:00:25,@Selenacatlover,bro I was so excited I got a noise bleed.
0:00:25,@kalinoyunelsday,awwww
0:00:25,@Legendary-Looey,YOO IT'S LOOEY
0:00:26,@ProbablyFlawlessInDisguse,HEEEY
0:00:26,@FennecSt4rr,ohh OHH MY GOOD
0:00:26,@XxZ0MB1E_K1TTYxX,:mending_heart::mending_heart:
0:00:26,@ShellyFossilianMM,AW
0:00:27,@GLLIT-h3s,WAIT WHERES HIS TAIL
0:00:27,@СвятославаК-ы9б,ONG
0:00:28,@Iplyaz-POOPY,GAYYY
0:00:28,@jo3a548,OOOOOOOOOOOOH
0:00:28,@TrinityLong-k7l1n,No
0:00:29,@Gok0shy,OMH
0:00:29,@vazquezzavaladarielaalejan6147,FUNNYBERRY NATION AS WON
0:00:29,@Jadazchannel,SPROUT
0:00:29,@ilikefrogzz6384,LOOEY stop juggling 
0:00:29,@S1LLY_M1LLY-YEY,LOL
0:00:29,@rat__son06,OMGGG
0:00:29,@Naro488,WOAHH
0:00:29,@NubMcMoofin,:face_savoring_food:
0:00:30,@DinosaursGoRawrXDDD,awwwww
0:00:30,@XxZ0MB1E_K1TTYxX,YAOIIII
0:00:30,@KitNoir_,BERRYFUNNY
0:00:31,@toodles-p7o,o xe
0:00:32,@ilikefrogzz6384,OJG
0:00:32,@GOobygoob-e3x5d,OMG
0:00:32,@Old_fart66,HELL YEAH AN AWESOME SHIP
0:00:32,@kalinoyunelsday,YAOI
0:00:32,@LaraRhaziDeFreitas,WOOWOOWOWOWOW
0:00:32,@JasOrne-n1y,THERE SO GAY
0:00:33,@Vivivector,WHAT
0:00:33,@justASHERandWILLOW,DADDY.?
0:00:33,@AverageFNiAEnjoyer,lol
0:00:33,@Eightivealwayslovedyou-y7g,OOMGHSGSGAIJDJSKW
0:00:33,@Naro488,YOOOOOOOO
0:00:33,@СвятославаК-ы9б,WTH
0:00:33,@jennythebean9117,Pretty gay
0:00:33,@okuriinu8489,that face
0:00:33,@Tamers12345MLP,Being a silly boy is Looey's natural state cause he's gay as shit
0:00:34,@Iplyaz-POOPY,GAY
0:00:34,@nesslerest,YAOI YAOI !!
0:00:34,@palomasandoval6806,I love this ahh
0:00:36,@UngulaPropriaRQ,berryfunny real 
0:00:36,@vazquezzavaladarielaalejan6147,YES
0:00:36,@Gok0shy,WHATTTY
0:00:36,@ShellyFossilianMM,BYEENDJDJ
0:00:36,@ImKooka,GulP!
0:00:36,@miatamiatamiata45,nice....
0:00:37,@MohammedElhakimk,what the hell
0:00:37,@kalinoyunelsday,YAOIIIIII
0:00:37,@Sweetie-r9p9r,OH MY
0:00:37,@whoopsiemazie,WOAHHHHHHH
0:00:37,@ProbablyFlawlessInDisguse,SPROUT WHY ARE YOU CHEATING ON ME
0:00:37,@alynn_silly,HELP.
0:00:37,@vazquezzavaladarielaalejan6147,YESS
0:00:38,@KatiePedroza-c1n9n,:OOO
0:00:38,@Sh0ehorn_5567,WHOAAA
0:00:39,@raeesahbrown1932,Yes yes yes
0:00:39,@zocie,gay
0:00:39,@СвятославаК-ы9б,WHERE IS COSMO
0:00:39,@S1LLYG13L,BERRYFUNNY
0:00:40,@Shellydinasour-c1o,WHAT THE WORLD
0:00:40,@toodles-p7o,lol
0:00:40,@applebloom2307,Yaoi yaoi yaoi yaoi yaoi 
0:00:40,@XxZ0MB1E_K1TTYxX,GAYYYY
0:00:40,@Fooper899,:3
0:00:40,@S1LLY_M1LLY-YEY,OMG BERRYFUNNY MEANTIONED 
0:00:41,@Cattle.ink.3,funny berry
0:00:41,@ProbablyFlawlessInDisguse,I HATE YOU
0:00:41,@drakestart,LOOEY XSPROUTTT
0:00:42,@richietrejo-ramos2252,Bro??
0:00:43,@ilikefrogzz6384,FUNNYBERRY
0:00:43,@SophiaLola-w6w,NOW IT STARTED..!!
0:00:43,@dominicunderwood4911,"HEY NOW, HES TAKEN"
0:00:43,@DinosaursGoRawrXDDD,lol
0:00:44,@kalinoyunelsday,AWWWWWW
0:00:44,@jennythebean9117,Dr Pepper!
0:00:45,@St4rpaperprotective,OMGG
0:00:45,@TrinityLong-k7l1n,Da hell sprout
0:00:45,@KitNoir_,YOOOOO
0:00:45,@Gok0shy,OMG
0:00:45,@Shelly-f7p8v,OMG GAY YYYY
0:00:46,@Iplyaz-POOPY,SO FREAKING GAY
0:00:46,@Baldstro_novalite,louis.. its okay be shy
0:00:46,@ProbablyFlawlessInDisguse,YOUR CHEATINH
0:00:47,@vazquezzavaladarielaalejan6147,FUNNYBERRYYYY
0:00:47,@justASHERandWILLOW,DHHDUSTHEID YAOIIII
0:00:49,@FennecSt4rr,JEJSJSJSJS
0:00:49,@Shadow_Milk-m8t,omg... is so peak....
0:00:49,@Eightivealwayslovedyou-y7g,LOOEY MY HUSBAND
0:00:49,@lizardclub,At
0:00:49,@Shellydinasour-c1o,THATS NOT NORMAL SPROUT
0:00:50,@raeesahbrown1932,Yes yes yes
0:00:50,@alcinaisMINE,The stupid looey plushie I’m still not over it
0:00:50,@TierAnon,God is watching in disgust
0:00:51,@KitNoir_,WHAT???
0:00:51,@honeiyt,MEOOWWWW
0:00:51,@KatiePedroza-c1n9n,:grinning_face_with_big_eyes:
0:00:51,@Cosmocosmeticcake,DO :smiling_face_with_heart_eyes::smiling_face_with_heart_eyes:
0:00:52,@shrimpkuuu,bro 
0:00:52,@Thais_família,DR PEPPER
0:00:52,@ilikefrogzz6384,WOAH SPROUT
0:00:52,@jackchu5453,LETS GOOOOOOOOOOOO
0:00:52,@DinosaursGoRawrXDDD,berryfunny
0:00:53,@rat__son06,OH FRIEND 
0:00:53,@TheKalimanMX,FRIEND
0:00:54,@jennythebean9117,“Friend”
0:00:54,@AlexanderAtticus,Sprout cheating???
0:00:55,@TiaVenita,why they're being too gay all of sudden-
0:00:55,@vazquezzavaladarielaalejan6147,WHATT???
0:00:56,@IEATPAP3R,the bootlegs plushies :loudly_crying_face: 
0:00:56,@AnimeGames16,They have plushes of each other?
0:00:56,@UngulaPropriaRQ,I KNEW THE DR PEPPER BRAINWASHING CAME FROM SOMEWHERE 
0:00:56,@KatiePedroza-c1n9n,OH
0:00:56,@drakestart,LOOEY X SPROUTTTTTTTTTTTTTTTTTTTTTTTTTTTTT
0:00:57,@sproutseedly-n1v,I feel like I'm being touched without consent
0:00:57,@whoopsiemazie,Sprout you bop
0:00:57,@shrimpkuuu,THIS IS FUNNYBUNNYYYYYYY
0:00:58,@XxZ0MB1E_K1TTYxX,AWWWWW
0:00:59,@Gok0shy,NOT THE BOOTLEG PLUSHIED
0:00:59,@MiniPlush12,is sprout cheating on cosmo
0:00:59,@СвятославаК-ы9б,DID LOOEY ATE COSMO?????
0:01:00,@I_feel_sigma-x2p,EVEN I HATE BERRYFUNNY THIS CHEER ME UP
0:01:00,@vazquezzavaladarielaalejan6147,OMG??
0:01:00,@toodles-p7o,ei bobette
0:01:00,@shadey_z1241,Dr pibb 
0:01:01,@TrinityLong-k7l1n,Oh my
0:01:01,@Baldstro_novalite,hes so needy he so whimpers.
0:01:02,@Eightivealwayslovedyou-y7g,HOMOSEXUALS
0:01:02,@ilikefrogzz6384,AWW THE PLUSHIES
0:01:02,@LolCat6843,heheheh
0:01:03,@S1LLY_M1LLY-YEY,LOL-
0:01:04,@Shelly-f7p8v,WHERES LOOEY TAIL
0:01:05,@LolCat6843,huh
0:01:06,@DinosaursGoRawrXDDD,the off brand plushie lol
0:01:06,@FennecSt4rr,BUTTCHEEJ
0:01:06,@ANALBONES,THE SLAP LMAOAOAO
0:01:06,@ilikefrogzz6384,and the dr pepper
0:01:07,@rat__son06,YATTTAAAAA
0:01:08,@СвятославаК-ы9б,AYOO
0:01:08,@whoopsiemazie,okay man.
0:01:09,@Cosmocosmeticcake,WHAT DID COSMO DO :skull:
0:01:09,@I_feel_sigma-x2p,SHSHSHEJ
0:01:10,@TheMTwinny,LIKE WHAT
0:01:10,@Gourdy_Playz28,sprout breaks up with cosmo and gets with looey
0:01:10,@BrownPilledFartCel,ugh squeak squeakl
0:01:11,@jennythebean9117,Kiss
0:01:11,@nesslerest,I love yaoi so much 
0:01:11,@Eightivealwayslovedyou-y7g,GAY
0:01:11,@Mari.Gab23,:flushed_face:
0:01:11,@UniquieNewsome,LAUGHING ME STOP
0:01:11,@shrimpkuuu,OH MY GOD
0:01:11,@zocie,gay
0:01:12,@PumpkinBlackKitty,LOL THE ABUSE
0:01:12,@quericotemuevesEiden,i want moonberry...
0:01:12,@Ilovemilliebobbybrown-n8s,Um...
0:01:13,@HMZeroTwo,blot i love you
0:01:14,@toodles-p7o,cosmo
0:01:15,@kalinoyunelsday,LMFAOO
0:01:15,@Eightivealwayslovedyou-y7g,GAY
0:01:16,@I_feel_sigma-x2p,YO
0:01:16,@ilikefrogzz6384,SPROUT WHAT
0:01:16,@superarcade643,NOOOOOOOOOOOOOO
0:01:16,@Shelly-f7p8v,LOOEY TAIL GOT POPPED
0:01:16,@XxZ0MB1E_K1TTYxX,:exploding_head:
0:01:16,@СвятославаК-ы9б,WHY IS SPROUT FEEDING HIMMM
0:01:16,@LilfoxKennedy,HES GAY
0:01:17,@jo3a548,DAMN
0:01:17,@HMZeroTwo,DAMBN
0:01:17,@Fooper899,thats right
0:01:17,@rat__son06,OH SHIT
0:01:17,@zocie,op\
0:01:18,@Rileydoesgaming-wr6kk,Dr Pepper?
0:01:18,@sproutseedly-n1v,oop
0:01:18,@Tamers12345MLP,@Shelly-f7p8v Above his ass where tails should be?
0:01:19,@whoopsiemazie,Sprout stop being abusive yo
0:01:19,@richietrejo-ramos2252,Noo Looey!
0:01:19,@superarcade643,AAAAAAAAAAAAAAA
0:01:19,@Shadow_Milk-m8t,oh-
0:01:20,@vazquezzavaladarielaalejan6147,OH NO
0:01:20,@Eightivealwayslovedyou-y7g,GAY
0:01:20,@Nathan_Benji,HELP
0:01:20,@jennythebean9117,Toxic Yaoi!
0:01:21,@I_feel_sigma-x2p,UH
0:01:21,@ilikefrogzz6384,HAHAHHA
0:01:22,@AkiHawkins-n3t,:skull:
0:01:22,@alcinaisMINE,No tail
0:01:22,@aisarahx,LOL
0:01:23,@drakestart,DANG
0:01:23,@KitNoir_,OOO
0:01:23,@Gourdy_Playz28,You dont wanna know what diarrhea means chat
0:01:24,@Iplyaz-POOPY,He’s gonna KILL COSMO SO THAT HE CAN MARRY SPROT
0:01:24,@EuanMonkey,:face-pink-tears:
0:01:24,@TrinityLong-k7l1n,Oh my
0:01:25,@dookyking4lyfe,LIKES BOYS???? :see_no_evil_monkey::see_no_evil_monkey::see_no_evil_monkey:
0:01:25,@vazquezzavaladarielaalejan6147,??
0:01:25,@HMZeroTwo,GOD DAMN
0:01:26,@honeiyt,WHAT THE FUCK
0:01:26,@victorv5774,:face-purple-wide-eyes:
0:01:26,@D0LLYVRPL4YZ,GAY 
0:01:27,@Eightivealwayslovedyou-y7g,GAY
0:01:27,@I_feel_sigma-x2p,nah-
0:01:28,@kalinoyunelsday,BYEEEEE
0:01:28,@N0tc00lbr0what,where the fuck is boxten.
0:01:28,@UngulaPropriaRQ,hahaha welcome back Tamers 
0:01:28,@ProbablyFlawlessInDisguse,SPROUT IS CHEATING
0:01:28,@drakestart,DAMENNNNN
0:01:29,@LolCat6843,ooooo
0:01:29,@richardtheallosaurus4036,HE SLAP HIM
0:01:30,@vazquezzavaladarielaalejan6147,TOXIC YAOI??
0:01:30,@СвятославаК-ы9б,GAY
0:01:30,@St4rpaperprotective,NAHH
0:01:30,@honeiyt,SPROUT
0:01:31,@LaraRhaziDeFreitas,Agressive sprout:face-purple-crying::face-purple-crying:
0:01:32,@I_feel_sigma-x2p,DAMN
0:01:32,@ProbablyFlawlessInDisguse,UGH
0:01:32,@UniquieNewsome,GAY
0:01:32,@Adri_anaGomez,oh toxic yaoi
0:01:32,@Sillymia838,Ooo
0:01:33,@TrinityLong-k7l1n,Dang
0:01:33,@lizardclub,Omg broo lol
0:01:33,@shadey_z1241,Gay
0:01:33,@HMZeroTwo,sprout is too strong
0:01:33,@vazquezzavaladarielaalejan6147,OMG
0:01:33,@shrimpkuuu,he';s so fucking abusive this is why he lost the kissing poll
0:01:33,@Lily1slucky,oh no
0:01:34,@СвятославаК-ы9б,GAY
0:01:34,@richietrejo-ramos2252,:face-blue-wide-eyes:
0:01:34,@Reb-i7x,:face-blue-wide-eyes:
0:01:35,@rat__son06,WHERES YATTA
0:01:35,@Baldstro_novalite,IM CRINE
0:01:36,@Cattle.ink.3,oop-
0:01:36,@TheKalimanMX,toxic
0:01:36,@Eightivealwayslovedyou-y7g,GAY
0:01:37,@MohammedElhakimk,toxic
0:01:37,@NatashiaJones-d7w,funny berry worse ship
0:01:38,@rat__son06,YATTTAAAAA
0:01:38,@LolCat6843,damn
0:01:38,@nesslerest,Toxic yaoi
0:01:38,@moonmel,YOOOOo
0:01:38,@WerchioMop,L SPROUT
0:01:39,@ThiagoZari,Holy shit
0:01:39,@drakestart,LOLOLOLOLOLOLOLOOLOLOLL
0:01:39,@I_feel_sigma-x2p,OP
0:01:39,@Kiki-p3g9m,OH GOD-
0:01:39,@toodles-p7o,btol veiii!!!
0:01:39,@СвятославаК-ы9б,:face-turquoise-covering-eyes:
0:01:40,@ANALBONES,THE BUTT
0:01:40,@Vortextheslayer87,𝚍𝚛𝚊𝚖𝚊
0:01:40,@kalinoyunelsday,gay
0:01:40,@rat__son06,YAAATTTAAAA
0:01:40,@FennecSt4rr,Scared
0:01:42,@amnesiacrystal7248,nooooo
0:01:42,@Tamers12345MLP,"LOOEY ISN'T MISSING HIS TAIL, YOU JUST CAN'T SEE IT CAUSE HIS ASS IS SO FAT"
0:01:42,@shanaypalmer5360,WHATTTT!
0:01:43,@alcinaisMINE,Sprout stop abusing all 20 of your boyfriends 
0:01:43,@LolCat6843,gayyy
0:01:44,@honeiyt,OUCHY
0:01:44,@MiniPlush12,damn sprout :fearful_face:
0:01:44,@vanveleca,Man.......
0:01:44,@ProbablyFlawlessInDisguse,IM BREAKING UP WITH SPROUT.
0:01:44,@WerchioMop,L SPROUT
0:01:45,@r0bbi_png,sprout my god bruh
0:01:45,@ShellyFossilianMM,DAMNNN
0:01:45,@billyboy8534,Pretty fair gay representation hint
0:01:45,@lindaniven1706,WOW
0:01:45,@СвятославаК-ы9б,ONG
0:01:47,@Thais_família,TOXIC
0:01:46,@tvgirlFan_fashoinflower6.9,help-
0:01:47,@KayK-l1c,im choking my sprout plush rn
0:01:48,@ilikefrogzz6384,CALM DOWN SPROUT STOP BEING ABUSIVE
0:01:49,@dylandennison2532,W sprout 
0:01:49,@СвятославаК-ы9б,:face-turquoise-covering-eyes:
0:01:49,@grimtidings5451,Yikes dude
0:01:50,@I_feel_sigma-x2p,ERM
0:01:50,@Baldstro_novalite,I NEED MOONFLOWER BRO
0:01:50,@Nathan_Benji,HELPP
0:01:50,@jennythebean9117,Mmmmm toxic Yaoi 
0:01:50,@XxZ0MB1E_K1TTYxX,OHHHHH
0:01:50,@Eightivealwayslovedyou-y7g,GAY
0:01:51,@victorv5774,:face-blue-wide-eyes:
0:01:51,@moonmel,:face-turquoise-covering-eyes::face-turquoise-covering-eyes::face-turquoise-covering-eyes::hand-orange-covering-eyes:
0:01:51,@AlanisDamarisChabotKnowel-b5c,TOXIC YAOI
0:01:51,@Shelly_withvee,AYO GAY BERRY BOY
0:01:51,@Baldstro_novalite,AAAAHHH
0:01:51,@whoopsiemazie,Oh ok
0:01:52,@WerchioMop,I WANNA EAT OUT LOOEY
0:01:52,@kalinoyunelsday,omg it really is fat
0:01:52,@richardtheallosaurus4036,Man this sprout is so damn evil
0:01:53,@Baldstro_novalite,fym
0:01:53,@MiniPlush12,gay tension
0:01:53,@aisarahx,ummmmm
0:01:53,@Vortextheslayer87,ᥣׁׅ֪⁠ᨵׁׅׅ⁠ᥣׁׅ֪
0:01:54,@JasOrne-n1y,OMG WHAT IS HAPPENING
0:01:54,@LolCat6843,yay drama
0:01:54,@FennecSt4rr,LMAO
0:01:54,@alyssonnganinga4382,Why does sprout like hitting everyone or everything?.
0:01:54,@shrimpkuuu,looey awww baby
0:01:55,@MohammedElhakimk,God damn Sprout
0:01:55,@dominicunderwood4911,"Everyone saying ""gay"", but showing no concern for this poor guy getting beaten."
0:01:56,@KitNoir_,DMAN
0:01:56,@sproutseedly-n1v,THERES HIS TAIL
0:01:57,@SlightKun,TOXIC YAOI OMGL
0:01:57,@SW33T_STRAB3RRY,DR PEPPER
0:01:57,@charonns,OH MY GOD
0:01:57,@miguellozano7539,lmao
0:01:57,@alcinaisMINE,There it is
0:01:57,@rat__son06,Where is his tail
0:01:58,@IEATPAP3R,holy bakery :rose: 
0:01:58,@LolCat6843,ty
0:01:58,@toodles-p7o,:face-turquoise-covering-eyes::face-turquoise-covering-eyes::face-turquoise-covering-eyes::face-turquoise-covering-eyes::face-blue-question-mark:
0:02:00,@vazquezzavaladarielaalejan6147,WHERE DID LOOEYS TAIL GO??
0:02:00,@DLL.Blankp,oh damnnn
0:02:00,@Lily1slucky,.
0:02:01,@richietrejo-ramos2252,Uhhh
0:02:01,@doge_boi__,Can they kiss
0:02:02,@I_feel_sigma-x2p,uhm .
0:02:02,@ANALBONES,COSMO LMAOOOOOOO
0:02:02,@alcinaisMINE,Jeez it’s Tony
0:02:03,@SummerPreppySkincare-w5m,Oh
0:02:03,@Reb-i7x,:yt::popcorn-yellow-striped-smile::popcorn-yellow-striped-smile:
0:02:04,@jo3a548,LASDOASLDOASDLASDFOASFLasf
0:02:04,@Shellydinasour-c1o,Why did his tail look like that
0:02:05,@shrimpkuuu,HES NAKE
0:02:05,@whoopsiemazie,That escalated quickly
0:02:06,@Fooper899,lol
0:02:07,@Emilysworld-x4y,the tail-
0:02:07,@superarcade643,JHAHAHAHAHAHAHA
0:02:08,@Vortextheslayer87,:clown_face::clown_face:
0:02:08,@shrimpkuuu,OH MY GOD
0:02:08,@Baldstro_novalite,where yo clothes at
0:02:08,@ThiagoZari,ITS THERE 
0:02:08,@superarcade643,OMG
0:02:08,@BrownPilledFartCel,im not even gay
0:02:09,@applebloom2307,We believe you Tamers dun worry 
0:02:09,@GOobygoob-e3x5d,Do you like angryhugs 
0:02:09,@kalinoyunelsday,YEOOOO
0:02:10,@shrimpkuuu,HAHAHHAHAHAHAA
0:02:10,@drakestart,COSMO
0:02:10,@XxZ0MB1E_K1TTYxX,OH MY GOD
0:02:10,@richietrejo-ramos2252,Why??
0:02:10,@Scared_Deer_Girl,LOL
0:02:10,@MiniPlush12,this is why nobody likes you except for cosmo sprout
0:02:10,@jennythebean9117,They should kiss
0:02:11,@MohammedElhakimk,Cosmo
0:02:11,@ilikefrogzz6384,Where’d all that cake come from LOOEY
0:02:11,@proto_117,woah
0:02:11,@PumpkinBlackKitty,FRUITCAKEEEEEE
0:02:12,@jo3a548,LASDOSALDOASDFLADSFGOASFLASF
0:02:12,@Gok0shy,LMAO
0:02:12,@okuriinu8489,help! poor cosmo!
0:02:13,@lindaniven1706,WHAT 
0:02:13,@Shadow_Milk-m8t,HAHAHA COSMO
0:02:13,@toodles-p7o,oo
0:02:13,@Sweetie-r9p9r,what
0:02:13,@NubMcMoofin,:pensive_face:
0:02:13,@hollytheballoon-s1x,Poor Cosmo
0:02:13,@duroycadichon-li8do,HEHEHEHEHEHEHEHEHEHEH HEHEHEHEHE
0:02:13,@Shelly-f7p8v,I SEE THE ERROR OF MY WAYS
0:02:14,@UniquieNewsome,COAMO AYO
0:02:14,@drakestart,WTH
0:02:14,@ミソサザイmisothesoup,0H-
0:02:14,@honeiyt,OMG HIS TAUL LOL
0:02:14,@XxZ0MB1E_K1TTYxX,NOOOO
0:02:14,@whoopsiemazie,WHAT 
0:02:14,@hikorikimo,wtfffff
0:02:14,@S1LLY_M1LLY-YEY,WHAT
0:02:15,@LolCat6843,huh
0:02:15,@FennecSt4rr,OH MY GOD BRO
0:02:15,@Shellydinasour-c1o,COSMO
0:02:15,@dribvox,tears in my eyes
0:02:15,@Moon_wolfpawz,COSMO..
0:02:15,@r0bbi_png,im crine
0:02:16,@ProbablyFlawlessInDisguse,WHO HIT ME
0:02:16,@KitNoir_,YO?
0:02:16,@Eggy_egg30,Cosmo
0:02:17,@Lily1slucky,cosmo!?!?!?!
0:02:17,@Nathan_Benji,NOT COSMO
0:02:18,@XxZ0MB1E_K1TTYxX,MY BABY
0:02:18,@Baldstro_novalite,Cosmo where are yours clothes 
0:02:18,@Kiki-p3g9m,COSMO-
0:02:18,@PumpkinBlackKitty,FRUITCAKEEEE~~~~
0:02:18,@rat__son06,HAHAHAHAHAH
0:02:18,@jennythebean9117,Where his clothes?
0:02:19,@jo3a548,LOLOLOLOOOOLO>.l
0:02:19,@I_feel_sigma-x2p,WHAT HAPPENED TO COSMO..
0:02:19,@Shellydinasour-c1o,NOO
0:02:19,@whoopsiemazie,????????
0:02:21,@Sweetie-r9p9r,WHY WAS HE NAKED
0:02:21,@UngulaPropriaRQ,FRUITCAKE WE'RE BACK
0:02:21,@Eightivealwayslovedyou-y7g,WHAT IS HAPPENING
0:02:21,@ItsJustNoni-l0ps,POOR COSMO
0:02:22,@ProbablyFlawlessInDisguse,ITE MEEEE
0:02:22,@ShellyFossilianMM,COSMOONENEJEJE
0:02:23,@dwaynehunter8465,WHAT COSMO
0:02:23,@PumpkinBlackKitty,NYAAAAA!!!
0:02:24,@S1LLY_M1LLY-YEY,WTH COSMO
0:02:24,@DinosaursGoRawrXDDD,noooo cosmo'
0:02:25,@MohammedElhakimk,nah
0:02:25,@ProbablyFlawlessInDisguse,ITS MEEEEEE
0:02:25,@St4rpaperprotective,XD
0:02:26,@okuriinu8489,OH GOD COSMO SOMEONE NEEDS TO FREE U
0:02:26,@toodles-p7o,o xe
0:02:26,@Kiki-p3g9m,MY BABY COSMO NO
0:02:27,@СвятославаК-ы9б,OMG KISSS ALREADY
0:02:27,@GOobygoob-e3x5d,Do you like angryhugs 
0:02:28,@NatashiaJones-d7w,COSMO NOOO
0:02:28,@bp5814,Cosmo noooooo
0:02:28,@vazquezzavaladarielaalejan6147,I lov gays
0:02:29,@Baldstro_novalite,DANDY STO
0:02:29,@JacobAquino-q9u,why is he naked
0:02:29,@shrimpkuuu,broooooo hes so FUFCKING ABUSIV
0:02:29,@KatiePedroza-c1n9n,Oh
0:02:29,@quericotemuevesEiden,WHY
0:02:29,@MIRKOKLUK,ERM COMO?
0:02:30,@abread369,COSMOOOO
0:02:30,@AkiHawkins-n3t,OMG WHAT-
0:02:30,@shrimpkuuu,E
0:02:30,@zocie,poor cosmo
0:02:31,@LolCat6843,meow
0:02:31,@dwaynehunter8465,NOOOOO
0:02:31,@dominicunderwood4911,"Why are you nakey, Cosmo?"
0:02:31,@alcinaisMINE,Oh boy!
0:02:31,@r0bbi_png,THIS DAMN BERRY
0:02:32,@Baldstro_novalite,NO DANDY
0:02:32,@HMZeroTwo,somebody save cosmo bro
0:02:32,@whoopsiemazie,Can he go kiss dandy
0:02:33,@ProbablyFlawlessInDisguse,ITS MEEEEEE
0:02:33,@kalinoyunelsday,gay
0:02:34,@richietrejo-ramos2252,Lololol
0:02:34,@HMZeroTwo,HI DANDY
0:02:34,@СвятославаК-ы9б,COSMOOOO!!!
0:02:34,@drakestart,LOL
0:02:35,@ilikefrogzz6384,COSMO?
0:02:35,@AlanisDamarisChabotKnowel-b5c,NOOO MY POOR COSMO
0:02:35,@honeiyt,BABY COSMO
0:02:36,@I_feel_sigma-x2p,I FEEL BAD FOR COSMO..
0:02:36,@Shadow_Milk-m8t,DANDYYYYYYY
0:02:37,@shrimpkuuu,SPROUT YOURE WORTH NOTHING
0:02:37,@Shelly-f7p8v,DANDYD YESSSS
0:02:38,@XxZ0MB1E_K1TTYxX,DANDY
0:02:38,@Lily1slucky,noooo dandy!!!!!
0:02:38,@KatiePedroza-c1n9n,DANDY MY BELOVED MENTIONED 
0:02:39,@ProbablyFlawlessInDisguse,ITS MEEEEEEEEEE
0:02:39,@Baldstro_novalite,IM CRINE ABUSIVE SPROUT 
0:02:39,@Thais_família,Bruh
0:02:39,@Tamers12345MLP,Why would Cosmo need clothes? it's not like he's trying to impress anybody
0:02:39,@zocie,dandy we dont care
0:02:39,@whoopsiemazie,IPAD KID
0:02:39,@Shelly_withvee,NYA FRUITCAKEE
0:02:40,@jo3a548,BULLY
0:02:41,@rat__son06,Awwww he’s an iPad kid
0:02:41,@XxZ0MB1E_K1TTYxX,NOOOOO
0:02:41,@sproutseedly-n1v,where was cosmos clothes
0:02:42,@FennecSt4rr,Nonononononono dandy go back inside
0:02:43,@GOobygoob-e3x5d,Do you like angryhugs 
0:02:43,@СвятославаК-ы9б,MY BABY
0:02:43,@kalinoyunelsday,omgggg
0:02:43,@GiacomoSalinas-b5u,FINALLY
0:02:44,@EtalsTheAxolotl-star,IPAD KID
0:02:44,@St4rpaperprotective,LMAO
0:02:44,@MohammedElhakimk,SPROUT WHY
0:02:44,@honeiyt,MY POOR BABY
0:02:45,@LolCat6843,hehehhehe
0:02:45,@moonmel,:buffering::buffering:
0:02:45,@MillerTheDarkTransPrince,lol
0:02:46,@Baldstro_novalite,NOOOOO DSNDY
0:02:46,@dookyking4lyfe,DANDY LOOK OUT
0:02:46,@jennythebean9117,He deserves it
0:02:46,@Starfire_777,it's Night Dandy
0:02:46,@toodles-p7o,dandy no
0:02:47,@drakestart,DANDY WACH OUT
0:02:47,@fizzyer_brats,WHY ABUSE COSMO
0:02:47,@NubMcMoofin,:face_holding_back_tears:
0:02:48,@superarcade643,HOLY
0:02:48,@Baldstro_novalite,DANDY NO
0:02:48,@Naro488,oh no
0:02:49,@Cattle.ink.3,ma baby eyes
0:02:49,@Eightivealwayslovedyou-y7g,COSMO
0:02:50,@drakestart,.
0:02:50,@XxZ0MB1E_K1TTYxX,NOOOOOOO
0:02:50,@KayK-l1c,True..
0:02:50,@СвятославаК-ы9б,ONG COSMO NOOO
0:02:50,@whoopsiemazie,OH MY GOD
0:02:50,@zocie,LMAo
0:02:51,@Shadow_Milk-m8t,oh
0:02:51,@shadey_z1241,Damn
0:02:51,@kalinoyunelsday,dandy nooooooo
0:02:51,@STRAWBERRI_CRKxDW,Om
0:02:51,@lovetrain-xx,DAMN
0:02:51,@TheMTwinny,WHY
0:02:51,@ThiagoZari,Damn
0:02:51,@applebloom2307,Oh god he ded
0:02:51,@TheKalimanMX,nooooooooo
0:02:52,@whoopsiemazie,WHAT THR HELL
0:02:53,@ilikefrogzz6384,I’m drawing dandy rn 
0:02:53,@FennecSt4rr,NOOO DANDY
0:02:53,@shrimpkuuu,oh wow
0:02:54,@UngulaPropriaRQ,HAHAHA
0:02:54,@damonisbetterthenyou,HELP
0:02:54,@Shelly-f7p8v,YAYYY
0:02:54,@sproutseedly-n1v,:broken_heart:
0:02:54,@I_feel_sigma-x2p,OH MY.
0:02:54,@ミソサザイmisothesoup,OH!
0:02:54,@Kiki-p3g9m,TAMERS WHAT-
0:02:54,@rat__son06,NOOOOO
0:02:55,@dribvox,WHAT
0:02:55,@galaxywolfart2443,dandy is an ipad kid lol 
0:02:55,@KitNoir_,SKSKSKDE
0:02:55,@S1LLY_M1LLY-YEY,NO NOT MY POOR BABY
0:02:56,@LolCat6843,......
0:02:56,@kalinoyunelsday,woah
0:02:56,@jo3a548,DAYUUUUUUUUUUUUUUUUUUUM
0:02:56,@Cosmocosmeticcake,..
0:02:56,@alynn_silly,thats gore of my dandt.
0:02:56,@TheoArv-t5p,yo
0:02:56,@AngelBabe-b7b,NAHHH
0:02:57,@KayK-l1c,BE FREE COSMO
0:02:57,@grimtidings5451,Deserved
0:02:58,@CarlaGabriele-l2f2l,POOR COSMO :loudly_crying_face:
0:02:58,@KatiePedroza-c1n9n,Oh
0:02:59,@rat__son06,DANDICUS
0:02:59,@LolCat6843,no
0:02:59,@kalinoyunelsday,oh my...
0:02:59,@quericotemuevesEiden,....
0:02:59,@abread369,WHATS GOING ON
0:02:59,@WerchioMop,YAYASDS
0:02:59,@ANALBONES,dude
0:03:00,@UniquieNewsome,No
0:03:00,@shadowmilkcookie-n1k,WHA
0:03:00,@NubMcMoofin,:face_savoring_food:
0:03:00,@TheJackManArt, noooooo
0:03:01,@Shelly-f7p8v,WHAT
0:03:01,@charonns,WHAT
0:03:01,@Eightivealwayslovedyou-y7g,GAY
0:03:01,@СвятославаК-ы9б,DANDY GET IN
0:03:01,@whoopsiemazie,Woah
0:03:01,@UniquieNewsome,NO
0:03:02,@LolCat6843,nah
0:03:02,@ANALBONES,DUDDUDE
0:03:02,@BrownPilledFartCel,DESERVED
0:03:02,@shrimpkuuu,EVERYONE MOVE 
0:03:02,@ThiagoZari,WHAT
0:03:03,@toodles-p7o,vaii
0:03:03,@shrimpkuuu,MOVE
0:03:03,@WerchioMop,I WANNA KISS U
0:03:03,@DinosaursGoRawrXDDD,rip dandy
0:03:03,@shrimpkuuu,MOVE
0:03:04,@KitNoir_,UHM
0:03:04,@shrimpkuuu,MOVE
0:03:05,@Baldstro_novalite,IM CRINE
0:03:05,@shrimpkuuu,MOVE
0:03:05,@Moon_wolfpawz,HUH
0:03:05,@alynn_silly,i want dandy
0:03:05,@St4rpaperprotective,JASJAS DANDY
0:03:05,@СвятославаК-ы9б,NO
0:03:05,@dribvox,hochi mama
0:03:06,@Raelyn-z1l,Yayyyy
0:03:06,@Thais_família,HUHH
0:03:06,@Baldstro_novalite,AHHAHAHHAA
0:03:06,@shrimpkuuu,OH YM GOD
0:03:06,@TheJackManArt,bruuuuuuuuu
0:03:07,@duroycadichon-li8do,DANDY-
0:03:07,@rat__son06,OOOP
0:03:07,@victorv5774,:face-orange-biting-nails:
0:03:07,@toodles-p7o,noo
0:03:07,@Old_fart66,WOAH THERE
0:03:08,@whoopsiemazie,Dude im so confused rn
0:03:09,@r0bbi_png,SON 
0:03:09,@MIRKOKLUK,ERM DANDY??
0:03:09,@Baldstro_novalite,DANDY COME HERE.
0:03:09,@LolCat6843,....
0:03:10,@WerchioMop,SHRIMP MOVE
0:03:10,@Gourdy_Playz28,bros not popular 
0:03:10,@shanaypalmer5360,
0:03:10,@jo3a548,HAAWWWWWWWWT
0:03:10,@pacobell1307,ATO
0:03:11,@Adri_anaGomez,yeah
0:03:11,@Murderdrones-p5w,NO DANDY
0:03:12,@I_feel_sigma-x2p,erm.
0:03:12,@vazquezzavaladarielaalejan6147,HELP??
0:03:12,@dookyking4lyfe,:kissing_face_with_closed_eyes::kissing_face_with_closed_eyes::kissing_face_with_closed_eyes:
0:03:12,@kalinoyunelsday,"YESSSS ,MONEYY"
0:03:13,@rat__son06,HES HOING AROUND 
0:03:13,@proto_117,wowowoah
0:03:13,@WerchioMop,MOVE
0:03:14,@okuriinu8489,dayum! ONLY FANS!
0:03:14,@MiniPlush12,RIP Dandy 2025-2026
0:03:14,@shrimpkuuu,LET EM GET IN HTHERE
0:03:14,@LolCat6843,hell nah
0:03:15,@WerchioMop,MOVE
0:03:15,@dylandennison2532,That’s gore.. that’s gore of my comfort character..
0:03:16,@KitNoir_,YO???
0:03:16,@toodles-p7o,oppp
0:03:16,@TheJackManArt,peak
0:03:16,@drakestart,LOL
0:03:17,@M1stakerCh01ce,BRO BE HITTING EVERYONE
0:03:17,@ilikefrogzz6384,what.
0:03:17,@Naro488,what is this tamers-
0:03:17,@jennythebean9117,Say Gex
0:03:17,@LolCat6843,heh
0:03:17,@Shelly-f7p8v,DANDYYY OMGGG
0:03:18,@XxZ0MB1E_K1TTYxX,WOAH
0:03:18,@Lily1slucky,yah i will kiss you dandy!!!!!!
0:03:18,@shrimpkuuu,IM ABOUT TO DIIIIIIIVE IN
0:03:18,@TheKalimanMX,20 bucks is 20 bucks
0:03:19,@whoopsiemazie,Son im so bricked rn
0:03:19,@Gok0shy,HELP
0:03:19,@zocie,gay
0:03:19,@abread369,I NEED THAT FLOWER BOY
0:03:19,@kalinoyunelsday,iu need you adandy
0:03:19,@TrinityLong-k7l1n,Oh my bro
0:03:20,@Babyshake0501,You look like sunflower
0:03:20,@Sweetie-r9p9r,OH MY
0:03:21,@r0bbi_png,BROTHER
0:03:21,@KvVuld,hahahahha
0:03:22,@I_feel_sigma-x2p,STAY AWAY FROM ME DANDY -
0:03:22,@Cattle.ink.3,wtf???
0:03:22,@WerchioMop,ILL TWKE THE HIT
0:03:22,@GOobygoob-e3x5d,Do you like angryhugs 
0:03:23,@kalinoyunelsday,i need you dadny.
0:03:24,@makotoikari4854,:mouth:
0:03:24,@Drawinglover-r12,:cat_with_wry_smile:
0:03:24,@Fooper899,*gasp*
0:03:24,@Eightivealwayslovedyou-y7g,I’m overstimulated 
0:03:25,@toodles-p7o,aa sim
0:03:25,@I_feel_sigma-x2p,wtf
0:03:25,@DinosaursGoRawrXDDD,lol
0:03:26,@lizardclub,:face-orange-biting-nails:
0:03:26,@alcinaisMINE,Oh yeah the whole gang is here!
0:03:26,@СвятославаК-ы9б,NOT MY 2ND FAV TOON:loudly_crying_face::loudly_crying_face::loudly_crying_face::loudly_crying_face:
0:03:26,@YOURL4CALFOODLOVER,WOAH
0:03:27,@ilovechicken-d5q,:text-green-game-over::text-green-game-over:
0:03:27,@jo3a548,I AM DYING LOOLOOLLOL
0:03:27,@WerchioMop,MOVE MOVE
0:03:27,@drakestart,KISSING SHOP
0:03:27,@Veezroom,veechan
0:03:27,@superarcade643,I WOULD LOSE ALL MY MONEY OMG
0:03:27,@Moon_wolfpawz,UH
0:03:28,@rat__son06,HAHAHAHAHA
0:03:28,@XxZ0MB1E_K1TTYxX,HALLO?????
0:03:29,@LolCat6843,hehhehehehe
0:03:29,@Uhohnotgud,LOOOOOEEEEYYYYYYY
0:03:30,@lovetrain-xx,lmao
0:03:30,@NunyaBusiness-r4q,VEEENTIONED
0:03:31,@KitNoir_,XXDDDD
0:03:31,@Lily1slucky,...
0:03:32,@Gok0shy,VEEEEEEE
0:03:33,@MohammedElhakimk,I was asking the same question
0:03:33,@GOobygoob-e3x5d,Do you like angryhugs 
0:03:34,@Shadow_Milk-m8t,omg Dandy i love you...
0:03:34,@HMZeroTwo,HIHI SHELLY AND VEE
0:03:34,@СвятославаК-ы9б,WHYYY
0:03:35,@KatiePedroza-c1n9n,Dandy my boy
0:03:35,@Skidum1,LMAO
0:03:35,@ItsJustNoni-l0ps,YASJKASJAS
0:03:35,@SinnyDaSiamese,WHY IS SPROUT DOG WALKING COSMO
0:03:36,@MiniPlush12,dandy why
0:03:36,@Cattle.ink.3,uh-
0:03:36,@Baldstro_novalite,HAHHAHA
0:03:37,@Nathan_Benji,vee my wife
0:03:38,@superarcade643,KISSING WITH TONGUE ONLY 5 BUCKS THATS A STEAL
0:03:38,@jo3a548,DANDILICIOUS
0:03:38,@drakestart,LOL
0:03:39,@IEATPAP3R,VEE IS BACK TAMER YOU FINALKY DREW HER
0:03:40,@Babyshake0501,How creepy are you
0:03:40,@Eightivealwayslovedyou-y7g,WHATS HAPPENING
0:03:41,@KatiePedroza-c1n9n,:face_savoring_food:
0:03:41,@whoopsiemazie,Wow
0:03:41,@Baldstro_novalite,AHHAHAHAHAHAHHA YOU BOY KISSER
0:03:41,@alcinaisMINE,Lesbian representation oh yes
0:03:41,@jennythebean9117,Dandy needs money 
0:03:42,@СвятославаК-ы9б,wait what-
0:03:42,@basel.the.artist,us for real
0:03:43,@dylandennison2532,Is there any lesbians in ts?
0:03:43,@zocie,dandy wth
0:03:44,@Veezroom,FORGET ABOUT SHELLY ILL TREAT YOU BETTER:smiling_face_with_heart_eyes::smiling_face_with_heart_eyes::smiling_face_with_heart_eyes::smiling_face_with_heart_eyes:
0:03:45,@ConductorNoli,There faces :broken_heart:
0:03:45,@LolCat6843,slay
0:03:45,@ItsJustNoni-l0ps,ASTRO MENCIONE
0:03:45,@doge_boi__,Vee I LOVE VEE
0:03:45,@GOobygoob-e3x5d,Do you like angryhugs 
0:03:47,@Tamers12345MLP,Dandy knows his value which is why he's charging a whole $5 (a lot of money) for kissing with tongue
0:03:47,@shrimpkuuu,yes amen
0:03:47,@STRAWBERRI_CRKxDW,Daddy? Wdym?.?
0:03:47,@vazquezzavaladarielaalejan6147,I CAN PAY THE 5 DLRS
0:03:47,@okuriinu8489,bro said dandilicious
0:03:48,@XxZ0MB1E_K1TTYxX,VEEEE AND SHELLY!!!!!
0:03:48,@HMZeroTwo,DANDILICIOUS?
0:03:48,@diamondht1420,xdd
0:03:48,@Cattle.ink.3,ahhhhh
0:03:49,@drakestart,NEW ITTT
0:03:49,@MiniPlush12,Bloodmoney but safe
0:03:49,@Fooper899,hes right
0:03:50,@СвятославаК-ы9б,Oh I got it now
0:03:51,@superarcade643,BASED
0:03:51,@whoopsiemazie,Dandy likes kissing sprout
0:03:53,@Eightivealwayslovedyou-y7g,GAY
0:03:58,@AmivutoLemonz,BOYKISSER DANDICUS:victory_hand::face_holding_back_tears:
0:03:58,@Shelly_withvee,why'd I heard daddy:pensive_face:
0:03:59,@shanaypalmer5360,DAMN
0:03:59,@jo3a548,LOLOPLOOOOOLOLOLL
0:03:59,@LolCat6843,gayyyyy
0:03:59,@basel.the.artist,all of us for real
0:03:59,@UniquieNewsome,VEE FACE :broken_heart::broken_heart::broken_heart::loudly_crying_face:
0:04:01,@Tamers12345MLP,"@dylandennison2532 Most female toons are lesbians, yes"
0:04:02,@vazquezzavaladarielaalejan6147,WHAT ABT 10 DLRS??
0:04:04,@СвятославаК-ы9б,DADDY??????
0:04:04,@kalinoyunelsday,lemnondade
0:04:05,@jo3a548,baby girl
0:04:05,@superarcade643,OWO
0:04:06,@FennecSt4rr,Lemonade
0:04:08,@Kiki-p3g9m,DANDY X ASTRO AGAIN PLEASE.
0:04:08,@alcinaisMINE,Oh hell yes
0:04:09,@kalinoyunelsday,astro lick
0:04:09,@hikorikimo,LET HIM KISS WITH BEE AHHHH :honeybee::honeybee::honeybee::index_pointing_at_the_viewer::index_pointing_at_the_viewer::index_pointing_at_the_viewer:
0:04:10,@basel.the.artist,oh yeah h
0:04:10,@Naro488,for once shelly and astro look normal
0:04:10,@ilikefrogzz6384,“Wow dandylicious” - Sprout Seedly
0:04:11,@Baldstro_novalite,Astro is so curvy
0:04:11,@Eightivealwayslovedyou-y7g,GAY
0:04:11,@toodles-p7o,i love e shelly
0:04:11,@Nander___,his lemonade is only for sprout
0:04:11,@ANALBONES,DUDE LMFAOAO
0:04:12,@makotoikari4854,"""NOOO"""
0:04:13,@СвятославаК-ы9б,OMG 
0:04:13,@drakestart,DANDY
0:04:13,@Baldstro_novalite,.
0:04:14,@Firey1527,tamers you're nasty
0:04:14,@S1LLY_M1LLY-YEY,LOL-
0:04:14,@alcinaisMINE,Where the lezzies at
0:04:14,@St4rpaperprotective,OMGGG LMAO
0:04:15,@dylandennison2532,Checks out 
0:04:15,@shrimpkuuu,who isnt a lesbian female toon
0:04:16,@Baldstro_novalite,AWH
0:04:16,@MiniPlush12,dandy took Harvey Harvington's job fr fr
0:04:16,@superarcade643,HAHAHAHAHAHAHA
0:04:16,@JacobAquino-q9u,boy kissed mentioned???
0:04:17,@NubMcMoofin,:pensive_face:
0:04:17,@Yewrcat,Yayayyavyurriii
0:04:18,@Annah.is.amazing.3,HANNAH WANTS HER SENPAI LOOEY
0:04:18,@FennecSt4rr,:flushed_face::flushed_face::flushed_face:
0:04:19,@KatiePedroza-c1n9n,Oh
0:04:19,@magico_mestre56,wtf
0:04:19,@applebloom2307,Poor
0:04:19,@honeiyt,MEOW
0:04:19,@Gourdy_Playz28,what tf is happening 
0:04:19,@basel.the.artist,Astor chill
0:04:19,@quericotemuevesEiden,oh
0:04:20,@sproutseedly-n1v,AUGHHAHHHH YESS LESBIAN TOONS
0:04:20,@kalinoyunelsday,LMFAOOOO
0:04:20,@GOobygoob-e3x5d,Do you like angryhugs?
0:04:20,@jennythebean9117,The toons are all gay
0:04:20,@Baldstro_novalite,I NEED ASTRO TO KISS DANDY NOW.
0:04:21,@vanveleca,RIP ASTRO
0:04:21,@Annah.is.amazing.3,HANNAH WANTS HER SENPAI LOOEY
0:04:21,@STRAWBERRI_CRKxDW,HEHHHH
0:04:22,@shrimpkuuu,SHRIMPOOOOO
0:04:22,@Scared_Deer_Girl,NO
0:04:22,@JorArg-c7s,NOOO
0:04:22,@LolCat6843,slay
0:04:23,@rat__son06,HAHAHAHHH
0:04:23,@MyriadSkyFlaming,NO
0:04:23,@UngulaPropriaRQ,NOOOOO
0:04:23,@shrimpkuuu,SHRIMPO
0:04:24,@Ilovemilliebobbybrown-n8s,WHA
0:04:24,@Nathan_Benji,HELPP
0:04:24,@drakestart,LOL
0:04:25,@EtalsTheAxolotl-star,YURI??
0:04:25,@lindaniven1706,Awww
0:04:25,@superarcade643,NO ONE IN GARDENVILLE HAS 5 WHOLE DOLLARS
0:04:25,@TheKalimanMX,broke
0:04:25,@toodles-p7o,dandy x astro
0:04:25,@shrimpkuuu,SHRIMPOOOOO
0:04:26,@XxZ0MB1E_K1TTYxX,OMGGG
0:04:26,@Eeth_the-lyxn,WTF
0:04:26,@shadey_z1241,Broke ass
0:04:27,@jo3a548,LOOOOOOOOOLOLOLOL
0:04:28,@Veezroom,poor ass
0:04:28,@vazquezzavaladarielaalejan6147,ASTRO IS BROKE
0:04:28,@miguellozano7539,nooooo
0:04:29,@MohammedElhakimk,shrimpo
0:04:29,@S1LLY_M1LLY-YEY,LOL
0:04:29,@ProbablyFlawlessInDisguse,TAMERS CAN U MAKE FRUITCAKE ANGST NEXT
0:04:29,@GOobygoob-e3x5d,Do you like angryhugs?
0:04:29,@KitNoir_,LMAOOOO
0:04:30,@alcinaisMINE,guess dandy is a furry now :// sighhhh
0:04:30,@victorv5774,:face-blue-wide-eyes: ASTRO IS BROKE NOOOO
0:04:30,@rat__son06,RIP BROKIE
0:04:30,@TrinityLong-k7l1n,Hahaha
0:04:30,@TheMTwinny,LOL HE BROKE
0:04:31,@Sarai609,:face-red-droopy-eyes:
0:04:32,@Natalie1234-d7j,oh...
0:04:32,@СвятославаК-ы9б,AYO
0:04:32,@bp5814,Breaking astros heart 
0:04:32,@S1LLY_M1LLY-YEY,Oop
0:04:32,@BrownPilledFartCel,nooo
0:04:33,@okuriinu8489,BROKE AAAAAASSSSSS
0:04:33,@Annah.is.amazing.3,HANNAH WANTS HER SENPAI LOOEY
0:04:33,@GOobygoob-e3x5d,Do you like angryhugs?
0:04:34,@shrimpkuuu,HELLO SHRIMPO PLEASE
0:04:35,@richietrejo-ramos2252,lol
0:04:35,@cookieater-l6b,nahhhhhhhhhhh
0:04:35,@MohammedElhakimk,:face-blue-wide-eyes::face-blue-wide-eyes::face-blue-wide-eyes::face-blue-wide-eyes:
0:04:35,@HMZeroTwo,THATS WHAT HE SAID
0:04:36,@MiniPlush12,boykisser boykisser dandy
0:04:36,@GOobygoob-e3x5d,Do you like angryhugs?
0:04:36,@TrinityLong-k7l1n,Lol
0:04:36,@СвятославаК-ы9б,GAY DANDYS
0:04:36,@LolCat6843,im broke to
0:04:36,@Annah.is.amazing.3,HANNAH WANTS HER SENPAI LOOEY
0:04:36,@iamboomer7805,ENTER SHRIMPO
0:04:37,@honeiyt,ASTRO MISS DANDY
0:04:37,@XxZ0MB1E_K1TTYxX,SHI
0:04:37,@zocie,brokey astro
0:04:37,@jennythebean9117,Shrimpo you got a male maid
0:04:38,@LolaJohnson-b9i,I just joined 
0:04:40,@heartlessinsect,FLOWERTIME PMEASSE
0:04:40,@LolCat6843,sad
0:04:41,@drakestart,DANG
0:04:41,@basel.the.artist,A yo
0:04:42,@Shelly_withvee,flowermoon is my favorite ship
0:04:42,@honeiyt,ASTRO KISS DANDY
0:04:43,@GOobygoob-e3x5d,Do you like angryhugs?
0:04:43,@I_feel_sigma-x2p,did nobody notice the background is ai-
0:04:44,@Yewrcat,Yayayayayayap
0:04:45,@magico_mestre56,why the hell dandy have this ideia
0:04:46,@jennythebean9117,Zamn
0:04:46,@heartlessinsect,FLOWER TIME PELSS
0:04:46,@jo3a548,gaaaaaaaaaaaaaaaaaaaaaayy
0:04:46,@Gourdy_Playz28,Astro wanted to kiss him dude
0:04:47,@GOobygoob-e3x5d,Do you like angryhugs?
0:04:48,@basel.the.artist,oh what the
0:04:49,@NubMcMoofin,:face_savoring_food::face_savoring_food:
0:04:49,@MohammedElhakimk,:eyes-purple-crying::face-orange-raised-eyebrow::eyes-purple-crying::face-blue-wide-eyes::glasses-purple-yellow-diamond::eyes-purple-crying::face-orange-raised-eyebrow::eyes-purple-crying::face-orange-raised-eyebrow::eyes-purple-crying::glasses-purple-yellow-diamond::face-red-heart-shape::glasses-purple-yellow-diamond::face-red-heart-shape:
0:04:50,@shrimpkuuu,bro is that just his sprite edited
0:04:50,@Shelly_Fossilian-e2x,YESS
0:04:50,@victorv5774,:face-purple-wide-eyes:
0:04:51,@GOobygoob-e3x5d,Do you like angryhugs?
0:04:51,@tonyjohnson5374,Based
0:04:51,@Tamers12345MLP,Astro doesn't have a job
0:04:52,@Starfire_777,Kiss him Shrimp boi
0:04:52,@MiniPlush12,not the render
0:04:52,@KatiePedroza-c1n9n,O
0:04:52,@Eightivealwayslovedyou-y7g,GAY
0:04:52,@Yewrcat,My gay sweethearts
0:04:52,@superarcade643,BASED
0:04:54,@rat__son06,OH SHIIIII
0:04:55,@XxZ0MB1E_K1TTYxX,aggressive gardening yaoi
0:04:55,@superarcade643,LETS GOOO
0:04:55,@GOobygoob-e3x5d,Do you like angryhugs?
0:04:55,@victorv5774,ANGRY FLOWER
0:04:55,@Eeth_the-lyxn,WHAT
0:04:55,@kalinoyunelsday,OOOOO
0:04:56,@jennythebean9117,>:3
0:04:57,@MohammedElhakimk,NAHHH
0:04:57,@Annah.is.amazing.3,HANNAH WANTS HER SENPAI LOOEY
0:04:58,@tdifms,THE RUPAUL REFREBCE
0:04:58,@superarcade643,LETS GOOOOOOOOOOOOOOOO
0:04:59,@GOobygoob-e3x5d,Do you like angryhugs?
0:04:59,@Nathan_Benji,GAY
0:04:59,@XxZ0MB1E_K1TTYxX,:drooling_face::drooling_face::drooling_face::drooling_face:
0:05:00,@LolCat6843,noo
0:05:00,@drakestart,LOL
0:05:00,@Annah.is.amazing.3,HANNAH WANTS HER SENPAI LOOEY
0:05:00,@HMZeroTwo,shrimpo is him
0:05:01,@superarcade643,GOGOGOGOGOOGOGOGOGOGO
0:05:01,@drakestart,LOL
0:05:01,@zocie,GAYYYY
0:05:02,@magico_mestre56,LGBT
0:05:02,@kalinoyunelsday,OMG???
0:05:02,@KitNoir_,OOOO
0:05:02,@СвятославаК-ы9б,AHHH GOOFY DANDYS
0:05:02,@MIRKOKLUK,ERM ERM..??
0:05:03,@Shelly_Fossilian-e2x,HELP WHAT
0:05:03,@GOobygoob-e3x5d,Do you like angryhugs?
0:05:04,@dribvox,MOVE
0:05:04,@LolCat6843,no job?!
0:05:04,@shrimpkuuu,YUUUUMY
0:05:04,@FennecSt4rr,"Wait,stop is the background actually ai"
0:05:05,@jo3a548,HAWWWWWWWWWWWWWWT
0:05:05,@hikorikimo,OHHHHHH
0:05:05,@Eeth_the-lyxn,GAY
0:05:05,@LolaJohnson-b9i,!
0:05:06,@TrinityLong-k7l1n,Gay
0:05:06,@NatashiaJones-d7w,STOP SAYING ASTRO KISS DANDY HELL NAHHHHHHH
0:05:06,@Shelly-f7p8v,OUGHH DANDYD
0:05:07,@MohammedElhakimk,WHAT THE HELL
0:05:07,@pacobell1307,AYO
0:05:07,@Eeth_the-lyxn,GAY
0:05:07,@LolCat6843,me to
0:05:07,@superarcade643,MFFF~~~
0:05:07,@magico_mestre56,wtf
0:05:07,@Sweetie-r9p9r,LMAO
0:05:07,@vanveleca,wowee
0:05:07,@Yewrcat,My precious fenboyssss
0:05:07,@toodles-p7o,sim goob
0:05:07,@I_feel_sigma-x2p,erm
0:05:08,@GOobygoob-e3x5d,Do you like angryhugs?
0:05:08,@shrimpkuuu,OH MY GOD EVERYONE MOVE
0:05:08,@drakestart,OMG
0:05:08,@XxZ0MB1E_K1TTYxX,YAYYY
0:05:09,@quericotemuevesEiden,OH
0:05:09,@Eightivealwayslovedyou-y7g,GAYYY
0:05:10,@Baldstro_novalite,NOOO
0:05:11,@M1stakerCh01ce,angryflower
0:05:11,@shrimpkuuu,I NEED THIS
0:05:11,@whoopsiemazie,WOAHHHHHHH
0:05:11,@JorArg-c7s,so fruity
0:05:12,@okuriinu8489,GET EM SHRINPO
0:05:12,@Fooper899,:3
0:05:12,@diamondht1420,??
0:05:12,@XxZ0MB1E_K1TTYxX,YAOIII
0:05:12,@r0bbi_png,DANGG
0:05:13,@JacobAquino-q9u,crazy
0:05:13,@victorv5774,:face-red-heart-shape::face-red-heart-shape::face-red-heart-shape::face-red-heart-shape::face-red-heart-shape:
0:05:13,@jennythebean9117,>:3
0:05:13,@jackchu5453,SHRIMPCHADS LETS GO
0:05:14,@kalinoyunelsday,YEDS PLRASE
0:05:14,@KitNoir_,AHYOOOO
0:05:14,@superarcade643,OH GOD
0:05:14,@STRAWBERRI_CRKxDW,Ooooooo
0:05:14,@whoopsiemazie,WHAT
0:05:14,@Eeth_the-lyxn,WTF
0:05:15,@sproutseedly-n1v,gullppppp
0:05:15,@MIRKOKLUK,NO-
0:05:16,@Shelly_Fossilian-e2x,GAY DANDY
0:05:16,@kalinoyunelsday,POLKEQAASE
0:05:16,@Eeth_the-lyxn,HELP
0:05:17,@KatiePedroza-c1n9n,ANGRYFLOWEY YESS
0:05:17,@alcinaisMINE,I’m listening
0:05:17,@superarcade643,THIS IS SO HOT
0:05:17,@HMZeroTwo,IM JEALOUS
0:05:17,@Veezroom,woah:smiling_face_with_heart_eyes::smiling_face_with_heart_eyes::smiling_face_with_heart_eyes::smiling_face_with_heart_eyes:
0:05:17,@Annah.is.amazing.3,HANNAH WANTS HER SENPAI LOOEY
0:05:18,@kalinoyunelsday,PELKAPLEPASE
0:05:18,@kalinoyunelsday,YAOU
0:05:19,@rat__son06,OH SHIIII
0:05:19,@ItsJustNoni-l0ps,OOMMG
0:05:19,@GOobygoob-e3x5d,Do you like angryhugs?
0:05:20,@kalinoyunelsday,YAOI
0:05:20,@kalinoyunelsday,'
0:05:20,@KatiePedroza-c1n9n,YEESS
0:05:20,@rat__son06,OMG
0:05:21,@Ilovemilliebobbybrown-n8s,Ahhh
0:05:21,@kalinoyunelsday,YAOI
0:05:21,@СвятославаК-ы9б,WHY DO DANDYS HAS VERY-
0:05:21,@ItsJustNoni-l0ps,GAY
0:05:21,@SuperCaptainFail,"GET HIM, SHRIMPO"
0:05:22,@rat__son06,KISSSSS
0:05:22,@LolCat6843,hell nahhh
0:05:22,@kalinoyunelsday,TYAOIU
0:05:23,@JorArg-c7s,JUST KISS ALREADY
0:05:23,@ItsJustNoni-l0ps,GAY
0:05:23,@TrinityLong-k7l1n,OMG
0:05:23,@Eeth_the-lyxn,WTF
0:05:23,@Yewrcat,Fruity gay ahrimp
0:05:23,@STRAWBERRI_CRKxDW,Flowershrimp
0:05:23,@I_feel_sigma-x2p,DAISY PUNCH
0:05:24,@Scared_Deer_Girl,making this my wallpaper
0:05:24,@rat__son06,KISSSS
0:05:24,@Cattle.ink.3,oop- !
0:05:24,@NotBritney,OH MY
0:05:24,@Tamers12345MLP,Technically no toons have a job since the Gardenview center shut down so I don't know how they're getting money
0:05:24,@ItsJustNoni-l0ps,GAY
0:05:24,@СвятославаК-ы9б,Nvm
0:05:25,@okuriinu8489,I love how tamers draws dandy smug faces
0:05:25,@Shelly_Fossilian-e2x,AHHHH
0:05:26,@Fooper899,*gasp*
0:05:27,@AmberlyChavez,OMG:broken_heart::broken_heart:
0:05:27,@kalinoyunelsday,PLEAAAASE
0:05:27,@Shelly-f7p8v,YOAIIIIIII
0:05:27,@ItsJustNoni-l0ps,HISS
0:05:28,@EtalsTheAxolotl-star,JUST KISS BRO
0:05:28,@TrinityLong-k7l1n,DANG
0:05:29,@ItsJustNoni-l0ps,KISS
0:05:29,@ThiagoZari,KISS ALREADY 
0:05:29,@STRAWBERRI_CRKxDW,KISS GANG
0:05:29,@Eggy_egg30,O
0:05:29,@Baldstro_novalite,NOOOOO
0:05:29,@ItsJustNoni-l0ps,KISS
0:05:30,@quericotemuevesEiden,OMGGG
0:05:30,@S1LLY_M1LLY-YEY,WTH WHY IS IT FREAKY NOW-
0:05:30,@dominicunderwood4911,Something tells me only about 1 or 2 tools have $5+
0:05:30,@Strong_sadfan,KISSS
0:05:31,@ItsJustNoni-l0ps,KISS
0:05:31,@Yewrcat,Ahrimp
0:05:31,@St4rpaperprotective,JSAJSAS OMG
0:05:31,@superarcade643,KISS
0:05:33,@HMZeroTwo,"just yapping, just kiss already"
0:05:33,@Baldstro_novalite,me too vro
0:05:33,@MohammedElhakimk,WHAT IS THAT?!
0:05:34,@Yewrcat,Sheipm
0:05:34,@GOobygoob-e3x5d,Do you like angryhugs?
0:05:34,@nesslerest,Turned my brightness up to see this
0:05:34,@superarcade643,KISS HIMMM!!!
0:05:34,@ANALBONES,LMFAOOOOOOO
0:05:35,@shrimpkuuu,FIRST KISS
0:05:35,@Shelly_Fossilian-e2x,KISS BRO
0:05:36,@superarcade643,FIRST KISS OMGGG
0:05:36,@richietrejo-ramos2252,WTF???
0:05:37,@toodles-p7o,eu vove
0:05:37,@I_feel_sigma-x2p,KISS
0:05:37,@zocie,bru
0:05:37,@jo3a548,DAYUUUUUUUUUUUUUUUUUMN
0:05:37,@Eightivealwayslovedyou-y7g,GAY
0:05:37,@superarcade643,AAAAAAAAAAAAAA
0:05:38,@XxZ0MB1E_K1TTYxX,KISS KISS KISS
0:05:38,@M1stakerCh01ce,LMAO
0:05:38,@Fooper899,gross
0:05:38,@shrimpkuuu,OHH YMYMFVGBG
0:05:38,@KatiePedroza-c1n9n,OIS
0:05:38,@shrimpkuuu,BGG
0:05:38,@Shelly-f7p8v,AAAAAAAAAAAAAAAAHHHHHHHHHHHHHHHHHHHHHHHHHHHHHHHHHHHHHHHHHHHHH
0:05:38,@shrimpkuuu,BG
0:05:38,@СвятославаК-ы9б,ONG
0:05:38,@shrimpkuuu,GB
0:05:39,@LolCat6843,:pensive_face::pensive_face::pensive_face::pensive_face:
0:05:41,@kalinoyunelsday,OH MY HGOD
0:05:41,@superarcade643,OMGGGG
0:05:41,@NubMcMoofin,:face_savoring_food::face_savoring_food:
0:05:41,@ThiagoZari,…
0:05:41,@dribvox,WOAAAAAAAHHHHHHH
0:05:41,@TrinityLong-k7l1n,*gasp*
0:05:42,@Veezroom,I'm blush-
0:05:42,@XxZ0MB1E_K1TTYxX,YAUUUUUUU
0:05:42,@ilikefrogzz6384,KISS ALREADY 
0:05:43,@HMZeroTwo,IS THAT GOOB OR FINN
0:05:43,@superarcade643,MFFF
0:05:43,@MIRKOKLUK,AAAA
0:05:43,@jennythebean9117,Zamn 
0:05:43,@STRAWBERRI_CRKxDW,YESSSSS
0:05:44,@LolaJohnson-b9i,WHAT 
0:05:44,@Hyloaf,Hot
0:05:44,@Eightivealwayslovedyou-y7g,KISS
0:05:45,@GaLo-p8b,FASTERRRRR
0:05:45,@shrimpkuuu,sorry.
0:05:45,@dribvox,HOCHI MAMA
0:05:45,@Cattle.ink.3,dammmmmm
0:05:45,@amnesiacrystal7248,your first?
0:05:46,@Shelly_Fossilian-e2x,WOAHAH
0:05:46,@hikorikimo,HEHEHEHEEHEHE
0:05:46,@ivy_47,good lord
0:05:46,@Eeth_the-lyxn,OH HELL BNAW
0:05:46,@ThiagoZari,WHAT
0:05:46,@Yewrcat,God
0:05:46,@kalinoyunelsday,YEOEOOOOOO
0:05:46,@Zzzzzzzzzzzzzzzz_000,Oh my
0:05:47,@magico_mestre56,HELL NAH
0:05:47,@miguellozano7539,goddamn
0:05:47,@TrinityLong-k7l1n,.
0:05:47,@Ilovemilliebobbybrown-n8s,OMG
0:05:47,@UngulaPropriaRQ,DAMN 
0:05:47,@XxZ0MB1E_K1TTYxX,YEAHHHH
0:05:47,@vanveleca,shrimp spit
0:05:48,@St4rpaperprotective,OMGGGG 
0:05:48,@Old_fart66,tonguing?
0:05:48,@shrimpkuuu,im just
0:05:48,@SummerPreppySkincare-w5m,KISS
0:05:48,@SuperCaptainFail,yooooo
0:05:50,@Tamers12345MLP,Dandy is just like that
0:05:50,@shrimpkuuu,i kstu
0:05:50,@NotBritney,AH
0:05:51,@LolCat6843,ooooooo
0:05:51,@I_feel_sigma-x2p,NAHHH
0:05:51,@okuriinu8489,:money_with_wings::money_with_wings::money_with_wings::money_with_wings::money_with_wings::money_with_wings::money_with_wings::money_with_wings::money_with_wings::money_with_wings::money_with_wings::money_with_wings::money_with_wings::money_with_wings: MORE
0:05:52,@drakestart,WTH
0:05:52,@victorv5774,:face-red-heart-shape::face-red-heart-shape::face-red-heart-shape::face-red-heart-shape:
0:05:52,@Murderdrones-p5w,:|
0:05:52,@magico_mestre56,HELL NO
0:05:53,@MIRKOKLUK,WHAT-
0:05:54,@Shelly-f7p8v,OMG DANDYY
0:05:55,@ThiagoZari,AWW HELL NAAAAAJ
0:05:55,@Eightivealwayslovedyou-y7g,GAY
0:05:55,@kalinoyunelsday,DAMNNNNNN
0:05:55,@Shelly_withvee,AYO
0:05:56,@MiniPlush12,damn dandy
0:05:56,@UngulaPropriaRQ,FREAKAY 
0:05:56,@ruzzuldouglas,"i just creamed, actually"
0:05:56,@toodles-p7o,vofeca co o olho fexado
0:05:56,@St4rpaperprotective,omfg
0:05:56,@TrinityLong-k7l1n,Da hell
0:05:57,@Shelly-f7p8v,ME NEXT
0:05:57,@whatpointsarethereinlife,I JUST CLICKED OFF. WERE THEY MAKING OUT
0:05:57,@QAISAUFAAQAIS,bruh
0:05:58,@usaminabe,this is soft prn
0:05:58,@Yewrcat,I’m watching this around my parents :loudly_crying_face::loudly_crying_face::loudly_crying_face:
0:05:58,@Shelly-f7p8v,ME NEXTTT
0:05:58,@Eeth_the-lyxn,HELL NO
0:05:58,@LolCat6843,.....
0:05:59,@Nathan_Benji,gay
0:05:59,@DLL.Blankp,woa
0:05:59,@epopen,im horrified
0:05:59,@GraceKasmier-r5x,DO IT
0:05:59,@Annah.is.amazing.3,HANNAH WANTS HER SENPAI LOOEY
0:05:59,@FennecSt4rr,:flushed_face::flushed_face::flushed_face::flushed_face::flushed_face:
0:05:59,@alynn_silly,I WANT DANDY SO BAD
0:06:00,@applebloom2307,I'd give my first kiss to dandy I suppose
0:06:00,@caliom564,THEY KISSS...
0:06:00,@CarriganRicole-co8bs,Yes
0:06:00,@richardtheallosaurus4036,So gay and cute
0:06:00,@quericotemuevesEiden,JAKAJAKAJAJA
0:06:00,@Cattle.ink.3,yo? -
0:06:01,@ミソサザイmisothesoup,DAYUM
0:06:01,@Shelly_Fossilian-e2x,OMGG
0:06:01,@b1n4ry3cho,LMAOOOO
0:06:01,@ilikefrogzz6384,THE SALIVA?
0:06:02,@RiseCrispee,thats so hot
0:06:02,@sproutseedly-n1v,I AM BEING TOUCHED AFTER SAYING NO WTYHHH
0:06:03,@ilikefrogzz6384,ME 
0:06:03,@drakestart,AYIOOOOOOO
0:06:04,@XxZ0MB1E_K1TTYxX,YAYYYYY
0:06:04,@KatiePedroza-c1n9n,DANDY MY BOI
0:06:05,@ilikefrogzz6384,MY TURN
0:06:05,@Shelly-f7p8v,I WANT TO BE NEXT
0:06:06,@doge_boi__,Holy dollars worth
0:06:07,@Shelly_Fossilian-e2x,GAY DAMDY
0:06:07,@XxZ0MB1E_K1TTYxX,YESSSSS
0:06:07,@ミソサザイmisothesoup,me and my bf be like
0:06:07,@UniquieNewsome,AHAAHAHAH
0:06:07,@zocie,lmao
0:06:07,@Shelly-f7p8v,ME DANDY
0:06:07,@ilikefrogzz6384,MYTURN
0:06:08,@KayK-l1c,WTF YOU DRAW DANDY SO HOT-
0:06:08,@drakestart,WERID
0:06:09,@SW33T_STRAB3RRY,THATS WHAT I SAID:loudly_crying_face:
0:06:09,@LolCat6843,ayoooo
0:06:09,@MiniPlush12,:dollar_banknote::dollar_banknote:
0:06:09,@TrinityLong-k7l1n,...
0:06:10,@SlaSla-l4d,SHRIMPFLOWER YESSSSSSSSSSSSSS
0:06:11,@Cosmocosmeticcake,WHAT THE SIGMA
0:06:11,@magico_mestre56,:anxious_face_with_sweat:
0:06:11,@Shelly_Fossilian-e2x,aHahahahahah
0:06:11,@hikorikimo,MOVE SHRIMP MY TURN :honeybee::honeybee::honeybee::index_pointing_at_the_viewer:
0:06:11,@Shelly-f7p8v,IM OVER EHRE DNADYYYY
0:06:12,@XxZ0MB1E_K1TTYxX,IM GOONING
0:06:12,@makotoikari4854,"""counting my dollar"""
0:06:13,@Baldstro_novalite,ME NEXT DANDYYY!!
0:06:13,@Eightivealwayslovedyou-y7g,I CAME
0:06:15,@Rileydoesgaming-wr6kk,Zamn
0:06:15,@realblixels,but the jar broke :thinking_face:
0:06:15,@whoopsiemazie,Sprout should go next
0:06:16,@ItsJustNoni-l0ps,TAMERS WHAT IS THAT
0:06:16,@ANALBONES,dsusdel mfaoDUDE LMFAOO
0:06:16,@СвятославаК-ы9б,ONGGGGGG
0:06:16,@jo3a548,OH FUCK
0:06:17,@Thais_família,so eu brasileira? :broken_heart:
0:06:17,@LolCat6843,yes Tell tem vee
0:06:18,@Cosmocosmeticcake,WHAT THE SIGMA
0:06:18,@Baldstro_novalite,PAYS
0:06:18,@Beetlesfruitcake,LOL
0:06:18,@Shelly_Fossilian-e2x,WACACACACCACA
0:06:18,@galaxywolfart2443,help:loudly_crying_face:
0:06:18,@shrimpkuuu,i just had heart palpitations OH MY GOD
0:06:19,@jennythebean9117,Sprout out kiss Dandy!
0:06:19,@jo3a548,SLUIT
0:06:19,@RiseCrispee,lowkey thats hot
0:06:20,@superarcade643,HOLY
0:06:21,@NubMcMoofin,:pensive_face:
0:06:22,@Eightivealwayslovedyou-y7g,GAY
0:06:22,@shrimpkuuu,LOOOOOOOL
0:06:22,@kalinoyunelsday,LMFAOOOOOOO
0:06:22,@drakestart,OMG
0:06:23,@grimtidings5451,Jesus
0:06:23,@LolaJohnson-b9i,:face-orange-raised-eyebrow:
0:06:23,@Veezroom,tamer you should make a murder drone version of these videos trust:smiling_face_with_heart_eyes:
0:06:23,@СвятославаК-ы9б,OMGGG
0:06:23,@TrinityLong-k7l1n,:disappointed_face::disappointed_face:
0:06:23,@I_feel_sigma-x2p,nah
0:06:23,@superarcade643,SPROUT GOT GAME
0:06:24,@GOobygoob-e3x5d,Do you like angryhugs?
0:06:24,@vanveleca,heh
0:06:24,@LolCat6843,oh
0:06:25,@Moon_wolfpawz,WHAT HJE FRICK
0:06:25,@Shelly_Fossilian-e2x,Lol help
0:06:26,@sproutseedly-n1v,GULPPPPP
0:06:26,@jennythebean9117,Zamn
0:06:26,@quericotemuevesEiden,JAJAAJJAQ
0:06:26,@I_feel_sigma-x2p,Nwh
0:06:27,@STRAWBERRI_CRKxDW,Damnnn
0:06:27,@MohammedElhakimk,uhm
0:06:27,@HMZeroTwo,if astro kissed dandy now he's kissing shrimpo
0:06:27,@emosprout,LOL
0:06:27,@XxZ0MB1E_K1TTYxX,TEAGAN
0:06:28,@N0tc00lbr0what,Boxten.
0:06:28,@okuriinu8489,rudie get away from there!
0:06:28,@UniquieNewsome,AYO
0:06:30,@dookyking4lyfe,NOOOOOOOOOOO
0:06:30,@whatpointsarethereinlife,BAJAJJAJAA
0:06:31,@richietrejo-ramos2252, XD
0:06:31,@Annah.is.amazing.3,HANNAH WANTS HER SENPAI LOOEY
0:06:31,@JacobAquino-q9u,"WHO SAID ""MOVE SHRIMPO IS MY TURN"""
0:06:31,@usaminabe,hasn't this happened before with lemonade
0:06:31,@kalinoyunelsday,THAT DIRTY STRAWBERRY
0:06:31,@KvVuld,hahahaha
0:06:32,@shadey_z1241,Damn
0:06:33,@KitNoir_,LMAOOO
0:06:33,@Shelly_Fossilian-e2x,PFFT
0:06:33,@XxZ0MB1E_K1TTYxX,TEAGAN MENTION
0:06:34,@Baldstro_novalite,ME NEXT DANDYYY!!
0:06:34,@Baldstro_novalite,PAYS
0:06:34,@HMZeroTwo,sprout is NOT that good bro
0:06:34,@ItsJustNoni-l0ps,PFFFF
0:06:34,@GOobygoob-e3x5d,Do you like angryhugs?
0:06:35,@alcinaisMINE,Stop fighting and just kiss… sigh…
0:06:35,@jo3a548,ALSDOASFLASFOSALDOASFLSAFDOASOLFD
0:06:35,@Eightivealwayslovedyou-y7g,GAY
0:06:36,@TrinityLong-k7l1n,OMG
0:06:36,@JacobAquino-q9u,holy shit
0:06:36,@grimtidings5451,BOXTEN NO
0:06:38,@toodles-p7o,fais sp eu out
0:06:38,@Nathan_Benji,wasntwc connie dead
0:06:39,@Moonzy-kit,RAZZLE AND DAZZLE IS ALIVE HOLY SHIT
0:06:39,@magico_mestre56,"SPROUT IS SO BAD, DAWM."
0:06:39,@jennyup1967,Uwu
0:06:39,@Murderdrones-p5w,BRO
0:06:39,@ilikefrogzz6384,HELP WHAT
0:06:40,@Eightivealwayslovedyou-y7g,LOLLLLLLLL
0:06:42,@shrimpkuuu,GLISTEEEEN
0:06:43,@GOobygoob-e3x5d,Do you like angryhugs?
0:06:43,@Firey1527,2TFFFF
0:06:43,@jo3a548,ROGER
0:06:43,@drakestart,LOL
0:06:43,@zocie,sprout is js cool like that
0:06:43,@XxZ0MB1E_K1TTYxX,TEAGAN PRETTY
0:06:43,@N0tc00lbr0what,BOXTEN.
0:06:44,@sproutseedly-n1v,dandy got fat
0:06:44,@IEATPAP3R,i would go up there to sprouts kissing booth.
0:06:45,@vazquezzavaladarielaalejan6147,HELP??
0:06:45,@Tamers12345MLP,@realblixels Dandy's got multiple jars behind the both because he knows toons will drag him over to kiss him and inevitably break a lot of his jars
0:06:46,@Firey1527,DAMN....
0:06:46,@superarcade643,BASED
0:06:47,@TheKalimanMX,20000
0:06:47,@XxZ0MB1E_K1TTYxX,OMGGGSGSGSGSG
0:06:48,@jennythebean9117,20 thousand wow
0:06:48,@LolCat6843,slay
0:06:48,@jennyup1967,Ikr Kf
0:06:49,@whoopsiemazie,WAIT BERRYVSION OMG
0:06:49,@shadey_z1241,Bro is hella rich
0:06:49,@jennyup1967,Fofkfkg
0:06:49,@GOobygoob-e3x5d,Do you like angryhugs?
0:06:49,@Kiki-p3g9m,ASTRO PLEASE KISS DANDY AGAIN
0:06:49,@Annah.is.amazing.3,HANNAH WANTS HER SENPAI LOOEY
0:06:50,@N0tc00lbr0what,BOXYTEEENENENDDJ9CO
0:06:51,@whatpointsarethereinlife,FLUTTER?????????
0:06:51,@Eightivealwayslovedyou-y7g,GAY
0:06:51,@HMZeroTwo,GO RODGER
0:06:51,@AnonHluv,ROLANDO STOP NAME DROPPING MY
0:06:53,@magico_mestre56,this is so...
0:06:53,@sproutseedly-n1v,DAMN RODGER
0:06:53,@vanveleca,:red_circle::red_circle::dashing_away:
0:06:53,@TrinityLong-k7l1n,BRO HOW-
0:06:53,@jennyup1967,Eke
0:06:53,@XxZ0MB1E_K1TTYxX,RODGER
0:06:53,@basel.the.artist,lol
0:06:54,@Veezroom,ZAMN-
0:06:55,@jennyup1967,Mo
0:06:55,@GOobygoob-e3x5d,Do you like angryhugs?
0:06:57,@jennyup1967,Dkdk
0:06:58,@XxZ0MB1E_K1TTYxX,RODGER MENTION
0:06:58,@Eightivealwayslovedyou-y7g,IM CRINE
0:07:00,@rat__son06,ROGERRRRE
0:07:00,@jennyup1967,Damn
0:07:00,@vazquezzavaladarielaalejan6147,GYAAAAAAAAAT
0:07:02,@jennythebean9117,Kiss
0:07:03,@MiniPlush12,is gourdy at sprout's kissy booth?
0:07:03,@XxZ0MB1E_K1TTYxX,:mending_heart::mending_heart::mending_heart::mending_heart::mending_heart::mending_heart:
0:07:03,@shrimpkuuu,theyre gay rivals
0:07:03,@jennyup1967,I gtg
0:07:03,@ilikefrogzz6384,20k in one day is insane
0:07:04,@rat__son06,RAAAAAAHHHH
0:07:04,@Yewrcat,Rodger the ultimate bbl
0:07:07,@MiniPlush12,is gourdy at sprout's kissy booth?
0:07:07,@jo3a548,LASODLASDFOFLADLLSAGFDLASO
0:07:08,@ProbablyFlawlessInDisguse,RODGER
0:07:09,@TrinityLong-k7l1n,Dang
0:07:09,@ProbablyFlawlessInDisguse,YE
0:07:09,@GOobygoob-e3x5d,Do you like angryhugs?
0:07:09,@Thais_família,HUH
0:07:09,@AnonHluv,Oh
0:07:10,@JorArg-c7s,rivals on love
0:07:10,@M1stakerCh01ce,LOL EVEN RUDIE
0:07:10,@richardtheallosaurus4036,Why bro always thicc
0:07:10,@kalinoyunelsday,evil yaoi
0:07:10,@shrimpkuuu,this is because theyre plants
0:07:10,@whatpointsarethereinlife,"GOD DAMN, RODGER"
0:07:10,@HMZeroTwo,they're marvel rivals
0:07:11,@ilikefrogzz6384,RODGER WHAT’S WITH THE BAKERY 
0:07:12,@FennecSt4rr,Heated rivalry 
0:07:12,@MiniPlush12,is gourdy at sprout's kissy booth?
0:07:13,@UngulaPropriaRQ,it's because they're plants 
0:07:13,@whoopsiemazie,Jenny no one gaf
0:07:13,@KayK-l1c,sprouts saving up for another belt and whip
0:07:14,@Yewrcat,For his SPROUT RESEARCH
0:07:14,@Shelly-f7p8v,GET DNADY BACK ON THE SCREEN
0:07:15,@jo3a548,OH DFUCK
0:07:15,@jennyup1967,:face-purple-crying:
0:07:17,@GOobygoob-e3x5d,Do you like angryhugs?
0:07:17,@Shelly_Fossilian-e2x,HELP
0:07:17,@magico_mestre56,why Rodger have a shiny butt?
0:07:17,@MiniPlush12,is gourdy at sprout's kissy booth?
0:07:17,@hikorikimo,I'M LAUGHING LMAO
0:07:18,@Fooper899,www
0:07:18,@alcinaisMINE,Oh looey you’re too adorable!
0:07:20,@JorArg-c7s,girl?
0:07:21,@kalinoyunelsday,ohb mY GOID
0:07:22,@HMZeroTwo,LOOEY
0:07:23,@FennecSt4rr,LOOEY
0:07:23,@bp5814,Just rivals at life 
0:07:23,@XxZ0MB1E_K1TTYxX,LOO LOO!!!!!
0:07:23,@pacobell1307,oh no
0:07:24,@rat__son06,OOP
0:07:24,@jennyup1967,Oh fuck
0:07:24,@STRAWBERRI_CRKxDW,Oooooo
0:07:24,@TrinityLong-k7l1n,:loudly_crying_face:
0:07:24,@FennecSt4rr,LOOEY
0:07:25,@I_feel_sigma-x2p,nahhh
0:07:25,@okuriinu8489,I like how vee and dandy arent rivals in this au for the enemies to lovers yaoi
0:07:25,@quericotemuevesEiden,LOEEY
0:07:25,@FennecSt4rr,LOOEY
0:07:25,@MohammedElhakimk,LOOEY
0:07:26,@applebloom2307,Aw bb
0:07:26,@kalinoyunelsday,LOEEUEUEUE
0:07:26,@sproutseedly-n1v,I think tamers does like anger hugs
0:07:26,@Moon_wolfpawz,LOOEY:face_holding_back_tears::victory_hand:
0:07:27,@emosprout,OMG BERRYFUNNY
0:07:27,@richietrejo-ramos2252,Looey!!
0:07:27,@Shelly_Fossilian-e2x,BERRY FUNNY!!
0:07:27,@krunchikatda2nd,UHM
0:07:28,@alynn_silly,HELP HELP HELP
0:07:28,@Baldstro_novalite,DANDYSYDYDY
0:07:28,@XxZ0MB1E_K1TTYxX,:party_popper::party_popper::party_popper::party_popper:
0:07:29,@whatpointsarethereinlife,AAAAAAA BERRYFUNNY
0:07:29,@Eightivealwayslovedyou-y7g,RODGER
0:07:29,@FennecSt4rr,JJJJJH
0:07:29,@MiniPlush12,looey and sprout again
0:07:29,@GOobygoob-e3x5d,Do you like angryhugs?
0:07:30,@shrimpkuuu,this is funnyberry too
0:07:30,@KitNoir_,AHHHHH
0:07:30,@jennyup1967,Kisss
0:07:30,@magico_mestre56,ohhhhh
0:07:31,@vazquezzavaladarielaalejan6147,OMG?
0:07:31,@Baldstro_novalite,AAAHHH
0:07:32,@iamboomer7805,Look who came crawling back 
0:07:32,@STRAWBERRI_CRKxDW,BERRYFUNNY
0:07:32,@jo3a548,GAAAAAAAAAAAAAAAAAAAYYYYY
0:07:32,@Shelly_Fossilian-e2x,LOOEY
0:07:32,@Fooper899,hahah cute
0:07:32,@drakestart,LOL
0:07:33,@basel.the.artist,lol
0:07:33,@Baldstro_novalite,HELL NO
0:07:34,@СвятославаК-ы9б,OH FREAK
0:07:34,@victorv5774,:face-purple-wide-eyes::face-purple-wide-eyes:
0:07:34,@KitNoir_,BERRYFUNNY
0:07:34,@jennyup1967,Kisssss pls
0:07:35,@MIRKOKLUK,ERM LOOEY NO.
0:07:35,@krunchikatda2nd,“Straight”
0:07:35,@TheKalimanMX,X
0:07:36,@magico_mestre56,buuttt
0:07:36,@MiniPlush12,is gourdy at sprout's kissy booth?
0:07:36,@Shelly_Fossilian-e2x,aLooey
0:07:37,@jennythebean9117,We all know 
0:07:37,@shanaypalmer5360,WAY
0:07:37,@UniquieNewsome,HELP
0:07:37,@jennyup1967,Kiss
0:07:37,@GOobygoob-e3x5d,Do you like angryhugs?
0:07:38,@KatiePedroza-c1n9n,AHAHHAHAHAHAH
0:07:38,@TrinityLong-k7l1n,Dang this is it going to end well
0:07:38,@Starfire_777,Hey Louie
0:07:39,@EtalsTheAxolotl-star,STRAIGHT 
0:07:39,@TheMTwinny,Just bros kissing
0:07:39,@HMZeroTwo,give the balloon some air sprout
0:07:39,@XxZ0MB1E_K1TTYxX,BOLT
0:07:39,@superarcade643,HES SO STRIAGHT OMG
0:07:39,@whoopsiemazie,LOOEY STFU
0:07:39,@kalinoyunelsday,LOEEU PLEASE
0:07:40,@vazquezzavaladarielaalejan6147,BERRYUNNY
0:07:40,@Eeth_the-lyxn,HELP
0:07:41,@zocie,looey dont lie
0:07:41,@dookyking4lyfe,Dandy living rent free in Sprouts head
0:07:42,@rat__son06,HAHAHAHAHA QUEER
0:07:42,@jennyup1967,Kiss!
0:07:42,@Baldstro_novalite,i wonder how cosmo thinks about this
0:07:42,@Kiki-p3g9m,YESSSSSSS
0:07:42,@emosprout,BERRY FUNNY PEAKKK
0:07:43,@Shelly_Fossilian-e2x,LOOEY!!
0:07:43,@Eeth_the-lyxn,HELP
0:07:43,@Nathan_Benji,HELPPP
0:07:43,@jo3a548,OH FUCK
0:07:43,@MiniPlush12,is gourdy at sprout's kissy booth?
0:07:44,@jennyup1967,Kiss
0:07:44,@Veezroom,:relieved_face::relieved_face::relieved_face::relieved_face::relieved_face:
0:07:45,@KatiePedroza-c1n9n,SO FUNNY
0:07:45,@shrimpkuuu,OH MY GOD
0:07:45,@jo3a548,CUTE
0:07:46,@TrinityLong-k7l1n,.
0:07:46,@XxZ0MB1E_K1TTYxX,BLOT MENTION
0:07:47,@Callmedandylolz,YAYYAYA YESS
0:07:47,@Baldstro_novalite,HE SO WHIMPERS
0:07:47,@sproutseedly-n1v,looeys makin this awkward
0:07:47,@Shelly_Fossilian-e2x,AUAHAHAYA
0:07:47,@jennyup1967,Man
0:07:48,@Diskaria,freaky
0:07:48,@KvVuld,cosmo gonna level him
0:07:48,@Kiki-p3g9m,I LOVE THIS
0:07:48,@Fooper899,pop
0:07:48,@GOobygoob-e3x5d,Do you like angryhugs?
0:07:49,@TheMTwinny,BROS BEING BROS
0:07:50,@Cattle.ink.3,AHHHHHHHHH
0:07:50,@Baldstro_novalite,IM CRINNENEEE
0:07:51,@СвятославаК-ы9б,BERRRYFUNNY AAHHHH
0:07:51,@whatpointsarethereinlife,"OH MY GOD, ITS BERRYFUNNY FROM DANDYS WORLD. AAAAAAAAHHHHHHHHHHHHHHHHHHHHHHHHHHHHHHHHH"
0:07:51,@alcinaisMINE,Gourdy better be
0:07:51,@Bsconthebacon,DAYUM
0:07:51,@Wkwow-r3e,hello
0:07:52,@KitNoir_,LOOEY CÁLLATE
0:07:53,@Cosmocosmeticcake,:face-fuchsia-poop-shape:
0:07:53,@shadey_z1241,Oh shit
0:07:53,@ilikefrogzz6384,BLOT MENTIONED
0:07:53,@whatpointsarethereinlife,AHHHHHHHHHHHHHHHHHHHHHH
0:07:54,@HMZeroTwo,cosmo is gonna snipe that balloon
0:07:54,@UniquieNewsome,looey cute bro
0:07:54,@jennyup1967,Yessssssssssss
0:07:54,@TrinityLong-k7l1n,Dang
0:07:55,@ミソサザイmisothesoup,looey being so subtle
0:07:56,@jennythebean9117,Kiss
0:07:56,@Emilysworld-x4y,Looey is totally no gay
0:07:56,@СвятославаК-ы9б,GOOFY
0:07:56,@Eightivealwayslovedyou-y7g,GAY
0:07:57,@KatiePedroza-c1n9n,Oh
0:07:57,@shrimpkuuu,o h ym god
0:07:57,@MohammedElhakimk,OH HELL NAHHHHH!
0:07:58,@Baldstro_novalite,COSMO NO
0:07:58,@Yewrcat,My secret gay ballon
0:07:58,@LolaJohnson-b9i,What the hell
0:07:59,@drakestart,DANG'
0:07:59,@TrinityLong-k7l1n,Bro
0:07:59,@jo3a548,cute cute cute
0:07:59,@XxZ0MB1E_K1TTYxX,AWWWWWWW
0:08:00,@whatpointsarethereinlife,OH MY GOD !!!!!!!!!!!! ITS BERRYFUNNY!!!!!!
0:08:00,@BrownPilledFartCel,yeah foe shore
0:08:00,@jennyup1967,I’m gonna shit myself
0:08:00,@Yewrcat,Susheuyw
0:08:01,@Baldstro_novalite,ITS OKAY COSMI
0:08:01,@Moon_wolfpawz,COSMO IS PLANNIJG:face_holding_back_tears::victory_hand:
0:08:01,@vazquezzavaladarielaalejan6147,LOOEY??
0:08:01,@AndresSalce-dj5df,looey got that cocoa animation-
0:08:01,@whatpointsarethereinlife,AHHHHHHHHHHHHHHHHHHH
0:08:01,@Bsconthebacon,SPROUT GOT THAT BAKERY
0:08:02,@richietrejo-ramos2252,BRUH
0:08:02,@Shelly_Fossilian-e2x,WJAT THE
0:08:02,@scall0p31w,Gayyyyyyyyy
0:08:02,@GOobygoob-e3x5d,Do you like angryhugs?
0:08:02,@Nathan_Benji,:pleading_face::pleading_face::pleading_face::pleading_face::pleading_face:
0:08:02,@AngelBabe-b7b,KISSS
0:08:02,@okuriinu8489,I love those faces
0:08:03,@СвятославаК-ы9б,ONGGGHH
0:08:03,@magico_mestre56,what the hell you do to looey
0:08:05,@Cattle.ink.3,bro?
0:08:05,@Yewrcat,Gagagag
0:08:05,@MiniPlush12,"damn, cosmo is not taking this well fr fr"
0:08:05,@I_feel_sigma-x2p,THE FACE LOL
0:08:06,@FatimaAhmed-f9z,nooo I'm 3 mins latee
0:08:06,@DLL.Blankp,:person-turqouise-waving::face-blue-smiling:
0:08:06,@miguellozano7539,the faces lol
0:08:06,@Baldstro_novalite,YOU CAN HAVE MY FRIEND BRO
0:08:07,@Eightivealwayslovedyou-y7g,GAY
0:08:07,@Yewrcat,Gaysss
0:08:08,@M1stakerCh01ce,the closet is made of air
0:08:08,@emosprout,HEH 
0:08:08,@TrinityLong-k7l1n,.
0:08:09,@Shelly_Fossilian-e2x,GAYS
0:08:09,@Shelly-f7p8v,LOOEY HE GAYEST ONE HERE
0:08:10,@СвятославаК-ы9б,GAY LOOEY
0:08:10,@jennythebean9117,Just be gay!
0:08:11,@richardtheallosaurus4036,Cosmo look mad
0:08:11,@kalinoyunelsday,damnnnnnn
0:08:11,@DLL.Blankp,DAMNNNNDY
0:08:12,@usaminabe,OH MY GOD HES SP EMBRASSSING
0:08:12,@I_feel_sigma-x2p,HAHAHAHAHAHAHHAHAHAHAHAHAHAHAHA
0:08:12,@LilfoxKennedy,:yt:
0:08:13,@EtalsTheAxolotl-star,LIES
0:08:13,@Baldstro_novalite,their faces im crine
0:08:13,@Eightivealwayslovedyou-y7g,GAY
0:08:13,@Rileydoesgaming-wr6kk,lol
0:08:14,@jennyup1967,Omg
0:08:15,@alcinaisMINE,heteroslop 
0:08:16,@Baldstro_novalite,Hes straight guys
0:08:16,@ShellyFossilianMM,The denial 
0:08:16,@GOobygoob-e3x5d,Do you like angryhugs?
0:08:17,@ProbablyFlawlessInDisguse,I HATE YOU LOOEY
0:08:18,@ilikefrogzz6384,LOOEY kiss ME INSTEAD
0:08:19,@Veezroom,oh my gay
0:08:19,@Eightivealwayslovedyou-y7g,CRACK LOOEY
0:08:20,@Yewrcat,Also go bisexual looey!!!!
0:08:21,@TrinityLong-k7l1n,Bro da hell
0:08:21,@FELIZ_NAVIDAD67,I BACK
0:08:22,@ミソサザイmisothesoup,looey ts just embarrasing stfu
0:08:23,@ProbablyFlawlessInDisguse,YOU STOLE MY BOYFRIEND 
0:08:23,@jennyup1967,OMG WTH
0:08:24,@lindaniven1706,WAOH
0:08:24,@vanveleca,Shrimpo is broke too oml
0:08:25,@ANALBONES,DUDE
0:08:25,@drakestart, G AAAAAA YYYYYYY
0:08:25,@grimtidings5451,Denial hard as hell
0:08:27,@Sarai609,>:O
0:08:27,@TrinityLong-k7l1n,.
0:08:27,@Skidum1,milkyway is mid
0:08:27,@toodles-p7o,looey no cosmo
0:08:27,@superarcade643,LMAO
0:08:27,@ANALBONES,LMFAOOO
0:08:28,@applebloom2307,HA
0:08:28,@HMZeroTwo,broke ass shrimp
0:08:29,@dookyking4lyfe,Sounds straight to me
0:08:29,@Shelly_Fossilian-e2x,HELP
0:08:30,@AnonHluv,PLEASE
0:08:30,@makotoikari4854,violence
0:08:31,@PendleAnsonPeterKumKee,ayooooooooo
0:08:31,@rat__son06,20$ IS CRAZY 
0:08:32,@NubMcMoofin,:pensive_face:
0:08:33,@shrimpkuuu,DANDY
0:08:33,@LilfoxKennedy,:elbowbump:
0:08:33,@jo3a548,deserved
0:08:33,@GOobygoob-e3x5d,Do you like angryhugs?
0:08:33,@Eightivealwayslovedyou-y7g,GAY
0:08:34,@FELIZ_NAVIDAD67,AM I LATE
0:08:34,@I_feel_sigma-x2p,nahh
0:08:35,@Shelly_Fossilian-e2x,WHAT
0:08:35,@magico_mestre56,hell nah
0:08:36,@drakestart,DNG
0:08:36,@STRAWBERRI_CRKxDW,Oh
0:08:36,@emosprout,HE
0:08:36,@Eeth_the-lyxn,WHAT
0:08:37,@AnonHluv,I NEED THE BERRYYFUNNY SMUT
0:08:37,@emosprout,P 
0:08:37,@TheMTwinny,DESERVED
0:08:37,@richietrejo-ramos2252,NOOO DANDY!!
0:08:38,@UngulaPropriaRQ,canon
0:08:38,@TrinityLong-k7l1n,Dang
0:08:38,@LolCat6843,....
0:08:38,@zocie,DNAYD LMAO
0:08:38,@emosprout,HEP
0:08:39,@kalinoyunelsday,damn
0:08:39,@WerchioMop,YOOO
0:08:39,@whoopsiemazie,JESUS
0:08:39,@basel.the.artist,........
0:08:39,@MohammedElhakimk,SHRIMPO!!
0:08:39,@Rileydoesgaming-wr6kk,NOOO
0:08:39,@ミソサザイmisothesoup,omg..
0:08:39,@superarcade643,;(
0:08:39,@СвятославаК-ы9б,I ALREADY KNOW WHOS THE GAYEST ONE HERE
0:08:40,@SuperCaptainFail,SAVE HIM
0:08:40,@scall0p31w,Damn lol
0:08:40,@Shelly_Fossilian-e2x,DANDY-
0:08:40,@Eggy_egg30,O
0:08:40,@UniquieNewsome,Omg
0:08:41,@Zzzzzzzzzzzzzzzz_000,Damn
0:08:41,@sproutseedly-n1v,STOPPPPP
0:08:41,@amnesiacrystal7248,rip dandy
0:08:42,@grimtidings5451,You have done that yourself
0:08:42,@LolaJohnson-b9i,I am going to sing now
0:08:43,@okuriinu8489,theres the tail
0:08:43,@dominicunderwood4911,Milkyway? get some better taste
0:08:43,@magico_mestre56,wtf
0:08:43,@MiniPlush12,damn dandy abuse
0:08:43,@alynn_silly,THATS GORE OF MY DANDY
0:08:44,@JorArg-c7s,rip
0:08:44,@Al1ssonl0l,oh noo
0:08:44,@Sweetie-r9p9r,NOOOO DANDYY
0:08:44,@Yewrcat,Ahhhh
0:08:44,@Baldstro_novalite,NO
0:08:45,@rat__son06,OOP
0:08:45,@shanaypalmer5360,Damn
0:08:46,@shadey_z1241,All that for a dollar damn
0:08:46,@Baldstro_novalite,IM CRINE NO
0:08:46,@St4rpaperprotective,XDDD
0:08:47,@Ponk1,not a brap in sight
0:08:47,@ProbablyFlawlessInDisguse,YES
0:08:48,@Baldstro_novalite,.
0:08:49,@kalinoyunelsday,his tail omh
0:08:49,@toodles-p7o,o que
0:08:49,@rat__son06,HES A LIAR
0:08:50,@serpentsfief,DANDY NOOOO
0:08:50,@Yewrcat,Fuck
0:08:50,@LOOEYXD,BERRYFUNNY 
0:08:51,@TrinityLong-k7l1n,Bro poor dandy:broken_heart:
0:08:51,@Baldstro_novalite,Fuck no
0:08:51,@jackchu5453,SHRIMPCHADS STAY WINNING
0:08:52,@whatpointsarethereinlife,i looked away for 4 secs bro.. WHYS SHRIMPO BEATING UP DNDY
0:08:52,@DLL.Blankp,woAAAAaaa
0:08:52,@miguellozano7539,his tail
0:08:53,@MohammedElhakimk,uhm looey
0:08:53,@Shelly_Fossilian-e2x,WHAHAHHA
0:08:53,@honeiyt,DANDY NAUR
0:08:53,@Veezroom,YOU CAMT DO ZAT:broken_heart::broken_heart::broken_heart::broken_heart:
0:08:54,@LolCat6843,bro
0:08:54,@Tamers12345MLP,"@Skidum1 That's why Shrimpo eats them, he doesn't know the good candy bars and settles for milky ways because he's stubbarn"
0:08:54,@Baldstro_novalite,DANDYYY NOO
0:08:54,@richietrejo-ramos2252,:loudly_crying_face::loudly_crying_face::loudly_crying_face: dandy rip
0:08:54,@YUR1LAND,??
0:08:55,@Eeth_the-lyxn,WHAT
0:08:55,@LilfoxKennedy,damn danys dead
0:08:55,@ilikefrogzz6384,HELL
0:08:55,@St4rpaperprotective,LMAO
0:08:55,@whoopsiemazie,SHELLY YOU CANT ASK THAT
0:08:56,@jennythebean9117,No
0:08:56,@Shelly-f7p8v,HOLY MOLY GAMOLE
0:08:56,@toodles-p7o,dandy no
0:08:58,@Shelly_Fossilian-e2x,SHELLY WHAT
0:08:58,@HMZeroTwo,ok shelly.
0:08:58,@MiniPlush12,there's looey's tail
0:08:58,@cookies_123-c7t,WHA
0:08:59,@M1stakerCh01ce,SHELLY NOT NOW
0:09:00,@GOobygoob-e3x5d,Do you like angryhugs?
0:09:01,@Eeth_the-lyxn,SHELLY HELLO
0:09:02,@Eggy_egg30,Shelly 
0:09:02,@shrimpkuuu,ASTRO HAS HIS DOLLAR
0:09:02,@jo3a548,OH YES
0:09:02,@MiniPlush12,is gourdy at sprout's kissy booth?
0:09:03,@СвятославаК-ы9б,Ahhh
0:09:03,@UngulaPropriaRQ,valid tactic
0:09:04,@magico_mestre56,HELL NAH
0:09:05,@drakestart,DANDY
0:09:05,@Fooper899,oh no
0:09:06,@jo3a548,KISS THAT FLOWER
0:09:06,@alynn_silly,.
0:09:07,@toodles-p7o,vai looey
0:09:08,@vazquezzavaladarielaalejan6147,GOOD QUESTION...
0:09:08,@Shelly_Fossilian-e2x,WHAT TYE DUCK
0:09:09,@MiniPlush12,is gourdy at sprout's kissy booth?
0:09:09,@drakestart,OH
0:09:09,@jennythebean9117,:loudly_crying_face::loudly_crying_face::loudly_crying_face:
0:09:09,@TrinityLong-k7l1n,Shelly what did you just say
0:09:11,@alcinaisMINE,Gourdy better freaking be
0:09:11,@KatiePedroza-c1n9n,Shrimpo when i catch you
0:09:11,@I_feel_sigma-x2p,mmmmm
0:09:11,@KitNoir_,OH
0:09:12,@Nathan_Benji,OMG
0:09:13,@Thais_família,MOONFLOWER
0:09:13,@whatpointsarethereinlife,SHELLY U CANT SAY THAT
0:09:14,@LaraRhaziDeFreitas,KISS
0:09:14,@Eightivealwayslovedyou-y7g,GOODNESS
0:09:14,@applebloom2307,Kisskisskisskisskiss
0:09:14,@Eeth_the-lyxn,YES
0:09:15,@richardtheallosaurus4036,“Looey watch”
0:09:16,@LaraRhaziDeFreitas,KISS
0:09:16,@dookyking4lyfe,:pensive_face:
0:09:16,@СвятославаК-ы9б,NOO DANDYS NOOOOOOOOOOOO
0:09:16,@alynn_silly,MANA MOONFLOWER MAMA
0:09:17,@GOobygoob-e3x5d,Do you like angryhugs?
0:09:17,@MiniPlush12,is gourdy at sprout's kissy booth?
0:09:17,@HMZeroTwo,why does dandy keep getting hit in the eye?
0:09:17,@rat__son06,Aww poor dandy 
0:09:17,@TrinityLong-k7l1n,Dang
0:09:17,@JorArg-c7s,:(
0:09:18,@LaraRhaziDeFreitas,KISS
0:09:18,@Eeth_the-lyxn,MOONFLOWER
0:09:18,@Veezroom,THEY CSN GET A KISS FROM SPROUT NOW:smiling_face_with_heart_eyes::smiling_face_with_heart_eyes::smiling_face_with_heart_eyes::smiling_face_with_heart_eyes:
0:09:18,@kalinoyunelsday,please'kis
0:09:19,@jennythebean9117,True
0:09:19,@kalinoyunelsday,kiss
0:09:19,@agoatheadbaby3512,how
0:09:20,@kalinoyunelsday,kiss
0:09:20,@Cattle.ink.3,Cosmo is about to filp out I swear
0:09:20,@LaraRhaziDeFreitas,KISS
0:09:20,@kalinoyunelsday,kiss
0:09:21,@kalinoyunelsday,kiss
0:09:21,@richietrejo-ramos2252,Poor dandy :pensive_face::pensive_face:
0:09:21,@jo3a548,KISS ALREADY
0:09:22,@Shelly_Fossilian-e2x,WHATSTSTRA
0:09:22,@TrinityLong-k7l1n,.
0:09:22,@LilfoxKennedy,HW EATS THEM?
0:09:23,@MiniPlush12,is gourdy at sprout's kissy booth?
0:09:24,@Eeth_the-lyxn,MOONFLOWERT
0:09:24,@magico_mestre56,you are not a good toon
0:09:24,@XxZ0MB1E_K1TTYxX,KISS
0:09:24,@UniquieNewsome,kiss
0:09:24,@HMZeroTwo,"""WHY IS IT ALWAYS THE GODDAMN EYE"""
0:09:24,@LolCat6843,:)
0:09:25,@Shelly-f7p8v,KISSSSS
0:09:25,@drakestart,ASTRO
0:09:25,@LaraRhaziDeFreitas,KISS
0:09:25,@rat__son06,KISSSS
0:09:26,@Starfire_777,Call the Police Dandy!
0:09:26,@UniquieNewsome,kiss
0:09:26,@Yewrcat,To clamp them to astro
0:09:26,@rat__son06,KISSSS
0:09:27,@basel.the.artist,kiss
0:09:27,@Shelly_Fossilian-e2x,kiss
0:09:27,@alcinaisMINE,mwa!
0:09:27,@Eightivealwayslovedyou-y7g,BLOT
0:09:28,@Sillymia838,KISSS
0:09:28,@vazquezzavaladarielaalejan6147,KISS
0:09:28,@rat__son06,KISSSSS
0:09:28,@LaraRhaziDeFreitas,KISS
0:09:28,@MiniPlush12,is gourdy at sprout's kissy booth?
0:09:28,@Tamers12345MLP,@alcinaisMINE Why wouldn't he be?
0:09:29,@jennyup1967,kiss pls
0:09:29,@richietrejo-ramos2252,Kiss
0:09:29,@ConductorNoli,Shelly WHAT
0:09:29,@vazquezzavaladarielaalejan6147,KISSS
0:09:29,@jennythebean9117,Kiss
0:09:29,@XxZ0MB1E_K1TTYxX,PLEASE :pleading_face::pleading_face::pleading_face::pleading_face:
0:09:29,@RandomBendyFan,...
0:09:30,@Fooper899,cute
0:09:30,@LaraRhaziDeFreitas,KISS
0:09:30,@GOobygoob-e3x5d,Do you like angryhugs?
0:09:31,@Shelly_Fossilian-e2x,kiss
0:09:31,@vazquezzavaladarielaalejan6147,KISS
0:09:31,@Sillymia838,KISSS
0:09:32,@agoatheadbaby3512,how would I make money like this?
0:09:32,@magico_mestre56,KISS
0:09:32,@vazquezzavaladarielaalejan6147,KISS
0:09:32,@IEATPAP3R,KISS.
0:09:32,@LaraRhaziDeFreitas,KISS
0:09:33,@LaraRhaziDeFreitas,KISS
0:09:34,@alynn_silly,KissKISS
0:09:34,@Sillymia838,KIZS
0:09:34,@Ilovemilliebobbybrown-n8s,JUST KISSS
0:09:34,@LaraRhaziDeFreitas,KISS
0:09:34,@jennyup1967,Dudley!dld
0:09:34,@TrinityLong-k7l1n,KISSS
0:09:34,@vazquezzavaladarielaalejan6147,KISSS
0:09:34,@honeiyt,KISS
0:09:34,@ShellyFossilianMM,KISS
0:09:35,@jennyup1967,kisss
0:09:35,@MiniPlush12,is gourdy at sprout's kissy booth?
0:09:36,@СвятославаК-ы9б,KISSS
0:09:36,@ANALBONES,DUDET ISHA
0:09:37,@vazquezzavaladarielaalejan6147,KISS NOW
0:09:37,@Sillymia838,Kis
0:09:37,@TheJackManArt,Kiss
0:09:37,@ShellyFossilianMM,PLEASER
0:09:38,@LaraRhaziDeFreitas,KISS
0:09:38,@Flw3rm00n,KISSSSSS
0:09:38,@honeiyt,KISS
0:09:38,@Baldstro_novalite,IM CRINE
0:09:38,@jennyup1967,skksks
0:09:38,@СвятославаК-ы9б,KIDDD
0:09:38,@Eeth_the-lyxn,KISS
0:09:39,@Sillymia838,Kiss
0:09:39,@TrinityLong-k7l1n,KISS
0:09:39,@ilikefrogzz6384,KISS
0:09:39,@dribvox,WOAH
0:09:40,@Shelly_Fossilian-e2x,kiss
0:09:40,@quericotemuevesEiden,Kissss
0:09:40,@magico_mestre56,KISS
0:09:40,@vazquezzavaladarielaalejan6147,KISS NOW
0:09:40,@Shelly-f7p8v,KISSSSSSSSSSSSSSS
0:09:40,@Sillymia838,Kiss
0:09:40,@kalinoyunelsday,pease
0:09:41,@cookies_123-c7t,KISSS
0:09:41,@Eeth_the-lyxn,KISS
0:09:41,@St4rpaperprotective,KIZZZZ
0:09:41,@Sillymia838,Kiss
0:09:42,@LaraRhaziDeFreitas,KISS
0:09:42,@vazquezzavaladarielaalejan6147,KISS NOW
0:09:42,@Eeth_the-lyxn,PLS
0:09:42,@kalinoyunelsday,PLEASE
0:09:42,@Sillymia838,Kiss
0:09:43,@LolCat6843,hehehhehe kiss
0:09:43,@MohammedElhakimk,NOOOOOOOOOOO
0:09:43,@magico_mestre56,KISS
0:09:43,@Baldstro_novalite,KISS
0:09:43,@Shelly_Fossilian-e2x,aKiss
0:09:44,@PumpkinBlackKitty,KISS
0:09:44,@Sillymia838,Kis
0:09:44,@Eeth_the-lyxn,KISS
0:09:44,@kalinoyunelsday,KISS
0:09:44,@DLL.Blankp,KISSSSS
0:09:44,@kalinoyunelsday,KISS
0:09:45,@jennyup1967,dawg
0:09:45,@PumpkinBlackKitty,KISSS
0:09:45,@dragonflames538,KISS
0:09:45,@vazquezzavaladarielaalejan6147,KISS NOW
0:09:45,@kalinoyunelsday,KISSSS
0:09:46,@St4rpaperprotective,KISSSSS
0:09:46,@PumpkinBlackKitty,KISS
0:09:47,@Eightivealwayslovedyou-y7g,KISS
0:09:47,@kalinoyunelsday,KISSSSS
0:09:47,@toodles-p7o,kiiddf
0:09:47,@DLL.Blankp,KISSSSSSSSSSSSSSSSSSSSSSSSSSSSSSSSS
0:09:47,@richietrejo-ramos2252,Bruhhh kiss
0:09:47,@СвятославаК-ы9б,KIDSS
0:09:48,@ilikefrogzz6384,KISS
0:09:48,@jennyup1967,omg
0:09:48,@Shelly_Fossilian-e2x,aWhat
0:09:48,@Baldstro_novalite,KISS NOW
0:09:48,@kalinoyunelsday,PLEASEEE
0:09:48,@honeiyt,KISSSSSS
0:09:49,@NunyaBusiness-r4q,KISSSSSS
0:09:48,@drakestart,DANGGGGGGGGGGGGGGGGGGGGGGGGGG'
0:09:49,@TrinityLong-k7l1n,KISS
0:09:49,@LaraRhaziDeFreitas,KISS
0:09:49,@quericotemuevesEiden,KISSS
0:09:49,@alcinaisMINE,He’d be busy kissing his husband (COUGH COUGH) Soulvester
0:09:49,@Kiki-p3g9m,KISS ALREADY BI-
0:09:50,@magico_mestre56,KISS
0:09:50,@PumpkinBlackKitty,KISS
0:09:50,@Thais_família,KISSS
0:09:50,@toodles-p7o,sim
0:09:50,@LolCat6843,kiss
0:09:50,@AndresSalce-dj5df,KISS
0:09:50,@emosprout,KISS NOW
0:09:51,@СвятославаК-ы9б,KISSS
0:09:51,@honeiyt,KISS
0:09:51,@vazquezzavaladarielaalejan6147,NISS NOW
0:09:51,@I_feel_sigma-x2p,SPROUT IS KISSING GLISTEN-
0:09:51,@victorv5774,KISS
0:09:51,@TheKalimanMX,KISS
0:09:51,@TierAnon,It's always in the middle of an inflation
0:09:51,@Sp1k3_Th3_W0lf,KISSS
0:09:52,@Shelly-f7p8v,KISSKSISKSISIKSISSSSS
0:09:52,@richietrejo-ramos2252,KISSSSSS
0:09:53,@CarlaGabriele-l2f2l,KISSSSS
0:09:53,@Cattle.ink.3,KISS
0:09:53,@sproutseedly-n1v,WOAH GLISTENNNN
0:09:53,@Sp1k3_Th3_W0lf,;KISXZSAS
0:09:54,@Sillymia838,Kiss.. 
0:09:55,@kalinoyunelsday,KISS\
0:09:55,@LaraRhaziDeFreitas,:face-purple-crying::face-purple-crying::face-purple-crying::face-purple-crying:
0:09:55,@MiniPlush12,is gourdy at sprout's kissy booth?
0:09:55,@vazquezzavaladarielaalejan6147,KISS NOW
0:09:55,@ilikefrogzz6384,KISS
0:09:56,@magico_mestre56,KISS
0:09:56,@richietrejo-ramos2252,KISSSSSS
0:09:56,@XxZ0MB1E_K1TTYxX,PLEASE
0:09:56,@TrinityLong-k7l1n,KISS
0:09:56,@Tamers12345MLP,Damn bitches wanna see Astro and Dandy kiss so bad
0:09:56,@drakestart,OMG
0:09:56,@Sp1k3_Th3_W0lf,KISS
0:09:57,@Eggy_egg30,O
0:09:57,@Baldstro_novalite,NOWWWW
0:09:57,@vazquezzavaladarielaalejan6147,KISS NOW
0:09:57,@Shelly-f7p8v,KISSSSSSSSSSSSSSS
0:09:58,@Fooper899,UxU
0:09:58,@Rileydoesgaming-wr6kk,MOONFLOWER
0:09:59,@XxZ0MB1E_K1TTYxX,YESSSSS
0:09:59,@Eeth_the-lyxn,MIRRORBERRY
0:10:00,@Kiki-p3g9m,KISS GOD DAMNI-
0:10:00,@Cattle.ink.3,KISS
0:10:00,@Tamers12345MLP,Needy sluts
0:10:01,@drakestart,KISS
0:10:01,@Yewrcat,Kiss
0:10:01,@TrinityLong-k7l1n,KISS
0:10:01,@ilovechicken-d5q,kisssss
0:10:01,@victorv5774,kiss
0:10:01,@ProbablyFlawlessInDisguse,Yees
0:10:02,@drakestart,KISS
0:10:02,@jennythebean9117,>:3
0:10:02,@Eightivealwayslovedyou-y7g,IM GONNA CRACK ASTRO FRFR
0:10:03,@PumpkinBlackKitty,KISSS
0:10:03,@magico_mestre56,KISS
0:10:03,@Nadinevillalobos_hello,JUST IN TINE
0:10:03,@toodles-p7o,aaa
0:10:03,@Sillymia838,Aa
0:10:04,@kalinoyunelsday,PLEASE
0:10:04,@Eeth_the-lyxn,YES
0:10:04,@ilikefrogzz6384,KISSSS
0:10:04,@ProbablyFlawlessInDisguse,YEEEEES
0:10:04,@toniousley-harris833,KIS
0:10:04,@AngelBabe-b7b,LOUEY X SPOURT
0:10:04,@Shelly-f7p8v,KISSSSSSSSSSS
0:10:05,@likeamcgrid,huh
0:10:05,@LolCat6843,yeyyeyeyeyyeeyyeys
0:10:05,@GOobygoob-e3x5d,Do you like angryhugs?
0:10:05,@Baldstro_novalite,KISS HIM
0:10:05,@drakestart,KISSSS
0:10:05,@vanveleca,wow wow wow
0:10:05,@Shelly_Fossilian-e2x,HSHS
0:10:05,@Bsconthebacon,DAMUYMMM
0:10:05,@rat__son06,I’ll give you my soul tamers
0:10:05,@alynn_silly,KISSSSSSFHHTHRY
0:10:05,@TrinityLong-k7l1n,KISS
0:10:06,@kalinoyunelsday,OMNG
0:10:06,@St4rpaperprotective,BESO DALE
0:10:06,@jo3a548,cute
0:10:07,@kalinoyunelsday,PLEAASE
0:10:07,@ConductorNoli,Get it Rodger 
0:10:07,@emosprout,YAOI!!!!
0:10:08,@DLL.Blankp,say what
0:10:08,@MIRKOKLUK,KISS
0:10:08,@SuperCaptainFail,DONT KISS. DONT KISS. DONT KISS.
0:10:09,@GaLo-p8b,KISSS
0:10:09,@likeamcgrid,??
0:10:09,@amnesiacrystal7248,KISS
0:10:09,@ミソサザイmisothesoup,KISS
0:10:10,@Veezroom,WOAH BERRYMIRROR OR SUM
0:10:10,@TrinityLong-k7l1n,KISS
0:10:10,@toniousley-harris833,KISS
0:10:10,@PumpkinBlackKitty,KISS
0:10:10,@ミソサザイmisothesoup,KISSS
0:10:10,@jennythebean9117,Kiss :face_blowing_a_kiss: 
0:10:11,@Eeth_the-lyxn,IDC MOONFLOWER
0:10:11,@PumpkinBlackKitty,YES
0:10:11,@Flopera2027-e8t,glisten x sprout?
0:10:11,@Fooper899,*gasp*
0:10:11,@jennyup1967,cryyy
0:10:11,@kalinoyunelsday,I NEED THIS
0:10:12,@Shelly_Fossilian-e2x,HAHAHAGA
0:10:12,@Baldstro_novalite,KISS HIMMM
0:10:12,@toniousley-harris833,/KISS
0:10:12,@whoopsiemazie,Tamers syau
0:10:13,@whatpointsarethereinlife,now
0:10:13,@MiniPlush12,KISSSSSS
0:10:13,@LaraRhaziDeFreitas,KISS
0:10:14,@kalinoyunelsday,OMGGG
0:10:14,@drakestart,KISSSS KISSSS
0:10:14,@magico_mestre56,WTF
0:10:14,@Eeth_the-lyxn,YES
0:10:14,@ilikefrogzz6384,KISS
0:10:15,@toniousley-harris833,/KISS
0:10:15,@r0bbi_png,SON IM CRINE
0:10:15,@Baldstro_novalite,NOOWOWOWW
0:10:15,@LolCat6843,mrkdkdkd
0:10:16,@alyssonnganinga4382,KISS-
0:10:16,@emosprout,YAOI
0:10:16,@HMZeroTwo,@Tamers12345MLP i don't i want astro to kill that flower
0:10:17,@St4rpaperprotective,KISSSSSSS
0:10:17,@ANALBONES,THE OTNGUE
0:10:17,@PumpkinBlackKitty,AHHHH YES
0:10:18,@vazquezzavaladarielaalejan6147,KISS
0:10:18,@Gok0shy,YAY
0:10:18,@jackchu5453,HERE WE GO
0:10:18,@Shelly_Fossilian-e2x,KISS KISS
0:10:18,@ilikefrogzz6384,KISS
0:10:19,@toniousley-harris833,KISS
0:10:19,@sproutseedly-n1v,KISSS IM CRINGING
0:10:19,@shrimpkuuu,HAVE RESPECT FOR YOURSELF
0:10:19,@whatpointsarethereinlife,send my chats
0:10:19,@Yewrcat,Kiss alreadyyy
0:10:19,@Eightivealwayslovedyou-y7g,KISS
0:10:19,@vazquezzavaladarielaalejan6147,KISS
0:10:19,@Eeth_the-lyxn,YES
0:10:19,@MiniPlush12,KISSSSS
0:10:19,@I_feel_sigma-x2p,what the fuck...
0:10:19,@alcinaisMINE,The children yearn for slice of life romance 
0:10:20,@whatpointsarethereinlife,bro
0:10:20,@grimtidings5451,'best friends'
0:10:20,@Flopera2027-e8t,omg
0:10:20,@shrimpkuuu,PLEASE
0:10:20,@drakestart,KISS
0:10:20,@whatpointsarethereinlife,send
0:10:20,@Baldstro_novalite,HISSSS
0:10:20,@TrinityLong-k7l1n,KISS
0:10:20,@drakestart,S
0:10:21,@whatpointsarethereinlife,send
0:10:21,@LolCat6843,kiss
0:10:22,@St4rpaperprotective,kisssss
0:10:22,@Baldstro_novalite,AHAHAAHHAAHAHA
0:10:23,@PumpkinBlackKitty,NOOO
0:10:23,@vazquezzavaladarielaalejan6147,KISS
0:10:24,@TierAnon,>golly
0:10:24,@FennecSt4rr,OOOOH MY GOD OHOHHIUHJ
0:10:24,@Drawinglover-r12,SPROUT JUST KISS LOOEY
0:10:24,@WerchioMop,MOONFLOWER
0:10:24,@Baldstro_novalite,KISS HIM
0:10:24,@shrimpkuuu,EWWWWWWW
0:10:25,@TrinityLong-k7l1n,KISS
0:10:25,@Eightivealwayslovedyou-y7g,KISS
0:10:25,@SuperCaptainFail,NONONONONNONONONNO
0:10:26,@Ponk1,cmooon eye poke
0:10:26,@magico_mestre56,WTF IS HAPPENING
0:10:26,@ilikefrogzz6384,KISS
0:10:26,@FELIZ_NAVIDAD67,:face-fuchsia-poop-shape:
0:10:26,@applebloom2307,Wwof woof woof woof woof woof woof bark bark bakr
0:10:26,@St4rpaperprotective,KISSSSS
0:10:26,@Shelly-f7p8v,I NEED THEM TO KISSS
0:10:27,@Cosmocosmeticcake,:smiling_face_with_heart_eyes:
0:10:27,@quericotemuevesEiden,OMG
0:10:27,@FennecSt4rr,OUGHHHHH
0:10:28,@Baldstro_novalite,KISS HIM NOW
0:10:28,@Flopera2027-e8t,yes
0:10:28,@Shelly-f7p8v,OGMGOMGOGMG
0:10:29,@sproutseedly-n1v,I AM CRINGING
0:10:29,@Veezroom,erm
0:10:29,@DLL.Blankp,oh my god
0:10:29,@richietrejo-ramos2252,YESSS
0:10:29,@ミソサザイmisothesoup,HURRYYY
0:10:30,@kalinoyunelsday,NOOOOOOO
0:10:30,@Shelly-f7p8v,OGMGOMG
0:10:30,@ilikefrogzz6384,KISS
0:10:30,@NubMcMoofin,:pensive_face:
0:10:31,@whoopsiemazie,JUST KISS BRO
0:10:31,@victorv5774,KISS
0:10:31,@Nathan_Benji,KISS
0:10:31,@St4rpaperprotective,KISSS NOW
0:10:32,@XxZ0MB1E_K1TTYxX,"""GOLLY"" HES SOOO CUTE"
0:10:32,@amnesiacrystal7248,THE TONGUE
0:10:32,@shrimpkuuu,bro no
0:10:32,@Eggy_egg30,Ee
0:10:33,@LaraRhaziDeFreitas,HELL YEAAAA
0:10:33,@whoopsiemazie,Yeah it does
0:10:33,@dookyking4lyfe,:kissing_face_with_closed_eyes::kissing_face_with_closed_eyes::kissing_face_with_closed_eyes:
0:10:33,@M1stakerCh01ce,WTF
0:10:33,@zocie,BRUHHH
0:10:34,@Baldstro_novalite,.
0:10:34,@EtalsTheAxolotl-star,NOOO
0:10:34,@vazquezzavaladarielaalejan6147,NOOOOOOO
0:10:35,@Eightivealwayslovedyou-y7g,YES
0:10:35,@PumpkinBlackKitty,NOOOOOOOOOOO
0:10:35,@iamboomer7805,LOL
0:10:36,@alcinaisMINE,Just helping a bro out!
0:10:36,@TheMTwinny,LOL
0:10:36,@jackchu5453,NOOOOOOO
0:10:36,@XxZ0MB1E_K1TTYxX,I LOVE HIMMMM
0:10:36,@quericotemuevesEiden,NOOOO
0:10:36,@STRAWBERRI_CRKxDW,NO
0:10:37,@rat__son06,gays
0:10:37,@AnonHluv,oh
0:10:37,@SuperCaptainFail,YES THANK YOU TAMERS
0:10:38,@Flopera2027-e8t,...
0:10:38,@Eightivealwayslovedyou-y7g,KISS
0:10:38,@UniquieNewsome,NO
0:10:38,@okuriinu8489,friends with benny
0:10:39,@magico_mestre56,:loudly_crying_face::loudly_crying_face::loudly_crying_face:
0:10:39,@vazquezzavaladarielaalejan6147,NOOOO
0:10:39,@LolCat6843,...
0:10:39,@toniousley-harris833,NOOOOOOOOOOOOOOO
0:10:40,@LaraRhaziDeFreitas,BRO
0:10:40,@grimtidings5451,BLOCKED
0:10:40,@KierstenCox-n2z,:pensive_face:
0:10:40,@Shelly_Fossilian-e2x,damn
0:10:40,@Scared_Deer_Girl,NO
0:10:41,@Reb-i7x,:face-red-droopy-eyes::face-purple-crying:
0:10:41,@Eightivealwayslovedyou-y7g,PLEASE
0:10:41,@galaxywolfart2443,Astro is so weet for the wrong reasons lol 
0:10:42,@Yewrcat,Dairy
0:10:42,@vazquezzavaladarielaalejan6147,","
0:10:42,@sproutseedly-n1v,KISSS WTF
0:10:42,@Tamers12345MLP,Dandy trying to sneak his tongue in cause he couldn't afford the $5 option
0:10:42,@jennythebean9117,Stop denying yourself 
0:10:42,@Rileydoesgaming-wr6kk,DANG IT
0:10:43,@LaraRhaziDeFreitas,BRO
0:10:43,@emosprout,NOOOOO
0:10:44,@St4rpaperprotective,WHAT?
0:10:45,@victorv5774,:face-pink-tears::face-pink-tears:
0:10:45,@TrinityLong-k7l1n,WTF
0:10:45,@shrimpkuuu,NO LOOEY
0:10:45,@rat__son06,OOP
0:10:45,@XxZ0MB1E_K1TTYxX,NOOOOOOO
0:10:46,@GaLo-p8b,KISSSS
0:10:46,@AngelBabe-b7b,HAHAHA
0:10:46,@jimymgd,Ayo
0:10:46,@dookyking4lyfe,rip
0:10:46,@vazquezzavaladarielaalejan6147,",,,"
0:10:46,@LaraRhaziDeFreitas,WTF
0:10:46,@MiniPlush12,ohno
0:10:46,@toodles-p7o,noo
0:10:47,@Baldstro_novalite,BRO
0:10:47,@vazquezzavaladarielaalejan6147,","
0:10:47,@Flw3rm00n,NOOOOOOOOOOOO
0:10:48,@magico_mestre56,wtf
0:10:48,@emosprout,NOOOOOOOO
0:10:48,@toniousley-harris833,/NooOoOoOoOoOOoOoOo
0:10:49,@TheMTwinny,TAMERS JABAITED CHAT
0:10:50,@LaraRhaziDeFreitas,WHYYYYYYYYYYYY
0:10:50,@HMZeroTwo,how did he override the telekinesis
0:10:50,@Moon_wolfpawz,COSMO
0:10:51,@Starfire_777,Sad Pepe
0:10:51,@danitafoster2341,I MISSED THIS :(
0:10:51,@miguellozano7539,oooo
0:10:51,@Scared_Deer_Girl,TAMERS YOU TEASE
0:10:52,@Veezroom,OH NAH
0:10:52,@Shelly_Fossilian-e2x,help
0:10:53,@LaraRhaziDeFreitas,:face-purple-crying::face-purple-crying::face-purple-crying::face-purple-crying::face-purple-crying:
0:10:53,@Eightivealwayslovedyou-y7g,YES
0:10:53,@drakestart,WHAT
0:10:53,@St4rpaperprotective,NAHHHH
0:10:53,@vanveleca,uh oh
0:10:53,@Nathan_Benji,nOOO
0:10:54,@Fooper899,O_O
0:10:54,@zocie,COSMO
0:10:55,@rat__son06,OH SHIT
0:10:55,@jennythebean9117,The queers are fighting 
0:10:55,@kalinoyunelsday,BROOO
0:10:55,@LolCat6843,noooooo
0:10:56,@ImNotThatKindOfPerson,JUST GOT HERE WHAT DID I MISS
0:10:56,@Yewrcat,I need more gaysss
0:10:56,@FELIZ_NAVIDAD67,ahhhhhhhhhh baby cosmooooo
0:10:56,@whoopsiemazie,COSMO GO AWAY
0:10:56,@Eightivealwayslovedyou-y7g,GAY
0:10:56,@Baldstro_novalite,HOW COULD YOU.
0:10:56,@valeriavasquez856,QUE
0:10:56,@GOobygoob-e3x5d,Do you like angryhugs?
0:10:57,@richietrejo-ramos2252,Whyy
0:10:57,@ANALBONES,gourdy l BRO WGOURDU
0:10:57,@shrimpkuuu,please
0:10:58,@LvXGameMaster,NO FUCK I PAUSED IT FOR A WHILE!!
0:10:58,@valeriavasquez856,WTF
0:10:58,@Yewrcat,Ahhh
0:10:58,@toodles-p7o,vivo ta
0:10:59,@GraceKasmier-r5x,KISS PLEASE
0:10:59,@FELIZ_NAVIDAD67,my
0:11:00,@TrinityLong-k7l1n,DANG
0:11:00,@valeriavasquez856,QUE FUE
0:11:00,@drakestart,YEAA YEAH
0:11:00,@MiniPlush12,cosmo is caked fr fr
0:11:00,@Eightivealwayslovedyou-y7g,GAY
0:11:01,@FennecSt4rr,iPad
0:11:01,@scall0p31w,Lmao :loudly_crying_face:
0:11:01,@ANALBONES,BRO GOURDY LMAOOOO
0:11:02,@superarcade643,GOURDYYYYYYY
0:11:02,@jo3a548,LASDOASLDASOFALDFOAFLSAODALFO
0:11:02,@WerchioMop,COAMO LMAOOO
0:11:03,@richietrejo-ramos2252,O_O
0:11:03,@Shelly-f7p8v,LOOEY GONNA DIE
0:11:03,@dribvox,GOURDY
0:11:03,@HMZeroTwo,CARAMEL COSMO
0:11:03,@Baldstro_novalite,PLEASEEEEE
0:11:04,@kalinoyunelsday,LMFAOO
0:11:04,@pacobell1307,LMAO
0:11:04,@DLL.Blankp,mg said dandy
0:11:04,@СвятославаК-ы9б,NOOO PLEASE MOONFLOWERR
0:11:04,@alcinaisMINE,GOURDY
0:11:05,@shrimpkuuu,WHY DID GOURDY DM HIM
0:11:05,@Baldstro_novalite,NOOOWWWW
0:11:05,@superarcade643,LETS GOOOO
0:11:06,@shrimpkuuu,DUDE
0:11:06,@Eightivealwayslovedyou-y7g,GAY
0:11:07,@superarcade643,GOURDYYYYYYYYYY
0:11:08,@shadey_z1241,Oh shit
0:11:08,@Shelly_Fossilian-e2x,HELP
0:11:09,@toodles-p7o,o no
0:11:10,@Eightivealwayslovedyou-y7g,GAY
0:11:10,@Cheeseandblood,was that Missingno?
0:11:10,@R0B0T-K1SS3R,These gays bro
0:11:10,@MiniPlush12,is gourdy at sprout's kissy booth?
0:11:11,@whoopsiemazie,GOURDY??????
0:11:11,@magico_mestre56,FOCK
0:11:11,@kalinoyunelsday,DEADASS
0:11:11,@LolCat6843,nioooo
0:11:12,@Al1ssonl0l,GOURDY
0:11:12,@Cattle.ink.3,I knew it
0:11:13,@ilikefrogzz6384,No moonflower kiss
0:11:13,@jo3a548,OH FUCK
0:11:13,@Eightivealwayslovedyou-y7g,GAY
0:11:13,@ミソサザイmisothesoup,GOURDY
0:11:13,@hikorikimo,:honeybee::honeybee::honeybee::honeybee:
0:11:14,@HMZeroTwo,WHY IS GOURDY THERE
0:11:14,@MohammedElhakimk,:face-pink-tears::face-pink-tears::face-pink-tears::face-pink-tears::face-pink-tears::face-pink-tears::face-pink-tears::face-pink-tears::face-pink-tears::face-pink-tears::face-pink-tears::face-pink-tears::face-pink-tears::face-pink-tears::face-pink-tears::face-turquoise-drinking-coffee::face-turquoise-drinking-coffee::face-turquoise-drinking-coffee:
0:11:15,@TheMTwinny,D E A D A S S
0:11:15,@grimtidings5451,A BROWNIE SCORNED
0:11:15,@FELIZ_NAVIDAD67,GOURDY?!?!
0:11:15,@MiniPlush12,is gourdy at sprout's kissy booth?
0:11:15,@likeamcgrid,??
0:11:15,@Shelly_Fossilian-e2x,OH SHIT
0:11:15,@Flopera2027-e8t,gourdy...
0:11:16,@richietrejo-ramos2252,-_-
0:11:16,@Eightivealwayslovedyou-y7g,GAY
0:11:16,@jennythebean9117,Dandy in the dm!
0:11:16,@drakestart,COSMO
0:11:17,@Shelly-f7p8v,BREAK UP
0:11:17,@shrimpkuuu,oh my god
0:11:17,@richardtheallosaurus4036,Now it Cosmo turn 
0:11:18,@Thais_família,GOURDYY??
0:11:18,@galaxywolfart2443,get him cosmo 
0:11:18,@jo3a548,ITS OVER FOR SPROUT
0:11:19,@UniquieNewsome,HELP
0:11:19,@Shelly-f7p8v,BREAK UPO
0:11:19,@Tamers12345MLP,Average weekend for Sprout and Cosmo
0:11:20,@Eightivealwayslovedyou-y7g,GAY
0:11:20,@TrinityLong-k7l1n,:face_with_tears_of_joy::face_with_tears_of_joy::face_with_tears_of_joy:
0:11:21,@Sweetie-r9p9r,GOURDYY
0:11:21,@shanaypalmer5360,:face-turquoise-covering-eyes:
0:11:21,@quericotemuevesEiden,GOURDY
0:11:21,@Shelly-f7p8v,BREAK UP
0:11:22,@Shelly_Fossilian-e2x,WTF
0:11:22,@TylerSwan-s2d,NOT GOURDY NO
0:11:22,@Eeth_the-lyxn,OOP
0:11:22,@magico_mestre56,PLOT TWIST
0:11:22,@kalinoyunelsday,???????????????
0:11:23,@RiseCrispee,divorce
0:11:23,@Eggy_egg30,WHaT
0:11:24,@ilikefrogzz6384,GOURDY
0:11:25,@GOobygoob-e3x5d,Do you like angryhugs?
0:11:26,@MiniPlush12,sprout is trying to manipulation
0:11:26,@toniousley-harris833,So gay
0:11:26,@LOOEYXD,Proshipper.
0:11:27,@ProbablyFlawlessInDisguse,I HATE YOU SPROUT
0:11:28,@ilikefrogzz6384,GOURDY CAREFUL 
0:11:29,@Starfire_777,BPD Cosmo
0:11:29,@ConductorNoli,OMG
0:11:29,@ProbablyFlawlessInDisguse,DAMN CHEATER
0:11:29,@okuriinu8489,omg stop asking about gourdy :loudly_crying_face:
0:11:30,@Baldstro_novalite,DANDY WHAT
0:11:30,@KvVuld,oatmeal lol
0:11:30,@FELIZ_NAVIDAD67,HAHAH
0:11:31,@LilfoxKennedy,not again for sprout cuz he got pieced together
0:11:31,@jennythebean9117,Divorce 
0:11:31,@likeamcgrid,TF?
0:11:32,@M1stakerCh01ce,why gourdy????
0:11:33,@danitafoster2341,why is gourdy here
0:11:33,@Flopera2027-e8t,lmao
0:11:34,@AlexanderAtticus,Average homosexual relationship 
0:11:34,@victorv5774,:face-blue-wide-eyes::face-blue-wide-eyes:
0:11:34,@SkylarThompson-mu1qs,Fruitcake near divorce.
0:11:34,@whoopsiemazie,BREAK UP
0:11:35,@JacobAquino-q9u,WAIT GOURDY WAS THERE??
0:11:36,@Moonzy-kit,GPRUDY WTF
0:11:36,@toniousley-harris833,GAY
0:11:36,@Fooper899,weeb
0:11:37,@alcinaisMINE,Those gosh darn stinky proshippers blehh!! Ewww!! Gross!!!! 
0:11:37,@toniousley-harris833,GAY
0:11:38,@shrimpkuuu,these two are literally just horrible lovers
0:11:38,@AnnMcG-h4m,dawg
0:11:39,@toniousley-harris833,GAY
0:11:40,@whoopsiemazie,BREAK UP BREAK UP BREAK UP
0:11:40,@Ivyeva1993,кσѕмσ χ ѕρяσυт ιѕ вєттєя!!!
0:11:41,@vazquezzavaladarielaalejan6147,I LOVE THIS TOXIC YAOU
0:11:41,@drakestart,DONT BLAME DANDY
0:11:41,@Shelly_Fossilian-e2x,HAHAHA
0:11:41,@toniousley-harris833,GAY
0:11:41,@HMZeroTwo,cosmo is standing up to sprout? impossible
0:11:43,@jo3a548,LASDOASDLSAFOSALDSAOFLASDf
0:11:43,@TylerSwan-s2d,LOL
0:11:43,@UniquieNewsome,cry
0:11:43,@cryptickopia,COSMO LAST TOON STANDING I TOLD YOU
0:11:43,@Yewrcat,Cosmo has his dihh meal
0:11:44,@likeamcgrid,Gourdy is a child uhm
0:11:44,@richietrejo-ramos2252,Why Gourdy?
0:11:44,@kalinoyunelsday,GAY
0:11:45,@dominicunderwood4911,Antishipper
0:11:45,@MohammedElhakimk,Is you guys divorce
0:11:46,@GOobygoob-e3x5d,Do you like angryhugs?
0:11:46,@Veezroom,make way for a new relationship
0:11:46,@whoopsiemazie,BREAK UP
0:11:47,@TrinityLong-k7l1n,BYE BYE BERRY BOY:seedling:
0:11:47,@alcinaisMINE,Oh dandy you tease!
0:11:47,@VeeVersion-k2e,.
0:11:48,@Eightivealwayslovedyou-y7g,IM CRINE
0:11:48,@Shelly_Fossilian-e2x,UAUAUUAYA
0:11:48,@СвятославаК-ы9б,FRUIT CAKE YESSSSSS
0:11:49,@shanaypalmer5360,:eyes-purple-crying::eyes-purple-crying::face-fuchsia-wide-eyes::face-fuchsia-wide-eyes::face-fuchsia-wide-eyes::face-blue-wide-eyes::face-blue-wide-eyes::face-blue-wide-eyes::face-fuchsia-tongue-out::face-fuchsia-tongue-out::face-fuchsia-tongue-out::face-purple-crying::face-purple-crying::face-purple-crying::face-red-droopy-eyes::face-red-droopy-eyes::text-green-game-over::text-green-game-over::text-green-game-over:
0:11:49,@sproutseedly-n1v,why was gourdy there...
0:11:49,@LynHernandez-n2k,:chillwdog::chillwcat::shelterin:
0:11:49,@kalinoyunelsday,Belelelelele
0:11:50,@Eeth_the-lyxn,HELP
0:11:51,@Shelly-f7p8v,DANDYYDY
0:11:52,@GOobygoob-e3x5d,Do you like angryhugs?
0:11:52,@Yewrcat,No friends
0:11:52,@zocie,cosmo
0:11:52,@rat__son06,HAHAHAHA
0:11:52,@jennythebean9117,This is spicy >:3
0:11:53,@Baldstro_novalite,NOW BREAK UP AND MAKE COSMO KISS GOOB
0:11:54,@SkylarThompson-mu1qs,"Do Thomas and Friends next, jk.-"
0:11:54,@Shelly-f7p8v,DANDYYYY
0:11:54,@Shelly-f7p8v,DANDYYY
0:11:55,@N0tc00lbr0what,DID YOU SEE GOURDY ON THE PHONE
0:11:55,@Eeth_the-lyxn,LOL
0:11:56,@AnonHluv,Ah you see you see tamer 
0:11:56,@TrinityLong-k7l1n,:face_with_tears_of_joy:
0:11:56,@LolCat6843,hehe my mom core
0:11:56,@rat__son06,NO COOKIES
0:11:56,@magico_mestre56,Why this need to be so strange
0:11:56,@DLL.Blankp,damnnnnn
0:11:57,@cookies_123-c7t,BYE IM CRYING
0:11:58,@dookyking4lyfe,haha sassy Dandy
0:11:58,@richietrejo-ramos2252,:face-blue-smiling::face-blue-smiling:
0:11:59,@SkylarThompson-mu1qs,"Or not jk, it's fine.-"
0:12:00,@Shelly_Fossilian-e2x,wjat
0:12:01,@iamboomer7805,Sprout deserves all of this btw 
0:12:01,@drakestart,GAY
0:12:02,@shrimpkuuu,awww
0:12:02,@okuriinu8489,YES COSMO STAND UP FOR YOURSELF
0:12:02,@jimymgd,"Bro, how is sprout acting scared if he is stronger than Cosmo?"
0:12:03,@FELIZ_NAVIDAD67,mama and son moment
0:12:03,@realblixels,ngl hes so real for that 
0:12:03,@WerchioMop,guys this is tamers why are yall suprised
0:12:04,@ChrissyTheRanter,That a kid btw🫩
0:12:04,@Eeth_the-lyxn,THIS IS FUNNY AS SHIT
0:12:05,@GOobygoob-e3x5d,Do you like angryhugs?
0:12:05,@shrimpkuuu,NO
0:12:05,@PumpkinBlackKitty,yes
0:12:06,@shrimpkuuu,NO
0:12:06,@TrinityLong-k7l1n,:face_with_tears_of_joy::face_with_tears_of_joy:
0:12:06,@TheMTwinny,LOL
0:12:06,@whoopsiemazie,Wow
0:12:07,@PumpkinBlackKitty,YESSS
0:12:07,@EtalsTheAxolotl-star,Mother cosmo
0:12:07,@Eightivealwayslovedyou-y7g,IM CRYING
0:12:07,@Shelly_Fossilian-e2x,HELP
0:12:07,@KayK-l1c,GOURDY AAMPRIDE?
0:12:07,@applebloom2307,Tradwife
0:12:08,@Starfire_777,W Cosmo
0:12:08,@JorArg-c7s,:frowning_face:
0:12:08,@dribvox,LOL
0:12:09,@PumpkinBlackKitty,LMAO
0:12:10,@MiniPlush12,was gourdy at sprout's kissy booth?
0:12:10,@shrimpkuuu,OH YMGODD LOOEY NO
0:12:11,@whoopsiemazie,Looey and cosmo should kiss
0:12:11,@reeeNEWvr12,HOLY SHIT
0:12:11,@Fooper899,omg
0:12:11,@DLL.Blankp,OH SHIT
0:12:11,@vanveleca,YO
0:12:12,@kalinoyunelsday,baked potatos YEOOO
0:12:12,@rat__son06,OH SHIT
0:12:12,@whoopsiemazie,Oh 
0:12:12,@richietrejo-ramos2252,OMG???
0:12:13,@PumpkinBlackKitty,W COSMOOO
0:12:13,@kalinoyunelsday,???
0:12:13,@UniquieNewsome,Omg
0:12:13,@quericotemuevesEiden,NOOOOO
0:12:13,@Gok0shy,OMG
0:12:13,@superarcade643,NOOOOOOOOO
0:12:13,@drakestart,DANG
0:12:13,@applebloom2307,Nevermind
0:12:13,@Reb-i7x,yes Cosmo do it
0:12:14,@Moon_wolfpawz,AAA
0:12:14,@Baldstro_novalite,CRINE
0:12:14,@DLL.Blankp,OH
0:12:14,@shadey_z1241,Oh damn
0:12:14,@okuriinu8489,HELP THE SHOTGUN
0:12:14,@LolCat6843,......
0:12:14,@HMZeroTwo,AYO
0:12:14,@Shelly_Fossilian-e2x,NO SHIT
0:12:14,@shanaypalmer5360,I knew it
0:12:14,@Eeth_the-lyxn,WHAT
0:12:15,@Ponk1,YOOOOOO
0:12:15,@scall0p31w,Damn
0:12:15,@SkylarThompson-mu1qs,THATS WHY
0:12:15,@XxZ0MB1E_K1TTYxX,OH MY GOD
0:12:15,@dominicunderwood4911,...ok
0:12:16,@jennythebean9117,Noooooo
0:12:16,@magico_mestre56,cosmo aura farmer
0:12:17,@Eeth_the-lyxn,OMG
0:12:17,@likeamcgrid,I guess?
0:12:17,@ImNotThatKindOfPerson,YO?
0:12:17,@UniquieNewsome,OMG
0:12:17,@ilikefrogzz6384,he’s not getting any cookies
0:12:17,@St4rpaperprotective,NOOOOO MY FUNNYBERRY
0:12:17,@TiaVenita,oh-
0:12:17,@Moon_wolfpawz,ONG
0:12:18,@Tamers12345MLP,"Cosmo and Sprout would never break up because deep down they love each other for who they are, while everyone else around them are just sluts"
0:12:18,@richietrejo-ramos2252,GUN??
0:12:18,@Shelly_Fossilian-e2x,WHAT
0:12:18,@Flopera2027-e8t,"They are going to cancel him, I return"
0:12:18,@LilfoxKennedy,look noooo
0:12:19,@HMZeroTwo,LOOEY NOOOOO
0:12:19,@dookyking4lyfe,:face-blue-wide-eyes:
0:12:19,@cryptickopia,COSMO LAST TOON STANDING.
0:12:19,@Yewrcat,My parents here
0:12:19,@drakestart,OLOLO\
0:12:20,@vazquezzavaladarielaalejan6147,CRINE
0:12:20,@moonypastells,HEL
0:12:21,@FatimaAhmed-f9z,bai bai balloon boy
0:12:21,@MohammedElhakimk,NOOOOOOO
0:12:21,@Veezroom,can shelly and sprout swap
0:12:21,@kalinoyunelsday,kiss
0:12:22,@kalinoyunelsday,k
0:12:22,@cookies_123-c7t,HELLO??
0:12:22,@AnnMcG-h4m,shiii
0:12:23,@Sprite_kit790,rip
0:12:23,@crvstal,OHH
0:12:23,@LOOEYXD,NO MY BBG LOOEY
0:12:23,@UngulaPropriaRQ,SORRY BERRYFUNNY SHIPPERS LMAO
0:12:24,@serpentsfief,LOOEY NOOOOOOO
0:12:24,@Legendary-Looey,NOOOO LOOEY
0:12:25,@MillerTheDarkTransPrince,XD
0:12:25,@ImNotThatKindOfPerson,THEY TOOK LOOEY
0:12:26,@realblixels,it was on his property 
0:12:26,@Yewrcat,Wearing headphoens
0:12:26,@ConductorNoli,OH
0:12:27,@Rileydoesgaming-wr6kk,WHAT
0:12:28,@Eggy_egg30,Looey
0:12:28,@TheMTwinny,DESERVED
0:12:29,@magico_mestre56,LOL
0:12:30,@richardtheallosaurus4036,HE DEAD
0:12:30,@DLL.Blankp,Oh... thats gore... thats gore of my comfort character.
0:12:31,@drakestart,KISS
0:12:31,@TrinityLong-k7l1n,DANG
0:12:31,@GOobygoob-e3x5d,Do you like angryhugs?
0:12:32,@ProbablyFlawlessInDisguse,JAHAJAHHA
0:12:32,@Yewrcat,How long is this?
0:12:32,@Eightivealwayslovedyou-y7g,GAY
0:12:34,@ilikefrogzz6384,LOOEY OH MY GOD
0:12:34,@ProbablyFlawlessInDisguse,HAHAHAHHAHA
0:12:34,@drakestart,KISSS
0:12:35,@MILIOOTP,peak
0:12:35,@rat__son06,SAY SORRY
0:12:36,@Shelly-f7p8v,WAIT HOLD UP THATS KINDA SWEET
0:12:36,@kalinoyunelsday,gay
0:12:36,@СвятославаК-ы9б,SPROUT KISS DANDYS PLSSS I LOVE CHERRYBLOSSOM(dandys x sprout
0:12:36,@ProbablyFlawlessInDisguse,HAJAHAHAHA
0:12:37,@rat__son06,NOW
0:12:37,@ImNotThatKindOfPerson,GAY
0:12:37,@JorArg-c7s,Kisss
0:12:38,@MiniPlush12,was gourdy at sprout's kissy booth?
0:12:38,@cricket9722,sprout and dandy are gonna kiss
0:12:38,@jennythebean9117,Play Roblox 
0:12:39,@MillerTheDarkTransPrince,this is so cute
0:12:40,@Shelly_Fossilian-e2x,help
0:12:40,@ProbablyFlawlessInDisguse,HAHAHAHAHAHA
0:12:40,@likeamcgrid,poopy??
0:12:41,@LOOEYXD,MY BBG LOOEYYYHH
0:12:41,@Yewrcat,Poopy
0:12:41,@kalinoyunelsday,kiss
0:12:41,@magico_mestre56,JUST DONT KISS
0:12:42,@drakestart,KISS
0:12:42,@jo3a548,KISSSSSSSSSSS
0:12:42,@ducktrios8168,looeyyyyyyyy :((((((((((
0:12:42,@MiniPlush12,was gourdy at sprout's kissy booth?
0:12:43,@kalinoyunelsday,kiss
0:12:44,@Eightivealwayslovedyou-y7g,GAY
0:12:44,@LolCat6843,like my Best friend
0:12:45,@ANALBONES,the face THE FACE
0:12:45,@jennythebean9117,Deadass
0:12:45,@magico_mestre56,PLEASE
0:12:46,@TrinityLong-k7l1n,Dang
0:12:46,@rat__son06,OH SHIT
0:12:47,@kalinoyunelsday,kiss
0:12:47,@Eeth_the-lyxn,POOPY
0:12:47,@eb64ness,lol
0:12:47,@MohammedElhakimk,why is neck is tall
0:12:47,@MiniPlush12,was gourdy at sprout's kissy booth?
0:12:47,@sproutseedly-n1v,"""alot of poopy"""
0:12:48,@MIRKOKLUK,KISS
0:12:48,@ImNotThatKindOfPerson,KISS NOW
0:12:48,@Yourlocaltre,Am I late?
0:12:48,@whoopsiemazie,KISSS
0:12:48,@Starfire_777,Masterbait?
0:12:49,@TheMTwinny,DEADASS
0:12:49,@FatimaAhmed-f9z,LOL POOPIE
0:12:49,@toniousley-harris833,nahhh
0:12:50,@dookyking4lyfe,show the toilet
0:12:50,@whoopsiemazie,KISS
0:12:50,@magico_mestre56,WHY
0:12:51,@ImNotThatKindOfPerson,GAYYYYY
0:12:51,@GraceKasmier-r5x,:loudly_crying_face::loudly_crying_face:
0:12:51,@whoopsiemazie,KISS
0:12:52,@Zac-l7c,Haaa
0:12:52,@whoopsiemazie,KISS
0:12:52,@Eightivealwayslovedyou-y7g,LOOEY NO
0:12:52,@reeeNEWvr12,Looey deserved it 
0:12:53,@MiniPlush12,was gourdy at sprout's kissy booth?
0:12:53,@whoopsiemazie,KISS
0:12:54,@GOobygoob-e3x5d,Do you like angryhugs?
0:12:54,@whoopsiemazie,KISS
0:12:54,@okuriinu8489,tf is that face
0:12:54,@zocie,BRUHHHH
0:12:55,@kalinoyunelsday,gay
0:12:55,@PaolaGonzalez-o3f,..
0:12:56,@Shelly_Fossilian-e2x,WTF
0:12:56,@Food_saysfuck,I feel bad for dandy 
0:12:56,@whoopsiemazie,KISSSSSSSS
0:12:56,@Shelly-f7p8v,WHAT
0:12:56,@kalinoyunelsday,kiss
0:12:57,@ilikefrogzz6384,poopie 
0:12:57,@jennythebean9117,He sad
0:12:57,@kalinoyunelsday,KIS
0:12:57,@kalinoyunelsday,KIS
0:12:58,@ConductorNoli,Gays
0:12:58,@HMZeroTwo,Damn.
0:12:58,@imadyingloser,Cosmo is finally standing up for himslef. Love to see an empowered diva
0:12:58,@kalinoyunelsday,K
0:12:59,@MiniPlush12,was gourdy at sprout's kissy booth?
0:12:59,@JustoneMILK,@Tamers12345MLP How long do your animations take? (Real question) 
0:12:59,@whoopsiemazie,KISKSISKISSS
0:12:59,@rat__son06,OH SHITTTT
0:13:00,@Eeth_the-lyxn,OMG
0:13:01,@AnonHluv,Where the fuckig scene :face_with_symbols_on_mouth::face_with_symbols_on_mouth:
0:13:01,@whoopsiemazie,KISS
0:13:02,@Tamers12345MLP,I just realized I made a mistake by having Looey and Dandy both bleed blood instead of bleeding ichor like they should
0:13:02,@Zac-l7c,THE HELL 
0:13:02,@Shelly_Fossilian-e2x,KISS
0:13:02,@cookies_123-c7t,KISS:money_mouth_face:
0:13:02,@KvVuld,UHH
0:13:02,@TrinityLong-k7l1n,Dang
0:13:02,@drakestart,KISS
0:13:02,@richietrejo-ramos2252,KISSS
0:13:03,@Baldstro_novalite,DO NOT KKSS
0:13:03,@KvVuld,uHH
0:13:03,@WerchioMop,LOOEY
0:13:03,@LolCat6843,nahhh
0:13:03,@SproutSeedly200,PFH
0:13:04,@KvVuld,YGG
0:13:04,@jennythebean9117,>:3
0:13:04,@whoopsiemazie,KISS
0:13:04,@rat__son06,KISSSSS
0:13:04,@Eeth_the-lyxn,KISSS
0:13:05,@LaraRhaziDeFreitas,vro
0:13:05,@Ilovemilliebobbybrown-n8s,KISS NOW
0:13:05,@shrimpkuuu,bro
0:13:06,@rat__son06,KISSS
0:13:06,@MIRKOKLUK,KISS
0:13:06,@W33RUU,I’m crine
0:13:07,@Eeth_the-lyxn,KISS
0:13:08,@vazquezzavaladarielaalejan6147,OH
0:13:08,@kalinoyunelsday,kiss
0:13:08,@whoopsiemazie,KISS
0:13:09,@Eeth_the-lyxn,KISS
0:13:09,@MiniPlush12,was gourdy at sprout's kissy booth?
0:13:09,@kalinoyunelsday,kiss
0:13:09,@GOobygoob-e3x5d,Do you like angryhugs?
0:13:09,@whoopsiemazie,KISS
0:13:10,@Yewrcat,I need more different yaoi
0:13:10,@St4rpaperprotective,KISS XD
0:13:10,@Eightivealwayslovedyou-y7g,KISS
0:13:10,@whoopsiemazie,KISS
0:13:10,@vazquezzavaladarielaalejan6147,KISS
0:13:10,@ilikefrogzz6384,HELPSPROUT’S FACE 
0:13:10,@UniquieNewsome,kiss
0:13:11,@Sprite_kit790,uh
0:13:11,@shrimpkuuu,cheaterrrrrr
0:13:12,@alcinaisMINE,Ihhhh
0:13:12,@STRAWBERRI_CRKxDW,KISSSSSSSSSSSSSSSS
0:13:12,@richardtheallosaurus4036,What was that face
0:13:12,@MohammedElhakimk,brother
0:13:12,@drakestart,KISSSS
0:13:13,@whoopsiemazie,KISS
0:13:13,@Nathan_Benji,:pleading_face::pleading_face::pleading_face:
0:13:13,@Flw3rm00n,NO
0:13:13,@Eightivealwayslovedyou-y7g,KISS
0:13:13,@vazquezzavaladarielaalejan6147,YESS
0:13:13,@Moon_wolfpawz,HELP
0:13:13,@victorv5774,KISS
0:13:14,@GaLo-p8b,kisssss
0:13:14,@Baldstro_novalite,LET ASTRO KISS YOU BRO
0:13:14,@ImNotThatKindOfPerson,A UH UHH UHHH
0:13:15,@vazquezzavaladarielaalejan6147,KISS
0:13:15,@zocie,DONT EVEN SAY IT
0:13:15,@LolCat6843,gayyyyy
0:13:16,@kalinoyunelsday,PLEASE
0:13:16,@randomchannelyeah,67
0:13:16,@Yewrcat,Kiss
0:13:16,@jennythebean9117,Kiss
0:13:16,@Eightivealwayslovedyou-y7g,KISS
0:13:16,@randomchannelyeah,67
0:13:16,@vazquezzavaladarielaalejan6147,KISS
0:13:17,@Lemons-Destiny,KISS
0:13:17,@randomchannelyeah,67
0:13:17,@vanveleca,67
0:13:17,@randomchannelyeah,67
0:13:17,@Zac-l7c,BUY UHHHH UHHHH UHHH 
0:13:17,@kalinoyunelsday,PLEAS
0:13:18,@randomchannelyeah,67
0:13:18,@likeamcgrid,situationship.
0:13:18,@randomchannelyeah,67
0:13:18,@jo3a548,OH HELL
0:13:18,@Shelly_Fossilian-e2x,KISS
0:13:19,@shanaypalmer5360,67!!!!
0:13:19,@GaLo-p8b,Kisssss
0:13:19,@Yewrcat,Kiss
0:13:19,@Sprite_kit790,67...
0:13:19,@TheMTwinny,67
0:13:19,@DLL.Blankp,WHATTTTT
0:13:19,@HMZeroTwo,67
0:13:19,@Rileydoesgaming-wr6kk,DO IT
0:13:20,@Eightivealwayslovedyou-y7g,KISS
0:13:20,@TrinityLong-k7l1n,Dang
0:13:20,@vazquezzavaladarielaalejan6147,67
0:13:21,@emosprout,67
0:13:21,@Shelly-f7p8v,67
0:13:21,@Eeth_the-lyxn,KISS
0:13:21,@shrimpkuuu,SIX SEVEEEEEEN 
0:13:21,@Yewrcat,Kiss
0:13:21,@kalinoyunelsday,67
0:13:21,@SproutSeedly200,KISS
0:13:21,@alynn_silly, …
0:13:22,@Thais_família,SIX SEVENB
0:13:22,@drakestart,OMGG
0:13:22,@quericotemuevesEiden,BRO
0:13:23,@vazquezzavaladarielaalejan6147,67
0:13:23,@Eightivealwayslovedyou-y7g,KISS
0:13:23,@moonypastells,67
0:13:23,@jo3a548,DAYUUUUUUUUUUUM
0:13:23,@LolCat6843,noooo 67
0:13:23,@M1stakerCh01ce,JUST KISS DAMN MASOCHIST
0:13:23,@kalinoyunelsday,67
0:13:24,@Al1ssonl0l,67
0:13:24,@XxZ0MB1E_K1TTYxX,I SWEAR TO GOD
0:13:24,@SproutSeedly200,OOO
0:13:24,@Cosmocosmeticcake,YASS
0:13:25,@jo3a548,67
0:13:25,@rat__son06,OH SHITTTTT
0:13:25,@Baldstro_novalite,AHHHHHHGHGHGHHHHHHHHHHHHHHHHHHHHHH
0:13:25,@Shelly-f7p8v,67
0:13:26,@PumpkinBlackKitty,NO
0:13:26,@LolCat6843,help
0:13:26,@Shelly-f7p8v,676
0:13:26,@PumpkinBlackKitty,NO
0:13:26,@SinnyDaSiamese,KISS
0:13:27,@Eeth_the-lyxn,KISSS
0:13:27,@PumpkinBlackKitty,NO
0:13:27,@Baldstro_novalite,NOOOO
0:13:29,@alynn_silly,KISS
0:13:29,@S1LLY_M1LLY-YEY,NOT THE 67 JOKE-
0:13:29,@mrendy-e1p,yo
0:13:29,@Eggy_egg30,O…
0:13:30,@hella_mad,67 LOLLLLLLLLL
0:13:30,@richietrejo-ramos2252,BROO 67??
0:13:30,@magico_mestre56,bruh tamers OFFICIAL
0:13:31,@whoopsiemazie,FLOWERBERRY
0:13:31,@sombirb3639,i hate this place
0:13:31,@SinnyDaSiamese,KISS
0:13:31,@GaLo-p8b,KISSSSSS
0:13:32,@LolCat6843,no no o
0:13:32,@kalinoyunelsday,PLEASE
0:13:33,@vazquezzavaladarielaalejan6147,OH MAN
0:13:33,@S1LLY_M1LLY-YEY,KISS
0:13:33,@cookies_123-c7t,DAYMM.
0:13:34,@Eeth_the-lyxn,KISSS
0:13:34,@alynn_silly,KIS
0:13:34,@vanveleca,woah
0:13:34,@Cosmocosmeticcake,:skull:
0:13:34,@ANALBONES,lmfaoLMFAO
0:13:34,@emosprout,OH!
0:13:35,@alynn_silly,KISS
0:13:35,@Eightivealwayslovedyou-y7g,KISS
0:13:35,@crvstal,YEA
0:13:36,@eb64ness,so glad we got angryflower and berryflower
0:13:36,@ImNotThatKindOfPerson,KISS
0:13:36,@S1LLY_M1LLY-YEY,KISS
0:13:36,@ConductorNoli,Six seven
0:13:36,@shrimpkuuu,bro 
0:13:36,@basel.the.artist,67
0:13:36,@agoatheadbaby3512,An iPad is like $600??
0:13:37,@ImNotThatKindOfPerson,KISS
0:13:37,@MiniPlush12,I am still tired of that joke
0:13:37,@S1LLY_M1LLY-YEY,KISS
0:13:37,@MIRKOKLUK,ERM
0:13:38,@PumpkinBlackKitty,NO
0:13:38,@alynn_silly,MAMA
0:13:39,@likeamcgrid,YEOO
0:13:41,@Tamers12345MLP,I'll try not to put in a 67 in the next episode
0:13:41,@kalinoyunelsday,KISS
0:13:41,@PumpkinBlackKitty,NP
0:13:41,@AndresSalce-dj5df,LOL
0:13:41,@Eggy_egg30,Woah 
0:13:41,@Nathan_Benji,No
0:13:41,@victorv5774,KISS
0:13:42,@Eightivealwayslovedyou-y7g,KISS
0:13:42,@Fooper899,omg
0:13:42,@imadyingloser,67 KISSES 67
0:13:42,@Baldstro_novalite,:loudly_crying_face::loudly_crying_face::loudly_crying_face::loudly_crying_face:
0:13:42,@mrendy-e1p,COME ON
0:13:42,@richietrejo-ramos2252,KISSSS YESSS
0:13:43,@shrimpkuuu,HE DOESNT WANT TO
0:13:43,@St4rpaperprotective,KISS KISS KISS KISS
0:13:43,@Zac-l7c,OMG 
0:13:43,@PumpkinBlackKitty,NO
0:13:44,@TrinityLong-k7l1n,:skull:
0:13:44,@ConductorNoli,I feel bad
0:13:44,@lovetrain-xx,LOL
0:13:44,@Nathan_Benji,NOO
0:13:44,@LaraRhaziDeFreitas,woyaa
0:13:44,@thekittybeagle7503,Yassss
0:13:44,@Eightivealwayslovedyou-y7g,KISS
0:13:44,@shadowmilkcookie-n1k,THAT BE SHINY
0:13:45,@shanaypalmer5360,NO
0:13:45,@Shelly-f7p8v,ASTRO GONNA KILL SRPOUT
0:13:45,@kalinoyunelsday,LMFAIOOOOO
0:13:45,@zocie,JS KISS ATP
0:13:45,@GaLo-p8b,KISSSS
0:13:46,@LolCat6843,mama mya
0:13:46,@emosprout,YAOI 
0:13:47,@Eightivealwayslovedyou-y7g,KISS
0:13:47,@UniquieNewsome,crying
0:13:47,@MIRKOKLUK,what:broken_heart:
0:13:48,@drakestart,KISS
0:13:48,@emosprout,YAOI 
0:13:48,@AverageFNiAEnjoyer,KISS
0:13:48,@LaraRhaziDeFreitas,pay gorn
0:13:49,@toniousley-harris833,GAY ASF!!!
0:13:49,@whoopsiemazie,KISS
0:13:49,@emosprout,GAY 
0:13:49,@sproutseedly-n1v,IM CRINGINGGGHG
0:13:49,@XxZ0MB1E_K1TTYxX,THANK YOU
0:13:49,@PumpkinBlackKitty,NOOOOO
0:13:49,@Rileydoesgaming-wr6kk,DO ITTT
0:13:49,@mrendy-e1p,KISSS
0:13:49,@Shelly_Fossilian-e2x,OMGGGG GAYSS:frowning_face_with_open_mouth:
0:13:50,@emosprout,GAU 
0:13:50,@Eightivealwayslovedyou-y7g,KISS
0:13:50,@ImNotThatKindOfPerson,KISS NOW
0:13:50,@shrimpkuuu,bro no keep the 67
0:13:50,@HMZeroTwo,hes gonna poopy
0:13:50,@emosprout,GAU 
0:13:50,@pizzakingofall,kisssssss
0:13:50,@Cattle.ink.3,oop-
0:13:52,@shrimpkuuu,please
0:13:52,@ImNotThatKindOfPerson,GAY
0:13:52,@rat__son06,GET THAT IPAD
0:13:52,@emosprout,GAY 
0:13:53,@SproutSeedly200,KISS KISS!!
0:13:53,@СвятославаК-ы9б, TYYYYYYYUU YESSSS DANDY X SPROUT!!!!! YESSSSS TYYYYY TAMERSSSSS Y BESST
0:13:53,@Eightivealwayslovedyou-y7g,67
0:13:54,@richietrejo-ramos2252,KISSS
0:13:54,@PumpkinBlackKitty,LOLL
0:13:54,@LOOEYXD,Kiss
0:13:54,@kalinoyunelsday,KISS
0:13:54,@shrimpkuuu,please tamers
0:13:54,@magico_mestre56,DONT KISS
0:13:54,@WerchioMop,57
0:13:55,@richardtheallosaurus4036,Why do they always have big butt
0:13:55,@whoopsiemazie,KISS NOW
0:13:55,@kalinoyunelsday,GAY
0:13:55,@vazquezzavaladarielaalejan6147,GAY
0:13:55,@TrinityLong-k7l1n,:skull::skull::skull::skull::skull:
0:13:56,@XxZ0MB1E_K1TTYxX,kiss
0:13:56,@Eightivealwayslovedyou-y7g,67
0:13:56,@AndresSalce-dj5df,KISSSSSSSSSSSSSSSSSS
0:13:56,@pi_fnff,YAOII!
0:13:57,@vazquezzavaladarielaalejan6147,GAYYY
0:13:57,@Taminaaa-ig1yc,YAYAYYAYAYAX
0:13:57,@SHELLYLOVER-2,gay 
0:13:57,@kalinoyunelsday,GAY
0:13:57,@mrendy-e1p,NO
0:13:58,@Hmon160,farp machine
0:13:58,@grimtidings5451,Longtime coming
0:13:58,@ProbablyFlawlessInDisguse,IM COSMO
0:13:59,@dragonflames538,WOAH
0:13:59,@AndresSalce-dj5df,o
0:13:59,@Eightivealwayslovedyou-y7g,KISS
0:13:59,@SproutSeedly200,PFHH
0:13:59,@Moon_wolfpawz,HELP
0:13:59,@likeamcgrid,YEOO
0:14:00,@Baldstro_novalite,.
0:14:00,@jo3a548,LOLOOOOOOOOOLOLOLOL
0:14:00,@richietrejo-ramos2252,GAY
0:14:00,@HopeIsEpic.,PLEASE keep the 67
0:14:00,@LOOEYXD,KISSS
0:14:00,@hikorikimo,HAHAHAHAHA
0:14:01,@LolCat6843,slay
0:14:01,@TheMTwinny,LMAO
0:14:01,@Skidum1,lmao
0:14:02,@Eightivealwayslovedyou-y7g,KISS
0:14:03,@Shelly_Fossilian-e2x,YESSSSSSSS
0:14:03,@Beetlesfruitcake,LOL
0:14:03,@Yewrcat,Dih
0:14:03,@Baldstro_novalite,IM CIRNE
0:14:03,@PumpkinBlackKitty,LOL
0:14:03,@ProbablyFlawlessInDisguse,HEHE
0:14:03,@aisarahx,haish
0:14:03,@CosmosInsanity,USE TONGUE
0:14:04,@plantsthezombieking6725,:dagger::brick::bomb::syringe::basket::basket::hair_pick::basket::roll_of_paper::world_map::world_map::world_map:
0:14:04,@Starfire_777,AGARTHA KIRK!!!
0:14:04,@ANALBONES,LMFAOAOAOlmLMFAO
0:14:05,@Fooper899,dweeb
0:14:05,@LOOEYXD,Sigh
0:14:05,@Tamers12345MLP,Dandy secretly likes it
0:14:05,@jennythebean9117,Kiss
0:14:05,@magico_mestre56,LMAO
0:14:06,@DLL.Blankp,Jesus
0:14:06,@I_like_turtles-n3d,KISSSSSSSSSAAAAAAAAAAAAAAAAAAAAAAAAAA
0:14:06,@lonewildstar6188,LETS GOOOOOOOOOOO!!!!
0:14:06,@Cattle.ink.3,HA GAYYYY
0:14:06,@shrimpkuuu,EWWWW
0:14:06,@Baldstro_novalite,AHHAHAHAHAHAHAHAHA
0:14:07,@thekittybeagle7503,This is way better ship
0:14:07,@UniquieNewsome,CRYING
0:14:07,@STRAWBERRI_CRKxDW,Where is his other leg?
0:14:08,@Eightivealwayslovedyou-y7g,KISS
0:14:08,@shrimpkuuu,EWWWWWWW
0:14:08,@pi_fnff,So glad I get to see ts live
0:14:09,@cryptickopia,"""an iPad is like 600 dollars"" he buys his shit off of back market for 125 like me"
0:14:09,@LolCat6843,...
0:14:09,@pacobell1307,LMAOOOO
0:14:09,@kalinoyunelsday,OMG
0:14:09,@Baldstro_novalite,AHAHHAHAHAHAHAHAHAHAHA
0:14:09,@whoopsiemazie,JUST KISS
0:14:09,@LOOEYXD,JUST KISS
0:14:09,@whisper6534,kek
0:14:10,@ImNotThatKindOfPerson,AON IM CRINE
0:14:10,@vazquezzavaladarielaalejan6147,WHAT??
0:14:10,@drakestart,OMG
0:14:10,@NubMcMoofin,:nauseated_face::face_vomiting:
0:14:10,@kalinoyunelsday,YEOOOO
0:14:11,@whoopsiemazie,EW
0:14:11,@SharkDoggy,KISS
0:14:11,@SproutSeedly200,LOL
0:14:11,@richietrejo-ramos2252,HahahahahHha
0:14:12,@DLL.Blankp,oh my god
0:14:12,@ImNotThatKindOfPerson,.
0:14:12,@emosprout,help 
0:14:12,@Eightivealwayslovedyou-y7g,CRACK
0:14:13,@KvVuld,dandy professionalism at work
0:14:13,@SuperCaptainFail,LMAOOOO
0:14:13,@Shelly-f7p8v,OMG
0:14:13,@LaraRhaziDeFreitas,:face_with_raised_eyebrow::face_with_raised_eyebrow:
0:14:13,@Shelly_Fossilian-e2x,EW
0:14:13,@Baldstro_novalite,AHAHHAHAHAHAHA
0:14:13,@vanveleca,heh
0:14:13,@Veezroom,EW
0:14:13,@aisarahx,lmao
0:14:13,@miguellozano7539,ew
0:14:14,@emosprout,LOL
0:14:14,@grimtidings5451,WOW
0:14:14,@UngulaPropriaRQ,YEAHHHHHH
0:14:14,@Hyloaf,oh gross
0:14:14,@TheMTwinny,LMAO
0:14:15,@kalinoyunelsday,LMFAAOOAOAOO
0:14:15,@sproutseedly-n1v,.
0:14:15,@magico_mestre56,WTF
0:14:15,@Eeth_the-lyxn,LOL
0:14:15,@Beetlesfruitcake,EW
0:14:15,@Baldstro_novalite,LMAOOOOO
0:14:15,@XxZ0MB1E_K1TTYxX,I love them
0:14:16,@Sweetie-r9p9r,EWWWWW
0:14:16,@Rileydoesgaming-wr6kk,NAHHH
0:14:16,@crvstal,HELPP
0:14:16,@Eggy_egg30,.
0:14:16,@quericotemuevesEiden,EWWW
0:14:16,@victorv5774,EWWWWWW
0:14:16,@DLL.Blankp,oh my god
0:14:16,@JorArg-c7s,RUINED
0:14:16,@Mmawe70,JUST KISS
0:14:16,@shrimpkuuu,OH MY GOD
0:14:17,@shadey_z1241,Gross
0:14:17,@rat__son06,HAHAHAHAHAHA
0:14:17,@Flopera2027-e8t,yesss
0:14:17,@Eeth_the-lyxn,LOL
0:14:18,@Fooper899,omg
0:14:18,@DLL.Blankp,jesus
0:14:18,@pi_fnff,YESS LOL
0:14:18,@ミソサザイmisothesoup,ew
0:14:18,@S1LLY_M1LLY-YEY,YES LETS GOOO
0:14:18,@SproutSeedly200,OOP
0:14:19,@SharkDoggy,I LOVE MEN
0:14:19,@UniquieNewsome,LAUGHING
0:14:20,@dookyking4lyfe,HE WAS TOO STRAIGHT :loudly_crying_face::loudly_crying_face:
0:14:20,@richietrejo-ramos2252,:face_with_tears_of_joy::face_with_tears_of_joy::face_with_tears_of_joy::face_with_tears_of_joy::rolling_on_the_floor_laughing::rolling_on_the_floor_laughing::rolling_on_the_floor_laughing::rolling_on_the_floor_laughing::rolling_on_the_floor_laughing:
0:14:20,@TrinityLong-k7l1n,.
0:14:21,@UniquieNewsome,HAHAHA
0:14:21,@emosprout,DOOMED YAOI
0:14:21,@Baldstro_novalite,IM
0:14:21,@moonypastells,EWW
0:14:22,@I_feel_sigma-x2p,ew..
0:14:22,@Eightivealwayslovedyou-y7g,CRACK
0:14:23,@galaxywolfart2443,help:loudly_crying_face::loudly_crying_face::loudly_crying_face:
0:14:23,@dominicunderwood4911,Didn't they already kiss before?
0:14:23,@MiniPlush12,ewwww
0:14:23,@SkylarThompson-mu1qs,"Nvm, it went the cringe route.-"
0:14:24,@LolCat6843,wtffff
0:14:24,@grimtidings5451,CHAINSAW MAN
0:14:24,@GaLo-p8b,LOL
0:14:24,@jo3a548,OH HELL 
0:14:24,@LaraRhaziDeFreitas,:face_with_raised_eyebrow::face_with_raised_eyebrow:
0:14:24,@St4rpaperprotective,NAHHH
0:14:24,@SproutSeedly200,THIS IS FIRE
0:14:24,@Baldstro_novalite,CRYING
0:14:25,@NubMcMoofin,:face_savoring_food::face_savoring_food:
0:14:25,@GOobygoob-e3x5d,Do you like angryhugs?
0:14:25,@whoopsiemazie,DUDEEEEEEE
0:14:26,@Eightivealwayslovedyou-y7g,CRACK
0:14:26,@Zac-l7c,NAHH 
0:14:26,@TrinityLong-k7l1n,Dang
0:14:27,@MIRKOKLUK,ew
0:14:27,@ProbablyFlawlessInDisguse,ITS NOT WHAT IT LOOKS LIKE
0:14:28,@victorv5774,:hand-orange-covering-eyes:
0:14:28,@GaLo-p8b,LOL
0:14:28,@UngulaPropriaRQ,LMAOOOOOO
0:14:28,@СвятославаК-ы9б,AHAHAHAHAHAHAHAHAAHHA
0:14:28,@DLL.Blankp,OH MY GOD
0:14:28,@TheMTwinny,MY SIDES
0:14:29,@sproutseedly-n1v,EWWWWWW TWHH
0:14:29,@sproutseedly-n1v,WTF
0:14:29,@Baldstro_novalite,I LOVE YOU NOW TAMERS
0:14:29,@ilikefrogzz6384,oh I see.
0:14:29,@kalinoyunelsday,MORE
0:14:29,@AlexanderAtticus,:face_with_raised_eyebrow:
0:14:29,@Cosmocosmeticcake,LOLL
0:14:29,@Shelly_Fossilian-e2x,SHIT
0:14:30,@Eeth_the-lyxn,OMG
0:14:30,@Eightivealwayslovedyou-y7g,CRACK
0:14:30,@serpentsfief,:(
0:14:30,@drakestart,LOL
0:14:30,@alcinaisMINE,That insane posture
0:14:31,@alynn_silly,.well they kisswd
0:14:31,@ConductorNoli,I’m crying 
0:14:31,@M1stakerCh01ce,bro had no problem w shrimpo??
0:14:32,@whoopsiemazie,IM ACTUALLY CRYING
0:14:33,@whisper6534,TOP KEK
0:14:33,@magico_mestre56,ENOUGH OF INTERNET
0:14:33,@toniousley-harris833,HELL NAHH
0:14:33,@Eightivealwayslovedyou-y7g,CRACK
0:14:33,@Baldstro_novalite,IVE ALWAYS LOVED YOUUU
0:14:34,@TrinityLong-k7l1n,Dang
0:14:34,@jo3a548,fart boxes
0:14:35,@ANALBONES,LMFAOOOO
0:14:36,@alynn_silly,OH POOR THING
0:14:36,@Shelly-f7p8v,EW GREEN BEANS
0:14:37,@ImNotThatKindOfPerson,:loudly_crying_face:
0:14:37,@GaLo-p8b,AJJAJA
0:14:37,@UniquieNewsome,OMG LOORY POOR
0:14:38,@Shelly_Fossilian-e2x,HELP
0:14:38,@Veezroom,woah.
0:14:38,@СвятославаК-ы9б,LOOLLL
0:14:38,@Eightivealwayslovedyou-y7g,CRACK
0:14:39,@WerchioMop,DANDY STOP
0:14:39,@jackchu5453,YATTA
0:14:39,@JorArg-c7s,why so homophobic
0:14:40,@GOobygoob-e3x5d,Do you like angryhugs?
0:14:42,@kalinoyunelsday,GREENBEANS
0:14:42,@Zac-l7c,FART BOXES 
0:14:42,@galaxywolfart2443,:rolling_on_the_floor_laughing::rolling_on_the_floor_laughing::rolling_on_the_floor_laughing::rolling_on_the_floor_laughing:
0:14:42,@Eightivealwayslovedyou-y7g,EW OMH
0:14:43,@shrimpkuuu,no looey
0:14:43,@SkylarThompson-mu1qs,WHy does Dandy let himself be treated like that when he has Astro?
0:14:43,@rat__son06,YATTTAAAAAA
0:14:43,@SproutSeedly200,Give Looey more
0:14:44,@XxZ0MB1E_K1TTYxX,NOOOOO
0:14:44,@whoopsiemazie,I mean they kinda kissed
0:14:44,@СвятославаК-ы9б,OMHHH
0:14:44,@alcinaisMINE,Looey’s toxic poly relationship
0:14:44,@kalinoyunelsday,YEOOO
0:14:44,@HMZeroTwo,can blot even eat that shit
0:14:45,@quericotemuevesEiden,NOOOOO
0:14:45,@LolCat6843,nooooo
0:14:45,@SuperCaptainFail,WHY ARE THEY DOING THSI TO HIM
0:14:46,@ImNotThatKindOfPerson,looey got more than them
0:14:46,@FELIZ_NAVIDAD67,BLOT
0:14:47,@applebloom2307,Poor babu
0:14:47,@MiniPlush12,looey abuse
0:14:47,@shrimpkuuu,HES BEING BEATEN
0:14:47,@YUR1LAND,IM CRINEEE
0:14:47,@Nathan_Benji,NOOO
0:14:48,@jennythebean9117,He deserves more beans!
0:14:48,@XxZ0MB1E_K1TTYxX,MY BABY
0:14:49,@rat__son06,MY LIVE IS YOURSSSSS
0:14:49,@okuriinu8489,blot my love :beating_heart: :red_heart:
0:14:49,@zocie,why is looey abused
0:14:50,@Kiki-p3g9m,BLOT AND YATTA WTH
0:14:50,@agoatheadbaby3512,guys
0:14:50,@Eightivealwayslovedyou-y7g,EW
0:14:50,@vanveleca,heh
0:14:50,@alynn_silly,FEED LOOEY?!!??
0:14:51,@AndresSalce-dj5df,:loudly_crying_face:
0:14:51,@drakestart,YATTA AND BLOT ARE RUDE
0:14:51,@LolCat6843,looey!!!!!!
0:14:51,@Shelly_Fossilian-e2x,POOR LOOEY
0:14:52,@Yewrcat,Isn’t yatta diabetic
0:14:52,@DLL.Blankp,noooo looey
0:14:52,@ImNotThatKindOfPerson,but of course
0:14:52,@M1stakerCh01ce,tf yatta
0:14:53,@Cattle.ink.3,ayo
0:14:53,@UniquieNewsome,LOOEY SADD
0:14:54,@richardtheallosaurus4036,I hate green beans 
0:14:54,@miguellozano7539,poor thing
0:14:55,@ilikefrogzz6384,fartboxes 
0:14:55,@alynn_silly,BE JNICE
0:14:55,@rat__son06,THANK YOU TAMERS
0:14:55,@Eggy_egg30,Looey
0:14:55,@DLL.Blankp,POOR LOOEY
0:14:55,@Veezroom,"BITCH, THIS CHICKEN IS COLD"
0:14:56,@LilfoxKennedy,BLOT SPEAKS ENGLISH
0:14:56,@jo3a548,nooo
0:14:56,@HimiBaby,NO STOP LOOEY DOESNT DESERVE THAT
0:14:56,@FELIZ_NAVIDAD67,I LOVE U BLOT
0:14:56,@r0bbi_png,BLOT MY GOOD BBG
0:14:57,@dribvox,LMFAO
0:14:57,@alynn_silly,BE NICE??
0:14:57,@Eightivealwayslovedyou-y7g,IM CRINE
0:14:58,@GraceKasmier-r5x,:pensive_face:
0:14:58,@SproutSeedly200,Bro he deserves it
0:14:58,@grayslop,WHY IS LOOEY GETTING BEAT
0:15:00,@FELIZ_NAVIDAD67,BUT
0:15:00,@richietrejo-ramos2252,Why bully yatta and blot??
0:15:00,@rat__son06,THANK YOUUUU
0:15:01,@Snowyanimates-r7m,NO MY LOOEY ;(
0:15:02,@dookyking4lyfe,TRUE
0:15:02,@Shelly_Fossilian-e2x,LOOEY
0:15:02,@cryptickopia,SEASONED GREEN BEANS GOOD AS HELL
0:15:04,@drakestart,GET LOOEY MORE
0:15:04,@UniquieNewsome,:loudly_crying_face::loudly_crying_face::loudly_crying_face::broken_heart::broken_heart:
0:15:05,@SkylarThompson-mu1qs,"Blot, u don't have a mouth.-"
0:15:05,@r0bbi_png,BLOT BLOT BLOT 
0:15:05,@LolCat6843,poor looey
0:15:06,@AnonHluv,NO
0:15:07,@FELIZ_NAVIDAD67,BE NICE TO LOOEY
0:15:08,@AnonHluv,TAMER 
0:15:09,@sproutseedly-n1v,im crying bro
0:15:09,@HMZeroTwo,slay yatta we love a working girl
0:15:09,@SinnyDaSiamese,BREAK UP PLEASE
0:15:10,@M1stakerCh01ce,yatta is diabetic.
0:15:10,@magico_mestre56,wtf
0:15:11,@whoopsiemazie,Doomed polyamory 
0:15:11,@Yewrcat,Looey nooo my nice gay ballooooooooon
0:15:12,@shrimpkuuu,awwww
0:15:12,@shadowmilkcookie-n1k,RIGHT
0:15:12,@TrinityLong-k7l1n,Dang
0:15:12,@superarcade643,HOLY
0:15:14,@XxZ0MB1E_K1TTYxX,MY POOR BABY
0:15:14,@reeeNEWvr12,Didn’t he die?
0:15:14,@Moonzy-kit,Yo blot why are you talking like that
0:15:15,@grayslop,LOOEY IS BEIJG TREATED LIKE A DOG
0:15:15,@Shelly_Fossilian-e2x,EXCUSE ME?
0:15:15,@iambigirl-s4q,what is happening on the last guys?
0:15:16,@AnonHluv,I DONT TOLERATE LOOEY ABUSE
0:15:16,@SproutSeedly200,OOP
0:15:16,@jo3a548,noooo
0:15:16,@Sweetie-r9p9r,SON :loudly_crying_face::loudly_crying_face::loudly_crying_face::loudly_crying_face:
0:15:17,@shrimpkuuu,LOOEY NO
0:15:18,@Fooper899,awww
0:15:18,@Yewrcat,Boo:face-blue-wide-eyes:
0:15:18,@MiniPlush12,"oh, that was looey abuse"
0:15:18,@kalinoyunelsday,ITS SO DOOMED
0:15:18,@okuriinu8489,BLOT I LOVE U
0:15:19,@Nathan_Benji,looey poor
0:15:19,@sproutseedly-n1v,this is too funny
0:15:19,@shrimpkuuu,AWWWW
0:15:19,@jennythebean9117,Stop bullying him!
0:15:19,@zocie,/looey is gay
0:15:19,@superarcade643,;(
0:15:20,@СвятославаК-ы9б,SPROUT I DIDNT KNOW U KISS COSMOS AS-
0:15:20,@EtalsTheAxolotl-star,AGAIN???
0:15:20,@Yewrcat,Nooo
0:15:21,@TrinityLong-k7l1n,Bro da hell
0:15:21,@superarcade643,;W;
0:15:21,@Shelly-f7p8v,IS LOOEY GONN A GET KICKED OUT???
0:15:21,@Eeth_the-lyxn,LOL
0:15:22,@jo3a548,Protect him
0:15:22,@WerchioMop,YATTA
0:15:22,@superarcade643,BRO 
0:15:22,@FELIZ_NAVIDAD67,BLOT
0:15:22,@S1LLY_M1LLY-YEY,WHAT
0:15:22,@magico_mestre56,ohhhhh...
0:15:22,@Skidum1,looey the freeloader
0:15:22,@S1LLYG13L, HELP
0:15:23,@ImNotThatKindOfPerson,IM NORMAL!! 
0:15:23,@Eightivealwayslovedyou-y7g,GAY
0:15:24,@DLL.Blankp,LOOEY
0:15:24,@superarcade643,IAM CRYING RN
0:15:24,@kalinoyunelsday,LOOEY NOOOO
0:15:24,@shrimpkuuu,MY BABY
0:15:25,@ANALBONES,DUDE
0:15:25,@SproutSeedly200,NO LOOEYYY
0:15:25,@Zxeny,rip
0:15:25,@L00EYED1TZ,LOOEY NOO
0:15:26,@Thais_família,DONT CRYY
0:15:26,@DLL.Blankp,NOOOOO
0:15:26,@Shelly_Fossilian-e2x,POOR LOOEY
0:15:26,@HMZeroTwo,NOOOO LOOEY
0:15:26,@TheKalimanMX,:eyes-purple-crying::eyes-purple-crying::eyes-purple-crying:
0:15:27,@whoopsiemazie,HELP
0:15:27,@Baldstro_novalite,NOOO
0:15:27,@Eeth_the-lyxn,YUH CRY
0:15:27,@Veezroom,ewwwwww
0:15:27,@victorv5774,NOOOO :face-purple-crying:
0:15:28,@Yewrcat,Nooourrr
0:15:28,@drakestart,YATTA STOP
0:15:28,@Zac-l7c,NAHHHH YATTA 
0:15:29,@Baldstro_novalite,IM CRINE
0:15:29,@Eeth_the-lyxn,CRY
0:15:29,@richietrejo-ramos2252,Why poor Looey :pleading_face::pleading_face::pleading_face:
0:15:30,@emosprout,DOOMED YAOI
0:15:30,@grayslop,HES NORMAL
0:15:30,@Rileydoesgaming-wr6kk,NO LOONEY
0:15:30,@vazquezzavaladarielaalejan6147,NOOO LOEEY
0:15:30,@toniousley-harris833,NooOOOOOOooooOOOOoOOOOoo
0:15:30,@likeamcgrid,naw they fucking
0:15:30,@Eightivealwayslovedyou-y7g,GAY
0:15:30,@Kiki-p3g9m,Poor Looey :(
0:15:30,@Starfire_777,Yatta's cute
0:15:30,@LolCat6843,bro blot he is chill
0:15:31,@TrinityLong-k7l1n,Poor looey
0:15:31,@zocie,looey dont cry
0:15:31,@drakestart,BLOT STOP
0:15:31,@moonypastells,NOOOO
0:15:32,@magico_mestre56,hell nah
0:15:32,@hella_mad,THAT ABUSE
0:15:32,@emosprout,DOOMED YAOI 
0:15:33,@jennythebean9117,Noooooooooo
0:15:34,@Yewrcat,I Hii ow dare youuuu
0:15:34,@alcinaisMINE,Ref do something…
0:15:34,@Fooper899,:C
0:15:34,@UniquieNewsome,NOO LOOEY
0:15:35,@Shelly_Fossilian-e2x,..
0:15:35,@likeamcgrid,LOOO
0:15:35,@Eeth_the-lyxn,LIL BABY
0:15:35,@richardtheallosaurus4036,Awww
0:15:35,@applebloom2307,Tubby bubbby
0:15:35,@DLL.Blankp,GREEN BEAN WHATCHU MEANNN:face-purple-crying::face-purple-crying::face-purple-crying:
0:15:35,@SproutSeedly200,NOOO
0:15:35,@S1LLY_M1LLY-YEY,LOOEY NO NOT MY BABY
0:15:36,@vanveleca,chungus
0:15:37,@СвятославаК-ы9б,NNONOOOO
0:15:37,@sproutseedly-n1v,I love yatta and blot now bro
0:15:37,@superarcade643,:face-purple-crying::face-purple-crying::face-purple-crying::face-purple-crying::face-purple-crying::face-purple-crying::face-purple-crying::face-purple-crying::face-purple-crying::face-purple-crying::face-purple-crying::face-purple-crying::face-purple-crying::face-purple-crying::face-purple-crying::face-purple-crying::face-purple-crying:
0:15:37,@Baldstro_novalite,NOOO
0:15:37,@lindaniven1706,AWWWW
0:15:38,@ImNotThatKindOfPerson,:eyes-purple-crying:
0:15:38,@kalinoyunelsday,STOP ITTTT
0:15:38,@rat__son06,HAHAHAHAHA
0:15:38,@drakestart,RUDEY
0:15:39,@Nathan_Benji,NOOO
0:15:39,@Eightivealwayslovedyou-y7g,GAY
0:15:39,@MiniPlush12,poor looey
0:15:39,@serpentsfief,BE NICE TO HIM
0:15:39,@S1LLY_M1LLY-YEY,oop
0:15:39,@hella_mad,THAT ABUSE
0:15:39,@whoopsiemazie,NOOOOOOO
0:15:39,@UniquieNewsome,BABY MY LOOEY
0:15:40,@alynn_silly,POOPY BABY
0:15:40,@gonegonergone,LMAOOO
0:15:41,@Baldstro_novalite,IM CRINE
0:15:41,@TrinityLong-k7l1n,NOO
0:15:41,@SproutSeedly200,STOP YATTA
0:15:42,@AnonHluv,NOO
0:15:42,@shadowmilkcookie-n1k,LOEEY GON GET KICKED OUT
0:15:43,@jo3a548,no
0:15:43,@dookyking4lyfe,DESERVED
0:15:43,@shrimpkuuu,bro they hate him
0:15:43,@richietrejo-ramos2252,NOOO LOOEY
0:15:43,@TheJackManArt, noooooo
0:15:44,@ilikefrogzz6384,poopie baby 
0:15:44,@XxZ0MB1E_K1TTYxX,"BLOT, YATTA, WHY?????"
0:15:44,@miguellozano7539,poor chungus
0:15:45,@grayslop,WHAT THE HELL WHAT HAS LOOEY DNE
0:15:45,@superarcade643,LEAVE HIM ALONE
0:15:46,@reeeNEWvr12,HAHHAHAHAHAHAHAh
0:15:46,@alynn_silly,OH POOR THING
0:15:46,@AnonHluv,MY BABY BOY
0:15:46,@zocie,im crine
0:15:46,@S1LLY_M1LLY-YEY,LOL-
0:15:47,@Baldstro_novalite,HHAHAHAHA
0:15:47,@toniousley-harris833,NooOOOoooOOOOOoOOoOoOoOoOoOoOoOoOOOoOoo
0:15:48,@Fooper899,he's like me
0:15:48,@Eightivealwayslovedyou-y7g,GAY
0:15:50,@ConductorNoli,LiKe
0:15:50,@SproutSeedly200,STOP IT YATTAAA!!
0:15:50,@Tamers12345MLP,Blot is also gay but because everybody is afraid of Yatta (who is secretly homophobic) he needs to act like he's on her side. (although blot is also homophobic too)
0:15:50,@applebloom2307,My fat babu
0:15:50,@AnonHluv,oh
0:15:51,@jennythebean9117,Damn they rich
0:15:51,@Eggy_egg30,Nah
0:15:51,@Yewrcat,Don’t you dare
0:15:52,@kalinoyunelsday,HE BROKE THE FLOOR
0:15:52,@СвятославаК-ы9б,Omgggg
0:15:53,@ImNotThatKindOfPerson,THE CRACK?
0:15:53,@jo3a548,noooooooo
0:15:54,@Eeth_the-lyxn,BATTY
0:15:54,@DLL.Blankp,BROOOO
0:15:55,@Eightivealwayslovedyou-y7g,GAY
0:15:56,@ilikefrogzz6384,ANNOYING AND AUTSITIC?
0:15:56,@JorArg-c7s,:crying_face:
0:15:57,@applebloom2307,Omg me too
0:15:57,@UngulaPropriaRQ,yo i want to eat at yattos tacos
0:15:58,@Baldstro_novalite,AUCLOUIS ITS OKAY
0:15:58,@СвятославаК-ы9б,:popcorn-yellow-striped-smile:
0:16:00,@S1LLYG13L,NOOOO LOOEY MY HUSBAND
0:16:00,@Eightivealwayslovedyou-y7g,GAY
0:16:00,@LolCat6843,me too
0:16:00,@Baldstro_novalite,.
0:16:01,@SproutSeedly200,nooo!!
0:16:02,@shadowmilkcookie-n1k,Op
0:16:02,@MiniPlush12,was gourdy at sprout's kissy booth?
0:16:02,@MillerTheDarkTransPrince,poor balloon
0:16:03,@СвятославаК-ы9б,OMG
0:16:03,@Baldstro_novalite,no
0:16:03,@ImNotThatKindOfPerson,MAMA?
0:16:04,@toniousley-harris833,NOoOOoOoOOoOoOoOooOoOooOoOoOoOoOOoOoOo
0:16:04,@Yewrcat,Mama?
0:16:04,@applebloom2307,He's me fr
0:16:04,@SproutSeedly200,AGAIN?
0:16:04,@Eightivealwayslovedyou-y7g,GAY
0:16:05,@drakestart,NOOOOOOOOOOOOOOOOOOOOOOOOOOOOOOO
0:16:05,@KvVuld,pls more yattas tacos content
0:16:05,@likeamcgrid,oh blot gay
0:16:05,@UniquieNewsome,NO
0:16:05,@DLL.Blankp,NOOOO
0:16:05,@St4rpaperprotective,THIS IS SO SAD
0:16:06,@jennythebean9117,Don’t hurt him!
0:16:06,@XxZ0MB1E_K1TTYxX,NOOOOO
0:16:06,@kalinoyunelsday,OMGGG
0:16:07,@TrinityLong-k7l1n,Bro poor looey
0:16:07,@Reb-i7x,:face-blue-wide-eyes::face-pink-tears::face-purple-crying:
0:16:07,@Shelly-f7p8v,OMG THEY GONNA KILL HIM
0:16:07,@EtalsTheAxolotl-star,NOOO
0:16:08,@HMZeroTwo,oh yeah blot kissed looey before
0:16:08,@DLL.Blankp,NOOOOOOOOOO
0:16:08,@Shelly_Fossilian-e2x,BLOT..
0:16:08,@quericotemuevesEiden,NOÓOOOO
0:16:08,@jo3a548,noooo
0:16:08,@Ponk1,Damn!
0:16:09,@Baldstro_novalite,SHES ABUSIVE IM CRINNE
0:16:09,@richietrejo-ramos2252,Noooooooo
0:16:09,@HMZeroTwo,AYO
0:16:10,@NubMcMoofin,:face_holding_back_tears:
0:16:10,@TheMTwinny,LMAO
0:16:10,@MiniPlush12,looey abuse
0:16:11,@whoopsiemazie,OH MY GOD
0:16:11,@XxZ0MB1E_K1TTYxX,PLEASE NOOO
0:16:11,@DLL.Blankp,LOOEY NO
0:16:12,@superarcade643,AAAAAAAAAAAA
0:16:12,@ミソサザイmisothesoup,NOOOO
0:16:12,@shrimpkuuu,NO
0:16:12,@jo3a548,save him
0:16:12,@Eeth_the-lyxn,OMG
0:16:12,@Eggy_egg30,Looey
0:16:12,@Baldstro_novalite,NOT HER SAYING TO CUT
0:16:13,@WerchioMop,YOO
0:16:13,@dookyking4lyfe,DO IT
0:16:13,@Fooper899,*gasp*
0:16:13,@drakestart,NOOOOOOOOOOOOOOOOOOOOOOOOOO
0:16:13,@DLL.Blankp,LOOEY
0:16:13,@victorv5774,:hand-orange-covering-eyes:
0:16:14,@superarcade643,NOOOOOOOO
0:16:14,@Thais_família,NO
0:16:14,@alynn_silly,NO
0:16:14,@r0bbi_png,BLOTS GAYY LETS GO
0:16:15,@jo3a548,SAVE HIM
0:16:15,@Eeth_the-lyxn,WHAT
0:16:15,@DLL.Blankp,NOOOO
0:16:15,@Baldstro_novalite,IM CRINNNENEEE
0:16:16,@ミソサザイmisothesoup,OMG
0:16:16,@SuperCaptainFail,omg wth
0:16:16,@alynn_silly,NO
0:16:16,@kalinoyunelsday,YEOOOOO???
0:16:17,@alynn_silly,NO
0:16:17,@Eeth_the-lyxn,WHAT
0:16:17,@DLL.Blankp,OH GOD
0:16:18,@YUR1LAND,OH MY GOD
0:16:18,@MIRKOKLUK,poor looey:broken_heart:
0:16:18,@Ilovemilliebobbybrown-n8s,AW LOOEY
0:16:18,@quericotemuevesEiden,NOOOOOO
0:16:18,@I_feel_sigma-x2p,NAHHH
0:16:19,@Rileydoesgaming-wr6kk,DONT DO IT
0:16:19,@cryptickopia,YESS
0:16:19,@ImNotThatKindOfPerson,POP THAT BALLOON
0:16:19,@SproutSeedly200,STOPPP
0:16:19,@Eightivealwayslovedyou-y7g,GAY
0:16:19,@TheKalimanMX,NOOOOOOOOO
0:16:20,@magico_mestre56,NNOOOOOO
0:16:20,@alynn_silly,NO BRO
0:16:20,@Eeth_the-lyxn,HELP
0:16:20,@vazquezzavaladarielaalejan6147,NOOOO
0:16:20,@Beetlesfruitcake,DO IT
0:16:21,@Baldstro_novalite,CUT LOOEY
0:16:21,@M1stakerCh01ce,pop
0:16:21,@DLL.Blankp,OH MY GOD
0:16:21,@MiniPlush12,looey abuse
0:16:22,@moonypastells,noo
0:16:23,@XxZ0MB1E_K1TTYxX,NOOOOO
0:16:23,@S1LLY_M1LLY-YEY,DONT DO IT
0:16:23,@Sweetie-r9p9r,OH MY
0:16:24,@alynn_silly,OH MY GID
0:16:24,@Eightivealwayslovedyou-y7g,GAY
0:16:24,@ミソサザイmisothesoup,WHAT IN THE DEPRESSING FANFICTION
0:16:24,@victorv5774,:eyes-purple-crying:
0:16:24,@gonegonergone,DAMNNN
0:16:24,@RandomBendyFan,:face-red-droopy-eyes:
0:16:24,@SproutSeedly200,NO NO NOOO
0:16:24,@СвятославаК-ы9б,LOL I DIDNT KNOW THAT TOONS HAVE JOBS
0:16:25,@drakestart,DONTTTTTTTTTTTTTTTTTTTTTT
0:16:25,@whoopsiemazie,OH MY GOD WHAT
0:16:25,@toniousley-harris833,Awwww....
0:16:26,@Treekotrouble,wtf is happening
0:16:26,@SkylarThompson-mu1qs,Still better than Dandy's Block.
0:16:27,@Baldstro_novalite,DO IT LOOEY
0:16:27,@St4rpaperprotective,MY BABYY :loudly_crying_face:
0:16:27,@Eggy_egg30,NOOO
0:16:27,@FELIZ_NAVIDAD67,MEH BABY LOoye
0:16:28,@shadowmilkcookie-n1k,NOOOO
0:16:28,@grayslop,LOOEY
0:16:28,@whoopsiemazie,LOOEY LIVE
0:16:28,@HMZeroTwo,looey is gonna tweak out
0:16:29,@SproutSeedly200,PHEWW
0:16:29,@MIRKOKLUK,NOOO STOP
0:16:29,@Yewrcat,Nooo
0:16:29,@lindaniven1706,Kk
0:16:29,@galaxywolfart2443,nooo dont do it looey 
0:16:29,@applebloom2307,My bb
0:16:29,@Baldstro_novalite,Pop
0:16:29,@ImNotThatKindOfPerson,DO IT NOW
0:16:30,@N0tc00lbr0what,DO IT BRUVA
0:16:30,@MiniPlush12,looey abuse
0:16:30,@superarcade643,#SOMEONE PLEASE HELP HIM
0:16:30,@reeeNEWvr12,Watch him do it
0:16:30,@dominicunderwood4911,dear gods
0:16:30,@Shelly_Fossilian-e2x,NO
0:16:30,@magico_mestre56,NO LOOEY
0:16:31,@WerchioMop,He broke the FLOOR
0:16:31,@TrinityLong-k7l1n,Noooo
0:16:31,@scall0p31w,Dang
0:16:32,@jennythebean9117,Share the burrito!
0:16:32,@UniquieNewsome,LOOEY AWAY RUNNING
0:16:33,@Eggy_egg30,NO LOOEY
0:16:33,@S1LLY_M1LLY-YEY,NO DONT DO IT
0:16:34,@moonmel,NOOOOOOOOoOOOo:loudly_crying_face::loudly_crying_face::loudly_crying_face::loudly_crying_face:
0:16:34,@СвятославаК-ы9б,NOOO
0:16:34,@SproutSeedly200,BUBBLY???
0:16:34,@alynn_silly,NO
0:16:34,@richardtheallosaurus4036,NOOOO DON’T LOONY
0:16:35,@FELIZ_NAVIDAD67,BLOT
0:16:35,@toniousley-harris833,He's EMO!
0:16:35,@shrimpkuuu,oh my god bruh my son
0:16:36,@SinnyDaSiamese,KISS
0:16:36,@Eeth_the-lyxn,BUBLY POOPS
0:16:36,@LolCat6843,:face-red-droopy-eyes::face-red-droopy-eyes::face-red-droopy-eyes::face-red-droopy-eyes::face-red-droopy-eyes:
0:16:36,@shadowmilkcookie-n1k,OP
0:16:36,@Eightivealwayslovedyou-y7g,GAY
0:16:37,@ConductorNoli,Looney commits
0:16:37,@Yewrcat,BUBBLY POOP!?!?!?
0:16:37,@TheMTwinny,BUBBLY POOPS
0:16:37,@EtalsTheAxolotl-star,SH-
0:16:38,@richietrejo-ramos2252,:loudly_crying_face::loudly_crying_face::loudly_crying_face::loudly_crying_face::folded_hands::folded_hands:
0:16:38,@СвятославаК-ы9б,NOOO
0:16:38,@MiniPlush12,the looey abuse is real
0:16:38,@AnonHluv,NO
0:16:40,@ImNotThatKindOfPerson,:face-red-droopy-eyes:DO IT
0:16:40,@SinnyDaSiamese,KISS
0:16:41,@Yewrcat,Nooourro
0:16:41,@СвятославаК-ы9б,NOOO
0:16:41,@DLL.Blankp,LOOEY BROOOOOOOOOOOOOOOOOOOOOOOOOOOOOOOOOOOOOOOOOOOOOOOOOOOOOOOOOOOOOOOOOOOOOOOOOOOOOOOOOOOOOOOOOOOOOO
0:16:41,@Shelly_Fossilian-e2x,DAMN
0:16:41,@Tamers12345MLP,"Looey is canonically fat, Qwel told her herself. She was the one who told me he's so flat that he breaks the floor beneath him sometimes, which is why the floor cracked while he was siittng there"
0:16:41,@AnonHluv,TAMER
0:16:42,@Starfire_777,Goddamn guys
0:16:42,@UniquieNewsome,RUNNING LOOEY AWAY
0:16:42,@HMZeroTwo,he's gonna twist trust
0:16:43,@shadowmilkcookie-n1k,BUBBLY?
0:16:44,@S1LLY_M1LLY-YEY,YES HE DIDNT DO IT BUT I FEEL BAD =[
0:16:44,@Yewrcat,Escpae
0:16:44,@whoopsiemazie,Sprout not the time
0:16:44,@TrinityLong-k7l1n,NO LOOEY
0:16:45,@dribvox,BRUH
0:16:45,@superarcade643,AAAAAAAAAAAAAAA
0:16:46,@ruzzuldouglas,JUST DO IT ALREADY
0:16:46,@jennythebean9117,Pick it up
0:16:46,@Eightivealwayslovedyou-y7g,WHAT
0:16:47,@MiniPlush12,bubbly poops?!
0:16:47,@shrimpkuuu,oh my god
0:16:47,@richardtheallosaurus4036,he just a baby
0:16:47,@asstro_linnk,ts is so cruel wth
0:16:48,@ImNotThatKindOfPerson,NO
0:16:48,@XxZ0MB1E_K1TTYxX,:pleading_face:
0:16:49,@jo3a548,OH FUCK
0:16:49,@kalinoyunelsday,THATC CRAZY
0:16:49,@applebloom2307,Noooo!
0:16:49,@Moon_wolfpawz,WHAT THE
0:16:50,@SproutSeedly200,LOOEYYYY
0:16:50,@superarcade643,IAM ACTUALLY CRYING RN NOT FAIR HOLY FCK
0:16:50,@Veezroom,DAMN
0:16:51,@grayslop,???OH MY GOD
0:16:51,@realblixels,damnnnnnn
0:16:51,@okuriinu8489,im ready to see the tamers hate videos on tiktok and laugh
0:16:51,@quericotemuevesEiden,OH
0:16:51,@miguellozano7539,oh
0:16:51,@drakestart,BRU
0:16:53,@superarcade643,WHAT THE FCK COSMO
0:16:54,@grimtidings5451,"Goddamn, too real"
0:16:54,@UngulaPropriaRQ,holy shit
0:16:54,@Nathan_Benji,LOOEY..
0:16:55,@Eightivealwayslovedyou-y7g,OMG
0:16:55,@grayslop,SPROUT CZLLIGN HIM
0:16:55,@СвятославаК-ы9б,THINK ABOUT UR SIS ( poppy)
0:16:56,@SuperCaptainFail,DAWG WHAAAAAT
0:16:57,@SkylarThompson-mu1qs,"Bro, parody Dandy's Block.-"
0:16:57,@hojacksauseman,Do it already.
0:16:57,@vazquezzavaladarielaalejan6147,NOOOOOOOOOOO
0:16:57,@Rileydoesgaming-wr6kk,NOOOOOOOOOO
0:16:58,@ImNotThatKindOfPerson,LMAO
0:16:58,@amnesiacrystal7248,nononono
0:16:58,@applebloom2307,Cosmo you slu
0:16:58,@ANALBONES,the buytt THE BUTT
0:16:59,@LolCat6843,ohh
0:16:59,@S1LLY_M1LLY-YEY,NOO I FEEL BAD FOR HIM
0:16:59,@dribvox,IM GLAD I VOTED TO LET COSMO DIE
0:17:00,@magico_mestre56,ohohohohohoohohohhoooho
0:17:00,@Yewrcat,Get out and kiss that berry alreafy:face-red-droopy-eyes::face-red-droopy-eyes:
0:17:00,@HMZeroTwo,COSMO WHAT ARE YOU DOING
0:17:00,@DLL.Blankp,oh golly
0:17:00,@Eightivealwayslovedyou-y7g,WTF
0:17:00,@zocie,FUCKING COSMO
0:17:01,@gonegonergone,LAMSZDfgher5gt
0:17:01,@Tamers12345MLP,"Blot is literally made of ink, of course his poops are bubbly"
0:17:01,@MiniPlush12,cosmo nooo
0:17:01,@CozyYote,so rude
0:17:02,@dookyking4lyfe,hahaha
0:17:02,@M1stakerCh01ce,therapist: now what do we say when something goes wrong?
0:17:02,@bp5814,COSMO
0:17:02,@Shelly_Fossilian-e2x,a
0:17:03,@СвятославаК-ы9б,….
0:17:03,@alynn_silly,STOP WHYS EVERYONE SO MEAN
0:17:04,@richardtheallosaurus4036,NO HIM TOO
0:17:04,@grayslop,WHAT THS FUCKCOSMO
0:17:04,@rat__son06,Omg
0:17:05,@sproutseedly-n1v,YESSSSS
0:17:05,@likeamcgrid,naw Dandy block is better
0:17:05,@AnonHluv,YES
0:17:06,@jo3a548,DAYUUUUUM
0:17:06,@DLL.Blankp,POOR LOOEY
0:17:07,@kalinoyunelsday,DAMNNNNNNNNNNNNNNN
0:17:08,@jennythebean9117,Nooooooooooooo
0:17:09,@UniquieNewsome,OMG
0:17:09,@MiniPlush12,was gourdy at sprout's kissy booth?
0:17:09,@patiencemassaquoi9830,Cosmo a bih bro :broken_heart::broken_heart::broken_heart:
0:17:09,@gonegonergone,IM DYINGGGGG
0:17:09,@drakestart,LOOEY
0:17:09,@jo3a548,ASTRO
0:17:09,@shrimpkuuu,his butt is soooooo fat
0:17:09,@СвятославаК-ы9б,:face-turquoise-covering-eyes:
0:17:09,@Giraffenoodl3,jajaja
0:17:10,@S1LLY_M1LLY-YEY,ERM
0:17:10,@Yewrcat,That’s insane
0:17:11,@richietrejo-ramos2252,Bruhhh
0:17:11,@applebloom2307,Oo
0:17:12,@DLL.Blankp,DONT TELL ME IT ENDS HERE
0:17:12,@hella_mad,..
0:17:12,@superarcade643,awwww
0:17:12,@TheKalimanMX,:eyes-purple-crying::eyes-purple-crying::eyes-purple-crying:
0:17:13,@kalinoyunelsday,OMG
0:17:13,@richardtheallosaurus4036,COSMO WHY
0:17:13,@MiniPlush12,was gourdy at sprout's kissy booth?
0:17:13,@XxZ0MB1E_K1TTYxX,OMG
0:17:13,@SproutSeedly200,Clearly
0:17:14,@AnonHluv,NO
0:17:14,@UniquieNewsome,WHAT
0:17:14,@kalinoyunelsday,???
0:17:14,@Shelly-f7p8v,IT KEEPS GETTING BIUGER
0:17:14,@whoopsiemazie,Omg why does everyone hate looey
0:17:15,@reeeNEWvr12,HHEHEHEHS
0:17:15,@dookyking4lyfe,:birthday_cake::birthday_cake::birthday_cake::birthday_cake::birthday_cake:
0:17:15,@DLL.Blankp,WHATTTTTTTTTTTTTTTTTTTTTTTTTTT
0:17:15,@Baldstro_novalite,GAWD DAUYM
0:17:15,@superarcade643,BASED ASTRO
0:17:15,@quericotemuevesEiden,ASTRO
0:17:15,@magico_mestre56,wth
0:17:15,@Eeth_the-lyxn,YO
0:17:16,@Shelly_Fossilian-e2x,poor looey
0:17:16,@Shelly-f7p8v,OGMGM ASTER
0:17:16,@vazquezzavaladarielaalejan6147,OH
0:17:16,@SuperCaptainFail,ASTROOOOOOOOO
0:17:16,@victorv5774,:face-purple-wide-eyes:
0:17:16,@miguellozano7539,whooa
0:17:16,@grayslop,COSMK:flushed_face::flushed_face::flushed_face::flushed_face:
0:17:17,@LolCat6843,yayyy
0:17:17,@ImNotThatKindOfPerson,GAY
0:17:17,@Eightivealwayslovedyou-y7g,WHAT
0:17:17,@Shelly-f7p8v,ASTRI
0:17:17,@hella_mad, 
0:17:17,@Sweetie-r9p9r,DAMMMMM
0:17:18,@vazquezzavaladarielaalejan6147,OMG
0:17:18,@TheMTwinny,CAKE
0:17:19,@Shelly-f7p8v,SATROOO
0:17:19,@HMZeroTwo,astro the goat
0:17:19,@Fooper899,dogy boy
0:17:19,@TrinityLong-k7l1n,Dang
0:17:19,@kalinoyunelsday,KISS
0:17:20,@Nathan_Benji,KISS
0:17:20,@Shelly-f7p8v,ASTROROROO
0:17:20,@Veezroom,oh my gayophobic
0:17:20,@sproutseedly-n1v,GOD DAMN LOOEY
0:17:20,@moonypastells,OMG YES
0:17:21,@vazquezzavaladarielaalejan6147,YES
0:17:21,@SkylarThompson-mu1qs,Moonloon.-
0:17:22,@kalinoyunelsday,GAY
0:17:22,@Eeth_the-lyxn,NO
0:17:23,@MIRKOKLUK,KISS
0:17:23,@whoopsiemazie,KISS
0:17:23,@I_feel_sigma-x2p,ASTRO X LOOEY
0:17:23,@Shelly-f7p8v,ASTROOO
0:17:24,@vazquezzavaladarielaalejan6147,GIVE US GAY
0:17:24,@okuriinu8489,but I love dandys block
0:17:24,@Nathan_Benji,KISS
0:17:25,@jo3a548,Astro saves the dat
0:17:26,@shrimpkuuu,oh man
0:17:26,@DLL.Blankp,:oops:
0:17:26,@Eeth_the-lyxn,NO
0:17:26,@PrimalSunflower_Stan,Okay…
0:17:26,@ANALBONES,MLFALMAOO
0:17:26,@Yewrcat,Kiss
0:17:26,@cookies_123-c7t,DAYMM....
0:17:26,@vazquezzavaladarielaalejan6147,GIVE US GAY
0:17:27,@Eightivealwayslovedyou-y7g,IM CRINE
0:17:27,@magico_mestre56,why
0:17:28,@ConductorNoli,Astro 
0:17:28,@WerchioMop,DUDE
0:17:29,@Yewrcat,Kiss
0:17:29,@S1LLY_M1LLY-YEY,YES LETS GO
0:17:29,@TrinityLong-k7l1n,Yay
0:17:29,@SuperCaptainFail,why is astro just princess luna
0:17:30,@PrimalSunflower_Stan,ASTRO X LOOEY WAIT
0:17:30,@alynn_silly,KISS
0:17:31,@L00EYED1TZ,MOONBALOON
0:17:31,@UniquieNewsome,AAAAA
0:17:31,@kalinoyunelsday,OMGGGG
0:17:31,@whoopsiemazie,MOONBALLOON
0:17:31,@Yewrcat,Kiss
0:17:31,@jo3a548,LOLOLOL
0:17:32,@ConductorNoli,Saves the day
0:17:32,@whoopsiemazie,KISS
0:17:32,@Shivery,Ugh he's gonna plan somthing
0:17:32,@magico_mestre56,wtf
0:17:33,@drakestart,DANG
0:17:33,@galaxywolfart2443,aww astro is so sweet 
0:17:33,@SproutSeedly200,PFHHH
0:17:34,@Yewrcat,Kiss
0:17:34,@MiniPlush12,astro you're the best
0:17:34,@Baldstro_novalite,.
0:17:34,@sproutseedly-n1v,LOOEY BETTER BE GLAD I AINT BEHIND ALL THAT
0:17:34,@PrimalSunflower_Stan,ONG WHATT WNAHSHKSHIJW
0:17:34,@Eightivealwayslovedyou-y7g,WTF
0:17:34,@whoopsiemazie,KISSSSSSS
0:17:35,@ilikefrogzz6384,Why are one of looey’s cheeks bigger than the other 
0:17:36,@Yewrcat,Kiss
0:17:36,@PrimalSunflower_Stan,HUHHHHH
0:17:37,@cookies_123-c7t,ASTROOOO?
0:17:37,@whoopsiemazie,KISS
0:17:38,@Yewrcat,Kiss
0:17:38,@moonypastells,FUNNYDREAMS?
0:17:38,@MiniPlush12,was gourdy at sprout's kissy booth?
0:17:38,@whoopsiemazie,KISS
0:17:38,@PrimalSunflower_Stan,WTFF
0:17:39,@alynn_silly,KISS
0:17:39,@S1LLY_M1LLY-YEY,OOP
0:17:38,@vazquezzavaladarielaalejan6147,HELP
0:17:39,@EtalsTheAxolotl-star,WHAT
0:17:39,@WerchioMop,COSMO
0:17:39,@Baldstro_novalite,No
0:17:39,@whoopsiemazie,KISS
0:17:40,@drakestart,KISSS
0:17:40,@Yewrcat,Kiss
0:17:40,@shrimpkuuu,awwww
0:17:40,@whoopsiemazie,KISS
0:17:41,@Shelly_Fossilian-e2x,KISS
0:17:41,@LaraRhaziDeFreitas,NOO
0:17:42,@SproutSeedly200,BABY BOY??
0:17:42,@Eeth_the-lyxn,YES
0:17:42,@Eightivealwayslovedyou-y7g,WHAT THE HELL
0:17:42,@PrimalSunflower_Stan,WTF IS THIS SHI
0:17:42,@ImNotThatKindOfPerson,LMAAA
0:17:43,@FatimaAhmed-f9z,dang.....
0:17:43,@reeeNEWvr12,NIGHTMARE
0:17:43,@drakestart,KISS
0:17:43,@Starfire_777,yes
0:17:44,@СвятославаК-ы9б,WHAT
0:17:44,@Baldstro_novalite,HELL NO
0:17:44,@drakestart,KISS
0:17:44,@MiniPlush12,was gourdy at sprout's kissy booth?
0:17:44,@vazquezzavaladarielaalejan6147,KISS
0:17:45,@ImNotThatKindOfPerson,BABY BOY
0:17:45,@AnonHluv,omg
0:17:45,@gonegonergone,AStro really is LUna ahaa
0:17:45,@victorv5774,:face-purple-crying:
0:17:45,@drakestart,KISS
0:17:45,@kalinoyunelsday,AWWW
0:17:45,@Treekotrouble,ts sad
0:17:45,@Eggy_egg30,O
0:17:46,@Shelly-f7p8v,KISS
0:17:46,@sproutseedly-n1v,.
0:17:46,@Yewrcat,Kiss
0:17:46,@shadowmilkcookie-n1k,STROOO
0:17:46,@vazquezzavaladarielaalejan6147,KISS
0:17:46,@ImNotThatKindOfPerson,GAY
0:17:46,@hikorikimo,:honeybee::honeybee::honeybee::index_pointing_at_the_viewer:
0:17:46,@alcinaisMINE,He’s just Astro’s little kitten…. Sigh
0:17:46,@UniquieNewsome,kiss
0:17:47,@whoopsiemazie,GAY
0:17:47,@magico_mestre56,WHAT IM SEEING
0:17:47,@vazquezzavaladarielaalejan6147,KISS
0:17:47,@Shelly_Fossilian-e2x,BABY BOY??
0:17:48,@vazquezzavaladarielaalejan6147,KISS
0:17:48,@KatiePedroza-c1n9n,:eyes:
0:17:48,@Kiki-p3g9m,"""Oh, Baby boy.."""
0:17:48,@Zac-l7c,BABY BOU 
0:17:48,@Fooper899,<3
0:17:49,@Sweetie-r9p9r,DONT DO THAT
0:17:49,@MiniPlush12,was gourdy at sprout's kissy booth?
0:17:49,@ImNotThatKindOfPerson,NOW
0:17:49,@kalinoyunelsday,KISS
0:17:50,@Yewrcat,Yattap
0:17:50,@EtalsTheAxolotl-star,BABY BOY..?
0:17:50,@I_feel_sigma-x2p,WTF
0:17:52,@sproutseedly-n1v,LOOEY X ASTRO
0:17:52,@vazquezzavaladarielaalejan6147,KISSS
0:17:52,@dribvox,SAVE LOOEY FROM THIS HELL
0:17:52,@KatiePedroza-c1n9n,O
0:17:53,@CozyYote,baby boy..
0:17:53,@Baldstro_novalite,WHY DO YALL LIKE GAYS SO MUCH
0:17:53,@Yewrcat,Blot
0:17:53,@vazquezzavaladarielaalejan6147,KISS
0:17:54,@MiniPlush12,was gourdy at sprout's kissy booth?
0:17:54,@drakestart, KISSSSSSSSSS
0:17:54,@LaraRhaziDeFreitas,DONT SAY THAT:eyes-purple-crying::eyes-purple-crying::face-pink-tears::face-pink-tears:
0:17:54,@vazquezzavaladarielaalejan6147,KISS
0:17:54,@ProbablyFlawlessInDisguse,IM SO BAD
0:17:55,@Callmedandylolz,KISS
0:17:55,@AnonHluv,ASTRO X LOOEY!?
0:17:56,@vazquezzavaladarielaalejan6147,KISS
0:17:56,@Baldstro_novalite,IM CRIN
0:17:56,@toniousley-harris833,Poop- I MEAN pop
0:17:56,@dominicunderwood4911,"OK, is everyone just pet naming each other?"
0:17:56,@sproutseedly-n1v,KISSSSSSSS
0:17:57,@TrinityLong-k7l1n,KISS
0:17:57,@Shelly_Fossilian-e2x,HELP
0:17:57,@vazquezzavaladarielaalejan6147,KISS
0:17:57,@KatiePedroza-c1n9n,WOAH THEFE
0:17:58,@Eeth_the-lyxn,POP YOURSELF LOOEY
0:17:58,@r0bbi_png,SON :loudly_crying_face::loudly_crying_face::loudly_crying_face:
0:17:58,@whoopsiemazie,Ok i actually feel bad for looey sm man
0:17:58,@vazquezzavaladarielaalejan6147,KISS
0:17:59,@Callmedandylolz,KISS
0:17:59,@Zxeny,ummm
0:17:59,@MiniPlush12,was gourdy at sprout's kissy booth?
0:17:59,@AnonHluv,YO
0:17:59,@vazquezzavaladarielaalejan6147,KISS
0:18:00,@HMZeroTwo,"astro ""toons are not caring people"" novalite helping looey?"
0:18:00,@serpentsfief,NOO DON'T SAY THAT LOOIE
0:18:00,@Cosmocosmeticcake,Bbb
0:18:00,@alynn_silly,KISS
0:18:00,@vazquezzavaladarielaalejan6147,KISSS
0:18:01,@DLL.Blankp,:person-turquoise-crowd-surf:
0:18:02,@kalinoyunelsday,KISS
0:18:02,@Shelly-f7p8v,THEY GOT TO KISSSS
0:18:02,@sproutseedly-n1v,KISSSSSSSSSSSSSS
0:18:03,@Tamers12345MLP,Why would Astro kiss Looey? Looey is kinda ugly
0:18:03,@TrinityLong-k7l1n,KISS
0:18:03,@Shelly-f7p8v,KISSSSSSSSSSSSSSSSSSS
0:18:03,@vazquezzavaladarielaalejan6147,KISS NOW
0:18:03,@kalinoyunelsday,KISS
0:18:04,@alynn_silly,KISSPLEASE
0:18:04,@SkylarThompson-mu1qs,Let Sprout be miserable too with Cosmo. XD
0:18:04,@jo3a548,Friendship
0:18:04,@ImNotThatKindOfPerson,KISS
0:18:05,@MiniPlush12,was gourdy at sprout's kissy booth?
0:18:05,@Eightivealwayslovedyou-y7g,IM GONNA CRACK ASTRO
0:18:06,@magico_mestre56,someone play the battle cats?
0:18:06,@vazquezzavaladarielaalejan6147,KISS NOW
0:18:06,@TheMTwinny,TAMERS MAKING A VIDEO THAT HAS SUICIDAL THEMES
0:18:06,@Shelly-f7p8v,KISSSSSSSSSSSSSSSSSSSSSSS!!!!!!!!!!!!!!!!!
0:18:06,@superarcade643,CUUUUUUUUUUTEEEEE
0:18:07,@jennythebean9117,:loudly_crying_face::loudly_crying_face::loudly_crying_face::loudly_crying_face:
0:18:07,@drakestart,KISSSSSSSSS
0:18:07,@Shelly_Fossilian-e2x,IM CRINE
0:18:08,@richietrejo-ramos2252,KIISSSSS
0:18:08,@r0bbi_png,:broken_heart::broken_heart:
0:18:08,@Yewrcat,Ima poor water on yatta and blot:face-red-droopy-eyes::face-red-droopy-eyes:
0:18:08,@Yasmineun1,I'M GAY
0:18:08,@kalinoyunelsday,KISSSS
0:18:09,@ImNotThatKindOfPerson,KISSSSSSS
0:18:09,@TrinityLong-k7l1n,KISS
0:18:09,@Callmedandylolz,KISS NOW
0:18:09,@SproutSeedly200,LOOEY PLEASE DON’T THINK ABOUT THAT
0:18:09,@XxZ0MB1E_K1TTYxX,Moon balloon my beloved :red_heart:
0:18:09,@DLL.Blankp,oh golly 
0:18:09,@superarcade643,KISS KISS KISS KISS
0:18:10,@Beetlesfruitcake,Looey stop making your depression everyone’s problem
0:18:10,@Eightivealwayslovedyou-y7g,KISS
0:18:11,@TheKalimanMX,kiss
0:18:12,@MiniPlush12,was gourdy at sprout's kissy booth?
0:18:12,@shadowmilkcookie-n1k,OP
0:18:13,@Eeth_the-lyxn,POP LOOEY
0:18:13,@kalinoyunelsday,KISSSSS
0:18:13,@okuriinu8489,why is this guy so obsessed with gourdy
0:18:13,@ilikefrogzz6384,LOOEY ISN’T UGLY
0:18:14,@AnonHluv,WHY IS IT RIPPING
0:18:14,@toniousley-harris833,/astroxlooey
0:18:15,@S1LLY_M1LLY-YEY,OMG YES HES HAPPY AGAIN 
0:18:15,@Nathan_Benji,KISS
0:18:16,@cryptickopia,looey is disgusting dude
0:18:16,@agoatheadbaby3512,smooth
0:18:16,@MiniPlush12,was gourdy at sprout's kissy booth?
0:18:16,@LolCat6843,no he is not
0:18:17,@ImKooka,GAAAAAAAAAAAY
0:18:17,@cookieater-l6b,now kisss
0:18:18,@Eightivealwayslovedyou-y7g,GAY GAY GAY GAY
0:18:18,@S1LLY_M1LLY-YEY,=DD
0:18:18,@Eeth_the-lyxn,ASTRO POP HIM
0:18:19,@I_feel_sigma-x2p,TAMER DON'T SAY THAT-
0:18:19,@kalinoyunelsday,KISS
0:18:19,@drakestart,KISSSS
0:18:19,@ilikefrogzz6384,well he isn’t THAT ugly 
0:18:20,@vazquezzavaladarielaalejan6147,I WILL KISS LOOEY DW
0:18:20,@magico_mestre56,that make sense
0:18:20,@Shelly-f7p8v,KISSKSIKSISKSISKSISKSISKSISSSS
0:18:20,@EtalsTheAxolotl-star,LOOEY ISNT UGLY DAWG
0:18:20,@jo3a548,OH no
0:18:20,@UniquieNewsome,omg
0:18:20,@Veezroom,TAMER YOUR SO MEANZ:loudly_crying_face::broken_heart:
0:18:20,@shrimpkuuu,looey is cute if you put a paper bag on his head
0:18:20,@Shelly-f7p8v,s
0:18:20,@MiniPlush12,was gourdy at sprout's kissy booth?
0:18:21,@DLL.Blankp,LOOEY ISNT UGLY TAMERS
0:18:22,@toniousley-harris833,:P
0:18:23,@Eeth_the-lyxn,ASTRO POP HIM
0:18:24,@Shelly_Fossilian-e2x,PLEASE KISS
0:18:24,@drakestart,KISS AS A DREAM
0:18:24,@shadowmilkcookie-n1k,POP LOOEY
0:18:25,@DLL.Blankp,STOP THIS SLANDER
0:18:25,@sproutseedly-n1v,ASTRO KISSSS LOOEY
0:18:25,@СвятославаК-ы9б,TAMERS SAID LOOEY IS UGLY IM NOT KIDDING
0:18:26,@whoopsiemazie,"Astro likes ugly people, thats why he likes dandy"
0:18:27,@dominicunderwood4911,@Baldstro_Novalite now that is the question of the hour
0:18:28,@MiniPlush12,was gourdy at sprout's kissy booth?
0:18:28,@amnesiacrystal7248,kiss!
0:18:29,@Eightivealwayslovedyou-y7g,GAY
0:18:29,@dookyking4lyfe,All my homies hate Loony
0:18:30,@reeeNEWvr12,POP HIM
0:18:30,@Eeth_the-lyxn,ASTRO POP LOOEY
0:18:30,@Eggy_egg30,Awh looey
0:18:31,@alynn_silly,TEARS IN MU EYES.
0:18:31,@kalinoyunelsday,KISS
0:18:31,@JacobAquino-q9u,is astro gooning?
0:18:32,@KatiePedroza-c1n9n,:eyes::eyes::eyes::eyes::eyes:
0:18:32,@MiniPlush12,was gourdy at sprout's kissy booth?
0:18:32,@jo3a548,Astro the hero we deserves
0:18:32,@realblixels,glazers
0:18:33,@jennythebean9117,Astro deserves the best
0:18:33,@richietrejo-ramos2252,Astro and Looey kisssss
0:18:34,@AnonHluv,yes
0:18:35,@reeeNEWvr12,POP HIM
0:18:35,@Baldstro_novalite,HELL NO
0:18:35,@Eightivealwayslovedyou-y7g,GAYSSSSSSSS
0:18:36,@alcinaisMINE,wow.. you’re so selfless Astro… w olive you Astro…
0:18:37,@UngulaPropriaRQ,awwww
0:18:38,@fishyroses,yaoi 
0:18:38,@Starfire_777,Looey is kinda gross lookin
0:18:39,@Eightivealwayslovedyou-y7g,GAY
0:18:39,@Eeth_the-lyxn,ASTRO POP LOOEY
0:18:39,@AnonHluv,ASTRO X LOOEY
0:18:41,@Shelly-f7p8v,ASTRO DESERVES THE WORDL
0:18:41,@ImNotThatKindOfPerson,LOOEY IS KAWAII :face-blue-smiling:
0:18:42,@TheJackManArt,peak
0:18:42,@rat__son06,Awswww
0:18:42,@reeeNEWvr12,POP HIM
0:18:43,@drakestart,YES
0:18:43,@kalinoyunelsday,YAOIU
0:18:43,@shrimpkuuu,looey please run away
0:18:44,@Yewrcat,Yaoiiiii
0:18:44,@Baldstro_novalite,I LOVE IT WHEN TAMERS LOCK IN ON PARTS BRO
0:18:44,@rat__son06,Cute
0:18:45,@magico_mestre56,hell nah
0:18:45,@Eightivealwayslovedyou-y7g,GAY
0:18:45,@KatiePedroza-c1n9n,Gulp
0:18:45,@palomasandoval6806,KISS
0:18:45,@jo3a548,YAAAAY
0:18:45,@Eeth_the-lyxn,NO
0:18:46,@reeeNEWvr12,POP HIM
0:18:46,@Zac-l7c,HAHA 
0:18:46,@whoopsiemazie,NOOO THEY DIDNT KISS
0:18:46,@jennythebean9117,:loudly_crying_face::loudly_crying_face::loudly_crying_face:
0:18:47,@cookieater-l6b,gayyyy
0:18:47,@alcinaisMINE,Brusha spotted
0:18:47,@shrimpkuuu,AWWWWW
0:18:47,@kalinoyunelsday,awwwAWWW
0:18:48,@Shelly_Fossilian-e2x,DAMN
0:18:48,@NubMcMoofin,:smiling_face_with_hearts:
0:18:48,@LilfoxKennedy,nooooo
0:18:48,@Yewrcat,Ahhhhggg:loudly_crying_face::loudly_crying_face::heart_suit::heart_suit:
0:18:48,@Eeth_the-lyxn,POP LOOEY
0:18:49,@reeeNEWvr12,POP HIM
0:18:49,@Eightivealwayslovedyou-y7g,GAY
0:18:49,@fishyroses,YAOI YAOI 
0:18:50,@okuriinu8489,aw the ear flixk
0:18:50,@ImNotThatKindOfPerson,KISS
0:18:50,@drakestart,OMG
0:18:50,@Zzzzzzzzzzzzzzzz_000,There is SO much damn yaoi 
0:18:50,@Zac-l7c,Awww 
0:18:51,@XxZ0MB1E_K1TTYxX,:mending_heart:
0:18:51,@kalinoyunelsday,OMGGG
0:18:51,@applebloom2307,Aww bb
0:18:51,@S1LLY_M1LLY-YEY,Aww
0:18:51,@ImNotThatKindOfPerson,KISSS
0:18:51,@LynHernandez-n2k,the f*ck did Astro said:loudly_crying_face::loudly_crying_face::wilted_flower:
0:18:51,@richietrejo-ramos2252,YAYAY
0:18:52,@toniousley-harris833,Awwww!!
0:18:53,@tmmzzz-w2j,NOOO
0:18:53,@jo3a548,CUTE CUTE CUUUUTE
0:18:53,@ミソサザイmisothesoup,AWW THE EAR TWITCH
0:18:54,@UngulaPropriaRQ,oh fuck this is sad 
0:18:54,@Eeth_the-lyxn,PLS POP LOOEY
0:18:54,@XxZ0MB1E_K1TTYxX,AWWWWWWW
0:18:55,@Shelly_Fossilian-e2x,YAYAYAYA
0:18:55,@galaxywolfart2443,awww
0:18:55,@FELIZ_NAVIDAD67,AWWWWWWWWWWW
0:18:55,@MiniPlush12,aaaaaaawwwww
0:18:55,@Eightivealwayslovedyou-y7g,KISSS KISSS KISS KISS
0:18:56,@fishyroses,YAOIII
0:18:56,@cookieater-l6b,:)
0:18:56,@Shelly-f7p8v,OGMGOGMOMGGGG
0:18:56,@grayslop,looey is so Apparent in thsi video ij pooping myself
0:18:56,@ImNotThatKindOfPerson,GASY
0:18:56,@vazquezzavaladarielaalejan6147,OWWW
0:18:56,@DLL.Blankp,Looey isnt gross guys stop this
0:18:56,@PrimalSunflower_Stan,Gng i dont think this is yaoi tho
0:18:57,@thekittybeagle7503,Kiss
0:18:57,@shadowmilkcookie-n1k,FLASHBACKS:broken_heart:
0:18:58,@hojacksauseman,Already a clown.
0:18:58,@whoopsiemazie,Teagan wtf
0:18:59,@Eightivealwayslovedyou-y7g,KISS
0:18:59,@SproutSeedly200,YAYYY
0:18:59,@HMZeroTwo,oh hi finn
0:18:59,@Yewrcat,Yaoi spotted
0:18:59,@Offlineforeverr,OH SHIT I MISSED OUT A LLT
0:18:59,@victorv5774,:face-purple-wide-eyes:
0:18:59,@MILIOOTP,pop looey 
0:18:59,@Rileydoesgaming-wr6kk,YAAY
0:19:00,@СвятославаК-ы9б,NOOO LOOEY THINK ABOUT POPPY SHES GONNA MISS U
0:19:00,@Beetlesfruitcake,TEAGAN?
0:19:00,@UngulaPropriaRQ,fuuuuck
0:19:00,@richardtheallosaurus4036,Awww
0:19:00,@kalinoyunelsday,AWWWW
0:19:00,@MiniPlush12,was gourdy at sprout's kissy booth?
0:19:00,@XxZ0MB1E_K1TTYxX,TEAGAN
0:19:01,@Ilovemilliebobbybrown-n8s,GAY
0:19:01,@vanveleca,green bean
0:19:01,@amnesiacrystal7248,damn teagan
0:19:01,@TrinityLong-k7l1n,Yay
0:19:02,@Nathan_Benji,poor looey
0:19:02,@Sweetie-r9p9r,CUTEE
0:19:02,@Eightivealwayslovedyou-y7g,KISS
0:19:02,@grimtidings5451,Cuuuuute
0:19:03,@drakestart,AWWWWWWWWWWWWWWWWW
0:19:03,@vazquezzavaladarielaalejan6147,BABYYYYY
0:19:03,@grayslop,WOW EVERYONE LOVES LOOEY
0:19:03,@ANALBONES,dude
0:19:04,@ANALBONES,DUDE
0:19:04,@gonegonergone,Sob
0:19:04,@Zac-l7c,TEGAN 
0:19:04,@St4rpaperprotective,AWWWWW
0:19:04,@S1LLY_M1LLY-YEY,HES SO HAPPY =DD
0:19:05,@NubMcMoofin,:smiling_face_with_hearts::smiling_face_with_hearts:
0:19:05,@vazquezzavaladarielaalejan6147,NOOOOOOOOOOOOOOOOOOO
0:19:05,@TheMTwinny,TOO BAD THIS AIN'T REAL
0:19:06,@Eightivealwayslovedyou-y7g,KISS
0:19:06,@Shelly-f7p8v,GREENBEANS
0:19:06,@Eggy_egg30,Awh
0:19:06,@TrinityLong-k7l1n,YAY
0:19:06,@BREAADDYYYYY,w dream
0:19:06,@AnonHluv,:face_holding_back_tears::face_holding_back_tears:MY BABIES
0:19:06,@ImNotThatKindOfPerson,HE GOT AS MANY GREENBEANS
0:19:06,@SproutSeedly200,YIPPIEEEE
0:19:07,@shrimpkuuu,oh my god bro hes so neglected
0:19:07,@richietrejo-ramos2252,awwww
0:19:07,@kalinoyunelsday,THATS SO
0:19:07,@Gok0shy,TEAGAN
0:19:08,@superarcade643,AHHHHHHHHHHHHHH
0:19:08,@jennythebean9117,I’m in tears 
0:19:09,@drakestart,KISSS
0:19:09,@jo3a548,dayuun
0:19:09,@Shelly-f7p8v,GREENS BEANSSS
0:19:09,@fishyroses,YAOI
0:19:09,@whoopsiemazie,GAY
0:19:10,@zocie,COSM TWF
0:19:10,@ImNotThatKindOfPerson,GAY
0:19:10,@XxZ0MB1E_K1TTYxX,TEAGAN MENTION
0:19:10,@gonegonergone,AyO
0:19:11,@kalinoyunelsday,OMGGGGG???
0:19:12,@agoatheadbaby3512,Green beans~
0:19:12,@NubMcMoofin,:face_savoring_food:
0:19:12,@shadowmilkcookie-n1k,KISS THE BIRDE
0:19:12,@SuperCaptainFail,holy moly
0:19:13,@magico_mestre56,wtf
0:19:13,@JorArg-c7s,what the fuck are you crying so loud
0:19:13,@Eeth_the-lyxn,POP LOOEY PLS
0:19:13,@miguellozano7539,too bad it's a dream
0:19:13,@ImNotThatKindOfPerson,GAY
0:19:13,@SproutSeedly200,PTH
0:19:13,@Baldstro_novalite,BERRYFUNNYCAKE BRO
0:19:13,@LaraRhaziDeFreitas,.
0:19:13,@Eightivealwayslovedyou-y7g,GAY
0:19:13,@Offlineforeverr,OH DAM
0:19:14,@alcinaisMINE,LADIESSS LADIESSS
0:19:14,@randomchannelyeah,LOL
0:19:14,@zocie,GAYYY
0:19:14,@fishyroses,HELL YES
0:19:14,@PrimalSunflower_Stan,AJIOOAIJAIJOSJIOS
0:19:14,@patiencemassaquoi9830,WHOA
0:19:14,@applebloom2307,ALL HE WANTS IS GO BE ACCEPTED AND LOVED 
0:19:14,@L00EYED1TZ,berryfuunycake????
0:19:14,@shadey_z1241,Gay
0:19:15,@whoopsiemazie,FUNNYCAKE
0:19:16,@LOOEYXD,OMG
0:19:16,@HMZeroTwo,COSMO MOOOOOVE
0:19:16,@Yewrcat,Oh my fuck
0:19:16,@DLL.Blankp,damn
0:19:16,@Shelly_Fossilian-e2x,DAMN
0:19:16,@ilikefrogzz6384,greenbeans 
0:19:17,@richietrejo-ramos2252,Bruhhhh
0:19:17,@St4rpaperprotective,OMG
0:19:17,@СвятославаК-ы9б,GAY
0:19:17,@ImNotThatKindOfPerson,GAAAYAYYYY
0:19:17,@Moon_wolfpawz,YO
0:19:17,@Offlineforeverr,.
0:19:17,@drakestart,AYOO
0:19:18,@Thais_família,BRO
0:19:18,@galaxywolfart2443,stop why is this so cute 
0:19:18,@UniquieNewsome,Omg
0:19:18,@amnesiacrystal7248,woah!
0:19:18,@LOOEYXD,OMG
0:19:20,@whoopsiemazie,BERRYFUNNYCAKE
0:19:21,@Eeth_the-lyxn,POP LOOEY IM BEGGING
0:19:21,@toniousley-harris833,DAMNNN]
0:19:21,@PrimalSunflower_Stan,GOD DAYUMMMM
0:19:21,@Offlineforeverr,LMAO WHAT
0:19:21,@LOOEYXD,OMG
0:19:21,@N0tc00lbr0what,ITS BOXTENENRNRNENENNENENE
0:19:22,@applebloom2307,HES MEFRRRRRRR
0:19:22,@palomasandoval6806,YESSSSS
0:19:22,@magico_mestre56,HELL
0:19:22,@usaminabe,POLY FOD RHE WIN PLEASEE
0:19:22,@Cheeseandblood,Can't even top in his dreams
0:19:22,@MILIOOTP,wait no
0:19:22,@kalinoyunelsday,GGYATTT
0:19:22,@Flopera2027-e8t,Berry funny cake
0:19:22,@FELIZ_NAVIDAD67,GAY
0:19:23,@Neftali-m6l9c,YO WTH
0:19:23,@fishyroses,DAMN 
0:19:24,@YUR1LAND,STRAWBERRY CAKE POP???
0:19:24,@Shelly-f7p8v,GAYYY
0:19:24,@ProbablyFlawlessInDisguse,I DID THAT
0:19:24,@jennythebean9117,These gay toons deserve better 
0:19:24,@St4rpaperprotective,OMFG
0:19:24,@whoopsiemazie,OMGGG
0:19:24,@cookies_123-c7t,HELLO-??
0:19:25,@grayslop,LOOEY SPROUT AND COSMO
0:19:25,@Eightivealwayslovedyou-y7g,GAY
0:19:25,@LOOEYXD,OMG
0:19:25,@serpentsfief,OATMEAL COOKIES FOR LOOEY
0:19:26,@TiaVenita,poly...
0:19:27,@ImNotThatKindOfPerson,WHAT?
0:19:28,@SlaSla-l4d,YES CAKEBERRYFUNNY
0:19:28,@LOOEYXD,OMG
0:19:28,@MillerTheDarkTransPrince,omg
0:19:29,@Yewrcat,Kiss
0:19:30,@jo3a548,CUUUUUUUUUUTE
0:19:30,@SlaSla-l4d,A
0:19:30,@sproutseedly-n1v,AHHHHHH FUNNYBERRYCAKE AM I DREAMING
0:19:31,@richardtheallosaurus4036,WOAH HEY
0:19:31,@cryptickopia,HELL YEA DANDY SHOW THAT SHIT OFF
0:19:31,@plataformanormal33,WHATAYATUAEGA
0:19:31,@СвятославаК-ы9б,WTH
0:19:31,@Yewrcat,Kiss
0:19:33,@ilikefrogzz6384,WHAT
0:19:33,@fishyroses,DOES THAT CAKE COME WITH ICING
0:19:34,@GelaajoHAMBODEEJO,HEY
0:19:34,@LOOEYXD,BERRYFUNNYCAKE
0:19:34,@Yewrcat,Kiss
0:19:34,@ImNotThatKindOfPerson,GAYYY
0:19:34,@Eightivealwayslovedyou-y7g,LOOEY MY BABY
0:19:36,@Yewrcat,Kiss
0:19:37,@jo3a548,CUTE
0:19:37,@MiniPlush12,was gourdy at sprout's kissy booth?
0:19:38,@BREAADDYYYYY,wtf
0:19:38,@Baldstro_novalite,HAHAHAHAH
0:19:38,@kalinoyunelsday,AWWWWW
0:19:39,@I_feel_sigma-x2p,SPROUT X LOOEY X COSMO
0:19:39,@Baldstro_novalite,YESSSS
0:19:40,@moonypastells,OMG FUNNYBERRYCAJEIWOAOAKQLA
0:19:40,@GenesisCcoyca-q1m,i love thiiis
0:19:41,@whoopsiemazie,I WAS THR FIRST VOTE
0:19:41,@Eeth_the-lyxn,POP LOOEY
0:19:41,@Offlineforeverr,OMG FAH
0:19:42,@drakestart,OMG
0:19:42,@MiniPlush12,was gourdy at sprout's kissy booth?
0:19:42,@magico_mestre56,why the hell I'm doing that
0:19:42,@richietrejo-ramos2252,KISSS
0:19:43,@PumpkinBlackKitty,I VOTED FOR HERSELF
0:19:43,@FELIZ_NAVIDAD67,oh....
0:19:44,@S1LLY_M1LLY-YEY,WHAT WAS THAT POLE
0:19:47,@MiniPlush12,was gourdy at sprout's kissy booth?
0:19:47,@LilfoxKennedy,for players
0:19:47,@alynn_silly,…..
0:19:47,@PrimalSunflower_Stan,MOONFLOWERRRRR
0:19:48,@Shelly_Fossilian-e2x,HEHEHH
0:19:48,@Starfire_777,W Poll
0:19:49,@GelaajoHAMBODEEJO,DUDE
0:19:49,@jennythebean9117,Kiss Astro
0:19:49,@Eeth_the-lyxn,POP LOOEY
0:19:50,@Offlineforeverr,players
0:19:50,@jo3a548,CUUUUUUUUUUUUTE
0:19:50,@Kiki-p3g9m,IDK
0:19:51,@СвятославаК-ы9б,AAaaaaaaaa
0:19:51,@fishyroses,crying 
0:19:51,@superarcade643,AWWWWWWWWWWWWWW
0:19:52,@Zzzzzzzzzzzzzzzz_000,Gay
0:19:52,@Eightivealwayslovedyou-y7g,IM CRINE
0:19:52,@St4rpaperprotective,OMG
0:19:53,@AlexJimenez-q4x,AYYEE
0:19:53,@shrimpkuuu,YAAAAAAY
0:19:54,@kalinoyunelsday,THATS SO CUTEEE
0:19:54,@Fooper899,*gasp*
0:19:54,@LolCat6843,awwwww
0:19:54,@alcinaisMINE,iPad baby
0:19:54,@NubMcMoofin,:saluting_face:
0:19:54,@Vortextheslayer87,ᒪOᒪ
0:19:55,@superarcade643,NOOOOOOOOOOOOO
0:19:55,@kalinoyunelsday,???
0:19:55,@applebloom2307,"Srsly, my name is Tegan, it spooks me Everytime it's said "
0:19:55,@sproutseedly-n1v,I LOVE YOU TAMERS FOR MAKING FUNNYBERRYCAKE
0:19:56,@XxZ0MB1E_K1TTYxX,BOTH
0:19:56,@SproutSeedly200,YOOO
0:19:56,@Moon_wolfpawz,WHAT THE
0:19:56,@Eightivealwayslovedyou-y7g,GAY
0:19:56,@ImKooka,HI YATTA
0:19:56,@quericotemuevesEiden,AWWWW
0:19:56,@EtalsTheAxolotl-star,AWW
0:19:56,@Thais_família,BRUH
0:19:57,@Eeth_the-lyxn,POP LOOEY
0:19:57,@drakestart,OML
0:19:57,@Nathan_Benji,OMG
0:19:57,@superarcade643,ITS OVER?!?!?!?
0:19:57,@TrinityLong-k7l1n,Dang
0:19:57,@jo3a548,yattta
0:19:57,@Yewrcat,Kiss
0:19:58,@TheMTwinny,DAWWW
0:19:58,@Zac-l7c,Awww
0:19:58,@Shelly-f7p8v,OGMOMGGGGG
0:19:59,@cookies_123-c7t,wowww
0:19:59,@vazquezzavaladarielaalejan6147,PEAAK
0:19:59,@shadey_z1241,It’s for the Oats
0:19:59,@patiencemassaquoi9830,TUFF
0:20:00,@Yewrcat,Kiss
0:20:00,@Shelly-f7p8v,OMGGGGGGGGG
0:20:00,@whoopsiemazie,NOOOOO
0:20:00,@shrimpkuuu,hi yatta
0:20:00,@vanveleca,oh hey Yatta
0:20:00,@UngulaPropriaRQ,holy fuck what a wild ride 
0:20:01,@Eightivealwayslovedyou-y7g,GAY
0:20:01,@MiniPlush12,was gourdy at sprout's kissy booth?
0:20:01,@HMZeroTwo,THAT WAS SO SWEET WHAT
0:20:01,@Offlineforeverr,GYATTTTTTTTTTTTTTT GYAT GYAT GYAT GYAT
0:20:01,@gonegonergone,YALL WHAT IS THIS SONG PLEASEEE
0:20:01,@6ep113ilovu,PEAK
0:20:01,@Scared_Deer_Girl,QWEL???
0:20:02,@Shelly_Fossilian-e2x,NO IT ENDED
0:20:02,@Yewrcat,Kiss
0:20:02,@fishyroses,yatta flash us 
0:20:03,@vazquezzavaladarielaalejan6147,PEAAAAAAAAAJ
0:20:03,@Gok0shy,HELP
0:20:04,@AlexJimenez-q4x,YATTA
0:20:04,@okuriinu8489,eee!
0:20:04,@XxZ0MB1E_K1TTYxX,AWWWW
0:20:04,@Yummy_Rocks,W
0:20:04,@richietrejo-ramos2252,Yatta? What you?
0:20:05,@PrimalSunflower_Stan,Oh yay its finished
0:20:05,@GaLo-p8b,YAY
0:20:05,@shadowmilkcookie-n1k,PEAKKK
0:20:05,@dominicunderwood4911,Who the fuck are you
0:20:05,@KvVuld,tacos
0:20:05,@Sam_thequeenhehe,NOOO
0:20:06,@vazquezzavaladarielaalejan6147,PEAAAAAAAAK
0:20:06,@crvstal,NOOO
0:20:06,@tmmzzz-w2j,OW
0:20:06,@FELIZ_NAVIDAD67,YATTA
0:20:07,@drakestart,DONT END
0:20:07,@MiniPlush12,was gourdy at sprout's kissy booth?
0:20:07,@alcinaisMINE,No hauntedpumpkins but we got looeysproutcosmo peak
0:20:07,@HMZeroTwo,THAT ENDING WAS TOO SWEET HOLD ON
0:20:07,@Zac-l7c,OH 
0:20:08,@Shelly-f7p8v,OMGGOMGGGGG
0:20:08,@GelaajoHAMBODEEJO,bro:zipper_mouth_face:
0:20:08,@applebloom2307,Good
0:20:08,@Shelly_Fossilian-e2x,NO.
0:20:08,@Yummy_Rocks,W
0:20:08,@gonegonergone,I NEED THIS SONG NAME PLEASE
0:20:08,@Fizzyy_Wizzyy,nOOOOO im late:<
0:20:08,@Beetlesfruitcake,That seemed pretty short
0:20:08,@Eightivealwayslovedyou-y7g,GAY
0:20:08,@LolCat6843,oooooo
0:20:09,@grayslop,No fucking way that was the end
0:20:10,@drakestart,WHY END
0:20:10,@jo3a548,LASDOALSDOASDLADFGOL
0:20:10,@rat__son06,YATTTAAAAAAAA
0:20:10,@alynn_silly,NO
0:20:10,@LaraRhaziDeFreitas,ITS THE END????
0:20:11,@YUR1LAND,ABSOLUTE CINIMA
0:20:12,@Yewrcat,Koi
0:20:12,@HMZeroTwo,also where's goob.
0:20:12,@SproutSeedly200,YATTA’S TACOS??
0:20:13,@magico_mestre56,THIS IS THE END
0:20:13,@LolCat6843,solo cool
0:20:13,@MIRKOKLUK,NOO IS DONE
0:20:13,@Rileydoesgaming-wr6kk,That was peak
0:20:14,@cookies_123-c7t,PEAKKK
0:20:14,@grimtidings5451,Damn
0:20:14,@ConductorNoli,BRO
0:20:14,@LaraRhaziDeFreitas,ALREADY
0:20:14,@EtalsTheAxolotl-star,PEAK
0:20:14,@Zac-l7c,SHIT 
0:20:15,@MiniPlush12,was gourdy at sprout's kissy booth?
0:20:16,@toniousley-harris833,I HATE IT!!!
0:20:16,@Eightivealwayslovedyou-y7g,GAY
0:20:16,@Sam_thequeenhehe,WHYYY
0:20:16,@Sock-iscool,NOOO WHY WAS IT SO QUICK 
0:20:17,@alynn_silly,MORE MOVIE
0:20:17,@grayslop,THAT WAS SO SHORT WAHT
0:20:17,@Veezroom,NOOOOOOOO
0:20:17,@Yewrcat,Nooo do t endd
0:20:17,@СвятославаК-ы9б,OMGGG
0:20:17,@Shelly-f7p8v,PEAKKKK
0:20:17,@LaraRhaziDeFreitas,BROO
0:20:17,@Eeth_the-lyxn,WHY DIDNT YOU POP LOOEY
0:20:17,@drakestart,ITS ALR VER??
0:20:18,@Shelly-f7p8v,PEAKKKK
0:20:18,@LolCat6843,yayyyyyy
0:20:20,@MiniPlush12,was gourdy at sprout's kissy booth?
0:20:20,@SkylarThompson-mu1qs,"NVM, ASTRO DID A CREEPY, HE DOES NOT DESERBE A JOY"
0:20:20,@ImNotThatKindOfPerson,PEAK IS OVER
0:20:21,@Shelly_Fossilian-e2x,NO I DONT WANT IT TO FINISH
0:20:21,@dribvox,NOT ENOUGH GOURDY SOULVESTER
0:20:21,@Starfire_777,awesome episode
0:20:21,@Dummy_Friend,QWELVER SUPPORTS THE PATREON???
0:20:23,@magico_mestre56,I WANT PART TWO
0:20:23,@shrimpkuuu,RUDIEEEEEE
0:20:23,@TrinityLong-k7l1n,No it's done
0:20:23,@rat__son06,GIVE YATTA MORE TIME TAMERS
0:20:23,@alynn_silly,THAT WAS SO FUCKING BEAUTIFUL
0:20:23,@whoopsiemazie,MAN I WAS HOPING THAT THRYRE WOULD BE A FLOWERBERRY KISS
0:20:24,@PrimalSunflower_Stan,OML THE NEW EP SHOULD BE YATTAS TACOS
0:20:24,@SproutSeedly200,OO
0:20:24,@drakestart,ITS ALR OVER!!???
0:20:25,@shrimpkuuu,DAAAAAAMN
0:20:25,@VorytextYT,NOOO ITS TO GOOD TO END
0:20:25,@Yewrcat,Don’t enddd goddd nooo
0:20:25,@СвятославаК-ы9б,OMGGG
0:20:26,@XxZ0MB1E_K1TTYxX,PEAKKKK
0:20:26,@Kiki-p3g9m,NOO THIS WAS PEAKK
0:20:26,@Veezroom,HOWS IT FINISHED
0:20:27,@fishyroses,WOW
0:20:28,@richietrejo-ramos2252,bruhhh the end
0:20:28,@UniquieNewsome,.
0:20:28,@cookies_123-c7t,:hand-pink-waving:
0:20:28,@kalinoyunelsday,so peak
0:20:28,@realblixels,i joined the patreon 
0:20:28,@Sweetie-r9p9r,that one was short but it was reallyy peakkk
0:20:28,@Damask-n2f,"now this is a good sell, I""m gonna become a patron now"
0:20:29,@ANALBONES,THE GUNSHOTS
0:20:29,@vazquezzavaladarielaalejan6147,GIVE US MORE CIRCUS TRIO
0:20:30,@Cattle.ink.3,ahhhhhhh this is amazing!!!!!!
0:20:30,@UniquieNewsome,....
0:20:30,@DLL.Blankp,im not supporting tamers today he pissed me off
0:20:30,@Mmawe70,why the fuck it's little video!?
0:20:31,@sproutseedly-n1v,make more circus trio vids
0:20:31,@Eggy_egg30,Yes
0:20:31,@Eightivealwayslovedyou-y7g,GAYS
0:20:31,@GaLo-p8b,PEAK
0:20:32,@UniquieNewsome,..
0:20:32,@drakestart,BROOOOOO
0:20:32,@JasOrne-n1y,IMA COME
0:20:32,@JacobAquino-q9u,im gonna go back to doom scrolling
0:20:32,@Fizzyy_Wizzyy,welp im watching this alone like a lame ass bitch I guess
0:20:33,@Tamers12345MLP,Yeah that's Qwel
0:20:33,@PumpkinBlackKitty,BYE MOMMY YATTA
0:20:33,@СвятославаК-ы9б,I LOVED IT
0:20:33,@LolCat6843,:loudly_crying_face::loudly_crying_face::loudly_crying_face::loudly_crying_face::loudly_crying_face::loudly_crying_face:
0:20:33,@Thais_família,PEAK
0:20:34,@M1stakerCh01ce,bro broked intorno his house and kissed him while sleeping?
0:20:35,@Offlineforeverr,pluh
0:20:36,@Shelly_Fossilian-e2x,UGH
0:20:35,@Eeth_the-lyxn,FUCKING POP LOOEY
0:20:36,@Veezroom,:loudly_crying_face::loudly_crying_face::loudly_crying_face::loudly_crying_face::loudly_crying_face::loudly_crying_face::loudly_crying_face::loudly_crying_face::loudly_crying_face::loudly_crying_face:
0:20:36,@Zac-l7c,HAHA 
0:20:36,@Yewrcat,And dndhd
0:20:37,@robloxlikeke5774,Yay
0:20:37,@Eightivealwayslovedyou-y7g,ITS OVER ALR????
0:20:37,@jo3a548,OH HELL YEAH
0:20:38,@superarcade643,;w;
0:20:38,@Kit47y,PEAK
0:20:38,@GelaajoHAMBODEEJO,:skull::skull:
0:20:38,@S1LLY_M1LLY-YEY,BYEEEE
0:20:38,@Eggy_egg30,Rudie
0:20:39,@fishyroses,NOO
0:20:39,@MiniPlush12,was gourdy at sprout's kissy booth?
0:20:39,@applebloom2307,I love Goob more Goob plz
0:20:39,@Ilovemilliebobbybrown-n8s,ITS OVER?!
0:20:39,@TheMTwinny,LOL SOMONE GETTING SHOT
0:20:40,@UngulaPropriaRQ,man gardenview is a rough neighborhood 
0:20:40,@ImKooka,it was peak!!
0:20:40,@ilikefrogzz6384,Yatta I thought the episode was bitchin 
0:20:40,@Shelly-f7p8v,YATA
0:20:40,@Eightivealwayslovedyou-y7g,NOOOOOO
0:20:41,@drakestart,WHY SHORTT
0:20:41,@jo3a548,ENDING SIOBNF
0:20:41,@magico_mestre56,I WANT PART TWO
0:20:42,@Moon_wolfpawz,THE END SO EPIC
0:20:42,@Beetlesfruitcake,Can we STOP the stuff with gourds
0:20:43,@JorArg-c7s,gggaaaaay
0:20:44,@MIRKOKLUK,NOOO
0:20:44,@VeeVersion-k2e,YO
0:20:44,@amnesiacrystal7248,bye momma yatta
0:20:45,@alcinaisMINE,Qwel freaky like that
0:20:45,@MiniPlush12,was gourdy at sprout's kissy booth?
0:20:45,@kalinoyunelsday,AWWWWW
0:20:45,@Offlineforeverr,oh noice
0:20:45,@Mmawe70,oh come on
0:20:45,@LilfoxKennedy,the end cht
0:20:45,@Fizzyy_Wizzyy,:woman_dancing: :woman_dancing: :woman_dancing:
0:20:46,@shadowmilkcookie-n1k,ICE MIGHT GET YATTA
0:20:46,@vazquezzavaladarielaalejan6147,I LOVED THIS
0:20:46,@Eightivealwayslovedyou-y7g,WHY SHORT
0:20:46,@Eeth_the-lyxn,POP LOOEY WAHH
0:20:46,@Shelly_Fossilian-e2x,PEAK INTRO
0:20:46,@M1stakerCh01ce,"into"""
0:20:47,@WerchioMop,wow this was short
0:20:48,@Moonzy-kit,Holy shit THAT WAS PEAK TAMERS
0:20:48,@loudmouththyme2079,holy peak
0:20:48,@FELIZ_NAVIDAD67,W
0:20:48,@Eggy_egg30,BYE
0:20:48,@ProbablyFlawlessInDisguse,I PLAY THE GUITAR 
0:20:49,@Yewrcat,What was that..
0:20:49,@Shelly_withvee,WHAT A PEAK
0:20:49,@Zac-l7c,COOL 
0:20:49,@cookieater-l6b,yatta is pretty
0:20:49,@СвятославаК-ы9б,I WISH I COULD DONATE U BUT I CANT
0:20:50,@scall0p31w,Need more yadda and her tacos
0:20:50,@loolooluka,PEAK
0:20:50,@rat__son06,PLEASE GIVE YATTA MORE TIME TAMERS
0:20:51,@moonypastells,I LOVED IT
0:20:51,@XxZ0MB1E_K1TTYxX,BEAUTIFUL
0:20:51,@Rileydoesgaming-wr6kk,W episode
0:20:51,@S1LLY_M1LLY-YEY,PEAK
0:20:51,@MiniPlush12,was gourdy at sprout's kissy booth?
0:20:51,@Offlineforeverr,this is cute lmao
0:20:51,@StopTalkin.,this episode can literally be sud up to toons kissing
0:20:51,@EtalsTheAxolotl-star,Peak oml
0:20:52,@Eggy_egg30,Bye
0:20:52,@richietrejo-ramos2252,AWWWW
0:20:52,@Eeth_the-lyxn,POP HIM IM BEGGING
0:20:52,@Hmon160,:face-blue-smiling:
0:20:52,@BREAADDYYYYY,W
0:20:52,@toniousley-harris833,Yayyy
0:20:53,@victorv5774,:face-red-heart-shape::face-red-heart-shape::face-red-heart-shape:
0:20:53,@BREAADDYYYYY,W
0:20:53,@BREAADDYYYYY,W
0:20:53,@BREAADDYYYYY,W
0:20:53,@Yewrcat,What a trip..
0:20:53,@BREAADDYYYYY,W
0:20:53,@BREAADDYYYYY,W
0:20:54,@BREAADDYYYYY,W
0:20:54,@hakawaka,peak
0:20:54,@S1LLY_M1LLY-YEY,THAT WAS PEAKK
0:20:55,@Eightivealwayslovedyou-y7g,AHHHH
0:20:55,@PrimalSunflower_Stan,This was an OKAY episode
0:20:55,@Fizzyy_Wizzyy,song name plz
0:20:56,@TheVampireVito,tamers where did you get those cool backgrounds
0:20:56,@Offlineforeverr,good job tamers
0:20:56,@vazquezzavaladarielaalejan6147,TY TAMERS FOR SUCH PEAK CONTENT
0:20:57,@jennythebean9117,Pretty gay i might say
0:20:57,@Tamers12345MLP,@UngulaPropriaRQ Makes ense under Dandy's rule
0:20:57,@ImNotThatKindOfPerson,W
0:20:57,@magico_mestre56,I WANT PART TWO
0:20:57,@shrimpkuuu,i liked this episode a lot i cant want forthe next one
0:20:58,@Shelly_withvee,awh so cute
0:20:59,@MillerTheDarkTransPrince,peak
0:20:59,@jennythebean9117,W
0:20:59,@S1LLY_M1LLY-YEY,bye =[[
0:20:59,@UniquieNewsome,.
0:20:59,@galaxywolfart2443,the ending was so peek 
0:21:00,@Yewrcat,Bit cute ending :3
0:21:00,@Shelly-f7p8v,FIREEEEEEEEEEE
0:21:00,@vazquezzavaladarielaalejan6147,W
0:21:00,@vazquezzavaladarielaalejan6147,W
0:21:00,@drakestart,THTA WAS SO SHORT BRO
0:21:00,@vazquezzavaladarielaalejan6147,W
0:21:00,@vazquezzavaladarielaalejan6147,W
0:21:00,@alynn_silly,THAT WAS SO FUCKING PEAK
0:21:00,@jeonvrq,LOOEEY IS SSOO CUTE
0:21:00,@vazquezzavaladarielaalejan6147,W
0:21:01,@Fooper899,WHAT DID HE SAY
0:21:01,@SproutSeedly200,PEAKKKKKKKKKKKOO
0:21:01,@vazquezzavaladarielaalejan6147,W
0:21:01,@fishyroses,i drink soda i eat pizzai drink soda i eat pizzai drink soda i eat pizzai drink soda i eat pizzai drink soda i eat pizza
0:21:01,@Kevinmomiaoficial,omg
0:21:01,@richietrejo-ramos2252,W 
0:21:01,@vazquezzavaladarielaalejan6147,WW
0:21:01,@Vortextheslayer87,ᗯᕼY IT ᘜOTTᗩ ᗴᑎᗪ Tᕼᗴᖇᗴ
0:21:02,@dominicunderwood4911,"Ha, the gangs all in the carm"
0:21:03,@CollinJohnson-nc7ue,w
0:21:03,@DLL.Blankp,woah why did he swear
0:21:04,@PumpkinBlackKitty,it was so so beautiful..
0:21:04,@ilikefrogzz6384,Papa…me want more..more movie..:broken_heart:
0:21:04,@whoopsiemazie,W
0:21:04,@ImNotThatKindOfPerson,W
0:21:05,@richietrejo-ramos2252,W
0:21:06,@Eightivealwayslovedyou-y7g,IM CFINE
0:21:06,@applebloom2307,Peak as always (*˘︶˘*).｡.:*♡
0:21:06,@SkylarThompson-mu1qs,Razzle and Dazzle pls
0:21:06,@RU1x_1x1ST4RS,PEAKER THAN A MONTAIM
0:21:06,@sproutseedly-n1v,this was so good bro
0:21:06,@GhayoStar,W
0:21:06,@Shelly_Fossilian-e2x,IMMA REWATCH IT
0:21:07,@Shelly-f7p8v,PRAKKKK
0:21:07,@UniquieNewsome,W
0:21:07,@fishyroses,i drink soda i eat pizzai drink soda i eat pizzai drink soda i eat pizzai drink soda i eat pizzai drink soda i eat pizzai drink soda i eat pizzai drink soda i eat pizzai drink soda i eat pizzavi dr
0:21:07,@HMZeroTwo,F*CK I WANNA LEAVE THIS TIME
0:21:07,@Hmon160,sprout's singing
0:21:07,@EtalsTheAxolotl-star,Thanks tamers for putting berryfunny 
0:21:07,@TheKalimanMX,W
0:21:08,@Kevinmomiaoficial,vaya
0:21:08,@UniquieNewsome,W
0:21:08,@Shelly-f7p8v,PEAKKKK
0:21:09,@girlybrunette,YATTA EPISODE PLEASE
0:21:09,@ambramilty,W
0:21:10,@СвятославаК-ы9б,Yay
0:21:10,@GhayoStar,w bro
0:21:10,@galaxywolfart2443,w
0:21:10,@serpentsfief,I SAW MY NAME IN THE CREDITS
0:21:10,@MillerTheDarkTransPrince,9/10
0:21:10,@toniousley-harris833,w vid
0:21:11,@quericotemuevesEiden,WHY SHORT
0:21:11,@drakestart,NOOOOOOOOOOOOOOOOOOOOOOOOOOOOOOOOOOOOOOOOOOOOOOOOOOOOOOOOOOOOOOOOOOOOO
0:21:11,@Vortextheslayer87,ᗯ
0:21:11,@fishyroses,i drink soda i eat pizzai drink soda i eat pizza
0:21:11,@vazquezzavaladarielaalejan6147,WW EPISODE
0:21:11,@cosmo-i1r,:fearful_face:
0:21:11,@R0B0T-K1SS3R,BYE WHAT IS HAPEPNING
0:21:11,@فتاة-ليس-لديها-افكار,NOOOO
0:21:12,@Baldstro_novalite,YESSSS
0:21:12,@kalinoyunelsday,wwwww
0:21:12,@WerchioMop,This was so short ngl
0:21:13,@Sprite_kit790,w
0:21:13,@fishyroses,i drink soda i eat pizza
0:21:13,@Shellying_1,Im not done bro
0:21:13,@Vortextheslayer87,ᗯ
0:21:14,@VorytextYT,W
0:21:14,@HMZeroTwo,W anim btw
0:21:14,@bruhmoment6191,w copyright
0:21:14,@fishyroses,i drink soda i eat pizzai drink soda i eat pizzai drink soda i eat pizzai drink soda i eat pizza
0:21:15,@magico_mestre56,I WANT PART TWO
0:21:15,@scall0p31w,Bravo Tamers
0:21:15,@GhayoStar,WWW
0:21:15,@Aceywacey69,LOOEY X ASTRO CANON
0:21:15,@alcinaisMINE,I’m manifesting hauntedpumpkins next episode tamers 
0:21:16,@Vortextheslayer87,ᗯ
0:21:16,@serpentsfief,IT WAS SO GOOD
0:21:16,@shrimpkuuu,will looey ever move out from the apartment and go solo
0:21:16,@Eightivealwayslovedyou-y7g,NOOO
0:21:16,@fishyroses,i drink soda i eat pizzai drink soda i eat pizzai drink soda i eat pizzai drink soda i eat pizza
0:21:17,@Kevinmomiaoficial,no lo ví todo UnU
0:21:17,@shadowmilkcookie-n1k,W and peak
0:21:17,@poxy_thecoolonehehe,aww
0:21:18,@cookieater-l6b,taoc
0:21:18,@SproutSeedly200,PEAKKKKKKKKKKKKKKKKKKKKKKKKKKKKKKKKKKKKKKKKKKKKKKKKKKKKKKKKKKKKKKKKKKKK
0:21:18,@TrinityLong-k7l1n,Nooo
0:21:18,@Shivery,W
0:21:18,@Damask-n2f,Tamers W
0:21:18,@UngulaPropriaRQ,@Tamers12345MLP yeah not like hes paying for cops 
0:21:19,@SkylarThompson-mu1qs,RND RND RND RND RND RND OR SHELLY OR BRUSHA AND TISHA
0:21:19,@ImKooka,Toons are singers by nature
0:21:19,@Eeth_the-lyxn,WHY DIDNT THEY POP LOOEY
0:21:20,@richietrejo-ramos2252,9/10
0:21:21,@SkylarThompson-mu1qs,RND
0:21:21,@xonya6300,This video was lazy and most of the time was wasted on them talking 
0:21:21,@Baldstro_novalite,W
0:21:21,@jennythebean9117,Good song choice Tamers
0:21:21,@GelaajoHAMBODEEJO,BLA BLA BLA SPPTOOOOODODODD
0:21:22,@magico_mestre56,I WANT PART TWO
0:21:23,@gonegonergone,I LOVE YOU TAMERS
0:21:23,@alynn_silly,thwnk you tamers for saving the world from the sun exploding
0:21:24,@SigmaRizz-du1cc,AHHHHH THANK YOU FOR INCLUDING MY HUSBAND BOXTENNNN
0:21:25,@UniquieNewsome,W
0:21:25,@Dandy_cabeçudo_calvo,oiiiii
0:21:25,@girlybrunette,YATTA EPISODE AND SHES SUPER MEXICAN PLEASE WE WANT HER TO BE SUPER MEXICAN PLEASE TAMERS SAMA
0:21:26,@Veezroom,tamer you should totally make a murder drone series
0:21:27,@ImNotThatKindOfPerson,W
0:21:27,@Kevinmomiaoficial,fue bueno :D
0:21:28,@magico_mestre56,I WANT PART TWO
0:21:28,@realblixels,i cant wait to see my name in one of theeszx xo 
0:21:28,@SkylarThompson-mu1qs,RND
0:21:28,@quericotemuevesEiden,8/10
0:21:29,@whoopsiemazie,Man sprout has such a nice singing voice
0:21:29,@TrinityLong-k7l1n,NOOO IT ENDED
0:21:29,@Eightivealwayslovedyou-y7g,WHY SO SHORT
0:21:29,@Shelly_withvee,𝕤𝕠 𝕡𝕣𝕖𝕥𝕥𝕪
0:21:30,@SkylarThompson-mu1qs,RND
0:21:30,@UniquieNewsome,10000/10
0:21:31,@applebloom2307,Goob and Looey episode? ( ･ิω･ิ)
0:21:31,@toniousley-harris833,100000/10
0:21:31,@Fizzyy_Wizzyy,real
0:21:31,@drakestart,IT IS A W THO
0:21:31,@Offlineforeverr,absolute cinema
0:21:32,@drakestart,WW
0:21:32,@drakestart,W
0:21:32,@drakestart,W
0:21:32,@Eightivealwayslovedyou-y7g,AHHHH
0:21:33,@Kevinmomiaoficial,wow
0:21:33,@magico_mestre56,I WANT PART TWO
0:21:33,@drakestart,W
0:21:33,@drakestart,WW
0:21:33,@grayslop,looeys in front of sprout on the car theyre gonna Kiss
0:21:33,@amnesiacrystal7248,W
0:21:33,@Eeth_the-lyxn,NEXT TIME POP LOOEY
0:21:34,@grimtidings5451,This was cute!
0:21:34,@Offlineforeverr,lol
0:21:36,@PrimalSunflower_Stan,Isnt this a copyrighted song
0:21:36,@Baldstro_novalite,Thank you for moonflowrr.
0:21:36,@Fizzyy_Wizzyy,welp
0:21:37,@WindowsMagnesium,Part 2
0:21:37,@Eggy_egg30,W
0:21:37,@Eightivealwayslovedyou-y7g,W
0:21:37,@Offlineforeverr,w
0:21:38,@JustJudoWhat,:face-red-heart-shape::face-red-heart-shape::face-red-heart-shape:
0:21:39,@meepmakesstuff,NOO I missed it
0:21:39,@drakestart,W PEAK
0:21:39,@UniquieNewsome,100000/10
0:21:39,@MIRKOKLUK,W
0:21:39,@СвятославаК-ы9б,I LOVED IT TAMERS !!!! have a good day / night Byee!!!!!!
0:21:40,@NubMcMoofin,:racehorse::racehorse::horse::horse::racehorse::racehorse::horse::racehorse:
0:21:40,@Kevinmomiaoficial,hermosoooooo
0:21:41,@richietrejo-ramos2252,Thank you 
0:21:41,@Yewrcat,W
0:21:41,@ruzzuldouglas,sucks how looey didnt pop himslef
0:21:41,@Fooper899,good night you all
0:21:41,@ImNotThatKindOfPerson,W
0:21:42,@EvelynSum41,Where was my king Finn :broken_heart::broken_heart::broken_heart:
0:21:43,@kalinoyunelsday,omgggg
0:21:43,@Yewrcat,W
0:21:43,@SkylarThompson-mu1qs,RND pls.-
0:21:44,@Cosmito21,WWWWW
0:21:44,@dominicunderwood4911,"short and...somewhat sweet. mostly sour, but still."
0:21:44,@Tamers12345MLP,They're gonna crash
0:21:45,@Baldstro_novalite,THANJ YOU FOR FEEDING ME
0:21:45,@EeveeSmart,w
0:21:45,@magico_mestre56,NO WAY
0:21:45,@Eeth_the-lyxn,POP LOOEY NEXT TIME
0:21:46,@shrimpkuuu,this was so cute im so happy
0:21:46,@Yewrcat,Peak
0:21:47,@drakestart,BYE GYS HAVE A GOOD DAY OR NIGHT
0:21:47,@Cosmito21,Www
0:21:48,@superarcade643,CUTEEEE
0:21:48,@Baldstro_novalite,W
0:21:48,@Veezroom,fr though EHY SO SHORT
0:21:48,@Yewrcat,Peka
0:21:49,@PrimalSunflower_Stan,This song is copyrighted bro
0:21:49,@ilikefrogzz6384,"Sprout you’re such a good singer. A great one, even."
0:21:49,@Cosmito21,W
0:21:49,@sproutseedly-n1v,I love berryfunnycake now ty
0:21:49,@SkylarThompson-mu1qs,RND RND RND
0:21:49,@toniousley-harris833,w
0:21:49,@Offlineforeverr,absolutely kewl
0:21:49,@toniousley-harris833,w
0:21:50,@toniousley-harris833,w
0:21:50,@Kiki-p3g9m,I LUV U TAMERS TY FOR FEEDING ME THIS YUMMY DISASTER
0:21:50,@toniousley-harris833,w
0:21:50,@richietrejo-ramos2252,BYEEEEE!! 
0:21:50,@toniousley-harris833,w
0:21:50,@toniousley-harris833,w
0:21:50,@SkylarThompson-mu1qs,RND
0:21:50,@toniousley-harris833,w
0:21:50,@toniousley-harris833,w
0:21:50,@serpentsfief,I MISS GOOB SO MUCH
0:21:51,@toniousley-harris833,w
0:21:51,@shrimpkuuu,no n ono 
0:21:51,@GelaajoHAMBODEEJO,0\10
0:21:51,@CIubkid,OOOUGHHHH :loudly_crying_face::loudly_crying_face::loudly_crying_face::loudly_crying_face::loudly_crying_face::anger_symbol::anger_symbol::anger_symbol::anger_symbol::anger_symbol::anger_symbol:
0:21:51,@toniousley-harris833,w
0:21:52,@Yewrcat,Peak
0:21:52,@carnagecanary8985,crazy
0:21:53,@SkylarThompson-mu1qs,RND
0:21:53,@BaguetteDealer,thank you Tamers.
0:21:53,@Milez1337,rnd pls lol
0:21:54,@Eeth_the-lyxn,CRASH
0:21:54,@CollinJohnson-nc7ue,10/10
0:21:54,@grimtidings5451,Lovely outro
0:21:54,@shrimpkuuu,please dont crash
0:21:55,@magico_mestre56,WOW
0:21:55,@cookieater-l6b,cuteee
0:21:55,@SkylarThompson-mu1qs,RND
0:21:55,@Cosmito21,W
0:21:56,@Irithyll,YATTA EPISODE NEXT PLZZZZZ
0:21:56,@Eeth_the-lyxn,CRASH
0:21:56,@seaweed52,awesome job. loved it
0:21:56,@Eightivealwayslovedyou-y7g,W
0:21:56,@EeveeSmart,w
0:21:57,@DLL.Blankp,:goodvibes:
0:21:57,@tmmzzz-w2j,w
0:21:58,@Fizzyy_Wizzyy,Tamers no:<
0:21:58,@Kevinmomiaoficial,xd
0:21:58,@Cosmito21,W
0:21:58,@tmmzzz-w2j,w
0:21:59,@EeveeSmart,w
0:21:59,@tmmzzz-w2j,w
0:21:59,@Eeth_the-lyxn,CRASH THE CAR
0:21:59,@SkylarThompson-mu1qs,Also slay.-
0:22:00,@ImNotThatKindOfPerson,sprouts singing voice is besutifufl 
0:22:00,@tmmzzz-w2j,w
0:22:00,@your_fav_penguin,rnd is dead remember?
0:22:01,@EeveeSmart,w
0:22:01,@tmmzzz-w2j,w
0:22:01,@JustJudoWhat,byeee
0:22:02,@tmmzzz-w2j,w
0:22:03,@Tamers12345MLP,"Give it time, Looey will pop himself"
0:22:03,@vazquezzavaladarielaalejan6147, W EPISODE
0:22:03,@meepmakesstuff,Noooo I miss it
0:22:03,@tmmzzz-w2j,w
0:22:03,@EeveeSmart,w
0:22:04,@DLL.Blankp,this is amazing
0:22:04,@Yewrcat,:loudly_crying_face::loudly_crying_face::heart_suit::heart_suit::heart_suit::heart_suit: so cute broo
0:22:04,@tmmzzz-w2j,w
0:22:04,@richietrejo-ramos2252,W
0:22:04,@Eeth_the-lyxn,CRASH THE CAR PLS
0:22:05,@Eightivealwayslovedyou-y7g,W
0:22:05,@GelaajoHAMBODEEJO,:face-red-droopy-eyes::face-red-droopy-eyes::face-red-droopy-eyes::face-red-droopy-eyes:
0:22:05,@SkylarThompson-mu1qs,RND episode.
0:22:05,@whoopsiemazie,If dandy and looey dont get the fuck out of the way they’ll crash 
0:22:05,@EeveeSmart,w
0:22:06,@Cosmito21,W
0:22:07,@shrimpkuuu,"hey, what's the song for this? it's really good"
0:22:07,@Shelly_withvee,𑁍ܓ:tulip:˚₊
0:22:08,@Moonzy-kit,THEYRE GONNA WHATT
0:22:09,@vazquezzavaladarielaalejan6147,W EPISODEEEE
0:22:09,@Eeth_the-lyxn,YAY
0:22:09,@Cosmito21,W
0:22:09,@GaLo-p8b,CRasss
0:22:09,@toniousley-harris833,w
0:22:11,@UniquieNewsome,e
0:22:12,@DLL.Blankp,sad the episode was so short
0:22:12,@vazquezzavaladarielaalejan6147,NOOOOO
0:22:12,@EeveeSmart,w
0:22:12,@MyriadSkyFlaming,This episode was amazing! Good night everyone!
0:22:13,@Abby.knight.1,ARE YOU SAYING I JS MISSED ALL OF IT
0:22:13,@shadowmilkcookie-n1k,OP
0:22:14,@ilikefrogzz6384,Rnd resurrection 
0:22:14,@Eightivealwayslovedyou-y7g,W
0:22:15,@mrcreemsupreme,"loveley episode, just wish there was more of astro's feet"
0:22:15,@SkylarThompson-mu1qs,Ressurect RND for eps.
0:22:15,@cookieater-l6b,w
0:22:15,@drakestart,W PEAK
0:22:16,@applebloom2307,Iwisj I could pop myself sometimes
0:22:16,@Yewrcat,My small gays need to kiss thhoooo aww
0:22:16,@ImNotThatKindOfPerson,W
0:22:16,@vazquezzavaladarielaalejan6147,NOT LOOEY
0:22:17,@Baldstro_novalite,e
0:22:17,@tmmzzz-w2j,WHAT
0:22:18,@Eeth_the-lyxn,LOOEYS GOING TO POP HIM SELF
0:22:18,@cookieater-l6b,w
0:22:18,@shrimpkuuu,it reminds me of little things
0:22:19,@drakestart,W
0:22:19,@drakestart,W23w
0:22:19,@Cosmito21,Good song
0:22:19,@vazquezzavaladarielaalejan6147,PLEASEEEEEEEEE
0:22:20,@cookieater-l6b,w
0:22:21,@Baldstro_novalite,LOSERRRR
0:22:21,@moonypastells,W
0:22:22,@Yewrcat,:loudly_crying_face::loudly_crying_face:
0:22:22,@Eightivealwayslovedyou-y7g,W
0:22:22,@SkylarThompson-mu1qs,OR make them demons-
0:22:23,@cookieater-l6b,w
0:22:23,@Shelly-f7p8v,WATCH THIS SERIES GET REALLY DARK OUT OF NOWHERE
0:22:24,@Fizzyy_Wizzyy,welp time to get to work on the next video Tamey chop chop
0:22:25,@magico_mestre56,this gonna take so many time?
0:22:25,@garyrowe8278,I just came here what happened 
0:22:26,@alcinaisMINE,Goodnight myriad we love you
0:22:26,@Eightivealwayslovedyou-y7g,W
0:22:26,@drakestart,BYE GUYS
0:22:26,@Yewrcat,Skk ok happy
0:22:27,@NubMcMoofin,:saluting_face::saluting_face::saluting_face::saluting_face:
0:22:27,@Eeth_the-lyxn,BUT I ALSO WANT THEM TO CRASH
0:22:28,@Abby.knight.1,:pensive_face:
0:22:30,@drakestart,BYE
0:22:30,@emetios,this has gotta be my favourite episode
0:22:31,@Eightivealwayslovedyou-y7g,W
0:22:31,@UngulaPropriaRQ,the saddest part of this credits is the fact that it's clearly from Looey's dream
0:22:31,@drakestart,BYEEEEEEEEEEEEEEEEE
0:22:32,@Sweetie-r9p9r,byyeee
0:22:33,@Charin12345-x,BYEEE
0:22:34,@Damask-n2f,Tamers unironically has great music taste
0:22:34,@MillerTheDarkTransPrince,so peaceful
0:22:34,@richietrejo-ramos2252,Song good!!
0:22:34,@whoopsiemazie,BYEEEE
0:22:35,@magico_mestre56,end
0:22:35,@UniquieNewsome,BYE
0:22:35,@cookieater-l6b,w
0:22:36,@Kevinmomiaoficial,comoOoooo
0:22:36,@Eightivealwayslovedyou-y7g,W
0:22:36,@Thais_família,AQKKQKAKAKA BYEEE
0:22:37,@ConductorNoli,Next ep when
0:22:38,@hikorikimo,Beez isn't here I'm in depressed
0:22:38,@magico_mestre56,bye
0:22:39,@Fizzyy_Wizzyy,theyre not gonna crash
0:22:40,@Zac-l7c,byeee
0:22:40,@drakestart,BYEEEEEEEEEEEEEEEEEEEEEEEEEEEEEEEEEEEEEEEEEEEEEEEEEEEEEEEEEEEEEEEEEEEEEEEEEEEEEEEEEEEEEEEEEEEEEEEEEEEEEEEEEEEE
0:22:40,@Eightivealwayslovedyou-y7g,W
0:22:41,@NubMcMoofin,:saluting_face:
0:22:41,@richietrejo-ramos2252,BYEEEEE!!!!
0:22:42,@Hmon160,gn
0:22:42,@heartlessinsect,baii
0:22:42,@whoopsiemazie,FLOWERBERRY KISS NEXT EPISODE I SWEAR
0:22:42,@shrimpkuuu,YAAAAY
0:22:43,@UniquieNewsome,hyee
0:22:43,@Eeth_the-lyxn,CRASH IM BEGGING
0:22:43,@magico_mestre56,bye guys
0:22:43,@Yewrcat,I need this fat looey pic at end :loudly_crying_face:
0:22:44,@PrimalSunflower_Stan,Its a good morning for me but whatever
0:22:45,@Kevinmomiaoficial,:face_with_raised_eyebrow:
0:22:45,@MillerTheDarkTransPrince,bye everyone
0:22:45,@jennythebean9117,Mmmm pretty good Yaoi 
0:22:45,@KvVuld,yay
0:22:46,@alcinaisMINE,Oh boy!
0:22:46,@Fizzyy_Wizzyy,its so cute
0:22:47,@kalinoyunelsday,wwww
0:22:47,@moonypastells,BYE
0:22:47,@drakestart,BYEE
0:22:48,@applebloom2307,Don't leave yet (｡>﹏<｡)
0:22:48,@Eightivealwayslovedyou-y7g,BYEEEEEEEEEEEE
0:22:48,@Eeth_the-lyxn,NOOOOO
0:22:48,@zocie,the end
0:22:48,@Aceywacey69,NOOO ITS OVERRR
0:22:48,@ilikefrogzz6384,HELP WHY DO PEOPLE WANT THEM TO CRASH
0:22:49,@TrinityLong-k7l1n,BYE SEE YA LATER
0:22:50,@MIRKOKLUK,AWW BYE
0:22:50,@magico_mestre56,wow
0:22:50,@whoopsiemazie,FLOWERBERRY KISS
0:22:50,@Veezroom,aw
