timestamp,author,message
0:00:00,@Elikeboa-o6y6x,67
0:00:00,@Mooniesstones,:face-blue-smiling:
0:00:00,@LipSlopCooker,nrusha was shot in a 7/11
0:00:00,@Missfortune67,OMGGG
0:00:00,@Pawsfurever-v1b,8
0:00:00,@MyriadSkyFlaming,AHH!
0:00:01,@blankgrl,:waving_hand::blue_circle::blue_circle: BARDONIC FOREVER
0:00:01,@сникирс-о0,6
0:00:01,@sleepy635,"hey tam, imagine people try to copy you using AI"
0:00:01,@HeadlessCosmo,:yt::yt::yt::yt::yt::yt::yt::yt::yt::yt::yt:
0:00:01,@FellSlammed,LET THE TAMERCEL BEGIN
0:00:01,@vbbh736,OMG yes
0:00:01,@Zzzzzzzzzzzzzzzz_000,:blue_circle::yellow_circle: :red_circle::white_circle:
0:00:02,@Pawsfurever-v1b,7
0:00:02,@XxZ0MB1E_K1TTYxX,OMGGG
0:00:02,@icelemonhehe,5
0:00:03,@wakommm,YES
0:00:03,@twomamasjamas,Farts so loud
0:00:03,@Cattle.ink.3,EAKKKKKKKKKK
0:00:03,@ayyo-bun3534,1
0:00:04,@vbbh736,OMG yes
0:00:04,@milkdud8614,drools
0:00:04,@jennythebean9117,6 7
0:00:04,@HeadlessCosmo,:buffering::buffering::buffering::buffering::buffering::buffering::buffering::buffering::buffering::buffering::buffering:
0:00:04,@XxZ0MB1E_K1TTYxX,4
0:00:04,@dottedAnarchist,YES
0:00:04,@rodneyslivinski2333,22
0:00:04,@moriorinvictus69,IKUSEI
0:00:05,@HMZeroTwo,67
0:00:05,@kimberlyortiz9030,AHAHHAHAHAHAHAHHAHAHAHAHAAH
0:00:05,@vortexfury3555,TRIXIE
0:00:05,@ShellyFossilianMM,IM BUSTING
0:00:05,@dottedAnarchist,YES
0:00:05,@0h712,HERE WE GOOO
0:00:05,@What-bm7nr,AHHH
0:00:06,@icelemonhehe,1
0:00:06,@rodneyslivinski2333,21
0:00:06,@lyonsheartmusic,:eyes-pink-heart-shape::eyes-pink-heart-shape::eyes-pink-heart-shape:
0:00:06,@C0llecter-513,i hope there's a hunky soulvester
0:00:07,@Sproutseedly-j5n,YAYYAYAY
0:00:07,@jonellcoco1103,Astro trial beings 
0:00:07,@ayyo-bun3534,WOOOOOOOO
0:00:07,@UltimateBlanket,LET'S GOOOOOO
0:00:07,@OrpheusHart,WE ARE SO BACK!!
0:00:08,@Shivery,1
0:00:08,@HeadlessCosmo,:videocall:
0:00:08,@FELIZ_NAVIDAD67,Tamers oh tamers
0:00:09,@iheartkittennn,MY MOM FOUND MY YAOI
0:00:10,@сникирс-о0,YAY
0:00:10,@XxZ0MB1E_K1TTYxX,YESSSS
0:00:11,@NubMcMoofin,:racehorse::racehorse::racehorse::racehorse::horse::racehorse::horse::horse:
0:00:11,@What-bm7nr,OH?
0:00:11,@creamsouda3338,PEAK 
0:00:11,@ears-123,61
0:00:11,@No1MegurineLukaFan52,PROTECT MY BBG ASTRO
0:00:11,@dribvox,WOA
0:00:12,@Fizzyy_Wizzyy,dope
0:00:12,@lavender_Milkk,yesssss
0:00:12,@creamsouda3338,PEAK
0:00:13,@creamsouda3338,PEAKKK
0:00:14,@sleepyhead_starrie,Peak is starting
0:00:14,@ptkebr,Oh heck yeah
0:00:14,@Pepsi_Gange,..
0:00:14,@Tribloom,LOL
0:00:15,@creamsouda3338,WE ARE SO BNACK
0:00:15,@dottedAnarchist,juicer
0:00:16,@FELIZ_NAVIDAD67,Toes
0:00:16,@punkypony5165,Cute
0:00:16,@Kualxek,OMG
0:00:17,@Pawsfurever-v1b,YEES
0:00:18,@balddandu,tamers is yummy in my tummy
0:00:18,@rAliusplate,I've gotta say something quickly so that my comment can be immortalized within this video!!!!
0:00:18,@vbbh736,:buffering::buffering::buffering::buffering::buffering:
0:00:18,@cryptickopia,OH??
0:00:18,@Elexir108,:winking_face_with_tongue::winking_face_with_tongue::winking_face_with_tongue::winking_face_with_tongue:
0:00:19,@What-bm7nr,THE FEET
0:00:19,@XxZ0MB1E_K1TTYxX,FETTTT
0:00:20,@Gloom_Wood3D,Astro put socks on god
0:00:21,@Pawsfurever-v1b,ABSOLUTE CINEMA
0:00:21,@tecversal-k6m,OHMY GODD YES
0:00:21,@LipSlopCooker,PEAK
0:00:21,@2nd.videlle.arriaga,3
0:00:22,@jo3a548,CUT
0:00:22,@ZoombaPumba,AYO
0:00:22,@twomamasjamas,5
0:00:22,@alcohollibee8645,Shelly x VEe ????
0:00:23,@astronovalitelover,ITS ALL OVER THE SCREENNNNNN
0:00:24,@icelemonhehe,YURI AND YAOI!
0:00:25,@jennythebean9117,Lesbians 
0:00:25,@iheartkittennn,i’m peeing
0:00:25,@Fizzyy_Wizzyy,awwww astro n dandy
0:00:26,@vbbh736,OMG
0:00:26,@XxZ0MB1E_K1TTYxX,TOEEE
0:00:27,@Solums,Vee
0:00:27,@Sproutseedly-j5n,yuri
0:00:27,@3-ST4R-3,TOESS
0:00:28,@ZoombaPumba,BROOO DANDY
0:00:28,@vbbh736,OMG
0:00:29,@StarStarHooray,yuti
0:00:30,@absbirdball,bruh
0:00:30,@Tribloom,LMFAO
0:00:30,@Chevreuse-f2l,YES
0:00:30,@StarStarHooray,yuri
0:00:30,@ayyo-bun3534,FIRST THE DEHYDRATOR NOW THE JUICER
0:00:31,@RiseCrispee,IM CRUING
0:00:31,@Cheeseandblood,OH NO
0:00:31,@Hyloaf,Yuri spotted
0:00:32,@tmen9008,:eyes:
0:00:32,@XxZ0MB1E_K1TTYxX,OMGGG
0:00:32,@creamsouda3338,?
0:00:33,@dottedAnarchist,FOOT PICS
0:00:33,@Kualxek,LETDS GO YURI
0:00:33,@Gloom_Wood3D,Wow
0:00:33,@vanveleca,Dandy
0:00:35,@Uni_Real0,NAHHH
0:00:35,@ayyo-bun3534,LMAO
0:00:36,@Tamers12345MLP,Why are you guys saying feet as if toons don't have feet
0:00:36,@DUCKY-_-QUACK,XD
0:00:36,@punkypony5165,Lol
0:00:36,@Pepsi_Gange,YAYAYAY
0:00:38,@ayyo-bun3534,WOW
0:00:38,@XxZ0MB1E_K1TTYxX,YAOI AND YURI
0:00:38,@RiseCrispee,toes was crazy
0:00:39,@Shivery,Yuri & Yaoi
0:00:39,@Fizzyy_Wizzyy,LMAOOO
0:00:39,@dottedAnarchist,FOUL
0:00:40,@FELIZ_NAVIDAD67,Omgggg
0:00:40,@blankgrl,Yoooooooo
0:00:41,@XxZ0MB1E_K1TTYxX,OMGG
0:00:41,@dottedAnarchist,FOUL
0:00:41,@jonellcoco1103,WHAT DANDY
0:00:41,@iheartkittennn,WHATSGT
0:00:42,@scall0p639,Put them dawgs AWAY astro 
0:00:45,@jo3a548,LOLOO
0:00:45,@vortexfury3555,TRIXIE
0:00:45,@Pawsfurever-v1b,YAOI
0:00:47,@tmen9008,:eyes-purple-crying:
0:00:49,@iheartkittennn,YAORI
0:00:49,@ptkebr,hello Mr Tamers
0:00:49,@ShellyFossilianMM,SHELLVISION
0:00:50,@C0llecter-513,LOL
0:00:51,@HMZeroTwo,dandy is just like me fr
0:00:52,@ayyo-bun3534,THAT WOULD BE FEET
0:00:52,@UltimateBlanket,Dandy's World - The Movie #4
0:00:53,@Maxiham,TOES
0:00:54,@vanveleca,"""that would be feet"""
0:00:54,@TotallyjustsomeBread,YAOI YAOI YAOI
0:00:54,@Hyloaf,lol
0:00:54,@Tamers12345MLP,Toons don't wear shoes
0:00:55,@rodneyslivinski2333,OOO SPILL THE TEA
0:00:55,@blankgrl,Lmfaoooooooooo
0:00:56,@icelemonhehe,bc they don't have feet in game tamers.
0:00:57,@ginyu420,Awk-waaaaaaaard.
0:00:57,@ayyo-bun3534,LMAO
0:00:57,@Sproutseedly-j5n,YAYAYYAYYA
0:00:58,@separacuencas567,:face-purple-crying::face-purple-crying::face-purple-crying:
0:00:59,@Pawsfurever-v1b,RUN ASTRO
0:01:00,@HMZeroTwo,THAT WOULD BE FEET
0:01:00,@twomamasjamas,LMAO
0:01:02,@Fizzyy_Wizzyy,lolololol
0:01:02,@Sproutseedly-j5n,aFeeet
0:01:04,@hitariart2299,I'm crying
0:01:05,@ptkebr,this is very good stuff
0:01:05,@ayyo-bun3534,THEY WEAR TOES
0:01:05,@Kualxek,ILOVE vees voice
0:01:06,@icelemonhehe,true but no toe :pleading_face:
0:01:06,@Dragonoid7Ultra,Oh that make sense 
0:01:08,@felix_pawzx,BRO GOT SNITCHDD ON
0:01:09,@Sm0gMuff1n,okay then do you?
0:01:10,@dottedAnarchist,YES YES YES
0:01:10,@MyriadSkyFlaming,YAOI!
0:01:10,@DUCKY-_-QUACK,i’m peak
0:01:10,@LipSlopCooker,can we have more astro feet plz
0:01:11,@lavender_Milkk,clanker vee
0:01:15,@Portals_2019,ASTRO’S DAWGS BEFORE GTA6
0:01:15,@creamsouda3338,?
0:01:15,@REYNARD_GOODFELLOW,Is Astro's feet also dirty and stinky?
0:01:15,@dottedAnarchist,WHY
0:01:16,@GuitarVader_,Peakers blessing us yet again
0:01:16,@dottedAnarchist,WHY
0:01:18,@jennythebean9117,>:3
0:01:18,@dottedAnarchist,WHY 
0:01:18,@ayyo-bun3534,WTF
0:01:18,@Missfortune67,what
0:01:18,@Fizzyy_Wizzyy,dandy ruined the moment
0:01:19,@dottedAnarchist,WHY
0:01:19,@What-bm7nr,WHYS HE OBSESSED WITH THE FEET
0:01:20,@Chevreuse-f2l,PFFT
0:01:20,@1oneamate,the
0:01:20,@Cattle.ink.3,SHELLLYYYYYYYY!!!!!!
0:01:21,@Sproutseedly-j5n,CRISTmad
0:01:21,@TotallyjustsomeBread,This is peak:oops:
0:01:22,@iheartkittennn,HELP WHAT :broken_heart:
0:01:22,@HMZeroTwo,toons wear thigh high socks though 
0:01:23,@XxZ0MB1E_K1TTYxX,FWWT???
0:01:23,@jo3a548,Lololool
0:01:24,@3-ST4R-3,YAOII
0:01:24,@ayyo-bun3534,UH OH STINKY
0:01:24,@Chevreuse-f2l,WHAT
0:01:25,@1oneamate,the
0:01:25,@HMZeroTwo,HELLO DANDY???
0:01:25,@UltimateBlanket,Idk
0:01:26,@ASTRONAUT-d3s, YES
0:01:26,@Pawsfurever-v1b,I CAN'T
0:01:27,@lavender_Milkk,woah :broken_heart:
0:01:28,@1oneamate,the
0:01:28,@Treekotrouble,valid ask lol
0:01:28,@applebloom2307,Oop
0:01:28,@dottedAnarchist,DANDICUS IS SELLING
0:01:29,@applebloom2307,MY WIFI
0:01:29,@ASTRONAUT-d3s,YES
0:01:29,@creamsouda3338,ts so beautiful...
0:01:30,@Pepsi_Gange,WHATT
0:01:32,@balddandu,Я съел свинью :3
0:01:32,@TheMTwinny,So much talk about feet...
0:01:33,@sleepyhead_starrie,Astro don’t die
0:01:34,@Elexir108,Dandy has a problem
0:01:34,@Arpit_Chaudhari98,ASTRO DESERVES FOOT LOVE
0:01:34,@Tamers12345MLP,"@REYNARD_GOODFELLOW Probably, yeah"
0:01:34,@dottedAnarchist,DANDICUS IS GENUINELY SELLING
0:01:36,@UltimateBlanket,I cannot answer it
0:01:37,@blankgrl,He's into t
0:01:38,@Onepieceshortyyt,WHAT
0:01:38,@ayyo-bun3534,NO HE GAVE PERMISSION
0:01:39,@hitariart2299,me to sigh
0:01:41,@XxZ0MB1E_K1TTYxX,my damn internet :broken_heart:
0:01:41,@Stratosfear_930,wtf am i watching
0:01:42,@Brooklyn_Dandicus,MOONFLOWER AND SHELLVISION MENTIONED??
0:01:43,@Fizzyy_Wizzyy,lmaooo
0:01:44,@LvXGameMaster,Oh yay. On time
0:01:46,@dottedAnarchist,YES YES
0:01:47,@Naro488,LOLL SPROUTT
0:01:47,@fixmeoww,brappp
0:01:48,@felix_pawzx,BRO
0:01:49,@ayyo-bun3534,RIGHT
0:01:50,@Pawsfurever-v1b,ASTRO
0:01:50,@grayluck4694,Doctor Whooves: :tomato::tomato::tomato:
0:01:50,@TheMTwinny,faaaaaaaaaaaaaaaaaart
0:01:51,@vanveleca,BRAP
0:01:53,@Portals_2019,WHAT
0:01:53,@Chevreuse-f2l,THE FART HELLO
0:01:54,@icelemonhehe,sprout??
0:01:54,@jonellcoco1103,Oh Astro 
0:01:54,@lavender_Milkk,farted
0:01:55,@punkypony5165,I like the robot
0:01:56,@Kualxek,LMAO
0:01:56,@XxZ0MB1E_K1TTYxX,DAMNNNN
0:01:58,@dottedAnarchist,astro brap on me
0:01:58,@Fizzyy_Wizzyy,he said it's ok bro>:(
0:02:01,@Somerandompersonexisting,Bruh feet
0:02:02,@ayyo-bun3534,THATS HOT
0:02:03,@grayluck4694,Doctor Whooves: :tomato::tomato::tomato:
0:02:03,@SpookyAmmo,sniffing the screen rn
0:02:03,@Yourlocalallen,Gulp
0:02:04,@dottedAnarchist,WHAT
0:02:06,@What-bm7nr,A WHAT
0:02:07,@MyriadSkyFlaming,hahaha!
0:02:08,@dottedAnarchist,YES PEAK
0:02:08,@ptkebr,oh heavens
0:02:08,@icelemonhehe,WOAH DANDY
0:02:08,@XxZ0MB1E_K1TTYxX,BRAPPP
0:02:08,@majakekyte,why is shellys jacket so fat omg
0:02:08,@DUCKY-_-QUACK,AYO
0:02:09,@Missfortune67,oh
0:02:10,@dominicunderwood4911,oh boy
0:02:12,@jo3a548,Lololollol
0:02:12,@Pawsfurever-v1b,TRADITION
0:02:12,@сникирс-о0,NOO IM WANT Fruitcake
0:02:12,@ayyo-bun3534,FUCK YES
0:02:13,@What-bm7nr,OH??
0:02:14,@Vexthemxz,shelly is so cute
0:02:14,@C0llecter-513,its TRADITION
0:02:14,@sleepy635,what are their size?
0:02:15,@iheartkittennn,shelly :face_holding_back_tears:
0:02:16,@Sproutseedly-j5n,yaio
0:02:16,@Fizzyy_Wizzyy,omg sprout
0:02:16,@HMZeroTwo,need spankings from sprout
0:02:16,@DUCKY-_-QUACK,peak
0:02:17,@Gloom_Wood3D,And people go to theaters to watch cinema
0:02:17,@Kualxek,WAT
0:02:18,@Chevreuse-f2l,I’d like that
0:02:18,@lavender_Milkk,help
0:02:19,@ayyo-bun3534,RED SANTA
0:02:20,@zenkilled,lmaoo
0:02:20,@ptkebr,whaaaa
0:02:20,@GuitarVader_,You think Sprout has toe jam between his toes? What would it smell/taste like? We need to know @Tamers12345MLP 
0:02:21,@dottedAnarchist,PEAK
0:02:21,@Treekotrouble,nice
0:02:21,@LipSlopCooker,shelly can u go back doing woman thingss and let men like dandy and astro wiggle their toes
0:02:21,@Chevreuse-f2l,ME
0:02:22,@C0llecter-513,What?!
0:02:22,@Shivery,:blue_circle: :blue_circle: :waving_hand:
0:02:23,@Pawsfurever-v1b,YAOI
0:02:23,@RiseCrispee,oh okay
0:02:23,@XxZ0MB1E_K1TTYxX,WHATTTT
0:02:23,@dottedAnarchist,PEAK TRADITION
0:02:24,@Tamers12345MLP,Toons fart like normal people do and there's nothing wrong with that
0:02:25,@jo3a548,Classic sprout
0:02:25,@Elexir108,Help
0:02:27,@vbbh736,Dandy what
0:02:28,@absbirdball,rodger
0:02:28,@HMZeroTwo,IT SHOULDVE BEEN ME NOT HIM
0:02:29,@astronovalitelover,TSUNDANDY
0:02:31,@lavender_Milkk,get the whip bro :broken_heart:
0:02:32,@IdolatrineEnthusiast,LMAOO RODGER
0:02:34,@Fizzyy_Wizzyy,my boi Roger
0:02:34,@punkypony5165,Roger!
0:02:36,@XxZ0MB1E_K1TTYxX,RODGER
0:02:37,@Sproutseedly-j5n,i love doing that
0:02:37,@alcohollibee8645,Shelly so cute
0:02:37,@jennythebean9117,Roger have a bbl
0:02:37,@vanveleca,Rodger Gyatt
0:02:38,@Chevreuse-f2l,RODGER
0:02:38,@iheartkittennn,"sprout and dandy need to kiss again, tamers.."
0:02:39,@icelemonhehe,HELP
0:02:40,@HMZeroTwo,GOOO RODGER
0:02:40,@jonellcoco1103,Rodger
0:02:41,@NubMcMoofin,:smiling_face_with_hearts::smiling_face_with_hearts:
0:02:41,@blankgrl,GODDDD
0:02:41,@milkdud8614,tamers if you see this message please kill brusha next episode
0:02:42,@ptkebr,oh it's the big ass guy
0:02:42,@ayyo-bun3534,GYAAAT DAMN
0:02:44,@AnimeGames16,LOL
0:02:44,@alcohollibee8645,24 years 
0:02:45,@XxZ0MB1E_K1TTYxX,RODGER O LOVE YOU
0:02:45,@Kualxek,PEBBLE MENTIONED
0:02:46,@What-bm7nr,OH MY
0:02:46,@にくべんきEztli,lol
0:02:48,@fixmeoww,the return of big butt rodger
0:02:49,@Beetlesfruitcake,OH MY GOD RODGER
0:02:49,@Kualxek,YAY
0:02:49,@connornevitt,um yep
0:02:49,@C0llecter-513,:eyes:
0:02:50,@Chevreuse-f2l,24 YEARS IN A ROW???
0:02:50,@Fizzyy_Wizzyy,pebble
0:02:51,@Solums,That cake
0:02:51,@XxZ0MB1E_K1TTYxX,I LOVE YOU RODGER
0:02:52,@1oneamate,im a witness
0:02:53,@FELIZ_NAVIDAD67,Oh my Rodger 
0:02:53,@ginyu420,Roger my beloved :sparkles::black_circle: :black_circle: :waving_hand:
0:02:54,@Tribloom,:smiling_face_with_heart_eyes:
0:02:54,@SpookyAmmo,pebble is cute
0:02:55,@bobetti.ৎ,YESSSSSS
0:02:55,@LipSlopCooker,pebble got his tail back omg
0:02:55,@MyriadSkyFlaming,oh my! :biting_lip:
0:02:57,@TotallyjustsomeBread,ASTRO
0:02:57,@creamsouda3338,LMAOOO??
0:02:58,@milkdud8614,rodegers makes me feel ways
0:02:59,@Cosmosnumber1fan,30 SECONDS 
0:02:59,@ayyo-bun3534,WTF
0:03:00,@ZoombaPumba,l
0:03:00,@iheartkittennn,DANDY AND SPROUT NEED TO KISS AGAIN PLEASE :drooling_face::drooling_face::drooling_face:
0:03:01,@dottedAnarchist,WHAT
0:03:01,@lavender_Milkk,unc roger
0:03:01,@XxZ0MB1E_K1TTYxX,WHATTT
0:03:01,@ZoombaPumba,l
0:03:01,@Pawsfurever-v1b,DANDY YOU GAY AHH
0:03:02,@ayyo-bun3534,OH DAMN
0:03:02,@TheMTwinny,LMAO
0:03:03,@ZoombaPumba,L
0:03:03,@сникирс-о0,NO IM WANT Fruitcake
0:03:04,@ptkebr,oh shit
0:03:04,@XxZ0MB1E_K1TTYxX,NOOOOO
0:03:05,@Kualxek,LOL
0:03:06,@FELIZ_NAVIDAD67,LOL
0:03:06,@vanveleca,:eyes-purple-crying::eyes-purple-crying::eyes-purple-crying:
0:03:07,@Fizzyy_Wizzyy,lmaooo w sprout
0:03:08,@estrogenVampire,christmas long gone tamers
0:03:09,@grimtidings5451,DAMN
0:03:11,@Sproutseedly-j5n,GASP
0:03:13,@creamsouda3338,MY KING IS ALL NATURAL
0:03:13,@ayyo-bun3534,NATURAL CAKE
0:03:15,@lavender_Milkk,lo
0:03:16,@Chevreuse-f2l,HAH
0:03:17,@XxZ0MB1E_K1TTYxX,NOOOO DANDYS
0:03:19,@Pawsfurever-v1b,SPROUT HOW COULD YOU
0:03:20,@Sm0gMuff1n,YES ITS ALL NATURAL
0:03:20,@IdolatrineEnthusiast,???
0:03:21,@HMZeroTwo,Rodger is 100% natural which is why he always has the slowest speed in the game by default
0:03:21,@vanveleca,what?
0:03:22,@jennythebean9117,Natural bbl
0:03:22,@ayyo-bun3534,HE BLESSED
0:03:22,@punkypony5165,Nefarious Lesbians are the best Lesbians. 
0:03:23,@dottedAnarchist,rodger ALL natrual.
0:03:24,@tdrocks3483,LOLLL
0:03:24,@XxZ0MB1E_K1TTYxX,LOOEY
0:03:27,@twomamasjamas,ITS NOT A BBL
0:03:27,@creamsouda3338,lol?
0:03:28,@Fizzyy_Wizzyy,Rodgers is natrual
0:03:28,@lavender_Milkk,wow :broken_heart:
0:03:29,@HMZeroTwo,LOOEY BAUBLE
0:03:29,@This_user_likes_Zip,PEBBLE
0:03:30,@majakekyte,NO PEBBLE
0:03:30,@1oneamate,its obviously yes
0:03:31,@MessiahGholston-v9c,sorry that I'm late
0:03:32,@dottedAnarchist,pebble justice.
0:03:32,@iheartkittennn,PEBBLE NOO
0:03:32,@Cosmosnumber1fan,Real buns
0:03:33,@TotallyjustsomeBread,WOAHHHHH
0:03:33,@milkdud8614,please toture brusha
0:03:34,@icelemonhehe,SPROUT PLUCH??
0:03:35,@creamsouda3338,AWWW HES SO CUTE
0:03:35,@сникирс-о0,WHERE FRUIYCAKE
0:03:35,@TheMTwinny,sad braps awww
0:03:35,@Kualxek,PEBBLE
0:03:36,@alcohollibee8645,Poor pebble
0:03:36,@jo3a548,Lolololol
0:03:36,@Uni_Real0,LMAO AM CRINE
0:03:36,@balddandu,dandy fartscare
0:03:37,@XxZ0MB1E_K1TTYxX,OMHH
0:03:37,@ayyo-bun3534,BBT BIG BEUTIFUL TOON
0:03:37,@icelemonhehe,PLUSH
0:03:38,@ginyu420,"Dandicus has been so sus this episode, my GOODNESS."
0:03:39,@dottedAnarchist,OH MY GOD
0:03:40,@iheartkittennn,sprout body pillow
0:03:42,@LipSlopCooker,rodger is 100% natural and there is no reason why he cant be natural
0:03:42,@dottedAnarchist,HIS GOD
0:03:44,@bobetti.ৎ,WHAAAA
0:03:45,@UngulaPropriaRQ,im gonna get a bbl because of tamers videos
0:03:45,@Portals_2019,WHY IS VEE’S VOICE SO CRUSTY
0:03:45,@creamsouda3338,PEBBLE IS SO CUTE DUDE
0:03:45,@dottedAnarchist,DOG
0:03:46,@Cheeseandblood,ew AI orange juice
0:03:48,@UltimateBlanket,Absolute Cinema
0:03:48,@XxZ0MB1E_K1TTYxX,NOOO
0:03:48,@сникирс-о0,IM HATE BERRUFLOWER
0:03:48,@dottedAnarchist,GANG
0:03:50,@PacAttaq,why is the oragne juice ai
0:03:51,@Pepsi_Gange,wtff
0:03:52,@MyriadSkyFlaming,hahaha!
0:03:52,@TheMTwinny,LMAO PEBBLE ALSO INVITED
0:03:52,@Kualxek,DAH DOG
0:03:52,@ayyo-bun3534,LMAO
0:03:55,@DUCKY-_-QUACK,DAMN
0:03:55,@iheartkittennn,OH MY GOD
0:03:55,@XxZ0MB1E_K1TTYxX,OH MY GOD
0:03:56,@alcohollibee8645,Damn pebble
0:03:56,@vanveleca,lmao
0:03:57,@moriorinvictus69,mogged
0:03:57,@dottedAnarchist,AND HE GOT SLIMED OUT
0:03:58,@Beetlesfruitcake,OH
0:03:58,@ptkebr,DAYUM
0:03:59,@Tamers12345MLP,1/4th of these bitches thinking his ass is fake is crazy
0:03:59,@Chevreuse-f2l,LOL
0:03:59,@C0llecter-513,WHOA
0:03:59,@Cheeseandblood,I love Pebble so much
0:03:59,@lavender_Milkk,hell nah
0:03:59,@Pawsfurever-v1b,PEBLE
0:04:00,@majakekyte,Pebble NO
0:04:01,@jonellcoco1103,OMG
0:04:01,@imliterallysally,PEBBLE?
0:04:01,@iheartkittennn,damn.
0:04:01,@punkypony5165,rekt
0:04:01,@XxZ0MB1E_K1TTYxX,DAMNNN
0:04:01,@HMZeroTwo,GOT FOLDED BY THE DOG
0:04:02,@jo3a548,Lololololol
0:04:02,@Starfire_777,Deserved
0:04:03,@Uni_Real0,o
0:04:04,@Pawsfurever-v1b,DANDY
0:04:04,@DUCKY-_-QUACK,Holy cake
0:04:04,@SpookyBat94,lol
0:04:04,@XxZ0MB1E_K1TTYxX,:face_with_hand_over_mouth::face_with_hand_over_mouth::face_with_hand_over_mouth:
0:04:06,@bartc561,Got em
0:04:06,@estrogenVampire,ooh laa laa
0:04:06,@Sprout_FanBv,LOLLL
0:04:06,@felix_pawzx,ouh
0:04:09,@Elexir108,Ok grinch
0:04:09,@C0llecter-513,holy
0:04:09,@XxZ0MB1E_K1TTYxX,OMGG
0:04:10,@FELIZ_NAVIDAD67,Awwwwww
0:04:11,@bobetti.ৎ,GOD DAMN
0:04:11,@iheartkittennn,AWEEEE SCRAPS 
0:04:12,@What-bm7nr,DAMN ITS FAT
0:04:12,@jo3a548,Dayum
0:04:12,@Portals_2019,HOLY
0:04:12,@XxZ0MB1E_K1TTYxX,AWWWWWW
0:04:13,@ZoombaPumba,GOOB IS SO CUTE
0:04:14,@ayyo-bun3534,WHERE YO AAC MACHINE BOI
0:04:15,@Xzonza1,Best voice in Dandy's World is the shrimp
0:04:16,@ASTRONAUT-d3s,Wtf
0:04:16,@icelemonhehe,awww cute
0:04:16,@Shivery,Finn x Shrimpo is canon
0:04:18,@MyriadSkyFlaming,scrooge
0:04:18,@trap631,he deserves to spend his Christmas alone and afraid
0:04:19,@XxZ0MB1E_K1TTYxX,LOOK AT
0:04:19,@Chevreuse-f2l,AWWW
0:04:21,@creamsouda3338,shrimpo the grinch ?
0:04:21,@ayyo-bun3534,DAMN
0:04:21,@Cattle.ink.3,angry hugs
0:04:23,@FELIZ_NAVIDAD67,Oh Shri
0:04:24,@Kualxek,OMMGG
0:04:24,@fixmeoww,awww
0:04:24,@jo3a548,Cute
0:04:25,@icelemonhehe,NOO
0:04:25,@TheMTwinny,Is Goob this world's Darpy?
0:04:25,@XxZ0MB1E_K1TTYxX,LOOK AT THEM AWWWWW
0:04:26,@balddandu,TAMERS IM NOT A BITCH :loudly_crying_face:
0:04:26,@ptkebr,ohhhh
0:04:27,@TheMTwinny,Derpy?
0:04:27,@C0llecter-513,Aww nooo
0:04:27,@dottedAnarchist,SHRIMP
0:04:28,@fixmeoww,goob is so cute
0:04:28,@Stratosfear_930,glock 19 where?
0:04:28,@jonellcoco1103,Angry hugs 
0:04:29,@dottedAnarchist,FINN FIN
0:04:29,@blankgrl,Why is he so cuteee
0:04:29,@milkdud8614,please please have a toture scence with brusha
0:04:30,@dottedAnarchist,FINN
0:04:30,@Kualxek,FINNN LETS GOOO
0:04:30,@ayyo-bun3534,HE SO MAD
0:04:30,@Pawsfurever-v1b,holy grinch
0:04:30,@dottedAnarchist,FINN
0:04:30,@rAliusplate,FINN!!!
0:04:31,@CHILDE1FAN,FINN)))
0:04:32,@ZoombaPumba,yooooooooOOOOOOOOOOOOOOO
0:04:32,@ASTRONAUT-d3s,CAKE
0:04:32,@HMZeroTwo,OMG FINN
0:04:33,@dottedAnarchist,FINN SPOTTED
0:04:33,@Fizzyy_Wizzyy,poor shrimp
0:04:34,@XxZ0MB1E_K1TTYxX,AWWWWWW FINNN
0:04:34,@FELIZ_NAVIDAD67,Oh shrimpo... 
0:04:35,@C0llecter-513,i love shrimpo
0:04:35,@Kualxek,FIINNNNNN
0:04:36,@jo3a548,Gays
0:04:36,@Chevreuse-f2l,FINN
0:04:36,@This_user_likes_Zip,THE TRACED ART LMAO
0:04:36,@dottedAnarchist,UPROAR
0:04:37,@iheartkittennn,his room is so pink ^^
0:04:37,@estrogenVampire,at what point does the end happen in this animation
0:04:37,@Shivery,ofc he has a pink room
0:04:37,@Uni_Real0,FINN
0:04:38,@Brooklyn_Dandicus,BRO-
0:04:38,@HMZeroTwo,AND HE'S WEARING THE SWEATER
0:04:39,@C0llecter-513,dude
0:04:39,@Onepieceshortyyt,FINN
0:04:40,@XxZ0MB1E_K1TTYxX,HE SOO CUTE
0:04:40,@alcohollibee8645,Finn 
0:04:40,@Kualxek,FINNNMENTIONEDD
0:04:41,@ayyo-bun3534,MY SPIRIT ANIMAL
0:04:41,@UngulaPropriaRQ,SHRIMPO IS MY FAV
0:04:41,@FELIZ_NAVIDAD67,Finnnnn
0:04:42,@sleepyhead_starrie,OMG RAGEBAIT MENTIONED 
0:04:42,@DUCKY-_-QUACK,this is peak gaylove
0:04:42,@dottedAnarchist,GLORIOUS UPROAR
0:04:42,@HMZeroTwo,ragebait is real
0:04:44,@ptkebr,he is gay
0:04:44,@punkypony5165,I like Shrimpo
0:04:44,@butterinacuup,FINNN
0:04:45,@jennythebean9117,Goob!
0:04:45,@C0llecter-513,im screaming
0:04:46,@TheMTwinny,That shirt lmao
0:04:47,@dottedAnarchist,why is he gay for goob
0:04:47,@icelemonhehe,GOOB PLUSH??
0:04:48,@jo3a548,Gay
0:04:50,@XxZ0MB1E_K1TTYxX,AWWWWW
0:04:52,@This_user_likes_Zip,ANGRYHUGS?
0:04:53,@Cattle.ink.3,OMG IT'S ANGRY HUGS
0:04:53,@dottedAnarchist,peak ships
0:04:53,@kamxim,finnnnnnn
0:04:54,@ayyo-bun3534,BRUH HELL YEAH
0:04:55,@dottedAnarchist,peak ships
0:04:57,@ginyu420,I like how they have gay plushies of each other
0:04:57,@bobetti.ৎ,GAY
0:04:58,@XxZ0MB1E_K1TTYxX,YAOIII
0:04:59,@Nander___,THERE IT IS
0:04:59,@Kualxek,NO AWY
0:04:59,@JovannahRivera,I was about to change this but I got to invest now 
0:05:00,@tmen9008,Bruh
0:05:01,@StarStarHooray,WHAT
0:05:02,@ASTRONAUT-d3s,WTH 
0:05:02,@XxZ0MB1E_K1TTYxX,YEAHHHHHHH
0:05:01,@creamsouda3338,LMAOOOO
0:05:02,@punkypony5165,Spongebob
0:05:02,@alcohollibee8645,FINN
0:05:03,@imliterallysally,WHAT
0:05:03,@icelemonhehe,guess he is nice for him
0:05:04,@RiseCrispee,are we deadass what is that shirt
0:05:05,@Pawsfurever-v1b,ANGRYHUGS FANS GO CRAZY
0:05:06,@Tamers12345MLP,@dottedAnarchist Shrimpo is drawn to the mentally challenged
0:05:07,@creamsouda3338,finn listened like a good boy
0:05:07,@MyriadSkyFlaming,maid
0:05:07,@Shivery,spongebob ref
0:05:07,@HMZeroTwo,FINN MAID OUTFIT
0:05:07,@ASTRONAUT-d3s,Uhhhh
0:05:08,@fixmeoww,"""and why aren't you in uniform?"""
0:05:08,@Chevreuse-f2l,MAID DRESS FINN
0:05:09,@ptkebr,perfect content
0:05:10,@icelemonhehe,IT WAS FINN?
0:05:10,@CHILDE1FAN,whoa
0:05:10,@lavender_Milkk,good boy
0:05:10,@Uni_Real0,LOL
0:05:11,@jo3a548,Dayuuuuum
0:05:12,@dottedAnarchist,SHRIMPBOWL AND ANGRYHUGS?
0:05:13,@Uni_Real0,LOL
0:05:15,@bobetti.ৎ,WHOA
0:05:15,@rAliusplate,FINNNN!!!!
0:05:15,@XxZ0MB1E_K1TTYxX,DADDY????
0:05:15,@hallo-r3p,damn shrimp
0:05:16,@imliterallysally,???
0:05:16,@Beetlesfruitcake,LOLLL
0:05:17,@blankgrl,WOAH
0:05:17,@StarStarHooray,OH??
0:05:18,@Mr.DerangedBlue,WOW
0:05:18,@felix_pawzx,aaWHAT
0:05:18,@TheMTwinny,>DADDY LMAO
0:05:20,@XxZ0MB1E_K1TTYxX,HELLOO???
0:05:21,@zenkilled,VRo
0:05:21,@Elexir108,Help :loudly_crying_face:
0:05:21,@C0llecter-513,noooo its abusive
0:05:21,@DUCKY-_-QUACK,XDDDD
0:05:22,@ZoombaPumba,YOOOO
0:05:23,@alcohollibee8645,OKGGG
0:05:23,@сникирс-о0,WOW
0:05:24,@ayyo-bun3534,OH
0:05:24,@Sprout_FanBv,OH GYADD
0:05:25,@Solums,What he sat?
0:05:25,@ASTRONAUT-d3s,SHRIMPO HAS A BIG CAKE
0:05:26,@HMZeroTwo,ragebait or angryhugs chat
0:05:26,@punkypony5165,OH!
0:05:26,@dottedAnarchist,DAMN
0:05:26,@balddandu,OOP IT FRUITCAKE ALL OVER AGAIN
0:05:27,@1oneamate,would
0:05:27,@Uni_Real0,WOAH
0:05:27,@astarz777,DADDY?!
0:05:27,@icelemonhehe,owie
0:05:28,@сникирс-о0,.... OH
0:05:28,@sleepy635,I think he say yes
0:05:28,@lavender_Milkk,daddy:broken_heart:
0:05:28,@jonellcoco1103,HELP
0:05:29,@misakayy1911,OH
0:05:29,@FELIZ_NAVIDAD67,U
0:05:29,@MyriadSkyFlaming,ohh!
0:05:30,@TheMTwinny,LMAO
0:05:30,@Kualxek,NAAUURR
0:05:30,@dottedAnarchist,HOLY SHIT
0:05:31,@grimtidings5451,Yoooo fish husband
0:05:32,@sleepyhead_starrie,SHRIMPOS VOICE
0:05:32,@C0llecter-513,LOL
0:05:32,@3-ST4R-3,NOOO
0:05:32,@ptkebr,are they gonna kiss tamers?
0:05:32,@zenkilled,oh
0:05:33,@connornevitt,it helps him assert his dominance
0:05:33,@FELIZ_NAVIDAD67,Um
0:05:34,@jo3a548,Lololollol
0:05:34,@shadey_z1241,Oh damn
0:05:34,@Cattle.ink.3,nooo finn
0:05:35,@LipSlopCooker,finn u deserve better bro
0:05:36,@alcohollibee8645,My poor Finn 
0:05:37,@TheMTwinny,...OH!
0:05:38,@hfcworld2,LOL
0:05:39,@icelemonhehe,abuse shrimp
0:05:40,@Shivery,Toxic Yaoi
0:05:40,@PacAttaq,shrimpo wtf bro
0:05:41,@ginyu420,LEAVE THE FIN BOY ALONE
0:05:41,@jennythebean9117,Dollar :3
0:05:42,@FELIZ_NAVIDAD67,Poor finn
0:05:42,@Tamers12345MLP,@ptkebr Possibly
0:05:46,@ayyo-bun3534,ASTRRROOOOOOOOO
0:05:46,@PacAttaq,toxic yaoi indeed
0:05:47,@Chevreuse-f2l,aww poor finn 
0:05:49,@Uni_Real0,poor finn
0:05:50,@IdolatrineEnthusiast,finn n cosmo sharing the same fate
0:05:52,@blankgrl,This is like the third toxic mlm tamers2
0:05:52,@jo3a548,Gays
0:05:53,@Shivery,99 cents in this economy????
0:05:59,@Kualxek,rght
0:05:59,@ayyo-bun3534,MMMM MY FAV YAOI FLAVOR
0:06:01,@Johnathan-2763,hi
0:06:02,@Fizzyy_Wizzyy,astro not cosmo
0:06:02,@TotallyjustsomeBread,IM ALMOST FINISHED:weary_face::weary_face::weary_face::weary_face::weary_face::weary_face::weary_face:
0:06:02,@hallo-r3p,shrimpo don't treat finn like that:broken_heart:
0:06:02,@Kualxek,WHAT
0:06:03,@Starfire_777,damn they all caked up
0:06:04,@Somerandompersonexisting,Noooo Finn my boy
0:06:05,@XxZ0MB1E_K1TTYxX,WHATTT
0:06:05,@ayyo-bun3534,UH
0:06:05,@creamsouda3338,LMFAOO??
0:06:06,@jennythebean9117,Finn don’t get anything for Shrimpo
0:06:06,@iheartkittennn,WHAT
0:06:06,@ZoombaPumba,excuse
0:06:06,@vanveleca,w h a t
0:06:06,@What-bm7nr,WHAT
0:06:07,@ZoombaPumba,ME
0:06:07,@CHILDE1FAN,SHAT
0:06:08,@XxZ0MB1E_K1TTYxX,NOOOO
0:06:08,@IdolatrineEnthusiast,WHAT
0:06:09,@GuitarVader_,Jesus
0:06:09,@dottedAnarchist,DAMN
0:06:09,@fixmeoww,oh my god?
0:06:10,@icelemonhehe,WHA
0:06:10,@alcohollibee8645,NOOOO
0:06:10,@lavender_Milkk,WHAT
0:06:10,@Pawsfurever-v1b,WHAT
0:06:10,@zenkilled,finn-
0:06:10,@SonataDidIt,LMAO
0:06:10,@Elexir108,WHAT
0:06:11,@Hyloaf,woah
0:06:11,@HMZeroTwo,now we need shrimpo dandy and sprout kissing so we can have the toxic bf trio
0:06:11,@Tamers12345MLP,"@IdolatrineEnthusiast They are side characters, it's literally their fates to be abused"
0:06:11,@grendel554,what???
0:06:12,@ptkebr,what
0:06:12,@Exiledlama,LMAO
0:06:12,@iheartkittennn,WHAT
0:06:12,@icelemonhehe,NO
0:06:13,@This_user_likes_Zip,HIS FACE
0:06:13,@Solums,what
0:06:13,@felix_pawzx,WHATT
0:06:13,@astarz777,OU
0:06:13,@bulba,:exclamation_question_mark::exclamation_question_mark:
0:06:15,@ginyu420,Emo episode
0:06:15,@zenkilled,/WHOAHH
0:06:15,@milkdud8614,HOLY MOLY
0:06:16,@majakekyte,OMG FINN NOOO
0:06:16,@jonellcoco1103,I’m scared what 
0:06:16,@XxZ0MB1E_K1TTYxX,NOOO FINN
0:06:16,@alcohollibee8645,FINNYY
0:06:17,@TotallyjustsomeBread,NOOO
0:06:18,@HMZeroTwo,FINN DONT CUT YOURSELF
0:06:19,@ptkebr,broooo
0:06:19,@Fizzyy_Wizzyy,he said cut yourself :loudly_crying_face:
0:06:19,@Vexthemxz,WHATTT
0:06:19,@sproutyy,WHAT
0:06:19,@What-bm7nr,NO AAY
0:06:20,@RiseCrispee,WHAT
0:06:20,@Sprout_FanBv,i love when they do gay things
0:06:21,@iheartkittennn,WOH
0:06:21,@NubMcMoofin,:face_with_open_mouth:
0:06:21,@TheMTwinny,"CUT MY LIFE INTO PIECES, THIS IS MY LAST RESOOOOOOOOOORT"
0:06:21,@StarStarHooray,astro is me rn
0:06:22,@snuggybug,HELLO?
0:06:22,@3-ST4R-3,HUHH?!
0:06:22,@Uni_Real0,WHAT!!
0:06:22,@connornevitt,does he bleed water
0:06:23,@Chevreuse-f2l,NO FINN
0:06:23,@bobetti.ৎ,WHAT
0:06:23,@ayyo-bun3534,OH SHIT
0:06:23,@iheartkittennn,WOAHSTE
0:06:23,@XxZ0MB1E_K1TTYxX,NOOOO
0:06:23,@dottedAnarchist,NO
0:06:24,@lavender_Milkk,fuh nah
0:06:24,@Portals_2019,WHAT
0:06:24,@Pawsfurever-v1b,FINN
0:06:24,@dottedAnarchist,NO
0:06:24,@Kualxek,NOO F8INNN
0:06:24,@the_zodiacs1,WHAT NOOO!
0:06:25,@GuitarVader_,Tamers still hitting us with curve balls lmao
0:06:25,@ZoombaPumba,no fucking WAY
0:06:25,@iheartkittennn,WHAT
0:06:25,@alcohollibee8645,Nooo omg
0:06:26,@majakekyte,OMG
0:06:26,@dottedAnarchist,OH MY GOD NO
0:06:27,@KohJhonesItula,oh
0:06:27,@astarz777,OMG
0:06:27,@misakayy1911,UH
0:06:29,@Pepsi_Gange,dammnn
0:06:29,@duncecapkid,DAWG WHAT
0:06:29,@vanveleca,:face-orange-biting-nails::face-orange-biting-nails::face-orange-biting-nails:
0:06:29,@LipSlopCooker,finn noooooo
0:06:29,@Johnathan-2763,no
0:06:29,@punkypony5165,OK
0:06:29,@jennythebean9117,Nooooooooooooooo that’s toxic!
0:06:30,@bobetti.ৎ,NO WAY
0:06:30,@iheartkittennn,relatable
0:06:30,@Shivery,Finn is too good
0:06:30,@Starfire_777,boo woo
0:06:31,@jo3a548,OH FUCK
0:06:31,@FELIZ_NAVIDAD67,STOP Abusing THEM
0:06:32,@felix_pawzx,NOOOO
0:06:32,@Haisjee,WHAT
0:06:32,@creamsouda3338,stop! dont cut yourself! leave that knife up on your shelf! 
0:06:32,@misakayy1911,OK
0:06:33,@iheartkittennn,WHAT
0:06:33,@XxZ0MB1E_K1TTYxX,NOOO FINN MY POOR BABY
0:06:33,@TotallyjustsomeBread,YAOI ABUSIVE RELATIONSHIP?????????
0:06:33,@icelemonhehe,finn... noo
0:06:33,@BasilSimp,bro just learned what the word sublime means
0:06:34,@grimtidings5451,Jesus
0:06:36,@dottedAnarchist,DAMN.
0:06:37,@Solums,I never gonna hate Finn
0:06:38,@majakekyte,FINN THATS NOT GOODDD
0:06:39,@Sprout_FanBv,uhmmmm
0:06:39,@UltimateBlanket,When is the Astros punishment going to start
0:06:39,@IdolatrineEnthusiast,oh yea thats right
0:06:40,@kittymeow1524,HELLO?????????????????//\
0:06:40,@What-bm7nr,THAT CHEAP ASS LEMONADE
0:06:40,@ayyo-bun3534,I LOVE THOSE PANTS
0:06:40,@creamsouda3338,IS THAT THE GACHA BACKGROUND
0:06:41,@ptkebr,🫩 bro just trauma dumped
0:06:41,@Portals_2019,Finn…
0:06:43,@hallo-r3p,OH SHIT FINN
0:06:43,@kittymeow1524,FINN?
0:06:43,@Pawsfurever-v1b,FINN
0:06:45,@jonellcoco1103,I’m scared 
0:06:46,@dottedAnarchist,OH MY GOD ESCALATION
0:06:47,@balddandu,Finn doing sh
0:06:47,@Vexthemxz,WHATTTTT\
0:06:48,@iheartkittennn,toilet bowl :sparkling_heart::sparkling_heart::sparkling_heart::sparkling_heart:
0:06:50,@Fizzyy_Wizzyy,toilet bowl
0:06:50,@jennythebean9117,Weird trade you need at least two 
0:06:50,@punkypony5165,I love this Robot whats her name
0:06:50,@Pawsfurever-v1b,FINN
0:06:52,@ayyo-bun3534,OH
0:06:52,@XxZ0MB1E_K1TTYxX,MY BABY :broken_heart::broken_heart::broken_heart:
0:06:52,@StarStarHooray,WHAT
0:06:53,@HMZeroTwo,Finn is definitely a toilet bowl
0:06:53,@Kualxek,dum
0:06:54,@iheartkittennn,WHAT
0:06:54,@jo3a548,LOLOLO
0:06:54,@vanveleca,OH MY GOD
0:06:54,@StarStarHooray,OMG
0:06:55,@Tamers12345MLP,@BasilSimp Yeah he really likes using it since he learned about it
0:06:55,@zenkilled,wooh
0:06:56,@dottedAnarchist,NO GANG
0:06:56,@kittymeow1524,WHAT
0:06:56,@jennythebean9117,Noooooooo
0:06:57,@dottedAnarchist,NO GANG
0:06:57,@What-bm7nr,GASP
0:06:57,@Hyloaf,aww
0:06:58,@moriorinvictus69,HIM TOO?
0:06:58,@hallo-r3p,IT'S ALL OVER THE SCREEN
0:06:59,@iheartkittennn,NOOO ASTRO
0:06:59,@CelestialZizzy,OMG
0:06:59,@Elexir108,HOW DID WE GET HERE
0:07:00,@UngulaPropriaRQ,OH NOOOOOO
0:07:00,@icelemonhehe,ASTRO CUT TOO??
0:07:00,@astarz777,THEY BOTH CUT
0:07:00,@majakekyte,ASTRO WHAT
0:07:00,@zenkilled,WHAT
0:07:00,@ginyu420,OMG ASTRO DOES IT TOO
0:07:00,@IREALLYLIKEBASSIEFROMDW,OMG ASTRO MY BB
0:07:01,@Chevreuse-f2l,ah yes toilet bowl
0:07:01,@Solums,Astro too?
0:07:02,@1oneamate,why are all the blues cutting
0:07:03,@TheMTwinny,FLUTTER...shy?
0:07:03,@HMZeroTwo,ASTRO SELF HARMS TOO
0:07:04,@moonmel,UMMMM
0:07:04,@rodneyslivinski2333,NO NO NO
0:07:04,@3-ST4R-3,OMG PLOT TWIST
0:07:04,@ayyo-bun3534,POOR HOMIE]
0:07:04,@alcohollibee8645,Lmaooo
0:07:05,@sleepyhead_starrie,Astro
0:07:06,@Uni_Real0,FLUTTER!
0:07:07,@jo3a548,OH FUCK
0:07:07,@StarStarHooray,WHY DOES EVERYONE CUT THEMSLEVES
0:07:08,@snuggybug,ASTRO
0:07:08,@gutted_bunny,MAYA
0:07:09,@Haisjee,DUDE
0:07:09,@bobetti.ৎ,ASTRO
0:07:11,@ayyo-bun3534,HOW MANY JUICERS
0:07:12,@dominicunderwood4911,Princess Celestia??
0:07:13,@Shivery,halloween toons
0:07:13,@CHILDE1FAN,wait is astro like jesus since he’s getting crucified
0:07:14,@dottedAnarchist,NO GANG
0:07:14,@Fizzyy_Wizzyy,pebble spotted
0:07:14,@ayyo-bun3534,LMAO
0:07:15,@TheMTwinny,LMAO
0:07:16,@paighton4252,THIS IS SOOO PEAK!!
0:07:16,@HMZeroTwo,omg gourdy and soulvester spotted!
0:07:16,@lavender_Milkk,lol
0:07:17,@Tamers12345MLP,@StarStarHooray Toons have hard lives
0:07:17,@Sprout_FanBv,WHAT
0:07:17,@Kakaokomanden,Evil
0:07:20,@Exiledlama,Wicked woman!
0:07:20,@ASTRONAUT-d3s, ASTROSKE
0:07:20,@ShellyFossilianMM,ANGEL?!
0:07:20,@1oneamate,blue is the color of self harm
0:07:21,@jo3a548,LOLOLOLLOL
0:07:21,@astarz777,LMAO
0:07:21,@XxZ0MB1E_K1TTYxX,OMGGG
0:07:22,@Kualxek,LOOL
0:07:23,@AnimeGames16,LMAO
0:07:22,@Uni_Real0,LMAO
0:07:23,@Haisjee,cosmo..
0:07:25,@creamsouda3338,I hope cosmo dies next episode
0:07:25,@bartc561,Haet Crime XD
0:07:26,@zenkilled,lollll
0:07:28,@imliterallysally,heh cosmo
0:07:28,@NubMcMoofin,:exploding_head:
0:07:29,@icelemonhehe,OOF
0:07:29,@Kualxek,LOOEEY
0:07:29,@Sprout_FanBv,LMAOOO
0:07:30,@UngulaPropriaRQ,LMAOOOO
0:07:31,@Fizzyy_Wizzyy,lmfaooo
0:07:31,@TheMTwinny,YOU OFFENDED HIM
0:07:31,@alcohollibee8645,Lmaooo
0:07:32,@ASTRONAUT-d3s,LMAO
0:07:32,@shadey_z1241,Lol
0:07:32,@Uni_Real0,Blud is cook
0:07:33,@XxZ0MB1E_K1TTYxX,LOO LOOO
0:07:36,@milkdud8614,please toture brusha
0:07:36,@blankgrl,Sombras voice
0:07:36,@ayyo-bun3534,YE
0:07:36,@XxZ0MB1E_K1TTYxX,OMGGGG
0:07:36,@Chevreuse-f2l,LOL
0:07:38,@lavender_Milkk,T INK
0:07:39,@applebloom2307,Sombra voice!!
0:07:40,@ASTRONAUT-d3s,UHHHHH
0:07:41,@hallo-r3p,PFFT LOL
0:07:41,@Portals_2019,IMAK
0:07:42,@ShellyFossilianMM,IM SCREAMIBg
0:07:42,@ginyu420,King sombra voice
0:07:44,@punkypony5165,Sombra/Zephyr!
0:07:45,@ayyo-bun3534,LMAO
0:07:45,@bobetti.ৎ,LPOOEETYYYYY
0:07:46,@UngulaPropriaRQ,MAYHAPS
0:07:46,@Tamers12345MLP,@creamsouda3338 Bitch what did Cosmo do to you?
0:07:46,@HMZeroTwo,Who voices glisten bro
0:07:47,@Chevreuse-f2l,NO THATS MINE
0:07:47,@ptkebr,aSimbra
0:07:48,@bulba,good going vee:broken_heart:
0:07:50,@Cattle.ink.3,oop-
0:07:50,@ayyo-bun3534,KING SOMBRA
0:07:50,@balddandu,bald sprout
0:07:52,@TheMTwinny,SOMBRA IS THAT YOU?
0:07:54,@jo3a548,LOLOLOLOL
0:07:56,@ayyo-bun3534,LMAO
0:07:56,@ASTRONAUT-d3s,CHAT ARE WE COOKED
0:07:58,@felix_pawzx,this is insane
0:08:00,@C0llecter-513,wait
0:08:01,@XxZ0MB1E_K1TTYxX,OMG
0:08:02,@Uni_Real0,LOL
0:08:02,@shadey_z1241,Damn
0:08:02,@iheartkittennn,"tamers, is goob and scraps gonna die :victory_hand::face_holding_back_tears:"
0:08:02,@BoomerRichJr,Cosmo is suck a meat eater lol
0:08:03,@connornevitt,looool
0:08:04,@XxZ0MB1E_K1TTYxX,NOOOO
0:08:05,@balddandu,does sprout have a wig
0:08:06,@jennythebean9117,Sprout you angy for no reason 
0:08:06,@C0llecter-513,wuh
0:08:06,@Elexir108,New lore
0:08:08,@icelemonhehe,fire
0:08:09,@Fizzyy_Wizzyy,lolololl
0:08:11,@Sprout_FanBv,LMAOLMAOLMAO
0:08:11,@Uni_Real0,NAurrrr
0:08:12,@jennythebean9117,Fire
0:08:12,@vanveleca,:face-blue-smiling::face-blue-smiling::face-blue-smiling:
0:08:12,@alcohollibee8645,Cosmo likes fire
0:08:15,@ASTRONAUT-d3s,CHAT ARE WE COOKED 
0:08:17,@lavender_Milkk,w dog
0:08:17,@Vexthemxz,PEB
0:08:17,@HMZeroTwo,Cosmo wants to watch the world burn
0:08:17,@connornevitt,he reads mouths to get by. he's completely deaf
0:08:17,@Pepsi_Gange,HAHAHAHHAHAHAHAHAHAHA
0:08:18,@Vexthemxz,NMOOO
0:08:18,@CHILDE1FAN,is cosmo like high rn
0:08:19,@iheartkittennn,pebbgle 
0:08:22,@punkypony5165,I love Sprout
0:08:22,@Fizzyy_Wizzyy,pebble :loudly_crying_face:
0:08:23,@alcohollibee8645,Poor pebbles
0:08:23,@vanveleca,Oh my gawd..........
0:08:24,@ptkebr,no way
0:08:24,@moriorinvictus69,nooooooooooooooooo
0:08:25,@ayyo-bun3534,AW
0:08:25,@NubMcMoofin,:face_holding_back_tears:
0:08:25,@XxZ0MB1E_K1TTYxX,NOOO
0:08:26,@alcohollibee8645,Awwww
0:08:26,@Tamers12345MLP,@balddandu No he's got leaves
0:08:26,@jo3a548,LOLOLOLOL
0:08:27,@ShellyFossilianMM,NOOO PEBBLE
0:08:27,@creamsouda3338,NOT THE DOG??
0:08:28,@jennythebean9117,Let the dog in!
0:08:28,@dovaak,Not cool
0:08:29,@alcohollibee8645,OMGG
0:08:29,@Shivery,lol
0:08:30,@LvXGameMaster,....starting to think Roger actually wins.
0:08:30,@dottedAnarchist,DAMN
0:08:30,@iheartkittennn,NOO
0:08:31,@What-bm7nr,NOOO
0:08:31,@icelemonhehe,PEBBLES NO?
0:08:31,@ASTRONAUT-d3s,WTH
0:08:31,@Sprout_FanBv,NOOOO
0:08:32,@CelestialZizzy,NOOOO
0:08:32,@shadey_z1241,Bro loves fire a bit much
0:08:32,@vanveleca,LMAO
0:08:33,@Exiledlama,PEBBLE!
0:08:33,@Haisjee,NOOOOOOOOOOOOOO
0:08:33,@imliterallysally,PEBBLLE
0:08:34,@TheMTwinny,Beating up a rock
0:08:34,@HMZeroTwo,NOT THE DOG
0:08:34,@wakommm,NOOO
0:08:34,@ptkebr,holy shit
0:08:34,@icelemonhehe,NOOO PEBBLES
0:08:35,@Hyloaf,MEAN
0:08:35,@ShellyFossilianMM,DAMN
0:08:35,@Chevreuse-f2l,THE DOG
0:08:35,@felix_pawzx,OUSHITTT
0:08:35,@Solums,Nooo
0:08:36,@dottedAnarchist,HE BEAT THE DOG
0:08:37,@bobetti.ৎ,WHAT
0:08:37,@ginyu420,NOOOO PEBBLES
0:08:38,@majakekyte,PEBBLE
0:08:38,@grimtidings5451,Damn that's messed up
0:08:38,@jonellcoco1103,Why the dog bro
0:08:39,@Uni_Real0,Nooooooo pebble....
0:08:40,@Sprout_FanBv,PEBBLE NOOOO
0:08:40,@Chevreuse-f2l,NOT PEBBLE
0:08:40,@bartc561,Out cold :/
0:08:40,@MyriadSkyFlaming,underdog!
0:08:41,@zenkilled,nooo pebblee
0:08:42,@connornevitt,damn he hate crimes his own home
0:08:43,@applebloom2307,PEBBBBPEEEEEE!
0:08:43,@1oneamate,hes a rock he'll be fine
0:08:43,@ayyo-bun3534,BRO ROCKED HIS OWN WINDOW LMAO I LOVE THE HOLIDAYS
0:08:43,@hallo-r3p,BETRAYAL
0:08:43,@LipSlopCooker,can we get sprout toes please
0:08:44,@jennythebean9117,He better like it!
0:08:44,@milkdud8614,please please please have a scene next episode of brusha being burn alive
0:08:45,@dottedAnarchist,NAH
0:08:46,@lavender_Milkk,OHH YAHHH
0:08:46,@Kualxek,finnnn
0:08:47,@blankgrl,lmfaoooo
0:08:47,@patiencemassaquoi9830,Sprout ain’t making a lick of sense :broken_heart::broken_heart:
0:08:47,@moriorinvictus69,lol
0:08:48,@UngulaPropriaRQ,4 ARMS LMAO
0:08:48,@GalianFour,wonderful
0:08:50,@Uni_Real0,Rip
0:08:50,@C0llecter-513,:thumbs_up:
0:08:52,@hallo-r3p,COUNT YOUR DAYS SPROUT
0:08:52,@icelemonhehe,loll 4 thumb up
0:08:53,@jo3a548,CUTE
0:08:53,@HMZeroTwo,Keep coal away from sprout
0:08:54,@punkypony5165,:thumbs_up::thumbs_up::thumbs_up::thumbs_up:
0:08:55,@Flop-g9n,OMG
0:08:55,@DUCKY-_-QUACK,this is very peak bro
0:08:55,@vbbh736,sprouts no
0:08:56,@StarStarHooray,dr pepper sucks
0:08:56,@3-ST4R-3,I HATE SPROUT
0:08:57,@ayyo-bun3534,"IM DRINKING DP, MY SPIRIT ANIMAL"
0:08:57,@What-bm7nr,GAY
0:08:58,@HMZeroTwo,FREE DR PEPPER
0:08:59,@Starfire_777,Dr Pepper eww
0:08:59,@Chevreuse-f2l,AWWWWWWWWW
0:08:59,@TheMTwinny,DEADASS
0:08:59,@XxZ0MB1E_K1TTYxX,FINN RUN PLEASE
0:09:00,@ptkebr,deadahh
0:09:00,@jennythebean9117,Mmmmmmm free doctor pepper 
0:09:00,@iheartkittennn,"why do their asses randomly grow, shrink, and or disappear tamers?"
0:09:02,@Shivery,:thumbs_up: :thumbs_up: :thumbs_up::thumbs_up:
0:09:03,@balddandu,shrimpo is gonna beat finn to deaf
0:09:05,@vanveleca,the what
0:09:05,@ayyo-bun3534,DAMN BOI
0:09:07,@ZoombaPumba,he cuteeee
0:09:08,@lavender_Milkk,dr pepper in the big 25 :broken_heart::wilted_flower:
0:09:09,@tailsdoll023,寝たほう:face_with_medical_mask:
0:09:09,@shadow_sketch200,:thumbs_up:
0:09:09,@jennythebean9117,Rizzler
0:09:10,@dottedAnarchist,rizzler
0:09:11,@ShellyFossilianMM,YOOO AWWWWW
0:09:11,@ptkebr,ultimate what now
0:09:11,@HMZeroTwo,Finn is so cuuuuute
0:09:12,@ASTRONAUT-d3s,DR PEPPER BOY
0:09:12,@TheMTwinny,RIZZ
0:09:12,@zeinbotr,i love this
0:09:13,@jo3a548,CUTE
0:09:13,@Fizzyy_Wizzyy,oh no
0:09:13,@GalianFour,ultimate rlizzer
0:09:14,@ayyo-bun3534,300 LMAO
0:09:15,@Tamers12345MLP,"@3-ST4R-3 People hate real, honest bad bitches.."
0:09:16,@zeinbotr,i love tamers
0:09:16,@XxZ0MB1E_K1TTYxX,OMGG
0:09:16,@sleepy635,krismas spanking it seems so cool
0:09:17,@Shivery,$300
0:09:17,@jennythebean9117,:D
0:09:18,@punkypony5165,Both Shrimpy and Rarity have Rizz
0:09:19,@Uni_Real0,Rizz lol
0:09:19,@Kualxek,BRUB
0:09:20,@XxZ0MB1E_K1TTYxX,NOOOO
0:09:21,@Elexir108,His voice is killing me
0:09:22,@zeinbotr,i love you tamers
0:09:22,@icelemonhehe,woha
0:09:23,@What-bm7nr,NOT HIM LYING SAYING IYS 300
0:09:23,@jo3a548,LOLOLOLOLOL
0:09:24,@Fizzyy_Wizzyy,trash lol
0:09:24,@Kualxek,NOOO
0:09:25,@Cattle.ink.3,finn x shrimpo for life
0:09:26,@TheMTwinny,VINE BOOM
0:09:26,@alcohollibee8645,POOR FINN
0:09:26,@XxZ0MB1E_K1TTYxX,:broken_heart:
0:09:27,@Exiledlama,$300 trash
0:09:27,@dottedAnarchist,oh my god
0:09:27,@hallo-r3p,ragebait real
0:09:27,@What-bm7nr,help 
0:09:28,@HMZeroTwo,VINE BOOM
0:09:28,@Kualxek,LOL
0:09:28,@icelemonhehe,astro messed up
0:09:29,@jennythebean9117,He paid 300 bucks 
0:09:29,@Uni_Real0,LOL
0:09:30,@misakayy1911,OH NO
0:09:30,@dottedAnarchist,no twin
0:09:31,@ptkebr,no way
0:09:31,@alcohollibee8645,MY BABY 
0:09:32,@grendel554,NOOOOOO
0:09:33,@dottedAnarchist,FINN NO
0:09:35,@zeinbotr,NOOO
0:09:35,@melosunny,I FORGOT THE PREMIERE WAS NOW AAAAGHHH
0:09:36,@Johnathan-2763,woah
0:09:36,@jo3a548,BULLIES
0:09:37,@bobetti.ৎ,NOOOOO
0:09:37,@jennythebean9117,Shrimpo stop!
0:09:38,@Shivery,Finn x Shrimpo 4evar
0:09:38,@Johnathan-2763,finn bro
0:09:38,@zenkilled,NO
0:09:39,@BloomiDWLOVER,NOOO
0:09:39,@ptkebr,top tier hater
0:09:40,@Montavely,is this episode going to end with a group suicide
0:09:41,@What-bm7nr,MY MOM CORE
0:09:41,@BoomerRichJr,L FINN HAHAHA
0:09:44,@dominicunderwood4911,Cats > Dogs
0:09:44,@bartc561,"""Last thing they saw, was the price-tag"" -Dracula-"
0:09:45,@patiencemassaquoi9830,WILD
0:09:45,@BoomerRichJr,L FINN
0:09:46,@CanaryKari,true
0:09:46,@Fizzyy_Wizzyy,dr pepper real
0:09:47,@punkypony5165,Relatable ngl. Cash is always the best gift
0:09:48,@GAMERB0YJ03Y,This is peak
0:09:51,@ayyo-bun3534,LMAO
0:09:51,@creamsouda3338,LMFAOOOOOOOO??
0:09:52,@moonmel,NOOOoO:loudly_crying_face::loudly_crying_face::loudly_crying_face::loudly_crying_face::pensive_face::pensive_face::pensive_face:
0:09:52,@shadey_z1241,A lot of domestic abuse today 
0:09:53,@Shivery,Toxic Yaoi
0:09:53,@lavender_Milkk,100 DOLLARS :dollar_banknote::dollar_banknote::money_bag::money_bag::fire::fire::fire::fire::speaking_head::speaking_head::speaking_head::speaking_head:
0:09:53,@fixmeoww,finn deserves a better man
0:09:54,@hallo-r3p,damn finn:loudly_crying_face::broken_heart:
0:09:54,@jennythebean9117,Nooooooooooooo
0:09:55,@alcohollibee8645,Man Astro
0:09:55,@blankgrl,LMFAOOOO
0:09:56,@Tribloom,LOL
0:09:56,@dottedAnarchist,omg twin
0:09:56,@XxZ0MB1E_K1TTYxX,POOR FINN
0:09:57,@Tamers12345MLP,"@Montavely Not this epsode, but someday an episode will end like that"
0:09:57,@Elexir108,Hello :loudly_crying_face:
0:09:58,@moriorinvictus69,true
0:09:58,@GalianFour,LMAOOO
0:09:58,@connornevitt,astro knows
0:09:58,@RataRabioza,ok
0:09:58,@iminlikewithyou,Finn im watching your stream why u trying not 2 laugh bro
0:10:00,@vanveleca,:face-blue-smiling::face-blue-smiling::face-blue-smiling:
0:10:01,@grimtidings5451,ASTRO
0:10:02,@sleepyhead_starrie,NAH
0:10:02,@patiencemassaquoi9830,Yikes
0:10:02,@misakayy1911,HE KINDA RIGHT THOUGH
0:10:02,@Shivery,:loudly_crying_face:
0:10:03,@balddandu,you baby fur poopy diaper babi ^^
0:10:03,@BoomerRichJr,L FINN LMAO YESSSS
0:10:05,@dottedAnarchist,why is his mouth open
0:10:07,@jonellcoco1103,"I, crying Astro"
0:10:07,@3-ST4R-3,Astro…
0:10:08,@ZoombaPumba,BROOO ASTRO
0:10:09,@HMZeroTwo,I wanna hug finn
0:10:10,@astarz777,OOUU
0:10:13,@jennythebean9117,Stop saying that!
0:10:13,@ayyo-bun3534,LMAO
0:10:14,@Tamers12345MLP,@dottedAnarchist he's gay
0:10:14,@BoomerRichJr,W Astro
0:10:15,@alcohollibee8645,Bruh 
0:10:15,@Fizzyy_Wizzyy,ayo
0:10:16,@AI_movies-d7d,HAH:index_pointing_at_the_viewer::index_pointing_at_the_viewer:
0:10:17,@HMZeroTwo,Bro his voice changed
0:10:17,@punkypony5165,OH SHIT
0:10:17,@zenkilled,astro bro
0:10:19,@Flop-g9n,Welcome to Tamers most of the couples are toxic 
0:10:19,@Kualxek,ONOI
0:10:19,@jennythebean9117,Astro!
0:10:19,@icelemonhehe,DANG ASTRO
0:10:21,@Uni_Real0,GIGi
0:10:21,@Johnathan-2763,this video is so good
0:10:22,@Johnathan-2763,yes
0:10:23,@grendel554,wtf astro lmao
0:10:23,@What-bm7nr,AINT NO WAY
0:10:23,@vanveleca,YOOOOOOOOOOOO
0:10:23,@ManuelaRochaRodrigues-k1i,hii
0:10:25,@Exiledlama,@Tamers12345MLP I love you
0:10:25,@ShellyFossilianMM,NOOOO YOOO
0:10:25,@scall0p639,Yo wtf Astro 
0:10:25,@Cheeseandblood,ok Astro deserves the thumbnail
0:10:25,@hallo-r3p,GIGI WTF
0:10:26,@dottedAnarchist,OH MY GOD
0:10:27,@alcohollibee8645,A LOVE TRINAGLE
0:10:27,@Fizzyy_Wizzyy,LOLLL
0:10:28,@Vexthemxz,ANGST??
0:10:28,@ayyo-bun3534,YAY
0:10:28,@NubMcMoofin,:smiling_face_with_hearts:
0:10:28,@3-ST4R-3,Astro calm down bro…
0:10:29,@StarStarHooray,one sided shrimpo x finn
0:10:29,@HMZeroTwo,ANGRYHUGS IS REAL
0:10:29,@alcohollibee8645,OMG
0:10:30,@1oneamate,its a Christmas party but where's the Christmas toons
0:10:30,@astarz777,Dandy really influenced Astro 
0:10:30,@icelemonhehe,oh- cheat shrimp
0:10:30,@Shivery,Oooooooo
0:10:30,@jo3a548,",OH NO"
0:10:31,@ShellyFossilianMM,YOOOOO
0:10:31,@Uni_Real0,LOL
0:10:31,@Splatthealienrunkeyissilly,“You deserve to be hit if you give him cold tomato soup” JELP-
0:10:31,@killerbeanmachine,oof
0:10:31,@ASTRONAUT-d3s,WHY DOES ASTRO HAVE 5 ERMS AND NOT 4
0:10:32,@TheMTwinny,LMAO NAH
0:10:33,@Uni_Real0,LOL
0:10:34,@Solums,Astro yoo
0:10:34,@DUCKY-_-QUACK,AYYYYY
0:10:35,@creamsouda3338,woah!
0:10:35,@patiencemassaquoi9830,Ts so sad :pensive_face::victory_hand:
0:10:35,@Uni_Real0,LOL
0:10:35,@Vexthemxz,WGATTT
0:10:35,@Chevreuse-f2l,@iheartkittennn i noticed u have a beer pfp.. beer mentioned perhapples..?
0:10:35,@Haisjee,oh my god
0:10:37,@ShellyFossilianMM,YOOOO.
0:10:37,@IdolatrineEnthusiast,OH MY GOD ITS DOOMED YAOI
0:10:37,@CHILDE1FAN,LOVE TRIANGLE WHATATATTAA
0:10:37,@ManuelaRochaRodrigues-k1i,ooo
0:10:37,@Fazfurryanims,HI
0:10:38,@Vexthemxz,NO WAYYY
0:10:38,@punkypony5165,Rizz
0:10:39,@ZoombaPumba,NO WAY
0:10:39,@Shivery,Tsundere Shrimpo
0:10:39,@StarStarHooray,is shrimpo a tsundere
0:10:39,@jonellcoco1103,omG??
0:10:40,@misakayy1911,OH NOOOOO
0:10:40,@RataRabioza,queeeee
0:10:41,@Fizzyy_Wizzyy,Shrimpo is a predator
0:10:42,@iheartkittennn,.
0:10:42,@hallo-r3p,DAMN SHRIMP
0:10:42,@grendel554,lol
0:10:42,@RataRabioza,xdddd
0:10:43,@sproutyy,PLAYER
0:10:44,@MyriadSkyFlaming,oh no!
0:10:44,@creamsouda3338,Shrimpo the tsundere..
0:10:44,@jo3a548,OH SHIT
0:10:45,@laahocsm0019,lol
0:10:45,@bobetti.ৎ,OMG
0:10:45,@GalianFour,ooooooo
0:10:45,@Portals_2019,ANGRYHUGS
0:10:46,@ayyo-bun3534,SHOES :D
0:10:46,@GuitarVader_, BETRAYAL
0:10:46,@alcohollibee8645,OMGGG
0:10:46,@1oneamate,REGIFTING???
0:10:47,@Shivery,:melting_face::melting_face::melting_face::melting_face::melting_face:
0:10:48,@jennythebean9117,:loudly_crying_face::loudly_crying_face::loudly_crying_face::loudly_crying_face::loudly_crying_face::loudly_crying_face::loudly_crying_face::loudly_crying_face::loudly_crying_face::loudly_crying_face::loudly_crying_face::loudly_crying_face::loudly_crying_face::loudly_crying_face::loudly_crying_face::loudly_crying_face::loudly_crying_face::loudly_crying_face:
0:10:49,@What-bm7nr,THIS IS CRAZYY
0:10:50,@ShellyFossilianMM,DAMNNNNNN
0:10:51,@GAMERB0YJ03Y,HELPP
0:10:51,@tmen9008,Dawg
0:10:51,@ayyo-bun3534,WOW
0:10:53,@Exiledlama,CRAZY
0:10:54,@Cattle.ink.3,damn...
0:10:54,@Somerandompersonexisting,FINN MY POOR BOY
0:10:54,@milkdud8614,tamers you really have to kill brusha and toture her in every way and burn her alive next episode
0:10:55,@wakommm,shrimp just not fucking did thay
0:10:55,@LvXGameMaster,WOOOOOOOOOOOOOW
0:10:56,@davidmillerhansel7801,I’m just going home and I’m not going back in the office 
0:10:56,@Chevreuse-f2l,HAHAHAH
0:10:57,@StarStarHooray,tsundere shrimpo
0:10:57,@jonellcoco1103,Finns face HElp
0:10:57,@jennythebean9117,Beytral 
0:10:57,@blankgrl,shrimps are orange
0:10:58,@hallo-r3p,shoes:loudly_crying_face:?
0:10:58,@Vexthemxz,POOR FINN
0:10:58,@HMZeroTwo,Finn is gonna skin goob alive
0:10:58,@XxZ0MB1E_K1TTYxX,OMGGG
0:10:58,@alcohollibee8645,OMG SO CUTE
0:10:58,@icelemonhehe,NO WAY
0:11:00,@astarz777,LMAO
0:11:00,@3-ST4R-3,THAT DIRTY SHRIMP
0:11:01,@RiseCrispee,THATS INSANE
0:11:02,@ayyo-bun3534,WTF
0:11:02,@NubMcMoofin,:smiling_face_with_hearts::smiling_face_with_hearts:
0:11:03,@vanveleca,OMG
0:11:04,@ptkebr,tamers are the toons meaner than the ponies? they are all so violent
0:11:05,@Dragonoid7Ultra,Naaaah that’s crazy
0:11:05,@Elexir108,Finn crashout
0:11:05,@jo3a548,CUTE
0:11:07,@Starfire_777,Shrimp are Red
0:11:08,@alcohollibee8645,Pebble catching strays 
0:11:08,@milkdud8614,please toture brusha
0:11:09,@Tamers12345MLP,@milkdud8614 I'll think about it
0:11:11,@moonmel,WTH
0:11:11,@HMZeroTwo,STOP ABUSING PEBBLE
0:11:11,@Fizzyy_Wizzyy,it was powdered lemonade hahaha
0:11:12,@ASTRONAUT-d3s,STOP BEING MEAN GAY SHRIMP
0:11:12,@punkypony5165,Blingy!
0:11:12,@patiencemassaquoi9830,HE DONT FW FINN
0:11:14,@jo3a548,OH SHIT
0:11:15,@jennythebean9117,They fighting!
0:11:16,@Johnathan-2763,ok
0:11:16,@Uni_Real0,Finn crashout
0:11:16,@SemiSaku,:face_with_tears_of_joy:
0:11:17,@bartc561,:loudly_crying_face::loudly_crying_face::loudly_crying_face:
0:11:17,@ayyo-bun3534,YOU THEF
0:11:20,@hallo-r3p,PEBBLE NOA
0:11:23,@lavender_Milkk,help
0:11:24,@Sprout_FanBv,HUH
0:11:26,@punkypony5165,BASED
0:11:26,@ayyo-bun3534,OH
0:11:27,@HMZeroTwo,Shellvision also dead
0:11:28,@iheartkittennn,beerg :pleading_face:
0:11:28,@jennythebean9117,Me too
0:11:28,@IdolatrineEnthusiast,OKAY
0:11:28,@fixmeoww,:O
0:11:28,@Uni_Real0,NAur they are FIGHTING
0:11:28,@Tamers12345MLP,@ptkebr I'd say yes since Toons arne't good beings by nature
0:11:29,@Shivery,Toxic Yuri
0:11:29,@imliterallysally,WHAT
0:11:30,@UngulaPropriaRQ,VALID
0:11:30,@astarz777,OH
0:11:31,@DUCKY-_-QUACK,WHOA
0:11:31,@Elexir108,:face_holding_back_tears:
0:11:32,@IIomqItz_Jayyyy,true...
0:11:32,@echoven,hes not the only one
0:11:32,@HMZeroTwo,AYO
0:11:33,@connornevitt,priorities
0:11:33,@bartc561,DAYUM
0:11:33,@creamsouda3338,TEAGYATTT
0:11:34,@jonellcoco1103,WHaT
0:11:34,@Fizzyy_Wizzyy,valid
0:11:35,@IIomqItz_Jayyyy,based
0:11:35,@Beetlesfruitcake,OH MY GOD
0:11:36,@ayyo-bun3534,DAMN
0:11:36,@What-bm7nr,DAMNNNN
0:11:36,@dottedAnarchist,nobody is ever happy here twin.
0:11:37,@IIomqItz_Jayyyy,shes based
0:11:37,@Starfire_777,the birthday what?
0:11:37,@ginyu420,Lampshaded
0:11:38,@iheartkittennn,OMGGSGHSHS TEAGANNN
0:11:38,@hallo-r3p,what's with the fighting
0:11:39,@grimtidings5451,Goddamn
0:11:39,@Wawawaow-O_O,YES RUDIE
0:11:39,@lavender_Milkk,do it on cam
0:11:39,@HMZeroTwo,TEAGAN
0:11:40,@LipSlopCooker,is there a lore reason why shelly is fat
0:11:42,@Cattle.ink.3,Teagannnnn
0:11:43,@GuitarVader_,ZOOWEEMAMA
0:11:43,@wakommm,woah mama
0:11:43,@HMZeroTwo,WHY IS TISHA STARING
0:11:43,@applebloom2307,Fair
0:11:43,@DUCKY-_-QUACK,DAYMNNNN
0:11:44,@Shivery,Mommy Tea
0:11:44,@LipSlopCooker,TEAGON ONMG
0:11:44,@freelifepnd,IM DYING WHAT
0:11:44,@StarStarHooray,tisha im cryigg
0:11:44,@RataRabioza,shrimpo les gana
0:11:45,@ginyu420,Scootaloo's Auntie voice
0:11:45,@jo3a548,DAYUUUUUUM
0:11:45,@C0llecter-513,bruh :v
0:11:45,@Hyloaf,damn teagan
0:11:46,@Fizzyy_Wizzyy,that tissue box is just like me
0:11:46,@Johnathan-2763,uh
0:11:46,@Wawawaow-O_O,i wuv Rudie
0:11:46,@ayyo-bun3534,MOMMY I MEAN MOTHER I MEAN MOM
0:11:47,@Tribloom,TEAGAN :smiling_face_with_heart_eyes:
0:11:47,@Uni_Real0,DAMN
0:11:48,@dottedAnarchist,NO GANG
0:11:49,@Kualxek,BOBETTE
0:11:50,@Chevreuse-f2l,wait tamers why does Rodger always win
0:11:50,@dovaak,Bruh
0:11:50,@3-ST4R-3,Hear me out on Teagan
0:11:51,@lavender_Milkk,WHIP
0:11:52,@This_user_likes_Zip,HOLY MOLY TEAGEN
0:11:52,@ayyo-bun3534,I MEAN MOMMY
0:11:52,@dottedAnarchist,THE CHRISTMAS CREW
0:11:52,@Elexir108,Me too tisha
0:11:53,@Tamers12345MLP,Teagan is canonically built like this in-game btw
0:11:54,@patiencemassaquoi9830,AY DO SHE GOT AN ONLY TOONS????
0:11:54,@dottedAnarchist,STOP
0:11:54,@BloomiDWLOVER,What is Tisha looking at :loudly_crying_face:
0:11:55,@ptkebr,thanks tamers
0:11:56,@jonellcoco1103,Oh shit
0:11:56,@Haisjee,RUDY OMG
0:11:56,@Sprout_FanBv,DAYUM
0:11:57,@RataRabioza,uff
0:11:57,@ayyo-bun3534,I MEAN MOTHER
0:11:58,@applebloom2307,TEAGAN?! That's my name ಠ╭╮ಠ
0:11:58,@Shivery,They deserved it the Christmas toons
0:12:00,@XxZ0MB1E_K1TTYxX,TEAGAN
0:12:00,@icelemonhehe,nooo
0:12:01,@shadey_z1241,Oh shit
0:12:02,@Wawawaow-O_O,ZAMMM RUDIE
0:12:02,@Fizzyy_Wizzyy,lol
0:12:02,@StarStarHooray,what does rudie do
0:12:02,@XxZ0MB1E_K1TTYxX,OMGG
0:12:03,@What-bm7nr,NOO MY QUEEN BOBBETEEEE
0:12:03,@iheartkittennn,NOOO BOBETTE
0:12:03,@UngulaPropriaRQ,LMAOOO
0:12:04,@Vexthemxz,OH MY GOD?>
0:12:04,@Spooky_basement_Cat,VEE X BRIGHTY YASSSSS
0:12:04,@dottedAnarchist,teagan is NOT built like this
0:12:06,@bobetti.ৎ,DAMN TEAGAN
0:12:07,@creamsouda3338,LMAOOO???
0:12:08,@absbirdball,XD
0:12:08,@StarStarHooray,WHAT
0:12:08,@XxZ0MB1E_K1TTYxX,TEAGAN
0:12:08,@ptkebr,PLAY THAT SHIT
0:12:09,@alcohollibee8645,Omggg
0:12:09,@hallo-r3p,tisha don't give that look
0:12:09,@Tamers12345MLP,Rudie is canonically bui8lt like this in-game btw
0:12:10,@Hyloaf,YES
0:12:10,@Exiledlama,LMFAO
0:12:10,@Fizzyy_Wizzyy,omg
0:12:10,@blankgrl,LMFAOOO
0:12:10,@ayyo-bun3534,YEAAAHHHHHHH
0:12:11,@iheartkittennn,RHDIE
0:12:11,@Chevreuse-f2l,HELP
0:12:11,@dottedAnarchist,WOAH
0:12:11,@echoven,LOOOOOOOL
0:12:11,@LipSlopCooker,GO RUDIE GO
0:12:12,@IdolatrineEnthusiast,WHAT
0:12:12,@Elexir108,Help
0:12:12,@jennythebean9117,Damn
0:12:12,@icelemonhehe,HELP?
0:12:12,@NubMcMoofin,:exploding_head::exploding_head::exploding_head::smiling_face_with_hearts::smiling_face_with_hearts::smiling_face_with_hearts:
0:12:13,@punkypony5165,Yeah that Green Robot girl is definitely my favorite Dandy character
0:12:14,@1oneamate,HELL YEAH
0:12:14,@patiencemassaquoi9830,OMG
0:12:15,@IIomqItz_Jayyyy,WHAT
0:12:15,@C0llecter-513,make it jingle
0:12:15,@applebloom2307,That's literally my name what ಠ╭╮ಠ
0:12:15,@HMZeroTwo,YEAHHHH RUDIE
0:12:16,@This_user_likes_Zip,LMAO
0:12:16,@patiencemassaquoi9830,BRO
0:12:17,@IdolatrineEnthusiast,shouldve been rodger
0:12:17,@Vexthemxz,rudie has CAKE
0:12:17,@lavender_Milkk,HELP
0:12:17,@jonellcoco1103,hELp
0:12:17,@tmen9008,Lmao
0:12:17,@Flop-g9n,WHAT
0:12:17,@iheartkittennn,RUDIE :broken_heart::broken_heart:
0:12:18,@Haisjee,Rudy should be a tap dancer
0:12:18,@Chevreuse-f2l,RUDIE WHAT
0:12:18,@wakommm,ohhhh my god
0:12:19,@Uni_Real0,NAHH AM CRINE
0:12:19,@sleepyhead_starrie,MAKE IT JINGLE MAKE IT JINGLE
0:12:19,@jo3a548,Lolollllolololl
0:12:20,@Kualxek,lel
0:12:20,@Cheeseandblood,"Please don't get this video claimed, music...."
0:12:21,@GuitarVader_,Yup kino time
0:12:21,@XxZ0MB1E_K1TTYxX,IM COMING
0:12:22,@Uni_Real0,LOL
0:12:22,@CHILDE1FAN,please make finn kidnap shrimpo
0:12:22,@UngulaPropriaRQ,GO RUDY GO
0:12:22,@bartc561,:loudly_crying_face::loudly_crying_face::loudly_crying_face:
0:12:23,@dottedAnarchist,RUDIE IS canonically built like that
0:12:23,@moriorinvictus69,not rudie throwing it back :loudly_crying_face:
0:12:24,@iheartkittennn,HELPPPPP
0:12:24,@Exiledlama,Caked up
0:12:24,@echoven,epic
0:12:24,@XxZ0MB1E_K1TTYxX,KAHAJAHAJA
0:12:24,@What-bm7nr,helpppp
0:12:25,@StarStarHooray,I GUESS BRO
0:12:25,@NubMcMoofin,:smiling_face_with_hearts::smiling_face_with_hearts::smiling_face_with_hearts::smiling_face_with_hearts:
0:12:25,@ayyo-bun3534,FAT STORED FOR THE WINTER
0:12:27,@connornevitt,there was never any emancipation proclomayfrom Dandy of course
0:12:27,@creamsouda3338,leave that damn puppy alone
0:12:27,@сникирс-о0,im hatr dandy
0:12:27,@hallo-r3p,SPROUT DON'T HIT MY BABIES LIKE THAT:loudly_crying_face::loudly_crying_face:
0:12:28,@Fizzyy_Wizzyy,W Dandy
0:12:28,@Terriblemousy45676,OH MY GOD
0:12:29,@Haisjee,nvm this is better
0:12:30,@Shivery,:brown_circle::brown_circle::waving_hand:
0:12:31,@bartc561,:face_with_tears_of_joy::face_with_tears_of_joy::face_with_tears_of_joy:
0:12:31,@ayyo-bun3534,YE
0:12:31,@usaminabe,YWS RUDUE
0:12:32,@jo3a548,Lolololololl
0:12:32,@Portals_2019,Rudie
0:12:33,@iheartkittennn,I KEEP COUGHING ON MY SCRENE
0:12:34,@ayyo-bun3534,YE
0:12:34,@bobetti.ৎ,GO RUDIE GO
0:12:34,@XxZ0MB1E_K1TTYxX,IM GOONING
0:12:34,@freelifepnd,DAMN
0:12:35,@hallo-r3p,rudie excuse me
0:12:36,@Kualxek,AWW
0:12:37,@jennythebean9117,Lassie?
0:12:39,@freelifepnd,HOT DIGGEDY DOG
0:12:40,@alcohollibee8645,Aww
0:12:40,@iheartkittennn,aweeeee
0:12:41,@Fizzyy_Wizzyy,peeble awww
0:12:42,@patiencemassaquoi9830,The house bouta heat up with all that movement back there :loudly_crying_face:
0:12:43,@XxZ0MB1E_K1TTYxX,I NEED TEAGAN
0:12:43,@Shivery,Poor Pebs
0:12:43,@Wawawaow-O_O,NO DANDY WILL BURN
0:12:43,@GiaDelRosario,HAHAHAHA
0:12:45,@This_user_likes_Zip,Awww
0:12:45,@What-bm7nr,Its everywhere 
0:12:45,@C0llecter-513,MAKE IT JINGLE
0:12:45,@lavender_Milkk,I'm coming
0:12:46,@NubMcMoofin,:smiling_face_with_hearts::smiling_face_with_hearts:
0:12:47,@Solums,Aww
0:12:47,@iheartkittennn,pebbleeeee <333
0:12:48,@Uni_Real0,W dandy moment
0:12:49,@jo3a548,Frens
0:12:49,@icelemonhehe,TAHT SO CUTE FO RTHAT
0:12:50,@Shivery,:brown_circle::brown_circle::waving_hand:
0:12:51,@3-ST4R-3,Get rudie off screen NOW
0:12:51,@ptkebr,KEEP THROWING IT
0:12:52,@XxZ0MB1E_K1TTYxX,PLEASE helapp
0:12:52,@Starfire_777,what game is this btw?
0:12:53,@Tamers12345MLP,"It's all Rudie's got, have you seen how shitty his stats are?"
0:12:54,@jonellcoco1103,Yes keep dancing 
0:13:01,@jennythebean9117,Dandy fart down the chimney 
0:13:02,@What-bm7nr,HES OEAK BRO
0:13:03,@Johnathan-2763,huh
0:13:03,@SpookyAmmo,he grinchin
0:13:04,@Tamers12345MLP,@Starfire_777 Dandy's World
0:13:04,@sleepy635,explote the house
0:13:05,@Shivery,lol tamers
0:13:06,@milkdud8614,im so happy we havent seen brusha yet she deserves the worst
0:13:06,@hallo-r3p,FR
0:13:06,@Dragonoid7Ultra,Dandy plot moment
0:13:07,@Mooniesstones,the fire gonna kill dandy
0:13:07,@GAMERB0YJ03Y,TAMERS DO ASTRO X RUDIE XOXO
0:13:09,@GiaDelRosario,SO GLAD YOU'RE BACK
0:13:09,@ayyo-bun3534,DAMN
0:13:09,@iheartkittennn,why is pebble so long
0:13:10,@dottedAnarchist,YES
0:13:11,@sleepyhead_starrie,Hear me out
0:13:11,@DUCKY-_-QUACK,peak
0:13:12,@lavender_Milkk,I'm gooning to ts
0:13:12,@Elexir108,Oo
0:13:13,@LipSlopCooker,he can dash though so hes more better than others
0:13:13,@vanveleca,ROBUX??????
0:13:15,@jennythebean9117,Robux! 
0:13:15,@Pawsfurever-v1b,I STILL CAN'T GET OVER THE CUTTING
0:13:15,@Nander___,4 of those would make shrimpo's day
0:13:15,@Sprout_FanBv,Tamers please
0:13:16,@dottedAnarchist,ROBUX GIFT CARD GIVEAWAY
0:13:16,@UngulaPropriaRQ,TRUE
0:13:17,@Starfire_777,k thx
0:13:17,@iheartkittennn,why did they stretch pebble
0:13:17,@patiencemassaquoi9830,Ay I’ll take it
0:13:17,@This_user_likes_Zip,YES ROBUX
0:13:17,@freelifepnd,GOD DAMN
0:13:18,@HMZeroTwo,Dandy's world and we're just living in it
0:13:18,@ayyo-bun3534,IT WOULD BUT LIKE THAT ONLY BUYS A HAT
0:13:20,@alcohollibee8645,PEBBLE
0:13:22,@bartc561,Clapping it like that is wild fr :face_with_tears_of_joy::face_with_tears_of_joy::face_with_tears_of_joy:
0:13:22,@StarStarHooray,i want a robux gifcard tooo
0:13:23,@Shivery,Robux
0:13:24,@iheartkittennn,NO PEBBLE
0:13:24,@Exiledlama,LMAO
0:13:25,@ayyo-bun3534,ROBUX
0:13:25,@ZoombaPumba,LOOEY
0:13:26,@XxZ0MB1E_K1TTYxX,BLOTTT
0:13:26,@the_zodiacs1,LOL
0:13:27,@hallo-r3p,do easter toons next:victory_hand:
0:13:27,@Uni_Real0,Ayo robux gift card 
0:13:28,@This_user_likes_Zip,NOOOO BLOT
0:13:28,@HMZeroTwo,PEBBLE GYAT
0:13:29,@jo3a548,Lololllllolll
0:13:30,@applebloom2307,Poor baby
0:13:30,@Fizzyy_Wizzyy,aww Peeble
0:13:30,@XxZ0MB1E_K1TTYxX,BLOOTTTTT
0:13:31,@iheartkittennn,looey :drooling_face::drooling_face::drooling_face:
0:13:33,@Hyloaf,YATTA <3
0:13:37,@jo3a548,Oh no
0:13:38,@XxZ0MB1E_K1TTYxX,I LOVE YOU BLOOOTTTT
0:13:39,@ayyo-bun3534,LMAOI
0:13:40,@haggidyandfranku5444,You know who got stuck in chimeny's? Sonic...
0:13:40,@jo3a548,Bullies
0:13:43,@XxZ0MB1E_K1TTYxX,OMGGGGG
0:13:44,@jennythebean9117,Dandy stop talking 
0:13:44,@Portals_2019,MY DANDY’S WORLD IS KINDA HOMELESS:cat_with_wry_smile:
0:13:45,@bobetti.ৎ,LOOOEYYYYYUY
0:13:47,@ginyu420,This reminds me of the Sonic Underground Secret Santa special from like 2020
0:13:48,@icelemonhehe,oh.
0:13:51,@TheMTwinny,LMAO
0:13:51,@punkypony5165,Caught
0:13:51,@creamsouda3338,LOL??
0:13:52,@patiencemassaquoi9830,:broken_heart::broken_heart:
0:13:52,@icelemonhehe,LAMO
0:13:53,@lavender_Milkk,"Please recite the first 3 letters of the alphabet if you wish to partake in this run where we will be hunting twisteds that have been placed into the ""main"" category."
0:13:53,@HMZeroTwo,How is nobody hearing dandy's loud ahh in the chimney
0:13:53,@milkdud8614,TAMERS CAN YOU MAKE SPOURT PREGNANT NEXT EP AND GIVES BIRTH TO JR SINCE HE DOSE THIS IN GAME
0:13:55,@Uni_Real0,LOL
0:13:55,@Elexir108,Hmmm
0:13:57,@creamsouda3338,whyd blot loose his bbl
0:13:57,@jo3a548,No
0:13:58,@icelemonhehe,NO WAY
0:13:58,@bartc561,:face_with_tears_of_joy::face_with_tears_of_joy::face_with_tears_of_joy:
0:13:59,@ptkebr,brapppp
0:14:00,@Shivery,blot is smol
0:14:01,@jo3a548,Meanies
0:14:01,@ayyo-bun3534,OOP THATS 3 TIMES A HOMIE LISTENED TO SHIT TALKING IN THE CHIMINE
0:14:04,@jennythebean9117,Dio mio
0:14:05,@Haisjee,:crying_face::crying_face::crying_face::crying_face::crying_face:
0:14:06,@Pepsi_Gange,LOLL
0:14:07,@fixmeoww,why does blot have such a small butt?
0:14:08,@SpookyAmmo,same
0:14:08,@ZoombaPumba,YATTA is so real
0:14:08,@HMZeroTwo,Blot has a small brapper
0:14:08,@Tamers12345MLP,@haggidyandfranku5444 Thank god Dandy isn't nearly as fat as SOnic otherwise he's get stuck in the chimney
0:14:08,@DUCKY-_-QUACK,DAMN
0:14:09,@XxZ0MB1E_K1TTYxX,ME FRRR
0:14:09,@StarStarHooray,YATTA IM CRYINGG
0:14:10,@moriorinvictus69,valid af
0:14:10,@jonellcoco1103,Oh ok
0:14:13,@Shivery,yatta is so mr
0:14:14,@Starfire_777,stop hitting on her
0:14:15,@vanveleca,feliz navidad
0:14:17,@Hyloaf,Based Yatta
0:14:20,@XxZ0MB1E_K1TTYxX,YATTA IS ME
0:14:23,@punkypony5165,OK I like her
0:14:23,@bobetti.ৎ,YATYA IS A FUTURE TELLER
0:14:28,@dominicunderwood4911,SONIC UNDERGROUND!!
0:14:30,@jennythebean9117,Light it!
0:14:31,@ayyo-bun3534,SHART
0:14:32,@bartc561,Holy Fuck XDDD
0:14:32,@ptkebr,poo poo
0:14:32,@iheartkittennn,sprout :drooling_face::drooling_face:
0:14:34,@jonellcoco1103,Um
0:14:35,@LipSlopCooker,the circus trio is the true villains of gardenview
0:14:37,@Uni_Real0,Hmmmm
0:14:38,@icelemonhehe,jumpscare
0:14:38,@creamsouda3338,did pebble just kill himself
0:14:38,@Vexthemxz,That damn smile
0:14:38,@ZoombaPumba,oh no
0:14:40,@XxZ0MB1E_K1TTYxX,OMGGG
0:14:40,@iheartkittennn,DANDY AND SPROUT NEED TO KISS AGAIN
0:14:40,@IdolatrineEnthusiast,oh my god
0:14:42,@Fizzyy_Wizzyy,OOP
0:14:42,@lavender_Milkk,help
0:14:43,@UngulaPropriaRQ,OH NO
0:14:43,@Uni_Real0,LOL
0:14:44,@Exiledlama,Chat we're cooked
0:14:44,@dottedAnarchist,NO GANG
0:14:45,@TheMTwinny,PEBBLE SAID NAH YOU GOOD
0:14:45,@punkypony5165,Oh shit
0:14:45,@ayyo-bun3534,SONIC BROKE THE CHIMINE
0:14:45,@hallo-r3p,wtf
0:14:46,@HMZeroTwo,SPROUT STOP SMILING LIKE THAT
0:14:46,@jennythebean9117,Pebble did the right thing 
0:14:46,@shadey_z1241,Oh shit
0:14:48,@jo3a548,Oh no
0:14:49,@Fizzyy_Wizzyy,Embarrassing
0:14:49,@L0b0c0s,why is he scary
0:14:49,@Shivery,Dandy dies
0:14:50,@iheartkittennn,"TAMERS, PLEASE MAKE THEM KISS AGAIN"
0:14:50,@dottedAnarchist,MY KING GOT CAUGHT
0:14:50,@applebloom2307,Scare me-
0:14:52,@bobetti.ৎ,SPROUTTTTTT
0:14:53,@Tamers12345MLP,"@jennythebean9117 Don't fucking do that, Dandy is a flower, he'd be set on fire immediately"
0:14:54,@ayyo-bun3534,SURE
0:14:54,@Chevreuse-f2l,Wuh oh
0:14:56,@Kualxek,HETEROSEXUAL
0:14:56,@patiencemassaquoi9830,Ts peak dialogue 
0:14:57,@lavender_Milkk,GAY
0:14:57,@XxZ0MB1E_K1TTYxX,GAY
0:14:58,@Portals_2019,I FARTED
0:14:59,@icelemonhehe,oh-
0:15:00,@ZoombaPumba,dandy ?!?!?!
0:15:00,@vanveleca,:face-orange-biting-nails::face-orange-biting-nails::face-orange-biting-nails:
0:15:01,@Fizzyy_Wizzyy,>:3
0:15:02,@HMZeroTwo,HETEROSEXUAL
0:15:03,@applebloom2307,Suuuuuuure
0:15:04,@Terriblemousy45676,Damn that’s creepy
0:15:04,@C0llecter-513,i love Dandys angry face
0:15:05,@SonataDidIt,Ok gay
0:15:06,@ayyo-bun3534,FART ON HIM
0:15:08,@Chiffon-an-cheese,sprout pls
0:15:08,@icelemonhehe,yeah dandy not really
0:15:09,@ayyo-bun3534,DO IT
0:15:10,@sleepyhead_starrie,*loud incorrect buzzer*
0:15:10,@milkdud8614,TAMERS CAN YOU MAKE BLOUT PREGNANT NEXT EP AND GIVES BIRTH TO JR SINCE HE DOSE THIS IN GAME
0:15:11,@blankgrl,Sprout kill him
0:15:11,@iheartkittennn,PLEASEGEG
0:15:12,@Chevreuse-f2l,NO DONT
0:15:15,@SharkDoggy,I ship them 
0:15:16,@HMZeroTwo,That angle of dandy is kinda hard
0:15:16,@ayyo-bun3534,BEEF STEW HIM
0:15:19,@shadey_z1241,Bro is about to be shit on
0:15:19,@Chevreuse-f2l,DROP HIM
0:15:22,@iheartkittennn,BIBETETYESSS
0:15:24,@dottedAnarchist,DANDY JUST LET GO OF THE ROPE
0:15:24,@zeinbotr,so hetero
0:15:28,@Fizzyy_Wizzyy,lol
0:15:30,@Starfire_777,i love strawberries
0:15:30,@bartc561,"Woah, Woah, Yaoi moment :rolling_on_the_floor_laughing::rolling_on_the_floor_laughing::rolling_on_the_floor_laughing:"
0:15:33,@Brushalover,NO DANDYY
0:15:33,@jennythebean9117,Lemonade 
0:15:34,@Shivery,:brown_circle::brown_circle::waving_hand:
0:15:40,@Wawawaow-O_O,straight DANDY %100
0:15:41,@jo3a548,Lemonade
0:15:41,@Tamers12345MLP,Shit I spelled homosexual wrong
0:15:42,@icelemonhehe,DON'T MAK ETHAT VOTE LOSE
0:15:47,@Tamers12345MLP,I mena heterosexual
0:15:53,@Uni_Real0,blud somehow excape
0:15:53,@garlicplayzGAMES,what are these animated in chat :thinking_face:
0:15:53,@Tamers12345MLP,I can't spell for shit
0:15:55,@bartc561,XD
0:15:55,@jonellcoco1103,Um
0:15:56,@XxZ0MB1E_K1TTYxX,A WHAT
0:15:56,@HMZeroTwo,"I accidentally voted ""heterosexuak"" because I was attracted to that"
0:15:57,@applebloom2307,It's cool bro
0:15:58,@IdolatrineEnthusiast,its a sign
0:15:59,@grimtidings5451,Wut
0:15:59,@TheMTwinny,DEADASS
0:16:00,@DUCKY-_-QUACK,lol
0:16:01,@lavender_Milkk,you cant
0:16:01,@icelemonhehe,lol it find
0:16:02,@milkdud8614,TAMERS CAN YOU MAKE BLOT PREGNANT NEXT EP AND GIVES BIRTH TO JR SINCE HE DOSE THIS IN GAME
0:16:02,@arsenalshipka,gg
0:16:02,@patiencemassaquoi9830,Give this man a true
0:16:05,@XxZ0MB1E_K1TTYxX,FINNNN
0:16:06,@hallo-r3p,PFFT LMAO
0:16:06,@This_user_likes_Zip,FREEZE DRIED STRAWBERRY
0:16:07,@CHILDE1FAN,its okay tamers 
0:16:07,@jennythebean9117,Like Santa’s Elves 
0:16:07,@sleepy635,because you spelled bad I didn't vote heterosexual
0:16:08,@Splatthealienrunkeyissilly,I think tamers is a little high
0:16:08,@bobetti.ৎ,LOL
0:16:11,@Tamers12345MLP,@HMZeroTwo That's fair
0:16:13,@Sprout_FanBv,i wanted to vote holosexual
0:16:15,@freelifepnd,TISHA MY GOAT
0:16:16,@PacAttaq,why did sprout say a slur bro
0:16:18,@bartc561,Bro belts out bangers doe
0:16:19,@Terriblemousy45676,Finn + shrimpo = Big Mac and Braeburn
0:16:20,@jennythebean9117,Invite her!
0:16:22,@punkypony5165,Based ngl
0:16:24,@Tamers12345MLP,Wtf is a blot jr
0:16:24,@UltimateBlanket,uh oh
0:16:29,@dottedAnarchist,finn on screen
0:16:34,@garlicplayzGAMES,wat was dis animated in :thinking_face::thinking_face::thinking_face::thinking_face::thinking_face::thinking_face:
0:16:34,@Elexir108,Finn push him
0:16:40,@ZoombaPumba,blot jr is the abbility blot has
0:16:41,@milkdud8614,blot can poop out a smaller version of himself ingamw
0:16:42,@DUCKY-_-QUACK,rip tisha
0:16:44,@Shivery,Saf finn
0:16:44,@iheartkittennn,tamers doesn’t know what a blot jr is???
0:16:46,@Uni_Real0,blots son tamer
0:16:46,@LipSlopCooker,dandy is very straight hetrosexual trust
0:16:49,@Chevreuse-f2l,blot jr is basically blots child
0:16:50,@HMZeroTwo,Blot jr is blot hwen he was younger
0:16:50,@patiencemassaquoi9830,Twin 
0:16:50,@Brushalover,Blot jr is blot abtilly
0:16:51,@ayyo-bun3534,microsoft paint i think
0:16:55,@icelemonhehe,oh.
0:16:57,@iheartkittennn,WTHFD
0:16:59,@CHILDE1FAN,okay well this chat is distracting me so bye
0:17:01,@ayyo-bun3534,YEAAAAHHHHHH
0:17:02,@ieatrocksandie,HELP
0:17:02,@Exiledlama,LMAO
0:17:02,@iheartkittennn,LOOEY NO
0:17:03,@Chevreuse-f2l,HELP
0:17:03,@Kualxek,LOL
0:17:06,@XxZ0MB1E_K1TTYxX,OH
0:17:06,@ZoombaPumba,DANDY NO
0:17:06,@sleepyhead_starrie,Ok
0:17:06,@TheMTwinny,LMAO
0:17:06,@zenkilled,NAH
0:17:06,@iheartkittennn,LOOOEY MOOOOO
0:17:07,@jonellcoco1103,Ok damn
0:17:07,@icelemonhehe,rip looey
0:17:07,@jennythebean9117,Oh no
0:17:08,@сникирс-о0,COSMO
0:17:08,@jo3a548,Lolololol
0:17:08,@lavender_Milkk,HE FARTED
0:17:09,@iheartkittennn,NOO
0:17:10,@ZoombaPumba,LOOEYYYY
0:17:10,@snailke777,lol
0:17:10,@ptkebr,AAAUUGGGHHH GOOD LOOOOORD
0:17:10,@XxZ0MB1E_K1TTYxX,NOOOO
0:17:11,@C0llecter-513,awesome
0:17:11,@Pawsfurever-v1b,IM DYING
0:17:11,@ZoombaPumba,oh
0:17:11,@punkypony5165,immediately disarmed
0:17:11,@Uni_Real0,LOL
0:17:11,@iheartkittennn,NOOOO
0:17:12,@Chiffon-an-cheese,THE REAL HANDS 
0:17:13,@vanveleca,LOOEY NO
0:17:13,@ayyo-bun3534,MY BOI
0:17:13,@Dragonoid7Ultra,Oh heck nah
0:17:13,@patiencemassaquoi9830,Bro forgot he’s armed
0:17:14,@jo3a548,Lolol
0:17:14,@DUCKY-_-QUACK,DAMN
0:17:14,@glad7636,Far cry 3
0:17:14,@alcohollibee8645,Omg
0:17:15,@UngulaPropriaRQ,damn nice relaod
0:17:15,@KourtneyBeale-t2t,WHAT 
0:17:16,@сникирс-о0,my poor boy cosno
0:17:16,@dominicunderwood4911,been awhile since someone face-farted
0:17:17,@HMZeroTwo,LOOEY NO
0:17:17,@vanveleca,oh nvrmind
0:17:18,@lavender_Milkk,rip
0:17:18,@applebloom2307,Nuu
0:17:18,@TheMTwinny,WHAT
0:17:18,@Shivery,FPS Dandy
0:17:18,@Tamers12345MLP,Looey's okay
0:17:18,@jennythebean9117,He ok :P
0:17:19,@bartc561,OMFG
0:17:19,@connornevitt,based
0:17:19,@Uni_Real0,LOL
0:17:21,@Uni_Real0,LOL
0:17:22,@What-bm7nr,IM CRINE
0:17:22,@XxZ0MB1E_K1TTYxX,OMGGG
0:17:23,@freelifepnd,LOOOOEEYYYYY
0:17:23,@LipSlopCooker,blot jr is blots son that they dont pay child support for
0:17:24,@shadey_z1241,Man got knocked out
0:17:24,@bartc561,Rippppp
0:17:25,@ayyo-bun3534,OH MY GOD
0:17:27,@Ceyeink,we all cracking
0:17:28,@iheartkittennn,oh thank god
0:17:29,@Zzzzzzzzzzzzzzzz_000,lol
0:17:29,@hallo-r3p,POOR COS
0:17:29,@ginyu420,"Oh my god, balloon character whose name i don't know"
0:17:29,@Shivery,he's made of balloon
0:17:31,@matius851,syabu
0:17:32,@XxZ0MB1E_K1TTYxX,AWWWWWW
0:17:33,@jennythebean9117,Yes :3
0:17:33,@lavender_Milkk,lies
0:17:33,@ginyu420,Hes DEAD
0:17:34,@Uni_Real0,O
0:17:34,@Stratosfear_930,the fucking reload anymation
0:17:36,@iheartkittennn,KISS
0:17:36,@icelemonhehe,ohh sprout x dandy ig...
0:17:38,@dottedAnarchist,THEY ALL REGIFTING
0:17:39,@ayyo-bun3534,YEAAAAHHHHHHHHHHHHH
0:17:41,@iheartkittennn,KISS AGAIN PLEASE
0:17:42,@dottedAnarchist,THEY ALL REGIFTING
0:17:45,@ZoombaPumba,AYOOO
0:17:45,@grayluck4694,Doctor Whooves: :tomato::tomato:
0:17:45,@Portals_2019,THAT WAS NOT THE WIND.
0:17:46,@Cattle.ink.3,im dying
0:17:46,@Pawsfurever-v1b,KISS
0:17:47,@dottedAnarchist,FUCK THEY LOVE REGIFTING
0:17:49,@patiencemassaquoi9830,Get a load of this guy
0:17:49,@iheartkittennn,KISSS PLESEUEJS AUGGHHS
0:17:53,@Uni_Real0,YOOOO
0:17:54,@Uni_Real0,YOOOO
0:17:55,@alcohollibee8645,THEY GONNA KITH
0:17:55,@applebloom2307,OoooOOOOOO
0:17:55,@IdolatrineEnthusiast,OH MY GOD IM CRYING
0:17:55,@TheMTwinny,TOXIC YAOI MOMENT
0:17:56,@Ceyeink,im crying
0:17:56,@lavender_Milkk,have se-
0:17:56,@misakayy1911,damn
0:17:56,@Chevreuse-f2l,KISS
0:17:56,@dottedAnarchist,DAMN.
0:17:57,@HMZeroTwo,AYO
0:17:57,@PacAttaq,oh no......
0:17:57,@dottedAnarchist,NO
0:17:57,@LipSlopCooker,dandy crashing out?????
0:17:58,@Pawsfurever-v1b,KISS
0:17:58,@dottedAnarchist,NO
0:17:58,@bartc561,"Awww yeah, Toxic Yaoi tiem"
0:17:58,@jennythebean9117,Yaoi infront of everyone!
0:18:00,@XxZ0MB1E_K1TTYxX,YAOIIII
0:18:01,@Uni_Real0,GAY
0:18:01,@Elexir108,Oh god
0:18:01,@NubMcMoofin,:face_savoring_food:
0:18:02,@сникирс-о0,NO
0:18:02,@Cattle.ink.3,oh-
0:18:03,@What-bm7nr,WHY ISNT IT ME
0:18:03,@IIomqItz_Jayyyy,YO WHAT
0:18:04,@IIomqItz_Jayyyy,WHAT
0:18:04,@IIomqItz_Jayyyy,WHAT
0:18:05,@IIomqItz_Jayyyy,WHAT
0:18:05,@StarStarHooray,OMG
0:18:05,@This_user_likes_Zip,SILLY
0:18:05,@iheartkittennn,what
0:18:06,@lavender_Milkk,HeLp
0:18:07,@jonellcoco1103,The rizz help
0:18:07,@vanveleca,AYO
0:18:07,@LipSlopCooker,dandy plz dont crash out
0:18:08,@сникирс-о0,im hate it
0:18:08,@garlicplayzGAMES,GLISTEN
0:18:09,@bobetti.ৎ,YAOIIIII
0:18:09,@shadey_z1241,YO
0:18:10,@icelemonhehe,oh-lol
0:18:11,@sleepyhead_starrie,YESRSUS
0:18:11,@blankgrl,Cheating is fun
0:18:11,@Vexthemxz,YESSS MOONCAKEEEEEE
0:18:12,@ginyu420,Astro is JELLY
0:18:12,@TheMTwinny,LMAO
0:18:12,@iheartkittennn,OMGG
0:18:13,@Elexir108,Poppy is enjoying this
0:18:13,@imliterallysally,can we get mooncake.
0:18:13,@garlicplayzGAMES,:face_with_tongue:
0:18:13,@jo3a548,Cute
0:18:14,@ayyo-bun3534,OH
0:18:14,@nonten4,Why myst i be at work for this
0:18:14,@IdolatrineEnthusiast,Great minds think alike
0:18:14,@shiinafiufiu,lol
0:18:14,@StarStarHooray,OMG YES
0:18:15,@creamsouda3338,LOL?
0:18:15,@PacAttaq,YOOOOOOO
0:18:15,@Missfortune67,OMGGGG
0:18:15,@iheartkittennn,YESSSSSSS
0:18:16,@StarStarHooray,YES
0:18:16,@punkypony5165,:hand-pink-waving::white_circle::white_circle:
0:18:16,@Mr.DerangedBlue,Ok
0:18:16,@Elexir108,HUH
0:18:16,@XxZ0MB1E_K1TTYxX,OMGGGG
0:18:16,@blankgrl,OH
0:18:16,@imliterallysally,/YES
0:18:17,@KourtneyBeale-t2t,KISS
0:18:17,@SonataDidIt,GAY
0:18:17,@Solums,Yaoi
0:18:17,@IIomqItz_Jayyyy,IM CRYING YO
0:18:17,@Fizzyy_Wizzyy,omg
0:18:18,@icelemonhehe,WOAH
0:18:18,@freelifepnd,LMAOOOOO
0:18:18,@ptkebr,WHAT
0:18:18,@patiencemassaquoi9830,WHAT
0:18:19,@PacAttaq,WGHATTTTT
0:18:19,@Vexthemxz,YESSSSS
0:18:19,@applebloom2307,WOOF WOOF WOOF
0:18:19,@alcohollibee8645,WOAH
0:18:19,@dottedAnarchist,YES PEAK
0:18:19,@Somerandompersonexisting,O_O
0:18:20,@Hyloaf,WOAH
0:18:20,@punkypony5165,Cucked
0:18:20,@Chevreuse-f2l,SHAT
0:18:20,@KourtneyBeale-t2t,YES
0:18:20,@lavender_Milkk,nah
0:18:20,@PacAttaq,WHATTTTTTTt
0:18:20,@TheMTwinny,HAHAHAHA
0:18:21,@IdolatrineEnthusiast,OH MY GOD
0:18:21,@ayyo-bun3534,DAMN
0:18:21,@Chiffon-an-cheese,HUH
0:18:21,@imliterallysally,YESSS
0:18:21,@fixmeoww,OH?
0:18:21,@crazyartist1016,:face_with_open_eyes_and_hand_over_mouth:
0:18:22,@PacAttaq,WHATTTTTTTTT
0:18:22,@Chevreuse-f2l,WHAT
0:18:22,@moriorinvictus69,GOTEM
0:18:22,@vanveleca,YO?????????????
0:18:23,@Beetlesfruitcake,OH
0:18:23,@applebloom2307,Oomg
0:18:23,@dottedAnarchist,PEAK PEAK PEAK
0:18:23,@jo3a548,What
0:18:23,@1oneamate,WGAT
0:18:24,@SonataDidIt,Genius
0:18:24,@TheMTwinny,GOT EM
0:18:24,@What-bm7nr,DESERVED
0:18:24,@freelifepnd,WQHAT
0:18:24,@PacAttaq,WHATTTTTTT
0:18:24,@ZoombaPumba,EVIL
0:18:25,@Elexir108,WHAT
0:18:25,@Uni_Real0,NAHHH
0:18:25,@KohJhonesItula,LMAO
0:18:25,@KourtneyBeale-t2t,Yes
0:18:25,@UngulaPropriaRQ,yOOOOOO
0:18:26,@bartc561,Goteem
0:18:26,@vbbh736,OMG what
0:18:26,@patiencemassaquoi9830,GANG
0:18:26,@Terriblemousy45676,YESSSSS
0:18:26,@Cheeseandblood,????? JEALOUSY?????
0:18:27,@RataRabioza,gay drama
0:18:27,@freelifepnd,WHATTTTTTTTT
0:18:27,@jennythebean9117,Yaoi is getting spicy 
0:18:29,@Uni_Real0,NAHHHHH
0:18:29,@XxZ0MB1E_K1TTYxX,OH MY GAOOO
0:18:29,@freelifepnd,WHATTTTTTTTTTTTTTT
0:18:30,@ZoombaPumba,DESERVED
0:18:30,@ginyu420,"HE DON STOLE YOUR MAN, SPROUT"
0:18:30,@Pawsfurever-v1b,MOONCAKE!?!??!
0:18:30,@dottedAnarchist,ASTRO NO
0:18:31,@bartc561,GOT EEM
0:18:32,@creamsouda3338,LMFAOOOO
0:18:32,@ZoombaPumba,DESERVED
0:18:32,@jonellcoco1103,:text-green-game-over:
0:18:33,@grimtidings5451,OH WOWWWWWW
0:18:33,@iheartkittennn,awhhhhh kisssijsjss
0:18:33,@XxZ0MB1E_K1TTYxX,OMGGGG
0:18:34,@imliterallysally,YESSS
0:18:34,@dominicunderwood4911,holy shit
0:18:35,@dottedAnarchist,ASTRO 
0:18:36,@Terriblemousy45676,WHAT A PLOT TWIST
0:18:36,@KourtneyBeale-t2t,NO
0:18:36,@LipSlopCooker,astro really just did that brah
0:18:37,@bartc561,XDDD
0:18:37,@Cattle.ink.3,oop--
0:18:38,@imliterallysally,AS I SAY
0:18:38,@hallo-r3p,OH MY
0:18:39,@freelifepnd,OH SHIT 
0:18:39,@Uni_Real0,YOOOO
0:18:39,@ieatrocksandie,NOO
0:18:40,@jennythebean9117,It’s the mistletoe it’s tradition 
0:18:40,@matius851,me when I'm evil mastermind
0:18:40,@What-bm7nr,THATS WHAT HE GETS
0:18:40,@ptkebr,THIS IS PEAK
0:18:40,@XxZ0MB1E_K1TTYxX,HOLY SHIT
0:18:41,@jo3a548,Lololololllolol
0:18:42,@Kualxek,YES
0:18:43,@patiencemassaquoi9830,LOL
0:18:43,@IIomqItz_Jayyyy,TUFF
0:18:44,@dottedAnarchist,MY KING
0:18:44,@Vexthemxz,UH OH
0:18:44,@KourtneyBeale-t2t,WHAT 
0:18:45,@UltimateBlanket,THEY FOUND OUT
0:18:45,@wakommm,aaaand its kino
0:18:45,@Sprout_FanBv,LOLL
0:18:45,@iheartkittennn,what-
0:18:45,@XxZ0MB1E_K1TTYxX,I
0:18:46,@Portals_2019,MOONCAKE
0:18:47,@butterinacuup,OH MY
0:18:47,@zenkilled,BROOOOO
0:18:47,@Zzzzzzzzzzzzzzzz_000,Whoa dude
0:18:47,@Kualxek,LOL
0:18:47,@hallo-r3p,ASTRO AND COSMO DID IT
0:18:50,@XxZ0MB1E_K1TTYxX,OHHHH
0:18:50,@patiencemassaquoi9830,VRO
0:18:51,@Brushalover,HOLY
0:18:52,@ayyo-bun3534,LMAO
0:18:53,@HMZeroTwo,Im ean if i was cosmo i would be kissed all the time
0:18:53,@XxZ0MB1E_K1TTYxX,NOOOOO
0:18:53,@Elexir108,:anxious_face_with_sweat::anxious_face_with_sweat::anxious_face_with_sweat:
0:18:54,@What-bm7nr,nooo
0:18:55,@creamsouda3338,ARE THEY FINALLY GONNA KILL HIM
0:18:55,@Somerandompersonexisting,That’s real yaoi
0:18:55,@misakayy1911,OH NO
0:18:55,@icelemonhehe,oh..
0:18:56,@KourtneyBeale-t2t,What 
0:18:57,@Fizzyy_Wizzyy,LOLLL
0:19:00,@What-bm7nr,BRO
0:19:00,@grendel554,LMAOOOO
0:19:00,@LipSlopCooker,astro died for our worst sins
0:19:00,@IdolatrineEnthusiast,"""someone set him on fire"" ????"
0:19:01,@vanveleca,GASP
0:19:01,@hallo-r3p,ASTRO NO
0:19:01,@Chevreuse-f2l,NO
0:19:01,@butterinacuup,NOO
0:19:01,@Starfire_777,Based
0:19:01,@ayyo-bun3534,NOOOOOOO
0:19:01,@Kualxek,YEESSSSSS LETS GO
0:19:02,@shadey_z1241,Bro is a mutant
0:19:02,@Wawawaow-O_O,YESSS IT'S TIME
0:19:02,@HMZeroTwo,NOOO ASTRO
0:19:02,@alcohollibee8645,Cosmos and Apple split should meet 
0:19:03,@XxZ0MB1E_K1TTYxX,:broken_heart::broken_heart::broken_heart::broken_heart:
0:19:04,@Elexir108,OH
0:19:04,@ptkebr,BOY RUN
0:19:05,@lavender_Milkk,poor asstro
0:19:06,@Mope-t1t,NOUR
0:19:07,@iheartkittennn,LOOEYYY <333333
0:19:07,@jo3a548,Oh no
0:19:07,@ZoombaPumba,DESERVED
0:19:07,@punkypony5165,Deserved ngl
0:19:07,@bartc561,Reach around game must be CRAZY
0:19:08,@PacAttaq,DAMNMMMMMMM
0:19:08,@patiencemassaquoi9830,TS TOO FUNNY :face_with_tears_of_joy::victory_hand:
0:19:08,@jennythebean9117,He die for our Sims :loudly_crying_face:
0:19:09,@ginyu420,"""Someone set him on fire"" Lmaooo just like that"
0:19:09,@Shivery,Asteo :loudly_crying_face:
0:19:09,@dottedAnarchist,NAH NAH
0:19:09,@1oneamate,TRAITOR
0:19:10,@PacAttaq,WHATTTTTT
0:19:10,@Hyloaf,:(
0:19:11,@XxZ0MB1E_K1TTYxX,NOOOOOO MY BABY
0:19:12,@DUCKY-_-QUACK,damn
0:19:13,@Kualxek,YEESSSS
0:19:13,@creamsouda3338,AYAAHHHH
0:19:14,@Brushalover,Damn
0:19:14,@SpookyAmmo,at least he doesnt cut them finn
0:19:15,@jennythebean9117,Nooooooooooo
0:19:15,@KourtneyBeale-t2t,RUN?!
0:19:15,@jo3a548,Revenge
0:19:16,@Dragonoid7Ultra,Revenge 
0:19:17,@bartc561,:face_with_tears_of_joy::face_with_tears_of_joy::face_with_tears_of_joy:
0:19:17,@LipSlopCooker,BURN
0:19:17,@dottedAnarchist,FREE HIM
0:19:18,@iheartkittennn,RIP ASKTRO
0:19:19,@LipSlopCooker,BURN\
0:19:20,@dottedAnarchist,FREE HIM GANG
0:19:20,@hallo-r3p,he's been like that tf
0:19:20,@butterinacuup,ASTRO NOO
0:19:20,@patiencemassaquoi9830,FREE HIM
0:19:21,@dottedAnarchist,PLEASE
0:19:23,@freelifepnd,BURNNNNNNNNN
0:19:23,@Mope-t1t,NOT MY FAV BABY 
0:19:24,@ptkebr,WAAIIIIIT
0:19:24,@PacAttaq,BURN
0:19:24,@dottedAnarchist,HE AINT DONE ANYTHING
0:19:24,@Pawsfurever-v1b,FREE HIM
0:19:26,@Solums,Free him
0:19:26,@patiencemassaquoi9830,HE AINT DO NOTHJNG WRONG
0:19:27,@justRelaxing-u8r,Why is rudie twerking so smooth:loudly_crying_face:
0:19:28,@KourtneyBeale-t2t,NOO
0:19:29,@eileeneden8010,Guys am 4 years old ele idk whhhat thiissi
0:19:29,@HMZeroTwo,Finn and shrimpo got back together because of astro
0:19:30,@UngulaPropriaRQ,NOOOOOOO
0:19:30,@superarcade643,FREE ASTRO
0:19:30,@This_user_likes_Zip,THE CROSS LMAO
0:19:31,@XxZ0MB1E_K1TTYxX,FREE HIMMM
0:19:31,@matius851,burn
0:19:32,@patiencemassaquoi9830,FREE HIM
0:19:33,@ieatrocksandie,BURN
0:19:33,@jo3a548,Oooohh shit
0:19:34,@bartc561,:face_with_tears_of_joy::rolling_on_the_floor_laughing::rolling_on_the_floor_laughing:
0:19:34,@Flop-g9n,OH
0:19:35,@Kualxek,YEESSSSS
0:19:36,@PacAttaq,this is art
0:19:37,@Chiffon-an-cheese,Explains the thumbnail
0:19:37,@ayyo-bun3534,BURN SORRY BUT ITS WHAT TOON GOD INTENDED
0:19:37,@shiinafiufiu,BURH HIIIIM!!!
0:19:38,@KourtneyBeale-t2t,FREE HIM
0:19:38,@XxZ0MB1E_K1TTYxX,FREE HINNNNMMMMM
0:19:38,@joao7383,oh nah bro
0:19:39,@Wawawaow-O_O,BURN:fire::fire::fire::fire::fire:
0:19:39,@superarcade643,NOOOOOOOOOOOO
0:19:40,@Kualxek,LETS GOOOOOO
0:19:41,@alcohollibee8645,Nooo
0:19:41,@Uni_Real0,FREE HIM
0:19:41,@jennythebean9117,Noooooooooo
0:19:41,@Vexthemxz,FREEE HIMM
0:19:42,@XxZ0MB1E_K1TTYxX,NOOOOOOO
0:19:42,@Portals_2019,NOOOOOOOO ASTROOOOOOOOO
0:19:42,@icelemonhehe,DANDY SAVE YOU HUSBAND
0:19:43,@NubMcMoofin,:pensive_face:
0:19:43,@Mope-t1t,MY BABY 
0:19:43,@DUCKY-_-QUACK,XDDDD
0:19:43,@Raylazor,4 nails
0:19:43,@matius851,:fire::fire::fire::fire:
0:19:44,@Elexir108,:sad_but_relieved_face:
0:19:44,@HMZeroTwo,NOOOOOOO ASTRO
0:19:44,@ayyo-bun3534,THAMBNAIL
0:19:44,@freelifepnd,PUT HIM ON THE STAKE
0:19:44,@bartc561,BROOOOO
0:19:45,@MyriadSkyFlaming,noo!
0:19:45,@lavender_Milkk,help
0:19:45,@Agent_Mothman_SE,The passion of Astro
0:19:46,@TheMTwinny,THUMBNAIL
0:19:45,@shadey_z1241,Hell yea
0:19:46,@Uni_Real0,oh...
0:19:46,@joao7383,kkkkkkkkkkkkkkk
0:19:47,@Kualxek,YEEEEESSSSSS
0:19:47,@jo3a548,Burn
0:19:48,@This_user_likes_Zip,WHY IS THERE A 4 YEAR OLD
0:19:48,@freelifepnd,YESSSSSSSSSSSSSS
0:19:51,@Shivery,:fire: :fire::fire::fire::fire::fire::fire:
0:19:51,@Uni_Real0,NOOOOOOOOOOOOOOOOOOOOOOOOOOOOOO
0:19:51,@Splatthealienrunkeyissilly,NONONONO NOOOO
0:19:51,@Zzzzzzzzzzzzzzzz_000,Nuar
0:19:52,@Dragonoid7Ultra,Cosmo I wouldn’t be talking if I were you 
0:19:52,@StarStarHooray,HES BEEN BURNED FOR HIS FOUR ARMS ????
0:19:53,@scall0p639,Noooooooo
0:19:53,@ayyo-bun3534,HE DIED FOR OUR SINNNNNSSSSS
0:19:53,@freelifepnd,BURNNNNNNNNN
0:19:54,@patiencemassaquoi9830,HOW COME ASTROS AN EXCEPTION????
0:19:54,@butterinacuup,ASTRO NOOO
0:19:54,@Sm0gMuff1n,FREE ASTRO
0:19:54,@bartc561,:loudly_crying_face::loudly_crying_face::loudly_crying_face:
0:19:55,@punkypony5165,Astro religion
0:19:56,@Kualxek,YE3EEEDSSSS
0:19:56,@VelvetValley-h9z,THEY’RE CRUCIFYING HIM
0:19:56,@jennythebean9117,He is Jesus butt gay
0:19:56,@1onlyjayjay,Can you reupload the old videos? I’m NOT giving Google my ID or paying for patreon 
0:19:57,@Sm0gMuff1n,FREE ASTRO
0:19:57,@applebloom2307,He'll rise again
0:19:58,@XxZ0MB1E_K1TTYxX,SAVE HIMMMNM
0:19:58,@Tamers12345MLP,Dandy can't save him otherwise he'll be in Sprout's line of fire as well
0:19:59,@DennisChing-o7b,SPROUT NOO
0:20:00,@patiencemassaquoi9830,FREE HIM
0:20:01,@Chevreuse-f2l,AGAIN
0:20:01,@KourtneyBeale-t2t,STOP
0:20:02,@HMZeroTwo,Astro died for cosmo's homosexuality
0:20:03,@XxZ0MB1E_K1TTYxX,NOOOOOOOOOOO
0:20:03,@Vexthemxz,YESS 
0:20:04,@blankgrl,Jesus is canon in Dandys World?
0:20:04,@connornevitt,I'm crying
0:20:05,@Sm0gMuff1n,FREE ASTRO
0:20:05,@hallo-r3p,ASSTRO NOOO
0:20:05,@applebloom2307,Jesus was gay
0:20:06,@ptkebr,this is just like September
0:20:06,@bobetti.ৎ,NOOOOO
0:20:07,@iheartkittennn,NOOO
0:20:09,@Kualxek,NOOOOO
0:20:09,@XxZ0MB1E_K1TTYxX,YESSSS
0:20:10,@ayyo-bun3534,WE WILL OVERCOME
0:20:10,@Shivery,:fire::fire::fire::crescent_moon::fire::fire::fire:
0:20:10,@ginyu420,THUMBNAIL SCENE
0:20:10,@Pawsfurever-v1b,NOOO ASTRO
0:20:10,@Elexir108,Help
0:20:10,@joao7383,oh my god
0:20:12,@ayyo-bun3534,YEESSSSSSS
0:20:12,@VelvetValley-h9z,ASTRO DIED FOR OUR SINS
0:20:14,@matius851,NOOOOO
0:20:15,@icelemonhehe,GOD DAMNIT IT TAMERS
0:20:17,@Elexir108,DYLE
0:20:18,@XxZ0MB1E_K1TTYxX,HES
0:20:18,@bartc561,RUNNNNNN
0:20:19,@ptkebr,no wayyy
0:20:20,@Dragonoid7Ultra,Dyle
0:20:20,@HMZeroTwo,This is why you nail him to the cross
0:20:20,@Uni_Real0,HES ESCAPE
0:20:21,@iheartkittennn,why do they always have a cheek on their leg
0:20:21,@This_user_likes_Zip,YES DYLE
0:20:21,@Montavely,EVERYOINE MOVE
0:20:21,@usaminabe,DYLE
0:20:21,@Beetlesfruitcake,DE
0:20:21,@lavender_Milkk,"Please recite the first 3 letters of the alphabet if you wish to partake in this run where we will be hunting twisteds that have been placed into the ""main"" category."
0:20:23,@XxZ0MB1E_K1TTYxX,DADDY
0:20:23,@Uni_Real0,NAH
0:20:23,@patiencemassaquoi9830,The budget stealer
0:20:23,@ayyo-bun3534,HE WRANGLING THEM TREES
0:20:24,@HMZeroTwo,oh hi dyle
0:20:24,@jo3a548,Lololololol
0:20:24,@Starfire_777,Jesus was a Bi icon
0:20:25,@freelifepnd,AFTER HIMMMMMM
0:20:25,@Chevreuse-f2l,DYLEEEE
0:20:26,@lavender_Milkk,help
0:20:26,@Beetlesfruitcake,DYLE OMG
0:20:27,@detorat,insert outlast 2 reference
0:20:29,@Solums,Dyle
0:20:30,@bombtails,Zuppa
0:20:30,@XxZ0MB1E_K1TTYxX,IM GOONING
0:20:30,@Fizzyy_Wizzyy,AYOO
0:20:31,@moriorinvictus69,what?
0:20:32,@HMZeroTwo,Dyle sounds different too
0:20:33,@Uni_Real0,DYLE
0:20:33,@TheMTwinny,Dandycus?
0:20:36,@Chiffon-an-cheese,The cheeks on his LEGS
0:20:37,@XxZ0MB1E_K1TTYxX,DADDYYYYY !!!!!
0:20:37,@Elexir108,Here me out
0:20:37,@ims0donef0rr,~DYYLE
0:20:38,@moriorinvictus69,what is this volume change?
0:20:38,@vanveleca,:face-orange-biting-nails::face-orange-biting-nails::face-orange-biting-nails:
0:20:38,@fixmeoww,dayum
0:20:39,@ginyu420,"Forgive me, Father Astro, for I have sinned."
0:20:39,@XxZ0MB1E_K1TTYxX,YAOI
0:20:40,@Terriblemousy45676,OPEN THE CELL LET THAT BOY OUT OF JAIL:speaking_head:
0:20:40,@ims0donef0rr,Dyle
0:20:40,@ayyo-bun3534,HOT
0:20:41,@jennythebean9117,Don’t let him through 
0:20:41,@gummyibearsx,I love whatever wrongs with Dyle
0:20:42,@XxZ0MB1E_K1TTYxX,YAOIIII
0:20:43,@ims0donef0rr,DYYULE
0:20:43,@patiencemassaquoi9830,Lol
0:20:44,@Chiffon-an-cheese,Why Dyle kindaaaa
0:20:46,@icelemonhehe,he hot ngl
0:20:46,@iheartkittennn,kisssss
0:20:48,@Pawsfurever-v1b,YAOI
0:20:48,@firewolf595,dabdy worlb
0:20:48,@Chevreuse-f2l,WHYS DYLE SO PRETTY
0:20:49,@DennisChing-o7b,OMGD DYLE U LOOK FINE
0:20:49,@StarStarHooray,NEW YAOI
0:20:50,@UltimateBlanket,dyle Is here i guess
0:20:50,@Beetlesfruitcake,HES GAY???
0:20:50,@HMZeroTwo,Dandy x dyle is real too?
0:20:50,@XxZ0MB1E_K1TTYxX,UGHHHGHGGGG
0:20:51,@Saily-e2g,DYLE
0:20:52,@Tamers12345MLP,@HMZeroTwo Yeah I like this voice better cause it makes him sound british which I think it funny
0:20:52,@fivenightsatthefreddys,I was here 
0:20:53,@This_user_likes_Zip,YESSSS HEAR ME OUT ON DYLE
0:20:53,@ayyo-bun3534,I HAD TO TURN IT UP TOO
0:20:54,@ZoombaPumba,huh
0:20:54,@bartc561,Dyle wants sum fr fr
0:20:54,@RiseCrispee,hes so hot
0:20:55,@Agent_Mothman_SE,NOT ANYMORE
0:20:55,@Somerandompersonexisting,He FREE
0:20:56,@Kualxek,oommgggg
0:20:56,@Beetlesfruitcake,NO
0:20:58,@Beetlesfruitcake,NO
0:20:58,@IdolatrineEnthusiast,WHAT
0:20:58,@Shivery,Daddy Dyle
0:20:58,@What-bm7nr,WHY ISNG IT ME
0:20:59,@BoomerRichJr,LORE
0:20:59,@XxZ0MB1E_K1TTYxX,HES SOOO PRETTY
0:20:59,@punkypony5165,Ex lovers
0:21:00,@StarStarHooray,ogmgggg
0:21:00,@SonataDidIt,oh my....
0:21:00,@DUCKY-_-QUACK,damn lore
0:21:01,@BoomerRichJr,LORE
0:21:01,@alcohollibee8645,THEY ARE EXES??
0:21:01,@rAliusplate,WOAHHH!!!
0:21:02,@applebloom2307,Oh
0:21:02,@misakayy1911,WHAT
0:21:02,@XxZ0MB1E_K1TTYxX,OH MYYYYSUYA
0:21:02,@Uni_Real0,WOAH
0:21:03,@BoomerRichJr,LORE
0:21:03,@Elexir108,What :loudly_crying_face:
0:21:03,@kunyknow,this is fye
0:21:03,@PacAttaq,WHAT
0:21:04,@Vexthemxz,why is dandy getting so much taoi
0:21:04,@NubMcMoofin,:exploding_head:
0:21:04,@patiencemassaquoi9830,What is going on bri
0:21:04,@ieatrocksandie,OMG
0:21:04,@ayyo-bun3534,WOOOOOOOOWWWWW
0:21:05,@BoomerRichJr,Lore
0:21:05,@PacAttaq,DUDE
0:21:05,@lavender_Milkk,help me
0:21:05,@HMZeroTwo,I mean dyle is definitely briish
0:21:06,@Uni_Real0,WOAH
0:21:06,@BoomerRichJr,Lore
0:21:07,@Hyloaf,wow
0:21:07,@Vexthemxz,yaoi
0:21:07,@ginyu420,Oh my god they used to be married
0:21:07,@UngulaPropriaRQ,dyles aura even in the shit outfit
0:21:07,@ims0donef0rr,DANDY MIVE
0:21:08,@StarStarHooray,WHAT
0:21:08,@Exiledlama,LORE
0:21:08,@Cattle.ink.3,ah-
0:21:08,@BoomerRichJr,More
0:21:08,@StarStarHooray,OMG
0:21:09,@XxZ0MB1E_K1TTYxX,LO
0:21:10,@lavender_Milkk,help me
0:21:10,@creamsouda3338,WOAAAAHH
0:21:10,@Pawsfurever-v1b,YAOI
0:21:10,@LipSlopCooker,is this canon yes or no
0:21:10,@bartc561,AYOOOO XDDDD
0:21:11,@bombtails,lmao?
0:21:11,@jennythebean9117,They were ex lovers!!!!!!!!!!
0:21:11,@TheMTwinny,HOLD UP
0:21:12,@daggettrulez3380,loco que Xuxa es esto xd
0:21:12,@KourtneyBeale-t2t,WHAT 
0:21:12,@maxbear027,:face-purple-crying::face-purple-crying::face-purple-crying::face-purple-crying::face-purple-crying:
0:21:12,@PacAttaq,DDANY???
0:21:13,@hallo-r3p,DYLE OH MY GOD
0:21:13,@ims0donef0rr,CAN I KISS DYLE
0:21:13,@Kualxek,WOAH
0:21:13,@3-ST4R-3,HES ACTUALLY GAY
0:21:14,@KohJhonesItula,This song
0:21:14,@SonataDidIt,Cutie
0:21:14,@connornevitt,looooooooool
0:21:15,@lavender_Milkk,help me
0:21:15,@zenkilled,oh my jeans
0:21:15,@PacAttaq,THEYRE GAY????
0:21:15,@Chevreuse-f2l,help
0:21:15,@Starfire_777,Mike Johnson moment
0:21:15,@ims0donef0rr,DYLE
0:21:16,@ayyo-bun3534,DAMN
0:21:16,@grimtidings5451,Huhhhhhh
0:21:16,@PacAttaq,WHATTTTTTT
0:21:16,@ptkebr,only a year???
0:21:16,@maxbear027,:face-purple-crying::face-purple-crying::face-purple-crying::face-purple-crying:
0:21:17,@TheMTwinny,IS THIS LORE?
0:21:17,@Shivery,Qwel can't write good as this
0:21:18,@XxZ0MB1E_K1TTYxX,IM CRYING
0:21:18,@StarStarHooray,FRUITY AHHH
0:21:18,@jonellcoco1103,Why is everyone pulling everyone :broken_heart::broken_heart::broken_heart:
0:21:19,@VelvetValley-h9z,DOOMED YAOI
0:21:20,@iheartkittennn,i like it when their faces shrink :pleading_face:
0:21:21,@Elexir108,Ts so tuff
0:21:21,@Zzzzzzzzzzzzzzzz_000,Is this really dandy world lore
0:21:21,@Beetlesfruitcake,OH
0:21:21,@Uni_Real0,Dyle is just a chill man
0:21:22,@PacAttaq,CLOSETED HOMOPHOBIA
0:21:22,@XxZ0MB1E_K1TTYxX,:face-purple-crying::face-purple-crying::face-purple-crying::face-purple-crying::face-purple-crying::face-purple-crying::face-purple-crying::face-purple-crying::face-purple-crying::face-purple-crying::face-purple-crying::face-purple-crying:
0:21:22,@jennythebean9117,Damn this shit is hot 
0:21:23,@Kualxek,GAYFLOWER
0:21:23,@What-bm7nr,OH?
0:21:24,@ginyu420,Queen Aleena-styled flashback scene
0:21:24,@MyriadSkyFlaming,what?!
0:21:25,@snuggybug,YAOI!!! 
0:21:25,@Portals_2019,WHY DYLE IS KINDA FINE THO
0:21:25,@XxZ0MB1E_K1TTYxX,:face-purple-crying::face-purple-crying::face-purple-crying::face-purple-crying::face-purple-crying::face-purple-crying::face-purple-crying:
0:21:27,@shiinafiufiu,what????
0:21:27,@HMZeroTwo,I knew it that' s why they have rainbows on them
0:21:27,@LipSlopCooker,dyle is aura farming omg
0:21:28,@Chevreuse-f2l,THEYRE GAY??
0:21:28,@Shivery,sus
0:21:28,@lavender_Milkk,the lies :loudly_crying_face::folded_hands:
0:21:28,@matius851,they should kiss on astro's grave
0:21:28,@ims0donef0rr,PLEASE HES SO HOT
0:21:28,@fivenightsatthefreddys,OHHH MY GOSH
0:21:29,@XxZ0MB1E_K1TTYxX,:face-purple-crying::face-purple-crying::face-purple-crying::face-purple-crying::face-purple-crying::face-purple-crying::face-purple-crying::face-purple-crying:
0:21:29,@patiencemassaquoi9830,THIS IS SO FIRE
0:21:29,@Cattle.ink.3,oh nahhhh ex lovers
0:21:30,@Elexir108,I’m scared
0:21:30,@Fizzyy_Wizzyy,poor dandy
0:21:31,@Pawsfurever-v1b,BRO
0:21:31,@fivenightsatthefreddys,WHAT
0:21:32,@Tamers12345MLP,"This is canon btw, Qwel told my ass herself"
0:21:32,@ims0donef0rr,DYLE
0:21:34,@This_user_likes_Zip,HOW MANY YAOI SHIPS ARE HERE
0:21:34,@What-bm7nr,YOOO
0:21:34,@IIomqItz_Jayyyy,YAOI
0:21:34,@PacAttaq,DUDE???????
0:21:35,@hallo-r3p,IT'S ALL OVER THE SCREEN AAHHH
0:21:35,@Somerandompersonexisting,WHAT
0:21:35,@applebloom2307,WOOF WOOF WOOF
0:21:36,@XxZ0MB1E_K1TTYxX,OH MY GOODNESS GRACIOUS
0:21:36,@dottedAnarchist,dyle stop aurafarming
0:21:37,@Uni_Real0,Yoooo 
0:21:38,@bobetti.ৎ,LOREEEEEE
0:21:38,@bartc561,:face-purple-crying::face-purple-crying::face-purple-crying::face-purple-crying::face-purple-crying:
0:21:39,@ayyo-bun3534,NOOOOOOOOOOOO
0:21:40,@DUCKY-_-QUACK,MY EHS
0:21:41,@Pawsfurever-v1b,OMG
0:21:41,@UngulaPropriaRQ,yeah canon
0:21:41,@VelvetValley-h9z,DYLE IS DEFINITELY THIS UNIVERSE’S BARTLEBY
0:21:42,@0h712,DOOMED YAOI????
0:21:42,@Uni_Real0,YOOOOOOOOO
0:21:45,@joao7383,yooooooooooooooooooooooooooooooooooooooooooo
0:21:46,@connornevitt,canon
0:21:47,@ims0donef0rr,PLEASEE DYLE
0:21:47,@icelemonhehe,don't lie tamer
0:21:47,@Portals_2019,YO
0:21:47,@Uni_Real0,WHAT IS HTAT
0:21:48,@Pawsfurever-v1b,OMG
0:21:49,@PacAttaq,WHATTTTT
0:21:50,@Shivery,:alarm_clock: :blossom:
0:21:50,@rabbiteatzx,THE DANDY X DYLE CONTENT OOOOOH IM GONNA DIE
0:21:50,@ayyo-bun3534,DYLE AURA TOO STRONG
0:21:51,@K9CORPSE,NOT THIS SONG NOSTALGIA
0:21:51,@jennythebean9117,Yo ass needs to hop on Hazbin and Helluva
0:21:51,@XxZ0MB1E_K1TTYxX,OH MY GODDD
0:21:52,@PacAttaq,THE YAOI?????
0:21:52,@sleepy635,he have moustache?
0:21:54,@rabbiteatzx,YESSS
0:21:55,@jonellcoco1103,I’m actually scared for yall
0:21:56,@PacAttaq,THE DOOMED YAOI????????
0:21:57,@XxZ0MB1E_K1TTYxX,:broken_heart::broken_heart::broken_heart:
0:21:57,@Acer_0015,BRO.
0:21:59,@Cattle.ink.3,this is making me cry
0:22:01,@hallo-r3p,I'LL GIVE YOU MY LEASH DYLE
0:22:01,@zeinbotr,TEA
0:22:02,@Elexir108,Holy lord
0:22:02,@iheartkittennn,sprout and dandy should kiss again tho
0:22:03,@ims0donef0rr,Dyle dandy doesn’t deserve you 
0:22:03,@freelifepnd,why is it so quiet now
0:22:05,@Elexir108,lore
0:22:05,@Beetlesfruitcake,BROKE BACK MOUNTAIN
0:22:06,@patiencemassaquoi9830,IS THIS PEAK WRITING????????????
0:22:07,@Chiffon-an-cheese,DOOMED YAOI MY BELOVED
0:22:07,@TheMTwinny,THIS IS DANDY'S WORLD VERSION OF BARDONIC LMAO?
0:22:08,@Dragonoid7Ultra,Yes
0:22:08,@ims0donef0rr,DYLE
0:22:08,@DUCKY-_-QUACK,:headstone: 
0:22:10,@patiencemassaquoi9830,YES
0:22:10,@Dking1998,dandy's world is brainrot
0:22:11,@zeinbotr,NO WAAYY
0:22:11,@HMZeroTwo,So astro was dandy's rebound and rodger was dyle's rebound? Do i got that right
0:22:13,@matius851,well said queen
0:22:15,@XxZ0MB1E_K1TTYxX,DOOMED :mending_heart::mending_heart::mending_heart:
0:22:19,@Uni_Real0,O
0:22:19,@SonataDidIt,Dandy destined to be alone..
0:22:22,@ginyu420,Deepest words
0:22:23,@lavender_Milkk,this is a lesson guys
0:22:23,@Starfire_777,Truee
0:22:24,@freesksl44,DYLE AND FINN DESERVE EACH OTHER NOE
0:22:25,@LipSlopCooker,when will we get to see more twisteds we need more of them plzzz
0:22:26,@chiakinanami6623,mmmmmm
0:22:27,@ims0donef0rr,DYLE
0:22:28,@ayyo-bun3534,DAMN
0:22:29,@Pawsfurever-v1b,bro is astro okay
0:22:29,@KourtneyBeale-t2t,Where is Astro?
0:22:31,@IdolatrineEnthusiast,is shakespeare really dead?
0:22:31,@jo3a548,Beautiful
0:22:31,@Shivery,Yaoi drama
0:22:31,@icelemonhehe,we toxic yaoi!
0:22:32,@bartc561,Awwwwww
0:22:32,@ims0donef0rr,I LOVE YOU DYLE
0:22:32,@KourtneyBeale-t2t,Oh
0:22:33,@ayyo-bun3534,woh
0:22:35,@ims0donef0rr,DYLE
0:22:36,@ayyo-bun3534,LOUD
0:22:38,@XxZ0MB1E_K1TTYxX,AWWWWW
0:22:39,@bartc561,He loves him :DDDD
0:22:40,@HMZeroTwo,Okat the volume is back
0:22:41,@Solums,Is Qwel waching this?
0:22:43,@icelemonhehe,YES MOONFLOWER
0:22:44,@BoomerRichJr,Sonata hell no dandy is my glorious king
0:22:45,@XxZ0MB1E_K1TTYxX,I LOVE THEM
0:22:47,@ayyo-bun3534,THERE WE GO
0:22:47,@jo3a548,Cute
0:22:48,@punkypony5165,True
0:22:48,@Stratosfear_930,the beauty of this is insane
0:22:48,@UngulaPropriaRQ,eat his toes
0:22:49,@Kualxek,AWW
0:22:50,@Starfire_777,oh Astro lived
0:22:51,@ims0donef0rr,MOONFLOWERR
0:22:51,@Beetlesfruitcake,So what does Dyle have to do with Rodger. Didn’t he ask him out to eat. Am I insane or 
0:22:52,@DennisChing-o7b,WAIT-... IS DANDYS EX DYLE!?
0:22:53,@Tamers12345MLP,Holy shirt I didn't realize how loud this part was
0:22:54,@iheartkittennn,HE CALLED HIM A TWINK RHEYRE SO DATING
0:22:55,@ims0donef0rr,UUHAHHH KISSSS
0:22:55,@Kualxek,cute 
0:22:56,@imliterallysally,i need more mooncake
0:22:56,@jonellcoco1103,Um
0:22:56,@Haisjee,hey astro give me your towel
0:22:57,@fivenightsatthefreddys,THE QUALITY ON DYLE AND DANDY???
0:22:57,@fixmeoww,god i hope qwel is seeing this
0:22:58,@Chevreuse-f2l,MAKE THEM KISS
0:22:59,@XxZ0MB1E_K1TTYxX,AWWWWWWW
0:22:59,@ayyo-bun3534,I BET THAT BLANKET STINKS SO GOOD
0:22:59,@Dragonoid7Ultra,Dang right dandy
0:23:00,@hampter3921,Wtf am I watching :loudly_crying_face::loudly_crying_face:
0:23:01,@Pawsfurever-v1b,KISS
0:23:01,@wakommm,",':3"
0:23:01,@Saily-e2g,MOONFLOWER
0:23:04,@DennisChing-o7b,MOONFLOWERRR
0:23:04,@bartc561,HE IS GONNA GET THEM TOES !!!!
0:23:05,@iheartkittennn,my ears
0:23:10,@Shivery,Kiss kiss fall in :red_heart:
0:23:11,@creamsouda3338,eeeww!
0:23:12,@Vexthemxz,qwel SHOULD see this
0:23:13,@Tamers12345MLP,"@Beetlesfruitcake Everyone likes Rodger for his ass, but not for his feelingsd"
0:23:15,@ayyo-bun3534,GET THEM TOES BOI
0:23:15,@ieatrocksandie,:face-green-smiling:
0:23:15,@dottedAnarchist,MOONFLOWER
0:23:16,@icelemonhehe,MOONFLOWER
0:23:16,@jennythebean9117,>:3 
0:23:17,@Pawsfurever-v1b,KISS
0:23:17,@absbirdball,this is a hallmark movie for sure
0:23:18,@HMZeroTwo,Moonflower is back :face_vomiting::face_vomiting::face_vomiting:
0:23:19,@sleepyhead_starrie,Character development 
0:23:20,@3-ST4R-3,KISS
0:23:21,@TheMTwinny,Remember when they were talking about feet? I remember.
0:23:22,@3-ST4R-3,KISS
0:23:23,@3-ST4R-3,KIS
0:23:24,@icelemonhehe,YES MOONFLOWER
0:23:24,@jo3a548,Cute
0:23:25,@3-ST4R-3,KISS
0:23:25,@ptkebr,tamers is astro going to have a corrupted fight with sprout over dandy?
0:23:25,@bartc561,XDDDD
0:23:26,@Vexthemxz,WAIT'
0:23:26,@3-ST4R-3,KISS
0:23:27,@GhayoStar,KISS
0:23:27,@KourtneyBeale-t2t,KISS
0:23:28,@Vexthemxz,YES
0:23:29,@3-ST4R-3,KISS
0:23:30,@3-ST4R-3,KISS
0:23:31,@XxZ0MB1E_K1TTYxX,AWWW
0:23:31,@3-ST4R-3,KIS
0:23:31,@Vexthemxz,KISS
0:23:31,@Beetlesfruitcake,DAMNIT
0:23:32,@Uni_Real0,imagine they kiss....
0:23:32,@applebloom2307,:face-fuchsia-flower-shape::face-fuchsia-flower-shape::face-fuchsia-flower-shape::face-fuchsia-flower-shape:
0:23:33,@blankgrl,KISS
0:23:33,@3-ST4R-3,KISS
0:23:34,@GhayoStar,KISSSS
0:23:35,@maxbear027,:face-purple-crying::face-purple-crying::face-purple-crying:
0:23:35,@XxZ0MB1E_K1TTYxX,KISS
0:23:35,@Fizzyy_Wizzyy,KISSSS
0:23:35,@SonataDidIt,DO IT
0:23:35,@TheMTwinny,MISTLETOE
0:23:36,@the_zodiacs1,KISS
0:23:36,@dottedAnarchist,DO IT
0:23:36,@3-ST4R-3,KISS
0:23:36,@creamsouda3338,EWWWWW
0:23:36,@Hyloaf,KISS
0:23:36,@Vexthemxz,COME ON
0:23:36,@icelemonhehe,KISS
0:23:37,@KourtneyBeale-t2t,YES
0:23:37,@3-ST4R-3,KIS
0:23:37,@Elexir108,:anxious_face_with_sweat::anxious_face_with_sweat::anxious_face_with_sweat::anxious_face_with_sweat::exploding_head::exploding_head::exploding_head:
0:23:37,@jennythebean9117,Kiss it’s tradition 
0:23:38,@XxZ0MB1E_K1TTYxX,KISSSS
0:23:38,@Vexthemxz,DO IUT
0:23:38,@UngulaPropriaRQ,YOOOOOOO
0:23:39,@bartc561,KISSSSSSSSSSSSSSSSSS
0:23:38,@iheartkittennn,KISSS PLEAEE
0:23:39,@dottedAnarchist,DO IT
0:23:39,@jo3a548,Yes
0:23:39,@Vexthemxz,IT
0:23:39,@ginyu420,MISTLETOE
0:23:40,@Chevreuse-f2l,YES
0:23:40,@What-bm7nr,KISSSS
0:23:40,@ptkebr,ooh smooching time
0:23:40,@dottedAnarchist,DO IT
0:23:40,@connornevitt,countrytime lemonade is the shit tho frfr
0:23:40,@3-ST4R-3,KISS
0:23:41,@ims0donef0rr,Can they kiss
0:23:41,@UngulaPropriaRQ,DO IT
0:23:41,@the_zodiacs1,YESSSS
0:23:41,@GhayoStar,KISS
0:23:41,@DUCKY-_-QUACK,YESSS
0:23:41,@Shivery,mistletoe
0:23:41,@lavender_Milkk,KISS
0:23:42,@Terriblemousy45676,KISS
0:23:42,@grendel554,KISS
0:23:42,@bartc561,KISSSSSSSSSSSSSS
0:23:42,@3-ST4R-3,KISS
0:23:43,@dottedAnarchist,NO
0:23:43,@dominicunderwood4911,FRENCH
0:23:43,@3-ST4R-3,KISS
0:23:44,@DUCKY-_-QUACK,YESSSS
0:23:44,@Elexir108,HELP
0:23:44,@ims0donef0rr,FO ID
0:23:44,@Vexthemxz,KISS
0:23:45,@Dragonoid7Ultra,The rules can’t be denied 
0:23:45,@3-ST4R-3,KISS
0:23:46,@3-ST4R-3,KISS
0:23:46,@dottedAnarchist,ASTRO
0:23:47,@lavender_Milkk,KISS
0:23:47,@Chevreuse-f2l,NOOO
0:23:47,@Wawawaow-O_O,Jesus :smiling_face:
0:23:47,@dottedAnarchist,ASTRO
0:23:48,@3-ST4R-3,KISS
0:23:48,@KourtneyBeale-t2t,NO
0:23:49,@This_user_likes_Zip,ALL THREE
0:23:50,@Pawsfurever-v1b,KISS
0:23:52,@dottedAnarchist,VOTE THE STRO
0:23:52,@Elikeboa-o6y6x,VEE
0:23:53,@Chevreuse-f2l,KISS
0:23:54,@ayyo-bun3534,THE LORDS DAY
0:23:54,@3-ST4R-3,KISS
0:23:54,@ptkebr,yes of course
0:23:54,@patiencemassaquoi9830,CHAT LETS BE FR
0:23:54,@Beetlesfruitcake,ASTRO
0:23:55,@lavender_Milkk,KISS
0:23:55,@punkypony5165,Astro called dibs
0:23:55,@DUCKY-_-QUACK,KISSSS
0:23:55,@iheartkittennn,omg please sprout
0:23:56,@dottedAnarchist,VOTE THE STRO
0:23:56,@ayyo-bun3534,LMAO
0:23:57,@Naro488,THE WAY COSMO GOT MURDERED
0:23:57,@bartc561,KISSSSSSSSSSSS
0:23:57,@butterinacuup,KISSS
0:23:57,@XxZ0MB1E_K1TTYxX,DON'T MAKE ME CHOOSE
0:23:57,@iheartkittennn,NOO
0:23:57,@creamsouda3338,sprout losing im ending it all
0:23:58,@Shivery,ALL
0:23:58,@ayyo-bun3534,UH
0:23:58,@ieatrocksandie,DYLE
0:23:58,@KourtneyBeale-t2t,KISS
0:23:59,@3-ST4R-3,KISS
0:23:59,@gummyibearsx,oh huh
0:23:59,@vanveleca,BOYS KISSING BOYS
0:23:59,@DUCKY-_-QUACK,DO ITTT
0:23:59,@LipSlopCooker,DANDY AND ASTROOO
0:24:00,@Pawsfurever-v1b,YES
0:24:00,@lavender_Milkk,GAY
0:24:01,@ims0donef0rr,ATRO
0:24:01,@KourtneyBeale-t2t,PLS
0:24:02,@Pawsfurever-v1b,KISS
0:24:02,@punkypony5165,Yes he would
0:24:02,@haggidyandfranku5444, Sprout x Dandy
0:24:02,@ptkebr,it's all about Jesus
0:24:03,@zenkilled,KISS
0:24:03,@connornevitt,lol
0:24:04,@XxZ0MB1E_K1TTYxX,OMHHH
0:24:04,@Chiffon-an-cheese,Yes. He would’ve 
0:24:04,@ayyo-bun3534,DAMN
0:24:04,@icelemonhehe,I VOTE ASTRO
0:24:04,@ieatrocksandie,DYLE
0:24:05,@usaminabe,YES GE WOULD
0:24:05,@symphonydawn317,Astro and Dandy is my Twixie
0:24:05,@matius851,dandy desvers nobody
0:24:06,@DUCKY-_-QUACK,Common
0:24:06,@patiencemassaquoi9830,DANDY ALREADY CRAKED DYLE LETS MOVE ON
0:24:06,@TheMTwinny,UH
0:24:06,@XxZ0MB1E_K1TTYxX,UHHH
0:24:07,@Nander___,"sprout doesn't deserve, he takes."
0:24:07,@ginyu420,"DANDY IS FOR SPROUT ONLY, THEY'RE SO TOXIC SO THEYRE PERFECT FOR EACH OTHER"
0:24:07,@jo3a548,Love me jesus
0:24:07,@jonellcoco1103,Stop it
0:24:08,@Acer_0015,this is actually so peak.
0:24:08,@Brykisheaven,KISSSS PLEASE
0:24:09,@Cattle.ink.3,KISSS
0:24:09,@Brykisheaven,NOOOOOO
0:24:09,@jessijinx5271,BOYS KISSING BOYS IS THE PUREST FORM OF LOVE
0:24:10,@iheartkittennn,SPROUT PLEASEEESSE
0:24:10,@ieatrocksandie,DYLE
0:24:10,@What-bm7nr,WHY HE GOING CHRISTIAN 
0:24:11,@DUCKY-_-QUACK,MAKEOUT
0:24:11,@XxZ0MB1E_K1TTYxX,I DON'T KNOW
0:24:11,@Zzzzzzzzzzzzzzzz_000,Shit I meant to press Astro 
0:24:11,@dottedAnarchist,GANG JUST KISS
0:24:12,@Elexir108,Listen to the voices dandy
0:24:12,@zenkilled,KISS GAY BOYS
0:24:13,@Vexthemxz,LKISSSS
0:24:15,@Vexthemxz,YESSS
0:24:15,@ieatrocksandie,DYLE
0:24:15,@Somerandompersonexisting,Yes yes
0:24:15,@fivenightsatthefreddys,MOONFLOWER
0:24:16,@UltimateBlanket,KISS
0:24:16,@ayyo-bun3534,IM RETHINKING THE BIBBLE NOOOOO LOL
0:24:16,@DUCKY-_-QUACK,PLEASE 
0:24:17,@bartc561,Reach around game is going to be fn crazy fr XDDDDDDDDDD
0:24:17,@hallo-r3p,ASSTRO DERSEVES DANDY
0:24:18,@grimtidings5451,Probably???
0:24:18,@Tamers12345MLP,"Btw this pole isn't going to influence my decision, i already know who I want Dandy to get it on with in future episodes lol"
0:24:20,@StarStarHooray,DANDY SHUSHHHH
0:24:21,@grendel554,what lmao
0:24:21,@Chevreuse-f2l,WAIT I MEANT TO VOTE DYLE
0:24:21,@UltimateBlanket,YESSSS
0:24:22,@ptkebr,but he's already gay
0:24:22,@MyriadSkyFlaming,KISS!
0:24:22,@applebloom2307,Honestly I ship Dandy w' Sprout but I choose Astro for him cuz they are cute and sweet together
0:24:22,@Portals_2019,MOONFLOWER…
0:24:23,@Rainbowobold,why am i crying
0:24:23,@DUCKY-_-QUACK,YESSSSSSS
0:24:23,@HMZeroTwo,I just realized the mistletoe is holly
0:24:24,@creamsouda3338,DANDY PLEASE CRACK SPROUT PLZZZZZ
0:24:25,@Uni_Real0,YES
0:24:25,@Vexthemxz,YESSSSS
0:24:26,@Wawawaow-O_O,Nobody deserves Dandy :heart_hands:
0:24:27,@KourtneyBeale-t2t,YES
0:24:28,@DUCKY-_-QUACK,COMMON
0:24:28,@Uni_Real0,YES
0:24:28,@XxZ0MB1E_K1TTYxX,PLEASE TAMERS
0:24:28,@Brykisheaven,WOOOOOOOOOOOOOOOOO
0:24:28,@iheartkittennn,BERRYFLOWERR
0:24:29,@jackchu5453,:latin_cross::orthodox_cross::latin_cross::orthodox_cross::latin_cross::orthodox_cross::latin_cross::orthodox_cross::latin_cross:
0:24:29,@PacAttaq,YOOOOOOOOO
0:24:29,@Kualxek,AWW
0:24:30,@StarStarHooray,YESSSS
0:24:30,@PacAttaq,YOOOOOOOOO
0:24:30,@NubMcMoofin,:face_savoring_food::smiling_face_with_hearts:
0:24:30,@hyperofthelaziness,OMGGGGGG
0:24:30,@the_zodiacs1,YESSSSSS
0:24:31,@fixmeoww,YESSS
0:24:31,@ayyo-bun3534,YEEAAAAAHHHHHHHHHHHH
0:24:31,@PacAttaq,YOOOOOOOOO
0:24:31,@sleepyhead_starrie,Homosexual 
0:24:32,@TheMTwinny,THEY DID IT
0:24:32,@jo3a548,O yesh
0:24:32,@blankgrl,yay
0:24:32,@DUCKY-_-QUACK,WOOOOOOOO
0:24:32,@Acer_0015,YESSS
0:24:33,@PacAttaq,WOOOOOOO
0:24:33,@RapoxDub,YES
0:24:33,@KourtneyBeale-t2t,YES
0:24:33,@ieatrocksandie,NOOO
0:24:34,@hyperofthelaziness,OH
0:24:34,@ims0donef0rr,YESS
0:24:34,@iheartkittennn,omg
0:24:34,@ZoombaPumba,LETS GO
0:24:34,@Uni_Real0,YOOOOOOO
0:24:35,@PacAttaq,LETS GOOOOOOOO
0:24:35,@jo3a548,Kuss
0:24:35,@vanveleca,:face-blue-smiling::face-blue-smiling::face-blue-smiling:
0:24:36,@Chevreuse-f2l,YESSSSSSS
0:24:36,@Elexir108,:exploding_head::winking_face_with_tongue::exploding_head::exploding_head:
0:24:36,@XxZ0MB1E_K1TTYxX,OMHGGGGGHH
0:24:36,@Shivery,yaoi
0:24:37,@Hyloaf,YAY
0:24:37,@Fizzyy_Wizzyy,FINALLYYYYY
0:24:37,@IIomqItz_Jayyyy,YES
0:24:37,@Beetlesfruitcake,:loudly_crying_face::loudly_crying_face::loudly_crying_face:
0:24:37,@hyperofthelaziness,HOLY SHITTT
0:24:37,@moriorinvictus69,WE WON CHAT
0:24:37,@Uni_Real0,YOOOOOOOOOOOOOOOOOOOOOOOOOOOOOOOOO
0:24:38,@RapoxDub,YEEEEEES
0:24:38,@Portals_2019,:virtualhug::virtualhug::virtualhug::virtualhug::virtualhug:
0:24:38,@IIomqItz_Jayyyy,YES
0:24:38,@the_zodiacs1,YAOIIII
0:24:38,@patiencemassaquoi9830,PEAK
0:24:39,@jennythebean9117,They did it :3
0:24:39,@IIomqItz_Jayyyy,YES
0:24:39,@Rainbowobold,yesssss
0:24:39,@StarStarHooray,YESSSSSSS
0:24:39,@XxZ0MB1E_K1TTYxX,YAEHHHHHH
0:24:39,@GhayoStar,YESSS
0:24:39,@Splatthealienrunkeyissilly,YESSSSS
0:24:40,@Solums,Yessa
0:24:39,@icelemonhehe,YES
0:24:40,@IIomqItz_Jayyyy,FUCK YES
0:24:40,@MyriadSkyFlaming,YYEEAHH!
0:24:41,@hyperofthelaziness,YES
0:24:41,@Uni_Real0,YOOOOOOOOOOOOOOOOOOOo
0:24:41,@TheMTwinny,LOVE WINS
0:24:41,@Somerandompersonexisting,KISS
0:24:41,@Pawsfurever-v1b,LETS GOOO
0:24:42,@ims0donef0rr,YESSSSS
0:24:42,@Exiledlama,NO
0:24:42,@XxZ0MB1E_K1TTYxX,YAHHHH
0:24:42,@iheartkittennn,DANDY KISSED LIKE 3 PEOPLE ALREADY
0:24:42,@What-bm7nr,NOOO
0:24:42,@jonellcoco1103,YES
0:24:42,@Terriblemousy45676,LETS GOOOOOOOOOOOOOOOOOOOOOOOO
0:24:43,@3-ST4R-3,YESSSS
0:24:43,@This_user_likes_Zip,WOOOOOOOOOOOOOOOOOOO
0:24:44,@Pawsfurever-v1b,YESS
0:24:44,@LipSlopCooker,uh oh
0:24:44,@RapoxDub,NOOO
0:24:44,@ieatrocksandie,DYLE
0:24:44,@jo3a548,Beauriful
0:24:45,@bartc561,GOT EEEEEEM
0:24:45,@3-ST4R-3,YESSS
0:24:45,@Somerandompersonexisting,KISS
0:24:45,@AI_movies-d7d,:victory_hand:︎˶╹ꇴ╹˶:victory_hand:︎
0:24:46,@Somerandompersonexisting,PLS
0:24:45,@Starfire_777,oh come on that was like 2 thousand years ago
0:24:46,@ayyo-bun3534,SCARRED
0:24:46,@ShellyFossilianMM,KISS!
0:24:46,@DennisChing-o7b,YAAAAAYYYYYYYYYYYYYYYYYY
0:24:46,@What-bm7nr,YAOIII
0:24:47,@ims0donef0rr,YAYYAYA MOONFOWERR
0:24:47,@ptkebr,never compromise your vision Mr tamers12345
0:24:47,@3-ST4R-3,YESSS
0:24:47,@XxZ0MB1E_K1TTYxX,YEAHHHH
0:24:47,@rAliusplate,IT'S SO BEAUTIFUL!!!:loudly_crying_face::loudly_crying_face::loudly_crying_face:
0:24:47,@RapoxDub,NOO NO NO
0:24:48,@Dragonoid7Ultra,This is a win for dandy 
0:24:48,@patiencemassaquoi9830,FIRE
0:24:48,@jonellcoco1103,:penguin-blue-waving-tear::penguin-blue-waving-tear::penguin-blue-waving-tear:
0:24:49,@ZoombaPumba,;-----------;
0:24:49,@ShellyFossilianMM,YESSS
0:24:49,@bartc561,GOT EEEEEEEEm
0:24:50,@Elexir108,There’s layers to this
0:24:50,@iheartkittennn,"tamers, why is everyone kissing eachother"
0:24:50,@milkdud8614,THIS IS COOL AND ALL BUT CAN WE PLEASE TOTURE BRUSHA
0:24:51,@Splatthealienrunkeyissilly,FUCK YEAH
0:24:51,@Uni_Real0,HOLY MOLY
0:24:51,@snailke777,YES
0:24:52,@XxZ0MB1E_K1TTYxX,OMGG
0:24:52,@ims0donef0rr,Oh wow 
0:24:53,@hallo-r3p,KISS NOW
0:24:53,@HMZeroTwo,This technically means Astro kissed Cosmo
0:24:53,@dottedAnarchist,NO
0:24:55,@usaminabe,OH MY GIOD HES THINKING ABOUT DYLE
0:24:55,@XxZ0MB1E_K1TTYxX,NOOOO
0:24:55,@bartc561,:face-purple-crying::face-purple-crying::face-purple-crying::face-purple-crying::face-purple-crying:
0:24:55,@hyperofthelaziness,OMF
0:24:55,@hallo-r3p,KISSS
0:24:55,@Shivery,:loudly_crying_face:
0:24:56,@RapoxDub,NOOOoo aaaaaaaaaaaa
0:24:56,@What-bm7nr,HELPPP
0:24:57,@ginyu420,N-Nani?
0:24:57,@jo3a548,Oh shit
0:24:57,@dottedAnarchist,NO GANG
0:24:57,@DennisChing-o7b,WAIT WHA
0:24:58,@bobetti.ৎ,YAYYYYYYY
0:24:59,@jennythebean9117,Dandy don’t run!
0:24:59,@TheMTwinny,NOOOOOOO BBYGURL
0:24:59,@ShellyFossilianMM,JM CRYING$/ii
0:24:59,@hyperofthelaziness,OMGGGG
0:25:00,@XxZ0MB1E_K1TTYxX,DANDY
0:25:02,@RapoxDub,:face-purple-crying::face-purple-crying::face-purple-crying::face-purple-crying::face-purple-crying::face-purple-crying::face-purple-crying:
0:25:02,@Uni_Real0,o
0:25:03,@Tamers12345MLP,Dandy puts his tongue in a lot of male toons mouths for being heteroesexual
0:25:03,@Chiffon-an-cheese,Why does everyone call each other baby girl 
0:25:03,@hyperofthelaziness,THE DRANA
0:25:04,@RiseCrispee,dandy has like 500+ future boyfriends
0:25:04,@Spooky_basement_Cat,I LOVE IT
0:25:04,@Uni_Real0,o
0:25:04,@Pawsfurever-v1b,YES
0:25:05,@IdolatrineEnthusiast,i lowkey feel bad for him
0:25:07,@hallo-r3p,YES
0:25:07,@Kualxek,WHATIS TJUSÇ
0:25:07,@grimtidings5451,SHIIIIIIIIT
0:25:07,@vanveleca,WHAT
0:25:08,@jonellcoco1103,Stop it
0:25:08,@ayyo-bun3534,YESSSSSSSS
0:25:08,@creamsouda3338,LMAOOOO???
0:25:09,@hallo-r3p,YES
0:25:10,@XxZ0MB1E_K1TTYxX,OMGG
0:25:11,@Vexthemxz,why is vee so tall
0:25:12,@Mehhhhhhhh-f3h,Merry Christmas 
0:25:12,@SemiSaku,O
0:25:12,@HMZeroTwo,Now astro has to die for dandy's sins
0:25:13,@butterinacuup,OH MY GOODNESS
0:25:13,@Elexir108,Why are they real
0:25:13,@patiencemassaquoi9830,Ain’t no way they made up
0:25:13,@hallo-r3p,KISSS
0:25:14,@SonataDidIt,yay
0:25:14,@ims0donef0rr,HELP ME
0:25:14,@jo3a548,Oh yes
0:25:14,@Montavely,MY mouth is agape
0:25:16,@iheartkittennn,sprout and dandy kiss
0:25:16,@StarStarHooray,CLOSE THE DOOR
0:25:17,@Shivery,God tisha
0:25:17,@Uni_Real0,YOOOO THE TOONS
0:25:17,@Stratosfear_930,even this sin can be forgiven 
0:25:18,@jo3a548,Al lends wel
0:25:18,@Chevreuse-f2l,HAHAHAHAH
0:25:19,@jennythebean9117,Yippee Christmas carols 
0:25:19,@Terriblemousy45676,Awwww
0:25:19,@Somerandompersonexisting,:face-purple-crying::face-purple-crying::face-purple-crying::face-purple-crying::face-purple-crying:
0:25:20,@Pawsfurever-v1b,LOL
0:25:22,@fixmeoww,british children singing
0:25:25,@icelemonhehe,aw
0:25:25,@HMZeroTwo,RUDIE GET OUTTA HERE
0:25:25,@ginyu420,What's the tissue box lady's name?
0:25:26,@XxZ0MB1E_K1TTYxX,AWWWWWWW
0:25:27,@ayyo-bun3534,YESSSS
0:25:27,@imliterallysally,vee a baddie
0:25:29,@Wawawaow-O_O,RUDIE RUDIE RUDIE RUDIE
0:25:29,@justRelaxing-u8r, Bro the lore:cat-orange-whistling:
0:25:29,@jennythebean9117,Figgy Pudding 
0:25:32,@SonataDidIt,<3
0:25:32,@creamsouda3338,whens the episode where dandy shoves his fingers up sprouts butt
0:25:34,@Terriblemousy45676,OMGGGGGG
0:25:34,@Portals_2019,WHAT IS THAT
0:25:34,@Mehhhhhhhh-f3h,FUCK YES BRI ISH
0:25:35,@ims0donef0rr,Im crine
0:25:35,@connornevitt,Happy New Year
0:25:35,@iheartkittennn, HIS GLOVES ARE ON HIS FEET :broken_heart::broken_heart:
0:25:35,@ayyo-bun3534,GOOB
0:25:35,@What-bm7nr,OH YESSS
0:25:39,@Pawsfurever-v1b,YES
0:25:40,@Wolfgamer2013-t8w,Help what was the thumbnail :loudly_crying_face::victory_hand:
0:25:42,@usaminabe,Tisha is tissue lady
0:25:43,@Beetlesfruitcake,Tamers please I beg of you to let Dyle suffer in someway
0:25:43,@larrybanks3821,Dandy should repent for his Son. Only then can God hope to forgive him.
0:25:43,@Vexthemxz,AWWWW
0:25:44,@Starfire_777,eating Burger King rn
0:25:44,@matius851,shoe
0:25:44,@ayyo-bun3534,THEY LOOK FLY
0:25:45,@bartc561,XDDD
0:25:45,@XxZ0MB1E_K1TTYxX,GOOBBB
0:25:47,@Haisjee,rudy
0:25:47,@vanveleca,RUDIE THE WHAT
0:25:48,@jo3a548,Lololol
0:25:48,@hallo-r3p,gegegege
0:25:51,@TheMTwinny,No one cares Goob
0:25:51,@Kualxek,COSMOOO
0:25:51,@сникирс-о0,im hate berryflower
0:25:52,@StarStarHooray,goob wasnt even invited
0:25:52,@XxZ0MB1E_K1TTYxX,OMGGG
0:25:53,@Cattle.ink.3,happy new year
0:25:53,@ayyo-bun3534,THREEWAY
0:25:55,@bartc561,Noooooo
0:25:55,@UltimateBlanket,What
0:25:55,@ieatrocksandie,DYLE AND ASTRO
0:25:56,@Chevreuse-f2l,HELP
0:25:56,@Kualxek,WHAT IS THAT
0:25:57,@ims0donef0rr,DYE
0:25:57,@HMZeroTwo,MOONTIME?
0:25:57,@bartc561,STOP
0:25:58,@What-bm7nr,ASTRO AND DYLEE
0:25:58,@L0b0c0s,ASTRO AND DYLE???
0:25:59,@jo3a548,In the end friendsgip wns
0:25:59,@UngulaPropriaRQ,ASTRO AND DYLE??????
0:26:00,@hallo-r3p,shelly lol
0:26:01,@ims0donef0rr,DYYYLEEEE
0:26:01,@StarStarHooray,COSMO
0:26:01,@Wolfgamer2013-t8w,OMG-
0:26:03,@iheartkittennn,"TAMERS, WHY IS EVERYONE KISSING EACHOTHER CONSTANTLY"
0:26:03,@creamsouda3338,LMAO?
0:26:04,@Exiledlama,LMAO
0:26:04,@jo3a548,FRIENDSHIP IS MAGIC
0:26:05,@UltimateBlanket,The End
0:26:05,@Zzzzzzzzzzzzzzzz_000,:eyes:
0:26:05,@LipSlopCooker,astro is being tossed around in gardenview so much dude
0:26:06,@SpookyAmmo,in my goob era
0:26:06,@ayyo-bun3534,DAMN'
0:26:07,@Chiffon-an-cheese,THE EDIT COSMO
0:26:08,@StarStarHooray,WHY DOES COSMO LOOK LIKE THAT
0:26:08,@UltimateBlanket,End
0:26:09,@HMZeroTwo,What is that cosmo png
0:26:09,@What-bm7nr,WHY COSMO GOT THE HCS 
0:26:09,@ayyo-bun3534,OH
0:26:10,@Portals_2019,Buddy
0:26:11,@KourtneyBeale-t2t,COSMO?!
0:26:11,@iheartkittennn,sprout and dandy kissssshehhs
0:26:12,@Vexthemxz,dam
0:26:12,@Elexir108,Why is Cosmoime them
0:26:12,@gummyibearsx,COMSI
0:26:14,@UngulaPropriaRQ,MOOONTIME!!!!!
0:26:16,@Dragonoid7Ultra,The fact that rudimentary Dyle and Finn having some plot relevance is kinda crazy
0:26:17,@bartc561,LEAVE ASTRO YOU
0:26:18,@ayyo-bun3534,YESSSSSS
0:26:18,@Pawsfurever-v1b,COSMO
0:26:18,@TheMTwinny,LMAOOOOOOOOOOOOO
0:26:18,@DUCKY-_-QUACK,lol
0:26:19,@RiseCrispee,Cosmo:loudly_crying_face:
0:26:19,@Uni_Real0,lol
0:26:20,@blankgrl,Awesome
0:26:20,@This_user_likes_Zip,"DANG GOOB IS SO EPIC WITH HIS ""SHOES"""
0:26:20,@ayyo-bun3534,YES
0:26:20,@Elexir108,Holy peak
0:26:20,@creamsouda3338,IM ON HERE
0:26:22,@Stratosfear_930,he better be getting his glock 19
0:26:22,@KourtneyBeale-t2t,WHAT 
0:26:22,@dottedAnarchist,COSMO NO
0:26:22,@imliterallysally,HELO?
0:26:23,@Shivery,:red_circle: :red_circle: :waving_hand:
0:26:23,@patiencemassaquoi9830,Fire 
0:26:23,@Kualxek,"ohh,, cosmo..."
0:26:23,@dottedAnarchist,COSMO
0:26:23,@XxZ0MB1E_K1TTYxX,10/10
0:26:23,@shadey_z1241,lol
0:26:24,@matius851,hi wife
0:26:24,@RapoxDub,nooo cosmi
0:26:24,@icelemonhehe,lovely
0:26:25,@This_user_likes_Zip,YES
0:26:25,@vanveleca,heh
0:26:25,@sleepyhead_starrie,Yum
0:26:25,@Elexir108,Yes I did
0:26:26,@bartc561,THE DRAMA
0:26:27,@bombtails,My sides
0:26:28,@Uni_Real0,YO
0:26:28,@DennisChing-o7b,WHATS HAPPENING. TO COSMO
0:26:28,@dottedAnarchist,COSMO
0:26:28,@Wolfgamer2013-t8w,:pensive_face::victory_hand:
0:26:28,@Chevreuse-f2l,PEAKKK
0:26:29,@Pawsfurever-v1b,BRO
0:26:29,@3-ST4R-3,I NEED MORE YAOI
0:26:30,@sleepyhead_starrie,Yes
0:26:30,@XxZ0MB1E_K1TTYxX,SOOO PEAKKK
0:26:30,@DUCKY-_-QUACK,DAMN WHY COSMO CAKED
0:26:30,@Beetlesfruitcake,I feel so motivated
0:26:30,@Fizzyy_Wizzyy,This has more value than the Mona Lisa
0:26:31,@jonellcoco1103,Um
0:26:31,@jo3a548,OH YES
0:26:31,@HMZeroTwo,Sprout's feet on cosmo...
0:26:32,@lavender_Milkk,I'm not sex bro :broken_heart:
0:26:32,@Vexthemxz,dyle astro and dandy should be together
0:26:32,@PolygonalGoat,:D
0:26:32,@kanera_2495,DANDY’S WORLD
0:26:32,@Uni_Real0,COSMO
0:26:34,@TheMTwinny,SHILLING
0:26:34,@hallo-r3p,those are not shoes goob
0:26:34,@YouFool_official,W
0:26:34,@ptkebr,THERE I AM
0:26:34,@applebloom2307,"Hello, yes."
0:26:35,@bugzandstarz,oh yes i want it
0:26:35,@ayyo-bun3534,I LOVE YOOOUUUUUUUUU
0:26:35,@Pawsfurever-v1b,I LOVED IT
0:26:35,@HMZeroTwo,That was peak
0:26:35,@fivenightsatthefreddys,THE PMGS
0:26:36,@Tamers12345MLP,Cosmo is a table
0:26:36,@RapoxDub,"Get out of there, cosmos"
0:26:36,@Kualxek,COSMO MENTIONEDD
0:26:37,@XxZ0MB1E_K1TTYxX,10/1000
0:26:37,@rAliusplate,Thank you tamers!!!:grinning_face_with_big_eyes:
0:26:37,@сникирс-о0,COSMO
0:26:37,@patiencemassaquoi9830,WE ALL LOVE TAMERS AINT THAT RIGHT
0:26:38,@Beetlesfruitcake,Thank you tamers for this absolute masterpiece
0:26:38,@fivenightsatthefreddys,PNGS
0:26:40,@AileenDelgado-v8z,lol 
0:26:41,@PacAttaq,this is peakl
0:26:41,@punkypony5165,Do it
0:26:42,@ims0donef0rr,Help
0:26:42,@iheartkittennn,COSMO PUT SOME PANTS ON
0:26:42,@jennythebean9117,I will forfeit my cash to Tamers
0:26:44,@PacAttaq,this was art
0:26:44,@RapoxDub,"Get out of there, cosmos"
0:26:44,@connornevitt,hell yeah it does
0:26:45,@zenkilled,LMO
0:26:45,@ginyu420,Peak episode
0:26:45,@ayyo-bun3534,WE MUST SUPPORT THE KING
0:26:45,@grimtidings5451,HELL YEAH
0:26:45,@XxZ0MB1E_K1TTYxX,OMGGGG
0:26:46,@SariMari-i3s,OMG FINALLY DANDY WORLD CONTENT
0:26:47,@Chiffon-an-cheese,The long head
0:26:48,@seriousdraw,What the hell did I watch?
0:26:48,@zenkilled,lmao
0:26:48,@bugzandstarz,can i buy cosmo table for my home
0:26:48,@ayyo-bun3534,FUCK I WANT THAT
0:26:49,@ims0donef0rr,DYLE
0:26:49,@Acer_0015,this was so Fire
0:26:49,@IdolatrineEnthusiast,WH Y DOESNT HE HAVE UNDERWEAR
0:26:50,@Uni_Real0,W VIDEO
0:26:51,@ptkebr,thank you for your art Mr Tamers
0:26:51,@Sprout_FanBv,im screenshoting
0:26:52,@ims0donef0rr,DYYYDLE
0:26:52,@Vexthemxz,cosmo...
0:26:53,@PacAttaq,thank you for cooking tamers
0:26:53,@XxZ0MB1E_K1TTYxX,HEAOOOOOYYYYY
0:26:53,@K9CORPSE,i wish i was cosmo
0:26:54,@icelemonhehe,peak
0:26:54,@snuggybug,cosmo got a TRUCK back there
0:26:55,@Uni_Real0,TUFF PREMIRE
0:26:55,@bartc561,Mean. I fn love this artist fr :))))
0:26:55,@ims0donef0rr,DYLE DYLE
0:26:56,@YouFool_official,I can’t wait for next Tamer vid Fr
0:26:57,@This_user_likes_Zip,WHO'S THAT SWISS ROLL
0:26:58,@PacAttaq,you are a true artist mr tamers
0:26:59,@ims0donef0rr,ITS FYLE
0:26:59,@larrybanks3821,Tamers yet again made absolute cinema yet again.
0:27:01,@Cattle.ink.3,this is so good!!!
0:27:01,@connornevitt,I love seeing my name on this list
0:27:01,@Tamers12345MLP,"@RapoxDub He can't leave, he's being a chair"
0:27:01,@KourtneyBeale-t2t,COSMo
0:27:02,@Somerandompersonexisting,Bruh
0:27:02,@Uni_Real0,PEAK EPISODE
0:27:03,@ayyo-bun3534,WHAT
0:27:03,@blankgrl,Tamers2 are you sharing your moneu with your brother fairly?
0:27:04,@RataRabioza,ouu 
0:27:04,@MA-ris-patterns,I love you dude
0:27:05,@ims0donef0rr,ITS DYLE LOOK ITS DYEL
0:27:05,@LipSlopCooker,i am using the rudie gif
0:27:05,@ayyo-bun3534,OKAY
0:27:06,@hallo-r3p,why's cosmo having a style for a sec
0:27:07,@bartc561,"I love your work, Tamers12345!"
0:27:07,@Fizzyy_Wizzyy,I cant believe tamers created the dandys world univers
0:27:08,@applebloom2307,"Oh yeah, I didn't even see him beneath sprouts feet bcuz he's so insignificant"
0:27:08,@ayyo-bun3534,LOL
0:27:09,@UltimateBlanket,LOL
0:27:09,@iheartkittennn,RUNNN
0:27:10,@ims0donef0rr,please PLEASE ITS DYLE
0:27:11,@KourtneyBeale-t2t,Oh
0:27:12,@HMZeroTwo,It's boxing day
0:27:12,@Serenity-u9d4k,Yeah
0:27:13,@ZoombaPumba,ayo
0:27:13,@jennythebean9117,Ok lord Sprout
0:27:14,@ayyo-bun3534,OHHHHHHHHHH SHIT
0:27:14,@XxZ0MB1E_K1TTYxX,WE LOVE YOU
0:27:14,@iheartkittennn,why are his eyes white
0:27:14,@ieatrocksandie,LOL
0:27:15,@DUCKY-_-QUACK,peak
0:27:15,@No1MegurineLukaFan52,MOONCAKE OMG
0:27:16,@vanveleca,ENDING ANIMATION
0:27:16,@Solums,What
0:27:16,@RapoxDub,LOL SONG
0:27:17,@Vexthemxz,this is so peak
0:27:17,@patiencemassaquoi9830,THE OUTRO
0:27:17,@What-bm7nr,PEAKKK
0:27:18,@Elexir108,Help
0:27:18,@fivenightsatthefreddys,LOL
0:27:18,@Fizzyy_Wizzyy,best chrismas ever
0:27:18,@HMZeroTwo,Dandy running from his sins
0:27:19,@UltimateBlanket,THIS IS SO FUNNY
0:27:19,@glad7636,dawg...........
0:27:19,@maxbear027,:face-red-heart-shape::face-red-heart-shape::face-red-heart-shape::face-red-heart-shape:
0:27:19,@icelemonhehe,OUTRO
0:27:19,@XxZ0MB1E_K1TTYxX,PEAKKKKK
0:27:20,@Chiffon-an-cheese,THE 2016 OUTTRO MUSIC
0:27:20,@ginyu420,Was that Dandy.exe
0:27:20,@misakayy1911,KINOOOOOOOOOOOOOOOOOOOOOOO
0:27:20,@Pawsfurever-v1b,I LOVE THIS 
0:27:21,@matius851,Christmas is until January 6th
0:27:21,@にくべんきEztli,:hundred_points:
0:27:21,@Uni_Real0,OOOO
0:27:21,@zenkilled,PEAAK
0:27:21,@fixmeoww,another kino video from tamers
0:27:21,@Exiledlama,Thanks for the show pookie
0:27:22,@maxbear027,:face-red-heart-shape::face-red-heart-shape::face-red-heart-shape::face-red-heart-shape:
0:27:22,@Vexthemxz,this is TRUE art
0:27:22,@applebloom2307,Oooh
0:27:22,@KourtneyBeale-t2t,WTF
0:27:22,@ayyo-bun3534,HIS OUTTROS ARE THE BESTTTTTTTTT
0:27:23,@Uni_Real0,YOOOOOOOOOo
0:27:23,@Nahjettrippin,Helppp
0:27:24,@maxbear027,:face-red-heart-shape::face-red-heart-shape::face-red-heart-shape::face-red-heart-shape::face-red-heart-shape:
0:27:25,@punkypony5165,Rad outtro
0:27:26,@DennisChing-o7b,THASSSSSS WAS NICE
0:27:26,@jo3a548,YES ENDING SONG
0:27:26,@AI_movies-d7d,Peak
0:27:27,@UltimateBlanket,BEST OUTRO OF YOUTUBE
0:27:27,@What-bm7nr,he’s running from homosexuality 
0:27:27,@Wawawaow-O_O,if Rudie doesn't appear on the outro i will twist myself
0:27:27,@Uni_Real0,CINEMAAAAAAAAAAAAa
0:27:27,@3-ST4R-3,WOWW
0:27:28,@maxbear027,:face-red-heart-shape::face-red-heart-shape::face-red-heart-shape::face-red-heart-shape::face-red-heart-shape:
0:27:28,@Solums,Twistet?
0:27:29,@LipSlopCooker,2016 intro music brah
0:27:29,@DUCKY-_-QUACK,:virtualhug::virtualhug::virtualhug::virtualhug:
0:27:30,@Kualxek,I NEED MORE MOONCAKE BTRUUBB
0:27:30,@Tamers12345MLP,@applebloom2307 As it should be
0:27:30,@Dragonoid7Ultra,This was very well made
0:27:31,@This_user_likes_Zip,YAOI
0:27:31,@icelemonhehe,LOL THIS SONG??
0:27:31,@maxbear027,:face-red-heart-shape::face-red-heart-shape::face-red-heart-shape:
0:27:32,@Pawsfurever-v1b,ABSOLUTE CINEMA
0:27:33,@XxZ0MB1E_K1TTYxX,WE ALLL LOVE YOU TAMERS
0:27:33,@hallo-r3p,THAT'S ALL? 
0:27:34,@applebloom2307,"That was peak, 100/100"
0:27:34,@Zzzzzzzzzzzzzzzz_000,This song is so old 
0:27:34,@maxbear027,:face-red-heart-shape:
0:27:35,@YouFool_official,Roblox ahh music
0:27:36,@KourtneyBeale-t2t,What IS ThIS
0:27:36,@RapoxDub,multishiper
0:27:36,@Kualxek,MORE MOONCAKE PLISSS
0:27:36,@Shivery,:rainbow:
0:27:37,@Molly-w4n,nice
0:27:37,@ims0donef0rr,DYYYDLE
0:27:38,@сникирс-о0,i hate it
0:27:38,@XxZ0MB1E_K1TTYxX,:mending_heart::mending_heart::mending_heart::mending_heart:
0:27:39,@iheartkittennn,OMG ASTRO AND SPROUT ARE GONNA FIGHT OVER DANDY
0:27:39,@Uni_Real0,ABSOLUTE CINEMAAAAAAAa
0:27:40,@Vexthemxz,dandy jst pulling everyone
0:27:41,@BoomerRichJr,It showing everyone he loves
0:27:41,@IdolatrineEnthusiast,will we ever get femboy sprout
0:27:42,@Kualxek,COISMO MEN TIONEEDD
0:27:42,@maxbear027,:face-red-heart-shape::face-red-heart-shape::face-red-heart-shape::face-red-heart-shape::face-red-heart-shape::face-red-heart-shape:
0:27:43,@ims0donef0rr,AAGYW DYLE I SAW DYLE
0:27:45,@Spooky_basement_Cat,YASSSSSSSSS
0:27:45,@Pawsfurever-v1b,MOONCAKE
0:27:46,@maxbear027,:face-red-heart-shape::face-red-heart-shape::face-red-heart-shape:
0:27:46,@imliterallysally,COMSO
0:27:47,@UngulaPropriaRQ,moontime at the final hour is fucking wild
0:27:47,@patiencemassaquoi9830,Next episode gonna be straight heart
0:27:48,@XxZ0MB1E_K1TTYxX,GOOB
0:27:49,@ayyo-bun3534,"3RD FAV ANIME, FIRST IS SONIC UNDERGROUND AND 2ND"
0:27:49,@ZoombaPumba,GOOB <3
0:27:50,@TheMTwinny,GOOB
0:27:51,@maxbear027,:face-red-heart-shape::face-red-heart-shape::face-red-heart-shape::face-red-heart-shape:
0:27:52,@NubMcMoofin,:racehorse::racehorse::racehorse::racehorse::horse::racehorse:
0:27:52,@sleepy635,Undertale dandy
0:27:52,@XxZ0MB1E_K1TTYxX,RODGER
0:27:54,@blankgrl,So fucking gooooddd
0:27:54,@Cattle.ink.3,THIS IS PEAK
0:27:54,@iheartkittennn,dandy can pull :drooling_face:
0:27:55,@Haisjee,COSMO
0:27:55,@XxZ0MB1E_K1TTYxX,RODGER
0:27:55,@ayyo-bun3534,IS MLP
0:27:56,@vanveleca,:face-red-heart-shape::face-red-heart-shape::face-red-heart-shape:
0:27:57,@jo3a548,",CUTE"
0:27:57,@naruytymangleanimatronica7972,MOONFLOWER
0:27:58,@bartc561,"Belting out peak like it's blinking, trust :DDDD"
0:27:58,@3-ST4R-3,:face-red-heart-shape::face-red-heart-shape::face-red-heart-shape::face-red-heart-shape::face-red-heart-shape::face-red-heart-shape:
0:27:59,@Kualxek,OOOUUU
0:27:59,@dannahernandez-ze2fl,I need more Moonshell :3
0:28:00,@RataRabioza,shrimpo mentioned !!!!!!!!!!!!1
0:28:00,@vortexfury3555,yo tamers irs good but make more ponie video
0:28:00,@HMZeroTwo,GO RODGER
0:28:02,@ZoombaPumba,TWISTED ASTRO :face_savoring_food:
0:28:02,@Portals_2019,Lol
0:28:02,@XxZ0MB1E_K1TTYxX,RODGER MENTION
0:28:03,@icelemonhehe,AYY
0:28:03,@What-bm7nr,NOO
0:28:03,@hallo-r3p,PEAK MUSIC
0:28:04,@Pawsfurever-v1b,EVIL
0:28:05,@Uni_Real0,This is 10/10
0:28:05,@imliterallysally,WAT IS THS
0:28:06,@BoomerRichJr,Dandy in his YOAI Arc
0:28:06,@KourtneyBeale-t2t,Bro what 
0:28:06,@dominicunderwood4911,"@appleblood2307 fax, make his ass useful somehow."
0:28:06,@eileeneden8010,God y’all of you are drooling on this
0:28:07,@bombtails,Goob and Rodger... I see.
0:28:07,@fivenightsatthefreddys,YAAAAAAAAAA
0:28:07,@maxbear027,:face-red-heart-shape::face-red-heart-shape::face-red-heart-shape:
0:28:08,@HMZeroTwo,Astro tweaking
0:28:08,@naruytymangleanimatronica7972,MOONFLOWER
0:28:08,@ginyu420,I demand more Dandicus D. Dandifer's world episodes in the upcoming year.
0:28:08,@Vexthemxz,oh DYLEEE
0:28:09,@XxZ0MB1E_K1TTYxX,OMahajajammm
0:28:09,@ZoombaPumba,TWISTED SPROUT :face_savoring_food:
0:28:10,@maxbear027,:face-red-heart-shape::face-red-heart-shape::face-red-heart-shape::face-red-heart-shape::face-red-heart-shape:
0:28:10,@jennythebean9117,The plot thickens 
0:28:10,@ims0donef0rr,This is frying me
0:28:10,@ShellyFossilianMM,That was beauty.
0:28:11,@larrybanks3821,I bet the endgame relationship is Dandy going for the Greedy route of the poly relationship.
0:28:11,@LipSlopCooker,uh ohhhhh
0:28:13,@What-bm7nr,so peak
0:28:13,@punkypony5165,This is so damn cool
0:28:13,@Shadowplushshow,This is peak
0:28:13,@RapoxDub,COOOL
0:28:14,@ZoombaPumba,TWISTER DYLE :face_savoring_food:
0:28:14,@iheartkittennn,FYELLELED
0:28:15,@TheMTwinny,AYO
0:28:16,@jennythebean9117,:O
0:28:16,@Pawsfurever-v1b,W OUTRO
0:28:17,@ayyo-bun3534,I LOVE HOW MILLENIAL CODED YOU ARE TAMERS
0:28:17,@XxZ0MB1E_K1TTYxX,DYALLL
0:28:19,@ims0donef0rr,DYLE DYEL
0:28:19,@CHILDE1FAN,I NEED MORE MOONCAKE PLEASE I THRIVE OFF IT
0:28:19,@Uni_Real0,OOO
0:28:19,@grimtidings5451,TOONZIES??????
0:28:20,@IdolatrineEnthusiast,make more dw videos yo
0:28:21,@ims0donef0rr,YDLE
0:28:22,@MOOSTACHE_Official,lapfox trax vibe
0:28:22,@melosunny,i miss the first outro bru
0:28:22,@Saily-e2g,COSMO!! Astro and sporut gonna fight over dandy
0:28:23,@LipSlopCooker,thats not good uh ooooooh
0:28:23,@ayyo-bun3534,I MISS AMVS
0:28:24,@eileeneden8010,I bet you guys are drooling a lot
0:28:24,@Pawsfurever-v1b,I DONT WANT IT TO END
0:28:24,@Kualxek,FIINN
0:28:24,@XxZ0MB1E_K1TTYxX,NUGHHHHH
0:28:25,@IREALLYLIKEBASSIEFROMDW,I can subscribe to patreon for 3 pound?
0:28:25,@Kualxek,COSSOMOO
0:28:25,@shiinafiufiu,woaw 
0:28:25,@Brykisheaven,WHAT KIND OF AWESOME IS THIS
0:28:26,@This_user_likes_Zip,BRO I LOVE ALL OF UR SHIPS
0:28:26,@fuckyourshitiminabearsuit7684,:pirate_flag:
0:28:28,@bugzandstarz,this is so peak
0:28:29,@jo3a548,BADASS OYTRO
0:28:31,@RiseCrispee,this is such a beautiful outro
0:28:31,@imliterallysally,COSMO
0:28:32,@Saltyy05,What the peak 
0:28:33,@HMZeroTwo,This is what happens to dandy's loves when he inevitably breaks them
0:28:33,@Stratosfear_930,times are changing again lads
0:28:33,@Somerandompersonexisting,MORE DANDYS WORLD PLS
0:28:34,@Wawawaow-O_O,Please RUDIE i need this
0:28:35,@Fizzyy_Wizzyy,this is better than hasbin hotel ngl
0:28:36,@Kualxek,OOMGGGGGG
0:28:36,@ayyo-bun3534,YESSSSSSSS
0:28:36,@Uni_Real0,PEAK
0:28:37,@XxZ0MB1E_K1TTYxX,RODGER :party_popper::loudly_crying_face::broken_heart::broken_heart::mending_heart::mending_heart::broken_heart::face_with_hand_over_mouth::face_with_hand_over_mouth::face_with_hand_over_mouth:
0:28:39,@UltimateBlanket,Video has ended.
0:28:39,@TheMTwinny,These corrupted Toons looks badass ngl
0:28:40,@What-bm7nr,WE NEED MORE DYLE AND DANDU
0:28:40,@ayyo-bun3534,CREEPY PASTA 
0:28:40,@bartc561,"Good day, I'm going to sleep now :3"
0:28:41,@naruytymangleanimatronica7972,MORE MOONFLOWER
0:28:41,@REYNARD_GOODFELLOW,I called it Astro x Cosmo
0:28:41,@wakommm,I enjoyed my stay
0:28:41,@Somerandompersonexisting,I like those silly videos
0:28:43,@Vexthemxz,multishipper heaven
0:28:43,@ayyo-bun3534,HOW'
0:28:43,@ims0donef0rr,I like dyle a lot 
0:28:43,@XxZ0MB1E_K1TTYxX,RODGER
0:28:43,@Kualxek,LETS GO COSMOOO
0:28:43,@Marian_Xd-d3s,BRUSHA
0:28:44,@HMZeroTwo,TWISTED RODGER
0:28:44,@iheartkittennn,sprout and dandy need to kiss
0:28:44,@vanveleca,woah
0:28:45,@DUCKY-_-QUACK,this is so peak bro what
0:28:45,@NubMcMoofin,:saluting_face::saluting_face:
0:28:46,@RapoxDub,lol
0:28:46,@KourtneyBeale-t2t,What 
0:28:46,@ZoombaPumba,PEAK
0:28:47,@XxZ0MB1E_K1TTYxX,10/10
0:28:47,@icelemonhehe,PEAKK
0:28:48,@grendel554,do a dandy's world lets play plz tamers
0:28:48,@grimtidings5451,SICK ASS TOONZIES OUTRO
0:28:49,@ims0donef0rr,DYYYDLE
0:28:49,@ayyo-bun3534,I WANT THAT AS A WALLPAPER
0:28:49,@Kualxek,OOHHHCOSMOOO
0:28:51,@RiseCrispee,i love goob so much poor baby
0:28:52,@ims0donef0rr,DYLE DYLE
0:28:52,@XxZ0MB1E_K1TTYxX,SO PEAKKK
0:28:52,@UltimateBlanket,the end
0:28:52,@ginyu420,Awesome ep
0:28:54,@KourtneyBeale-t2t,:body-blue-raised-arms:
0:28:54,@connornevitt,SU!
0:28:54,@HMZeroTwo,Dandy look tuff
