timestamp,author,message
0:00:00,@Oldmandoingadance,AUGH DADDY KEEP GOING
0:00:00,@Tea_Teasr,4
0:00:01,@Tea_Teasr,3
0:00:01,@SonicTaim,i SHTTING
0:00:01,@Yasmine-n5z2v,RAWR
0:00:01,@Tea_Teasr,2
0:00:02,@applebloom2307,INTENSE OM
0:00:02,@emosprout,LETS GOOOOOOOOO
0:00:02,@Tea_Teasr,1
0:00:02,@Mariev2-w8u,YAY IM GONNA BE LESBIAN NOW
0:00:02,@pangirl1234,YAAAAAAASSSSS
0:00:02,@T0m.g0ogle,YESSSAA
0:00:02,@Cutie_pies.9,Yes
0:00:02,@Tea_Teasr,1
0:00:03,@SofaCat_Art,AHAHHAHAHAHAHAHAHAH
0:00:03,@Tea_Teasr,1
0:00:03,@TR33H0US3_AL3XG-mm,HELLLL YEAHHHHHHH
0:00:03,@Brushalover,EVERYONE STOP SHITTING START PEEING 
0:00:03,@emosprout,aaaaaa
0:00:03,@Looeyballony-lol,ASTRO
0:00:04,@NORALOVESRANA,CMON
0:00:04,@zen.ornamentbasket,YEHHH
0:00:04,@SproutSeedly1Fan,YES YES
0:00:04,@mexfinncanonilovefinnhehe,OMGGGG
0:00:04,@g3m.l0v3r.21,OMGGGGG
0:00:05,@Tiffany-kat09,IMF FUCKING CRINE
0:00:05,@alcinaisMINE,Dattebayo can these ads hurey up
0:00:05,@Tea_Teasr,OMG
0:00:05,@Anajuliagomesdemorais,Let's goooo
0:00:05,@Dasiy_papercraft8373,EHHhh)
0:00:06,@K1tkat_XD_offical,YESSS
0:00:06,@rexineadam1103,"Hey guys, slow down"
0:00:06,@fen3763,What is a intense music?
0:00:06,@Tv_narwal,guys chill! one at a time!
0:00:06,@Fatimahwashere, HURYY
0:00:06,@shiny_eevee-bold,wtf
0:00:07,@aqua.loves.youtube,LETS FCKING GOOO
0:00:07,@mountmyheadonawall,YAYYY
0:00:07,@NubMcMoofin,:racehorse::horse::horse::racehorse::horse::racehorse::racehorse::horse::racehorse::horse::racehorse::horse:
0:00:08,@HMZeroTwo,Sprout cheeked up
0:00:08,@Angelilockedaway,OH-
0:00:08,@Gourdyamdfriend,yaaaaaaaaa
0:00:08,@T0m.g0ogle,YAYYYY
0:00:08,@Looeyballony-lol,SPROUT 
0:00:08,@Cutie_pies.9,My baby boy finn
0:00:09,@MinioMicha09,I usually watch the star with full volume down
0:00:09,@Dasiy_papercraft8373,1
0:00:09,@jo3a548,YAY
0:00:10,@newt1_33,damn
0:00:10,@JordanSmith-z9g,hurry up I go whole time. I can’t wait to see this. I can tell it’s gonna be a 10 out of 10.
0:00:10,@NORALOVESRANA,DANDY X DYLE X ASTRO
0:00:11,@creamsouda3338,EVERYONE STFU
0:00:11,@DahliaDrawsDesign,YASSSSSSS
0:00:11,@applebloom2307,kinda scary >m<
0:00:11,@jennythebean9117,I am
0:00:12,@Fatimahwashere,HAPPY NEW YEARS
0:00:12,@Lova_lie,Yessssssss
0:00:12,@Snowballytx,Nutty
0:00:12,@JoeYork-y1z,Hide and seek 
0:00:12,@Looeyballony-lol,SHELlY
0:00:14,@foooooodood,yippeee
0:00:14,@Redbee462,SPROUTS BIG AHH
0:00:14,@Fatimahwashere,YES
0:00:14,@jo3a548,HIDE AND SEEK
0:00:14,@MinioMicha09,I meant start 
0:00:14,@Ash3r_Dandy,NOOOO
0:00:15,@g3m.l0v3r.21,YASSSSSSSSSS
0:00:15,@KimberlyHardin-y7u,YAY
0:00:15,@zen.ornamentbasket,zamnn
0:00:16,@Lova_lie,Finalyyy
0:00:16,@SofaCat_Art,YOOO
0:00:16,@okuriinu8489,HOLY YAMS
0:00:17,@mexfinncanonilovefinnhehe,FINN MENTIONED 
0:00:17,@ecampo123,:eyes::eyes:
0:00:18,@Dino_Mitez,OHH SHEEETT
0:00:18,@x_scientist1738,dandy yams
0:00:19,@jennythebean9117,:blue_circle::blue_circle:
0:00:19,@Ash3r_Dandy,yooo*
0:00:19,@shiny_eevee-bold,WHY IS HIS ASS GIGGLING
0:00:21,@kloudscringe,STOP IM HERE 
0:00:21,@TuskiYozora,WHERES BOXTEN
0:00:22,@NORALOVESRANA,YOOOOO
0:00:22,@KellyTunis-mu5bi,Teamer my
0:00:23,@Fixer_Mixer621,YAAAAAAY :333
0:00:23,@KUNNYKING-s9t,@alcinaisMINE YES YESY YOURE HERE TWIN
0:00:23,@Oldmandoingadance,YEAAHAHHAAHHAHAHAHAHA
0:00:23,@Looeyballony-lol,:blue_circle::blue_circle::waving_hand:
0:00:24,@K1tkat_XD_offical,I LOVE THIS
0:00:25,@NORALOVESRANA,YOOOOOOOO
0:00:25,@yukisenpai1528,why they so jiggly
0:00:26,@Looeyballony-lol,:blue_circle::blue_circle::waving_hand:
0:00:27,@Laceshelf,This is like a gender reveal 
0:00:28,@newt1_33,vee a tsundere
0:00:28,@TuskiYozora,TAMMERS WHERES BOXTEN
0:00:28,@MinioMicha09,It's not new yeat
0:00:29,@HMZeroTwo,HI VEE
0:00:29,@JordanSmith-z9g,4321
0:00:29,@Tv_narwal,yaaaaaa raaaaa
0:00:30,@JoeYork-y1z,VEE don't yell
0:00:30,@realblixels,oh u werent lying about dandy shaking it 
0:00:31,@Notes-f9s,know your place astro
0:00:32,@kloudscringe,INEED GINGER HERE BRO I PRAY COME BOME TO ME
0:00:32,@T0m.g0ogle,WAAAA ASTROOOO
0:00:33,@Looeyballony-lol,:blue_circle::blue_circle::waving_hand::waving_hand::waving_hand::waving_hand::waving_hand::waving_hand::waving_hand::waving_hand::waving_hand::waving_hand::waving_hand:
0:00:33,@Oldmandoingadance,OMG IM GAY
0:00:34,@JoeYork-y1z,Wow
0:00:34,@Fatimahwashere,LOL
0:00:34,@Laceshelf,YOO
0:00:34,@NORALOVESRANA,YES
0:00:34,@KellyTunis-mu5bi,Teamer my king
0:00:34,@TuskiYozora,TAMMERS WHERES BOXTEN
0:00:35,@mountmyheadonawall,vee participation
0:00:35,@Yasmine-n5z2v,Is vee Lesbian or Yuri?
0:00:36,@Lova_lie,Oh hel nah in scared lowkey 
0:00:36,@Oldmandoingadance,GUYS IM GAY
0:00:36,@Laceshelf,YAAYYAYAHXWE
0:00:36,@twok-bes,hurry plsssssssss
0:00:36,@Cutie_pies.9,Nooo
0:00:37,@KUNNYKING-s9t,@alcinaisMINE 
0:00:37,@Floppi-Floppi,sprout nojento
0:00:38,@shiny_eevee-bold,NAAAAHHH
0:00:38,@Oldmandoingadance,IM SHITTING HELPIM SHITTING HELPIM SHITTING HELPIM SHITTING HELP
0:00:39,@mountmyheadonawall,cosm
0:00:39,@alcinaisMINE,Wait no astro sit on my lap 
0:00:39,@Angelilockedaway,I'm gonna watch this is silence guys
0:00:40,@Hyloaf,gay
0:00:40,@applebloom2307,"Ohh, Astro is like me as a kid ohhh"
0:00:40,@TuskiYozora,TAMMERS WHERE BOXTEN
0:00:40,@Yasmine-n5z2v,GAYYYYY
0:00:40,@fireejr15.5,LEAVE ASSTRO ALONE
0:00:40,@Laceshelf,AHHHH
0:00:41,@Oldmandoingadance,IM SHITTING HELP
0:00:41,@KatieMackey-q1b,YEEEEEEAAAAAHHHH
0:00:41,@mexfinncanonilovefinnhehe,OMG ??
0:00:41,@Ash3r_Dandy,WHAT
0:00:41,@Oldmandoingadance,IM SHITTING HELP
0:00:42,@Laceshelf,AHHHH
0:00:42,@Oldmandoingadance,IM SHITTING HELP
0:00:43,@Oldmandoingadance,IM SHITTING HELP
0:00:44,@DahliaDrawsDesign,ASTRO NOOOOOO
0:00:44,@Oldmandoingadance,IM SHITTING HELP
0:00:44,@Boring_sky,WHaT
0:00:45,@TheMTwinny,Ayo
0:00:45,@NORALOVESRANA,HAJAHAH
0:00:45,@OG_SH4P3SH1FT3R,LMAO
0:00:45,@Tea_Teasr,omg
0:00:45,@Oldmandoingadance,IM SHITTING HELP
0:00:46,@jo3a548,Astro bullying
0:00:46,@TuskiYozora,TAMMERS WHERES BOXTEN
0:00:47,@alcinaisMINE,Hi rock!
0:00:47,@neoncubegaming,LOL
0:00:48,@Oreoskitkatsarekool,This is mine and cosmo’s spot
0:00:48,@JoeYork-y1z,Sprout don't do that 
0:00:48,@mr.bananaman9805,DAMN
0:00:48,@haileykitty6993,Vee got the worst hiding spot
0:00:49,@NORALOVESRANA,WHAHAHA
0:00:49,@Snowballytx,Bruh just shar
0:00:49,@Tamers12345MLP,Dandy picked himself to be the counter specifically so he could put his goods on display
0:00:49,@fireejr15.5,Goat dayum
0:00:49,@Kinahizhere,Dayummmmmm
0:00:49,@MinioMicha09,Help? 
0:00:50,@Fixer_Mixer621,GIGGLE
0:00:51,@kloudscringe,Gay
0:00:51,@KimberlyHardin-y7u,omg :loudly_crying_face:
0:00:53,@ftmhonglu,already a AMAZINF start 
0:00:54,@yukisenpai1528,oh everybody hates him
0:00:56,@homersimpson90210,Astro ruined everything
0:00:57,@NatureBall-j2g,dandy ahhhhh~~~
0:00:58,@applebloom2307,Astro me fr
0:00:58,@Redbee462,:red_circle::red_circle::waving_hand:
0:00:58,@Cutie_pies.9,Oh
0:01:00,@T0m.g0ogle,WHERE 67?
0:01:00,@NORALOVESRANA,:loudly_crying_face::loudly_crying_face::loudly_crying_face:
0:01:01,@mountmyheadonawall,why is rhe animation suddenly so good
0:01:02,@newt1_33,sprout a yandere
0:01:03,@MinioMicha09,Opp I'm scared
0:01:03,@jo3a548,yay
0:01:03,@HMZeroTwo,Dandy doing it for his bf
0:01:03,@x_scientist1738,i GUESS bro
0:01:04,@cutepeppersalt,Jiggly
0:01:04,@KatieMackey-q1b,:fire::fire::fire::fire:
0:01:04,@fiasgames,Nah
0:01:04,@DahliaDrawsDesign,Awww
0:01:05,@MayaMargoMM,I:&/&:9;99
0:01:05,@Tea_Teasr,giggles so loud
0:01:05,@K1tkat_XD_offical,GUYS HELP IM COUGHING AND GIGGLING 
0:01:05,@Lova_lie,Ohhhhh
0:01:06,@jo3a548,DAMN
0:01:06,@HMZeroTwo,HI SHRIMPO
0:01:07,@RichardEnedeanya,lol
0:01:07,@Floppi-Floppi,vai cara esse astro tonto
0:01:08,@JoeYork-y1z,Trash 
0:01:09,@sugarushallday,I LUV U DANDY
0:01:09,@K1tkat_XD_offical,AND SHITTING
0:01:09,@Oreoskitkatsarekool,rip Astro
0:01:10,@applebloom2307,"aww, thats sweet"
0:01:10,@Tiffany-kat09,Astro has 5 star stealth so he shouldn’t be seen so easily 
0:01:11,@Cutie_pies.9,My baby boy shrimpo!!!
0:01:11,@Laceshelf,Omg sprout calm your ass down
0:01:11,@lauramartinez9913,does dandy love astro this much
0:01:12,@Tv_narwal,sprout! :eyes:
0:01:13,@Oldmandoingadance,HES SHAKING HIS AHH
0:01:14,@zen.ornamentbasket,bruh
0:01:14,@MinioMicha09,Hold up 
0:01:15,@jo3a548,AAAAAAAAAAAAAAA
0:01:15,@Exiledlama,LMAO
0:01:16,@KatieMackey-q1b,ouu shi
0:01:16,@ecampo123,He’s a real one 
0:01:16,@jennythebean9117,Damn 
0:01:17,@HEADHAMMER_001,Ofc shirmpo is in the trash
0:01:18,@NORALOVESRANA,:loudly_crying_face::loudly_crying_face::loudly_crying_face:
0:01:18,@0neth3g3n1us1,stupid shrimp
0:01:18,@JoeYork-y1z,Farts
0:01:18,@SaulMorales-w7h,My baby boy 
0:01:19,@K1tkat_XD_offical,OH-
0:01:19,@wheres_waddle1913,Astro sucks at this 
0:01:19,@TheMTwinny,Damn it Moonie
0:01:23,@jo3a548,DAYUUUM
0:01:23,@NicoleBelviso,SO COOL AHH
0:01:23,@HMZeroTwo,"""Really bro"""
0:01:25,@mountmyheadonawall,this one drawing again
0:01:26,@jennythebean9117,He’s trying damn
0:01:26,@newt1_33,damn dandy
0:01:27,@Tea_Teasr,dandy does not hate astro-
0:01:27,@Snowballytx,Ahhh
0:01:28,@Oldmandoingadance,LET ASTRO HIDE
0:01:28,@HEADHAMMER_001,Ouu shii
0:01:28,@jo3a548,That grip
0:01:29,@Oreoskitkatsarekool,Why is bro gripping him like that:broken_heart:
0:01:29,@NORALOVESRANA,WHAHA
0:01:30,@DahliaDrawsDesign,Dandy….
0:01:31,@KUNNYKING-s9t,@alcinaisMINE HEYYYY HEY HEY
0:01:32,@Dino_Mitez,bro snitched
0:01:32,@RichardEnedeanya,Lol his loving ass
0:01:33,@emosprout,IM CRINE
0:01:33,@OG_SH4P3SH1FT3R,girl? :loudly_crying_face:
0:01:34,@Amiya-n2s,My babbyyy
0:01:34,@clairmogsyou67,big 
0:01:34,@timareford1088,"Yes, finally"
0:01:35,@mountmyheadonawall,what
0:01:35,@K1tkat_XD_offical,OH DAMN-
0:01:35,@Notes-f9s,NOOO
0:01:36,@yukisenpai1528,why he clutching it
0:01:36,@haileykitty6993,karma
0:01:36,@SofaCat_Art,Bro :victory_hand::skull:
0:01:36,@fireejr15.5,ASTRO
0:01:38,@T0m.g0ogle,OH ASTRO :loudly_crying_face:
0:01:38,@WAFFLE-t4w,lol
0:01:40,@HMZeroTwo,Cosmo nobody asked
0:01:40,@Lova_lie,Girl:weary_face::weary_face:
0:01:40,@applebloom2307,CHEATER
0:01:40,@creamsouda3338,what happened to cosmos va???
0:01:41,@Ash3r_Dandy,snitch
0:01:41,@JoeYork-y1z,Astro don't you do that 
0:01:42,@Tea_Teasr,damn
0:01:44,@Tiffany-kat09,But Astro has 5 star stealth 
0:01:44,@patapovichern0,WHY COSMO BLUSHING
0:01:44,@DahliaDrawsDesign,Gay
0:01:46,@MinioMicha09,5 stealth btw
0:01:46,@Tamers12345MLP,"Astro's 5 star stealth only works on twisteds, but it doesn't work on other toons"
0:01:46,@Imanna012,Lmaooo
0:01:48,@K1tkat_XD_offical,NOW I GET WHY EVERYONE HATES ASTRO
0:01:49,@Tv_narwal,:eyes:
0:01:49,@WAFFLE-t4w,:p
0:01:50,@risdasagala7909,bro i subscribe your video:hand_with_index_finger_and_thumb_crossed:
0:01:50,@Shadow_is_better_than_sonic,Wait am I tripping or is it mute??
0:01:50,@applebloom2307,Thats why no one liked yu bro
0:01:52,@Thebiggestabsolfan,Sow
0:01:53,@alcinaisMINE,@KUNNYKING-s9t HI ROCK
0:01:55,@kloudscringe,FINN
0:01:55,@jazzy_jays1,ASTRO DONT SNITCH
0:01:55,@okuriinu8489,damn it astro
0:01:56,@mountmyheadonawall,purpl
0:01:56,@Tea_Teasr,astro being a big back
0:01:56,@Tamers12345MLP,This is because Astro's ass is so big
0:01:56,@Cutie_pies.9,Nom nom nom
0:01:57,@jo3a548,hungry
0:01:57,@Notes-f9s,HE ATE THE FUCKING PLATR
0:01:58,@NORALOVESRANA,:loudly_crying_face::loudly_crying_face::loudly_crying_face:
0:01:59,@Laceshelf,What a dumbass
0:02:00,@haileykitty6993,also Vee still had a terrible hiding spot
0:02:00,@sugarushallday,ASTRO WTF
0:02:00,@ChuddlyChubbles,astro is just like me fr..
0:02:01,@WAFFLE-t4w,:oooo
0:02:02,@Leslie.1x,bro
0:02:03,@NubMcMoofin,:disappointed_face::disappointed_face:
0:02:03,@user-silky-g4j,astro chill
0:02:04,@HMZeroTwo,SHUT UP FINN
0:02:04,@mr.bananaman9805,my grandpa died eating like that btw
0:02:05,@jo3a548,Astro deserve the bullyimg
0:02:05,@KimberlyHardin-y7u,damn
0:02:05,@Tea_Teasr,POOR ASTRO 100X
0:02:06,@creamsouda3338,tamers what happened to cosmos voice actor 
0:02:06,@jazzy_jays1,ASTRO IS A FATAHH
0:02:06,@realblixels,LMAOOOO
0:02:07,@JoeYork-y1z,:worried_face:
0:02:07,@yukisenpai1528,WHY DID YOU EAT THE PLATE
0:02:07,@0neth3g3n1us1,damn
0:02:07,@DahliaDrawsDesign,NOOOO ASTRO STUPID
0:02:07,@ftmhonglu,W ASTRO
0:02:09,@jennythebean9117,Astro why
0:02:11,@mountmyheadonawall,finn not being a femboy for once???????? this is so weird
0:02:11,@neoncubegaming,astro respect button
0:02:11,@JoeYork-y1z,Sprout 
0:02:12,@KUNNYKING-s9t,@alcinaisMINE YAYYYY
0:02:12,@Laceshelf,Oh my god Astro
0:02:12,@WAFFLE-t4w,>:(
0:02:12,@newt1_33,A
0:02:13,@SigmaRizz-du1cc,damn im a fat bitch
0:02:13,@SaulMorales-w7h,He ate all it 
0:02:13,@Tea_Teasr,NAWRR
0:02:14,@Oreoskitkatsarekool,Fattie:broken_heart:
0:02:14,@makaiperry5278,The gluten!!!
0:02:14,@Cutie_pies.9,My baby boy finn!!!
0:02:17,@alcinaisMINE,No ur bellay is so cute
0:02:18,@jo3a548,NO
0:02:18,@Tea_Teasr,THANK U DANDY
0:02:18,@T0m.g0ogle,I would ate everything too
0:02:18,@vladanostojic692,W DANDY
0:02:18,@TuskiYozora,WHERES BOXTEN
0:02:19,@JoeYork-y1z,Astro belly
0:02:20,@DahliaDrawsDesign,Noooo sprout!
0:02:20,@K1tkat_XD_offical,COSMO IS SO CUTE
0:02:21,@Laceshelf,ASTRO
0:02:22,@NORALOVESRANA,AHAHHA
0:02:22,@jennythebean9117,Cosco bros
0:02:22,@NicoleBelviso,GET THE FAH OUT SPROUT.
0:02:22,@TuskiYozora,WHERES BOXTEN
0:02:22,@Ash3r_Dandy,moonflower
0:02:23,@mexfinncanonilovefinnhehe,its okay im like really fat
0:02:23,@foooooodood,lol
0:02:23,@WAFFLE-t4w,>:[[[[
0:02:24,@drewovermyer9593,OMG
0:02:24,@wheres_waddle1913,Aw Dandy :loudly_crying_face: 
0:02:25,@K1tkat_XD_offical,i expected this
0:02:26,@nursethedogalt,TINY FACE
0:02:26,@TuskiYozora,WHERES BOXTEB
0:02:28,@PandicaGamez,NOOOOOOOOOOOOOOOOOOOOOOOOOOOOOOO
0:02:29,@JoeYork-y1z,Astro
0:02:30,@SoupCam69,Those things are usually hungry.
0:02:31,@TuskiYozora,WHERES BOXTEN
0:02:31,@jo3a548,Yes
0:02:31,@Tea_Teasr,moonflower metioned
0:02:32,@Dino_Mitez,this is the angriest ive seen vee and shelly
0:02:32,@Cutie_pies.9,Baby shrimpo
0:02:33,@cheeselover-y3j,He ATE them
0:02:34,@Ash3r_Dandy,you mean bf dandy
0:02:35,@Redbee462,Damn…
0:02:35,@jazzy_jays1,Everybody hates Astro
0:02:36,@Imanna012,I mean at least Dandy is standing up for Astro :smiling_face:
0:02:36,@doge_boi__,Vee needs that food more
0:02:38,@TuskiYozora,WHERES BOXTEN
0:02:38,@HerreZC,real
0:02:38,@fireejr15.5,Glisten posing
0:02:38,@newt1_33,wtf I didn't realize I sent A
0:02:38,@OG_SH4P3SH1FT3R,LMAP
0:02:38,@0neth3g3n1us1,hell no
0:02:39,@NicoleBelviso,STUPID STRAWBERRY
0:02:39,@HEADHAMMER_001,GLISTEN 
0:02:39,@dribvox,glisten???
0:02:39,@Tv_narwal,:pensive_face::wilted_flower:40sec
0:02:40,@TheMTwinny,Dandy DEFINDING somebody? What the hell...
0:02:40,@K1tkat_XD_offical,THIS IS DEFINITELY WHY EVERYONE HATES ASTRO
0:02:40,@ShamekWalker-t9o,ty dandy
0:02:40,@neoncubegaming,sprout telling the truth btw
0:02:41,@jazzy_jays1,LOL GLISTEN
0:02:42,@OG_SH4P3SH1FT3R,WHAT
0:02:42,@Laceshelf,DANDY NO
0:02:42,@MinioMicha09,He gonna get jumped bro
0:02:43,@Notes-f9s,hmmm dandy's acting strange
0:02:43,@Tea_Teasr,OMG FINALY GLISTEN HAS EYELASHES
0:02:43,@mountmyheadonawall,random glisten apparitions
0:02:44,@jo3a548,OH FUCK
0:02:44,@creamsouda3338,GLISTEN GOT A NEW VOICE
0:02:46,@Joseph-e8y3v,tf i do
0:02:46,@alcinaisMINE,Gourdy and soulvester: hi guys we’re here too
0:02:47,@Kipkat13,True!
0:02:47,@SofaCat_Art,IM NOT GAY!
0:02:47,@PandicaGamez,aww
0:02:48,@Redbee462,NGL I AM LESBIAN SO THATS FINE!
0:02:49,@sophiaroseechlin,uwu
0:02:49,@T0m.g0ogle,INCLUDING THE PLAYERS :loudly_crying_face:
0:02:50,@Yasmine-n5z2v,FASHION GLISTEN
0:02:50,@jazzy_jays1, POOR ASTRO
0:02:50,@JoeYork-y1z,Glisten is rainbow flag too
0:02:51,@TheSexy_Astro,LMAO
0:02:51,@Tiffany-kat09,Ooo Glistens voice ate okay period teaa
0:02:53,@newt1_33,you.
0:02:53,@HEADHAMMER_001,GLISTENNN HI GLISTEN :growing_heart::growing_heart:
0:02:53,@HMZeroTwo,Soulvester what is that
0:02:54,@K1tkat_XD_offical,then the girls are lebian?
0:02:55,@alcinaisMINE,SOULVESTER WITH HIS PLUSH
0:02:55,@jo3a548,OH FUCK
0:02:55,@DahliaDrawsDesign,Astro my baby
0:02:56,@Hexen_4444,hey what i miss? i was listening to Corporate Avenger
0:02:57,@okuriinu8489,kick soul
0:02:57,@JoeYork-y1z,Goob
0:02:57,@TheMTwinny,Let's all make like farts and blow outta here
0:02:59,@jo3a548,SOULVESTER
0:03:00,@HMZeroTwo,GOOB MY BELOVED
0:03:01,@Sonsootufff,Im not gay
0:03:03,@DOCTORTHESYLVEON,GOOOOOBBB
0:03:03,@okuriinu8489,ASSTROKE
0:03:03,@user-silky-g4j,soulvester
0:03:03,@VisciousAdventurer,SOULVESTER <3
0:03:04,@jazzy_jays1,SOULVESTER IS ALIVE!?!?!?
0:03:05,@jo3a548,ALSFMASFOASDF<
0:03:05,@Tea_Teasr,FRUITCAKE METIONED
0:03:06,@mountmyheadonawall,soulvester :loudly_crying_face:
0:03:06,@Hyloaf,Hi Soulvester
0:03:06,@KUNNYKING-s9t,@alcinaisMINE WHEN HAUNTEDPUMPKINS
0:03:06,@alcinaisMINE,SOUL AND HIS GOURDY PLUSH
0:03:08,@DahliaDrawsDesign,Sprout and Cosmo!
0:03:08,@XxDOGMATICAxX,I'm not gay u r *I scream I lesbian
0:03:08,@aqua.loves.youtube,YESSSS
0:03:08,@K1tkat_XD_offical,HELP WHAT ARE COSMO AND SPROUT DOING
0:03:08,@jennythebean9117,True
0:03:08,@honeiyt,..
0:03:08,@dribvox,SOULVESTERRRRRRRRRRR !!!!!!!!!!
0:03:08,@Notes-f9s,EVEN GOOBS THERE XD
0:03:09,@NORALOVESRANA,BAHAHAH
0:03:09,@Laceshelf,Wait can we put Astro on the 600 pound life maybe we can get sum money out of that
0:03:09,@ecampo123,:pleading_face::pleading_face::pleading_face:
0:03:10,@SaulMorales-w7h,He is so cute dandy is protecting Astra my baby boy 
0:03:10,@SonataDidIt,goob <3
0:03:11,@Yasmine-n5z2v,CUTEEE GUBBY GOOOBY
0:03:11,@NicoleBelviso,Cosmo and sprout:relieved_face:
0:03:12,@Lova_lie,Omg goob
0:03:15,@K1tkat_XD_offical,ASSTROKE
0:03:15,@T0m.g0ogle,FINN MY BABY
0:03:15,@nursethedogalt,GOOB SO CUTIES
0:03:15,@fireejr15.5,GOOB SO CUTE
0:03:16,@Tamers12345MLP,Just ignore Soulvestor
0:03:17,@HMZeroTwo,And shrimpo is getting blocked by the notif
0:03:17,@aqua.loves.youtube,HAUNTEDPUMPKINS YESSSSS
0:03:17,@applebloom2307,Goob so moeee
0:03:18,@Tea_Teasr,*dies cuz soulvester is here
0:03:19,@JoeYork-y1z,Slouster you kiss fylet
0:03:19,@homersimpson90210,Goob!
0:03:20,@Tiffany-kat09,Glistens voice is teaaa
0:03:22,@DOCTORTHESYLVEON,WOOOAAAHHH
0:03:24,@alcinaisMINE,hi soulvester hellooooo
0:03:26,@Laceshelf,Yes goodboy apologize 
0:03:27,@MinioMicha09,Pebble since when
0:03:28,@SproutSeedly1Fan,I HATE SOULVESTER OMFG:broken_heart:
0:03:28,@jazzy_jays1,NAH HOW IS HE ALIVE
0:03:28,@NatureBall-j2g,solver X flyte X gourdy confirmed when?
0:03:30,@MinioMicha09,Oh nvm
0:03:32,@mia_Luna-e,hello everyone
0:03:32,@mountmyheadonawall,shelly is so cute
0:03:33,@Imanna012,I didn’t even notice the way Finn and Shrimpo were together lmaooo
0:03:35,@Tea_Teasr,extracly
0:03:36,@KUNNYKING-s9t,@alcinaisMINE SOULVESTOES LITTGLE GURDY PLUSHIE I CANT HES SO IN LOCVE
0:03:36,@TuskiYozora,Tammers where’s boxten
0:03:36,@Floppi-Floppi,cala boca
0:03:39,@jennythebean9117,Fidget spinner 
0:03:39,@Mrfroggycrk,Heheheh
0:03:40,@Yasmine-n5z2v,wth is Gay Sprout and Cosmo doing:pensive_face::pensive_face::pensive_face::pensive_face::pensive_face::pensive_face::wilted_flower::wilted_flower::wilted_flower::wilted_flower::wilted_flower::wilted_flower:
0:03:40,@MinioMicha09,Awh GOOB!!!! 
0:03:41,@WAFFLE-t4w,nice
0:03:41,@HMZeroTwo,SMASH OR PASS
0:03:41,@JoeYork-y1z,NOOO groundy
0:03:41,@dribvox,I could never ignore soulvester
0:03:42,@Oreoskitkatsarekool,Soulvester why aren’t you locked up
0:03:43,@SuperCaptainFail,SMASH
0:03:43,@Lova_lie,Umm okay il ignor Silvester
0:03:43,@haileykitty6993,"yeah, Shrimpo and Finn are definitely doing something"
0:03:43,@applebloom2307,"I love Soulvester fr,"
0:03:43,@creamsouda3338,shelly looks so cute omg awww awww hello little cute shelly awww
0:03:44,@jo3a548,oh fuckl
0:03:44,@Agenius1000,Omgggg
0:03:46,@alcinaisMINE,HE LUV HIS HUBBY 
0:03:46,@HEADHAMMER_001,Soulvesterdeath2026
0:03:47,@Tea_Teasr,NOT THE GOURDY PLUSHKY
0:03:47,@fireejr15.5,EZ DUBS SMASH IR P
0:03:48,@esotericpony,goob is so cute
0:03:49,@jo3a548,ASFLASFDOASFLDASOFD
0:03:49,@T0m.g0ogle,I WANT A GOURDY PLUSHIE TOO :loudly_crying_face:
0:03:50,@zen.ornamentbasket,SMASHHH
0:03:50,@neoncubegaming,SMASH
0:03:50,@Ash3r_Dandy,pass
0:03:50,@ilygma21,Look at how little cutie patootie goob is playing with a fidget spinner
0:03:50,@JoeYork-y1z,Roger
0:03:50,@TheMTwinny,The fidget spinner
0:03:51,@fireejr15.5,SNASH
0:03:51,@sugarushallday,SMASHHH
0:03:52,@HMZeroTwo,SMASH
0:03:52,@Tv_narwal,solvester leave that Gordy blush!
0:03:52,@Notes-f9s,XD
0:03:53,@Cutie_pies.9,My babies finn annd shrimpo
0:03:53,@Laceshelf,Pass
0:03:53,@shiny_eevee-bold,PASS
0:03:53,@PoopShartingus,smash
0:03:53,@mexfinncanonilovefinnhehe,pass
0:03:54,@T0m.g0ogle,SMASHHH
0:03:54,@esotericpony,SMASH
0:03:54,@Hyloaf,SMASH
0:03:55,@jennythebean9117,Yes
0:03:55,@jazzy_jays1,WHAT THE
0:03:55,@NubMcMoofin,:smiling_face_with_hearts::smiling_face_with_hearts:
0:03:55,@Peejaylew,I’m here
0:03:56,@cheeselover-y3j,smash
0:03:56,@risdasagala7909,that all my favorite toon
0:03:57,@HEADHAMMER_001,SMASH
0:03:57,@jennythebean9117,Yes
0:03:57,@jo3a548,smash
0:03:57,@Notes-f9s,smash
0:03:57,@joycadet7064,Smash
0:03:58,@applebloom2307,SMASH
0:03:58,@HMZeroTwo,Shrimpo is jealous
0:03:58,@fireejr15.5,SMASH
0:03:59,@mountmyheadonawall,why is it neon bruh
0:03:59,@dandyworldpl4yer,goob yessss
0:04:00,@jazzy_jays1,INSTANT PASS
0:04:00,@jennythebean9117,Smash
0:04:01,@dorkaliciouzz,finn i love you
0:04:01,@sosonicandsocool,smashhhh
0:04:01,@Laceshelf,He looks like my dad
0:04:02,@T0m.g0ogle,MSASHHHH
0:04:02,@Tea_Teasr,smah
0:04:03,@doge_boi__,Go Vee
0:04:04,@nursethedogalt,:face-red-droopy-eyes::hand-pink-waving:
0:04:05,@Tea_Teasr,smash
0:04:05,@Yasmine-n5z2v,PASSSS
0:04:05,@haileykitty6993,I think smash I guess...
0:04:06,@MinioMicha09,WHAt
0:04:06,@NubMcMoofin,:face_savoring_food:
0:04:06,@Hexen_4444,nah
0:04:07,@WAFFLE-t4w,nice
0:04:07,@mexfinncanonilovefinnhehe,NO WAIT SMASH
0:04:08,@Solums,smash
0:04:10,@MoonVoid-l7l,hi I just got here
0:04:10,@OG_SH4P3SH1FT3R,Smash
0:04:11,@SonataDidIt,god astro is cringe
0:04:13,@HMZeroTwo,Astro got good taste
0:04:14,@aqua.loves.youtube,OMGGG
0:04:16,@alcinaisMINE,Soulvester is sad he cant get the real thing
0:04:17,@SuperCaptainFail,PASS
0:04:17,@T0m.g0ogle,SMASHHH
0:04:17,@Dino_Mitez,i see i sseeee
0:04:18,@seaweed52,goob is running on 2%
0:04:19,@yukisenpai1528,pamsh
0:04:19,@Mrfroggycrk,Smash
0:04:20,@Tea_Teasr,pass
0:04:20,@fireejr15.5,SMASH
0:04:21,@zen.ornamentbasket,Pass
0:04:21,@ftmhonglu,SMASH
0:04:22,@JoeYork-y1z,FINN
0:04:22,@ecampo123,He built just like me :flushed_face:
0:04:22,@esotericpony,PASS
0:04:22,@cheeselover-y3j,smash
0:04:23,@jazzy_jays1,FLYTE!?
0:04:23,@joycadet7064,Pass
0:04:23,@OG_SH4P3SH1FT3R,Pass
0:04:24,@HMZeroTwo,FLYTE OUUUUGH
0:04:24,@mountmyheadonawall,fly
0:04:24,@Ash3r_Dandy,smash
0:04:24,@sugarushallday,PASSS
0:04:24,@HEADHAMMER_001,PASS
0:04:24,@Notes-f9s,uuuhh
0:04:25,@HMZeroTwo,SMASH
0:04:25,@T0m.g0ogle,SMASHHHH
0:04:28,@ftmhonglu,HELL YES!
0:04:28,@Boring_sky,Smash
0:04:29,@haileykitty6993,IDK
0:04:29,@Hexen_4444,oh hell yeah
0:04:30,@Zazlesynth,soulvester death by hammers when
0:04:31,@JoeYork-y1z,Rainbow flag 
0:04:32,@Laceshelf,Oh course his ass pass
0:04:32,@sosonicandsocool,smashhh
0:04:33,@K1tkat_XD_offical,SMAH
0:04:33,@mexfinncanonilovefinnhehe,SMASH
0:04:35,@kloudscringe,LMFAOOOOOOOOOO
0:04:35,@newt1_33,shrimpo you tsundere
0:04:36,@K1tkat_XD_offical,SMASH*
0:04:36,@Amiya-n2s,Pass
0:04:38,@DahliaDrawsDesign,Hell yeah!
0:04:38,@Laceshelf,OMG
0:04:38,@mountmyheadonawall,waow
0:04:38,@HMZeroTwo,AYO
0:04:38,@SuperCaptainFail,GOOB ???????????
0:04:39,@alcinaisMINE,Dont let soul pick
0:04:39,@jazzy_jays1,WOAH
0:04:40,@Floppi-Floppi,CARA
0:04:40,@HEADHAMMER_001,Pass
0:04:40,@Laceshelf,OMG
0:04:41,@esotericpony,SMASH
0:04:41,@Imanna012,WOAH
0:04:41,@Ash3r_Dandy,SMASH
0:04:41,@jo3a548,ASLDSAOFDLSAFOASFLASF
0:04:42,@OG_SH4P3SH1FT3R,LMAO
0:04:42,@TuskiYozora,FEET
0:04:42,@T0m.g0ogle,SMASH
0:04:43,@fireejr15.5,S
0:04:43,@haileykitty6993,oh damn
0:04:43,@drunkserval,BUSTED IN 4K
0:04:43,@JoeYork-y1z,Dandy
0:04:44,@sosonicandsocool,EUGHHHHH
0:04:44,@honeiyt,..
0:04:44,@jazzy_jays1,WHAT THE HECK!?
0:04:44,@dribvox,SOULVESTER SPEAK UP MAN
0:04:44,@HEADHAMMER_001,PASS
0:04:46,@Notes-f9s,EWW
0:04:46,@HMZeroTwo,Dandy is like me fr
0:04:46,@MoonVoid-l7l,ohh nahh
0:04:46,@Laceshelf,OMG
0:04:47,@genevajones2950, GOOB LMAOOOO
0:04:47,@yukisenpai1528,WTF
0:04:48,@KUNNYKING-s9t,LET SOUL PICK
0:04:48,@sosonicandsocool,EWWWWW
0:04:48,@dehharrymationsOfficial046,smart
0:04:49,@NubMcMoofin,:face_savoring_food:
0:04:49,@mountmyheadonawall,vee T_T
0:04:49,@Amelia_lol45,AYO
0:04:49,@jennythebean9117,Wrong one 
0:04:49,@honeiyt,Woah..
0:04:49,@DahliaDrawsDesign,Oh my gah
0:04:49,@Izzy_vr1,LOL
0:04:50,@mexfinncanonilovefinnhehe,WHAT ?????????????
0:04:50,@foooooodood,HELP??
0:04:51,@Tea_Teasr,:c
0:04:51,@alcinaisMINE,HELP
0:04:52,@galladefan475,oh god
0:04:52,@Meepersdrawing,Smash 
0:04:53,@K1tkat_XD_offical,WHAT WAS THAT.
0:04:54,@alcinaisMINE,ZHe gonna
0:04:54,@Exiledlama,LMAO
0:04:54,@T0m.g0ogle,IT MUST'VE THE WIND
0:04:55,@mountmyheadonawall,oh no
0:04:55,@jo3a548,oh fuck
0:04:55,@x_scientist1738,soulvester please no
0:04:55,@SonataDidIt,oh no
0:04:56,@HMZeroTwo,He's gonna show gourdy isn't he
0:04:56,@galladefan475,oh no
0:04:56,@jazzy_jays1,SOULVESTER NO
0:04:56,@joycadet7064,Pass
0:04:56,@ftmhonglu,oh god no 
0:04:56,@starberry_milk,ASTRO FEET ASTRO FEET
0:04:56,@alcinaisMINE,HEA GONA DJ IT
0:04:56,@Idkdandysworld,GAYS
0:04:56,@Thebroadcaster759,SOULVESTER ISTG
0:04:56,@SonataDidIt,STOP
0:04:57,@Snowballytx,Yoooo
0:04:57,@nursethedogalt,SHELLY THREW UPPPP
0:04:57,@Dino_Mitez,NO
0:04:58,@wheres_waddle1913,oh no
0:04:58,@joycadet7064,Pass
0:04:58,@OG_SH4P3SH1FT3R,Lemme guess
0:04:58,@kloudscringe,BEO
0:04:58,@Tea_Teasr,poor astro #2
0:04:59,@wheres_waddle1913,no
0:04:59,@JoeYork-y1z,On NO
0:04:59,@CRAZY_somethingthatyouare,I GOT TO GO
0:05:00,@moriorinvictus69,oh god here we go
0:05:00,@wheres_waddle1913,no
0:05:00,@SonataDidIt,PLEASE
0:05:00,@Kinahizhere,Nooooooooooo
0:05:00,@galladefan475,/oh no.
0:05:00,@wheres_waddle1913,no
0:05:00,@realblixels,oh no 
0:05:01,@dribvox,YES
0:05:01,@Ash3r_Dandy,PASSS PASSS
0:05:01,@SproutSeedly1Fan,EW
0:05:01,@SuperCaptainFail,SOULVESTER NOOOOOO
0:05:01,@dribvox,YES
0:05:01,@jennythebean9117,Uh oh
0:05:02,@starberry_milk,I FELT IT IN MY BONES
0:05:02,@ChuddlyChubbles,oh god....
0:05:02,@fireejr15.5,PASSS :angry_face: :pouting_face: :face_with_steam_from_nose:
0:05:02,@alcinaisMINE,SMAH
0:05:02,@Boring_sky,Pass
0:05:02,@yukisenpai1528,PACK IT UP DANDBALLS
0:05:03,@Kurbii_the_Sturbi,WHY DID GOOB SMASJ
0:05:03,@realblixels,oh no 
0:05:03,@homersimpson90210,Uh oh
0:05:03,@jazzy_jays1,BRO NOOOOOOO
0:05:03,@HMZeroTwo,CALLED IT
0:05:04,@Yasmine-n5z2v,PLS GINGAR GINGAR GINGAR GINGAR GINGAR GINGAR GINGAR GINGAR GINGAR GINGAR GINGAR GINGAR GINGAR GINGAR MOMMY
0:05:04,@Amiya-n2s,It’s gonna be goutdy
0:05:04,@zen.ornamentbasket,GOOD
0:05:04,@ChuddlyChubbles,NO
0:05:04,@Glamrxck9,OMGG
0:05:04,@Tea_Teasr,HAH
0:05:05,@VisciousAdventurer,mooo
0:05:05,@dribvox,PLEASE SOULVESTER
0:05:05,@NubMcMoofin,:disappointed_face::disappointed_face::disappointed_face:
0:05:05,@Notes-f9s,NOOO
0:05:05,@HEADHAMMER_001,SOUL. 
0:05:05,@ChuddlyChubbles,NO
0:05:05,@joycadet7064,Dont even gotta look just pass
0:05:05,@WAFFLE-t4w,no
0:05:05,@franshikochikotoresu4820,i knew it
0:05:05,@galladefan475,I KNEW IT
0:05:06,@alcinaisMINE,LET HIM IN NOOO
0:05:06,@DOCTORTHESYLVEON,IM SOBBIGN
0:05:06,@T0m.g0ogle,OH
0:05:06,@wheres_waddle1913,niooooo
0:05:06,@agoatheadbaby3512,NNNOOOÓOOOO
0:05:07,@newt1_33,oh
0:05:07,@VisciousAdventurer,NO
0:05:07,@Hyloaf,LMAO
0:05:07,@OG_SH4P3SH1FT3R,LMAO
0:05:07,@emosprout,NO DONT
0:05:08,@MinioMicha09,Oh nah I'm scared
0:05:09,@NicoleBelviso,HOLY MAP
0:05:09,@jazzy_jays1,LOLLLLLLLLLL 
0:05:09,@Solums,XD
0:05:09,@Leslie.1x,NO
0:05:10,@T0m.g0ogle,EWWW PASS
0:05:10,@sosonicandsocool,EUGHHHHHH
0:05:11,@WAFFLE-t4w,lol
0:05:11,@Idkdandysworld,Ew
0:05:11,@OG_SH4P3SH1FT3R,I FUCKING KNEW IT
0:05:12,@TheMTwinny,LMAO
0:05:12,@dorkaliciouzz,HAHAHAHHA
0:05:12,@mexfinncanonilovefinnhehe,OMG WHAT THE FUCK
0:05:12,@alcinaisMINE,ADD HIM BACK
0:05:12,@VisciousAdventurer,AW HELL NAH
0:05:12,@fireejr15.5,:angry_face: :pouting_face: :face_with_steam_from_nose:
0:05:12,@realblixels,I KNEWIT 
0:05:13,@dribvox,W SOULVESTER
0:05:13,@Notes-f9s,SOULVESTER NOO
0:05:13,@haileykitty6993,NOOOOO! WHAT THE HELL SOUL?!?!
0:05:14,@Glamrxck9,OMG
0:05:14,@DahliaDrawsDesign,Yes thank you
0:05:15,@HMZeroTwo,Soulvester's on house arrest
0:05:15,@KimberlyHardin-y7u,WHAT
0:05:15,@Lova_lie,Haha il smach
0:05:15,@HEADHAMMER_001,WTFFF SOUL
0:05:16,@jennythebean9117,Oh no
0:05:17,@FR0GGY._.m3dia,BRUH I JUST GOT HERE
0:05:17,@jazzy_jays1,IM GIGGLINGGGGG
0:05:17,@emosprout,LOLLLLL
0:05:17,@sosonicandsocool,LLLLLL
0:05:17,@Tv_narwal,nahhhh
0:05:18,@T0m.g0ogle,PASS :loudly_crying_face:
0:05:18,@dsmnisUK,omg not agaauj
0:05:18,@KUNNYKING-s9t,YES YES YHES 
0:05:19,@esotericpony,he gotta go to jail omg
0:05:20,@NORALOVESRANA,WHAT 
0:05:20,@okuriinu8489,dont pull up gou-
0:05:21,@starberry_milk,THANK U TAMERS FOR ASTRO FEET 
0:05:21,@SproutSeedly1Fan,Whoever said smash wtf
0:05:21,@Imanna012,The ban is crazy lmao :face_with_tears_of_joy:
0:05:21,@Laceshelf,omg Astro pls leave
0:05:21,@applebloom2307,sOULVESTER ME FR---
0:05:22,@KUNNYKING-s9t,SHOTA SMASH
0:05:22,@JoeYork-y1z,Heck naw
0:05:23,@WAFFLE-t4w,get outtt
0:05:24,@Cutie_pies.9,My babies are so cute
0:05:24,@alcinaisMINE,ADD HIM BAACK
0:05:24,@Kinahizhere,Bro what
0:05:24,@jo3a548,yay
0:05:24,@aqua.loves.youtube,YESSSSSSSSS
0:05:24,@mia_Luna-e,POOR SHEELL
0:05:25,@user-silky-g4j,banned his ass
0:05:25,@DahliaDrawsDesign,Bye soulvester
0:05:26,@rexineadam1103,"Oh my God, I hate dandy"
0:05:27,@kloudscringe,Sprout bro
0:05:27,@sosonicandsocool,GROSS
0:05:27,@Dasiy_papercraft8373,WTH-
0:05:28,@Hikarian01,soulvester is so me <3<3<3<3
0:05:29,@Yasmine-n5z2v,my phone is on 4 charge
0:05:29,@لمارالمطيري-ر7غ,:face-blue-smiling::face-blue-smiling::face-blue-smiling::face-blue-smiling::face-blue-smiling::face-blue-smiling::face-blue-smiling::face-blue-smiling::face-blue-smiling::face-blue-smiling::face-blue-smiling::face-blue-smiling::face-blue-smiling::face-blue-smiling::face-blue-smiling::face-blue-smiling::face-blue-smiling::face-blue-smiling::face-blue-smiling::face-blue-smiling:
0:05:29,@foooooodood,:face-blue-wide-eyes:
0:05:29,@jennythebean9117,Yippee :3
0:05:30,@kloudscringe,What happened 
0:05:31,@jazzy_jays1,WE ARE NOT SMASHING GOURDY
0:05:32,@aqua.loves.youtube,FUCK YEAAAAAAAAH
0:05:32,@mountmyheadonawall,Oh ok
0:05:33,@alcinaisMINE,SMASH GOURDY SMASH SMASH
0:05:34,@fireejr15.5,:face-blue-wide-eyes::face-purple-crying:
0:05:34,@Laceshelf,BYE WHAT HAPPEN TO SPRPIT?
0:05:36,@shiny_eevee-bold,coem ONNN
0:05:36,@Hikarian01,soulvester is my inspo
0:05:37,@SonicTaim,its dumplings mfs not toys astro
0:05:38,@Looeyballony-lol,ITS GONNA BE GOURDY
0:05:39,@jo3a548,yay snesory toys
0:05:39,@DahliaDrawsDesign,No labubu
0:05:39,@Notes-f9s,why sprout-
0:05:40,@KUNNYKING-s9t,SMASH SMASH SMASH
0:05:42,@Hikarian01,gourdy can get it
0:05:42,@HMZeroTwo,BOXTEN THE GOAT
0:05:42,@Yasmine-n5z2v,wow
0:05:42,@Looeyballony-lol,I KNEW IT
0:05:43,@TuskiYozora,BOXTENNN
0:05:43,@MoonVoid-l7l,bro what happened to sprout
0:05:43,@Laceshelf,Damn boxy
0:05:44,@zen.ornamentbasket,AYYY
0:05:44,@MinioMicha09,Is Shelly still good
0:05:44,@OG_SH4P3SH1FT3R,SMASH
0:05:45,@NubMcMoofin,:face_savoring_food::face_savoring_food::face_savoring_food::face_savoring_food:
0:05:45,@Glamrxck9,EWW
0:05:46,@TuskiYozora,HIMMM
0:05:46,@Boring_sky,BOxTeN
0:05:46,@HMZeroTwo,THE ALPHA MALE
0:05:46,@jazzy_jays1,WE ARE NOT SMASHING GOURDY WTF
0:05:47,@fireejr15.5,BOXTEN
0:05:47,@jennythebean9117,Zamn
0:05:47,@neoncubegaming,HOLY COW
0:05:48,@Koi_Cat,SOULVESTER JUST HIT ON FLYTE FFS PLS
0:05:48,@SillyMuffin_xx,OMG
0:05:48,@ChuddlyChubbles,HOLY 
0:05:48,@jo3a548,OH FUCK
0:05:49,@T0m.g0ogle,BOXTEEENNN
0:05:49,@sosonicandsocool,ouiiiii
0:05:49,@ChuddlyChubbles,OH MY GOD
0:05:50,@drunkserval,OHHH!
0:05:51,@applebloom2307,I'm literally Soulvester bro
0:05:51,@TipsyPepsy,OMG
0:05:51,@mountmyheadonawall,the anime guy
0:05:51,@mia_Luna-e,DANG
0:05:51,@TuskiYozora,TAMMERS YOUR THE GOST
0:05:52,@ftmhonglu,boxten :smiling_cat_with_heart_eyes:
0:05:52,@K1tkat_XD_offical,WHAT
0:05:52,@WAFFLE-t4w,boxten
0:05:52,@Tea_Teasr,oop
0:05:52,@TheMTwinny,LMAO
0:05:52,@JoeYork-y1z,BOXTEN
0:05:53,@jennythebean9117,He so cool
0:05:53,@jazzy_jays1,BOXTEN HIIIIII
0:05:53,@DahliaDrawsDesign,Oh my gah
0:05:53,@Idkdandysworld,:o
0:05:53,@TuskiYozora,GOAT
0:05:54,@Syriussanity,BOXTEN
0:05:54,@Amelia_lol45,YAYAYAYA
0:05:55,@K1tkat_XD_offical,HOLY BOXTEN
0:05:55,@ChuddlyChubbles,BOXTEN OUGHHHHHHH
0:05:56,@wheres_waddle1913,rizz
0:05:57,@zen.ornamentbasket,WHY ARE YOU
0:05:57,@applebloom2307,"Ohh, gay panic"
0:05:57,@esotericpony,BOXTEN!?
0:05:57,@ftmhonglu,holy aura 
0:05:58,@Nightlyshadesofthenight,HOLY MOLY WHAT HAPPENED I JUST GOT HERE
0:05:58,@FR0GGY._.m3dia,LMAO :loudly_crying_face: 
0:05:58,@frozentangerines,BOXTENNN
0:05:58,@Tea_Teasr,WOAH WOAHH
0:05:59,@dandyworldpl4yer,NOT GOURDY
0:05:59,@TuskiYozora,BOXTEN
0:05:59,@shiny_eevee-bold,OH WOW
0:05:59,@mexfinncanonilovefinnhehe,BOXTENNNNNNNNNNN
0:06:00,@emosprout,HES HOT 
0:06:00,@kloudscringe,BOXYEN
0:06:00,@ChuddlyChubbles,BOXTEN 
0:06:00,@Laceshelf,Damn
0:06:01,@Ash3r_Dandy,YOOO
0:06:01,@sugarushallday,I LUVVVV BOXTONNN
0:06:02,@ChuddlyChubbles,SMASHHHHH
0:06:02,@WAFFLE-t4w,:33
0:06:03,@kloudscringe,BRO
0:06:03,@NatureBall-j2g,THATS WHY HES THE GOAT
0:06:03,@Tv_narwal,umh Roger let's not talk :eyes:
0:06:04,@mountmyheadonawall,Oh ok
0:06:04,@DahliaDrawsDesign,Gay
0:06:04,@JoeYork-y1z,KISS
0:06:05,@nursethedogalt,O MY GOD
0:06:05,@fireejr15.5,HOLY RIZZ
0:06:05,@aqua.loves.youtube,HELPP
0:06:05,@SaulMorales-w7h,I will 
0:06:06,@Dino_Mitez,sudden cut here?
0:06:06,@sosonicandsocool,the only boxten im a fan of
0:06:06,@Yasmine-n5z2v,weeeeeeeeeeeeeeeeeeeeeeeeeeeeeeeeew
0:06:06,@NicoleBelviso,SMA SHHH BOXTEN
0:06:06,@Hyloaf,Smash Boxten
0:06:06,@jo3a548,Oh fuck
0:06:06,@shiny_eevee-bold,GAAAAAASPPPP
0:06:07,@TheOneWhoJudges,Boxten our queen 
0:06:08,@K1tkat_XD_offical,I KNEW BOXTEN WOULDNT HATE ASTRO
0:06:08,@Angelilockedaway,OMG
0:06:08,@neoncubegaming,BOXTEN RESPECT BUTTON ->
0:06:08,@ChuddlyChubbles,SMASHHHHHHH 
0:06:09,@SigmaRizz-du1cc,NGHHH BOXTENNNN
0:06:09,@JoeYork-y1z,Oh no
0:06:09,@Amiya-n2s,Smash
0:06:10,@jazzy_jays1,HE MAD
0:06:10,@rexineadam1103,Oh
0:06:10,@wheres_waddle1913,jealous
0:06:10,@Ash3r_Dandy,smash box
0:06:11,@HMZeroTwo,Dandy don't be jealous
0:06:11,@yukisenpai1528,BOXTEN
0:06:11,@HEADHAMMER_001,BOXTEN MY LOVE
0:06:12,@VisciousAdventurer,yoooooooooooooooooooo
0:06:12,@Dasiy_papercraft8373,Here comes box ten
0:06:12,@ChuddlyChubbles,OUHFFFFFFFFFF
0:06:12,@Laceshelf,YO DANDY?
0:06:13,@Tea_Teasr,moonbox metioned
0:06:13,@user-silky-g4j,dandy chill
0:06:13,@applebloom2307,jelly jellyyy
0:06:14,@shiny_eevee-bold,OHOHOOHOHOHOOHOOHOOOHOHOHOHOHOHOHOHOOHOH
0:06:15,@jennythebean9117,Bixton and Astro kiss when?
0:06:15,@esotericpony,LOLL
0:06:16,@Kinahizhere,Jealous 
0:06:17,@fireejr15.5,W RIZZ
0:06:17,@ftmhonglu,the healing noises bro 
0:06:18,@NORALOVESRANA,WHAAHAHAH
0:06:18,@wheres_waddle1913,makes sense
0:06:18,@OG_SH4P3SH1FT3R,Lmao
0:06:18,@Joseph-e8y3v,HES TWEAKING
0:06:18,@ftmhonglu,LMFAO
0:06:18,@T0m.g0ogle,WAAAA BOXTEN
0:06:19,@HMZeroTwo,"Alpha male, beta chef"
0:06:19,@JoeYork-y1z,Sprout NO
0:06:19,@shiny_eevee-bold,SHEAAAAAAAA
0:06:19,@mountmyheadonawall,What
0:06:20,@Tea_Teasr,OUHHH
0:06:20,@galladefan475,OH MY GOD
0:06:21,@sosonicandsocool,LOL
0:06:21,@JenniferBrowning-l7y,YESSS
0:06:22,@yukisenpai1528,SMASH MUSIC BOX
0:06:23,@0neth3g3n1us1,RIZZED
0:06:23,@MinioMicha09,Help me
0:06:24,@K1tkat_XD_offical,oh-
0:06:24,@jazzy_jays1,OH MY GOD
0:06:25,@jennythebean9117,Yes
0:06:25,@Notes-f9s,HUHH
0:06:26,@Moonflower4life-g9v,Lol
0:06:26,@Nightlyshadesofthenight,OH NO
0:06:27,@TuskiYozora,WHY IS HE BURNING CUPCAKES
0:06:27,@NicoleBelviso,smash:fire::fire::fire:
0:06:27,@Glamrxck9,AYOO
0:06:28,@fireejr15.5,AYO
0:06:29,@x_scientist1738,boxten my baby
0:06:29,@T0m.g0ogle,I WOULD EAT HIS CUL
0:06:30,@Tea_Teasr,ouh
0:06:30,@WAFFLE-t4w,lol
0:06:30,@SaulMorales-w7h,I love boxtin
0:06:30,@Nightlyshadesofthenight,THE CUPCAKES
0:06:30,@OG_SH4P3SH1FT3R,:loudly_crying_face:
0:06:31,@Dino_Mitez,SAVE BOXTEN BRO
0:06:31,@alcinaisMINE,Alpha male alpha chef
0:06:32,@SonataDidIt,Please help him
0:06:32,@JenniferBrowning-l7y,HHHEHEHEHEHEHEHEHHEHEHEHEH
0:06:32,@kloudscringe,Where my goat ginger bro 
0:06:32,@Glamrxck9,AYOO
0:06:32,@joycadet7064,Hes scared somebody hel
0:06:32,@NicoleBelviso,TF
0:06:33,@Tea_Teasr,OOHH
0:06:34,@shiny_eevee-bold,LMAO
0:06:34,@K1tkat_XD_offical,is that fruitcake heat..?
0:06:34,@Izzy_vr1,YOO
0:06:34,@ftmhonglu,:loudly_crying_face:
0:06:34,@BunnyAngel-k9u,lmao
0:06:35,@HMZeroTwo,HEALER COITUS
0:06:36,@Syriussanity,Ou shiiii
0:06:36,@Glamrxck9,AYOO
0:06:37,@fireejr15.5,COSMO
0:06:37,@ftmhonglu,HELP
0:06:37,@T0m.g0ogle,MMMMM :drooling_face:
0:06:39,@FR0GGY._.m3dia,WHAT THE FRICK :loudly_crying_face::loudly_crying_face::loudly_crying_face:
0:06:39,@Ash3r_Dandy,YOOOO COSMO TOP
0:06:39,@Lova_lie,Ummmm
0:06:39,@KimberlyHardin-y7u,:loudly_crying_face::broken_heart:
0:06:39,@haileykitty6993,is that how Sprout broke his legs?
0:06:39,@esotericpony,OOOOO
0:06:40,@jazzy_jays1,WHAT THE HECK!?
0:06:40,@mountmyheadonawall,What
0:06:40,@OG_SH4P3SH1FT3R,OH?—
0:06:40,@Looeyballony-lol,HOLY SHIT HES SO HOT
0:06:41,@DahliaDrawsDesign,It’s a fire bro!
0:06:42,@WAFFLE-t4w,ohhh...
0:06:43,@Lova_lie,Omg
0:06:43,@jo3a548,oh fuck
0:06:43,@Izzy_vr1,NAH
0:06:43,@Cutie_pies.9,My baby finn
0:06:44,@shiny_eevee-bold,LMAOOOOOO
0:06:44,@SaulMorales-w7h,Ayooooooooooo
0:06:44,@Dasiy_papercraft8373,Uhh
0:06:45,@Skylie-star,LOLL
0:06:45,@fireejr15.5,OMG COSMO ME NEXT
0:06:46,@Amiya-n2s,LOLL
0:06:46,@dandyworldpl4yer,boxten get tf out of my screen :broken_heart:
0:06:46,@creamsouda3338,that pizza looks like shit
0:06:47,@risdasagala7909,i like this video OmG:loudly_crying_face::loudly_crying_face::loudly_crying_face::loudly_crying_face::loudly_crying_face::loudly_crying_face::loudly_crying_face::loudly_crying_face::loudly_crying_face::loudly_crying_face::loudly_crying_face::loudly_crying_face::loudly_crying_face::loudly_crying_face:
0:06:47,@JoeYork-y1z,On m god
0:06:47,@foooooodood,TAMMERS WTH:loudly_crying_face::loudly_crying_face::loudly_crying_face:
0:06:49,@yuki_Bitesgg,HWA
0:06:49,@K1tkat_XD_offical,WHY ARE THEY DOING HEAT
0:06:49,@0neth3g3n1us1,COSMO WANTS SPROUT CREAM
0:06:50,@shiny_eevee-bold,ARE THEY FUCKING
0:06:50,@yuki_Bitesgg,A
0:06:50,@yuki_Bitesgg,A
0:06:50,@aqua.loves.youtube,WHAAAAT
0:06:50,@yuki_Bitesgg,A
0:06:50,@yuki_Bitesgg,A
0:06:51,@yuki_Bitesgg,A
0:06:51,@yuki_Bitesgg,A
0:06:51,@yuki_Bitesgg,A
0:06:52,@SonataDidIt,do not eat that pizza
0:06:52,@Tv_narwal,:eyes:
0:06:52,@MinioMicha09,He doom
0:06:52,@WAFFLE-t4w,finnn
0:06:53,@applebloom2307,awww quite a lot are forgiving heh
0:06:53,@Cutie_pies.9,So hot!!!!!!!
0:06:53,@esotericpony,period hes getting his money
0:06:54,@NicoleBelviso,AYO
0:06:55,@Skylie-star,COSMO MY TURN
0:06:55,@Boring_sky,Nah me
0:06:55,@ChuddlyChubbles,BRING BOXTEN BACK RIGHT NOW
0:06:55,@Tea_Teasr,CRK METIONED
0:06:56,@JoeYork-y1z,:rolling_on_the_floor_laughing::rolling_on_the_floor_laughing:
0:06:56,@yuki_Bitesgg,OMGGGG
0:06:57,@Boring_sky,Nah me
0:06:57,@Starlight379-l7,OOPO
0:06:57,@Nightlyshadesofthenight,FINN
0:06:58,@kloudscringe,THEMUSIC
0:06:58,@Imanna012,OH NO WONDER SPROUT’S WAS IN A WHEELCHAIR
0:06:58,@Redbee462,HOLY THE GOONIN-
0:06:58,@aqua.loves.youtube,NOOO
0:06:59,@sophiaroseechlin,loll
0:06:59,@K1tkat_XD_offical,YES THEY ARE FUCKING
0:06:59,@NicoleBelviso,GOOB!
0:06:59,@Boring_sky,Cosmo
0:07:00,@yuki_Bitesgg,GOOOB
0:07:01,@Boring_sky,Me
0:07:01,@Yourlocalvee1,Diddy
0:07:01,@HMZeroTwo,GOOB <3
0:07:02,@Izzy_vr1,THAT WASN'T THE FUCKING WIND
0:07:02,@jennythebean9117,True 
0:07:03,@Skylie-star,MY TURN PLS
0:07:04,@WAFFLE-t4w,gooobbb
0:07:04,@jo3a548,yay
0:07:05,@NicoleBelviso,:shushing_face::shushing_face::winking_face::fire:
0:07:05,@T0m.g0ogle,AWW GOOB :loudly_crying_face::pink_heart:
0:07:05,@yuki_Bitesgg,W
0:07:05,@mountmyheadonawall,real
0:07:06,@yuki_Bitesgg,W
0:07:06,@yuki_Bitesgg,W
0:07:06,@TheMTwinny,Oh no
0:07:07,@foooooodood,HELP :loudly_crying_face::loudly_crying_face::loudly_crying_face::loudly_crying_face::loudly_crying_face:
0:07:07,@shiny_eevee-bold,yay :3333
0:07:07,@Peejaylew,BRO HAS AN JOB
0:07:08,@applebloom2307,lol
0:07:09,@Notes-f9s,GOOB:wilted_flower:
0:07:09,@Sonsootufff,Wtf was that
0:07:10,@JoeYork-y1z,Goob
0:07:11,@yuki_Bitesgg,OMGG
0:07:13,@Yasmine-n5z2v,RAAAAAAAAAAAAHHHHHHHHHHHHHHHHHHHHHHHHHHHHHHHHHHHHHHHH I AM A KAWAII T-SUNDER LESBIAN YURI FROM DOKI LOVER AND GINGAR LOVER
0:07:14,@yacob9201,me too goob
0:07:15,@Starlight379-l7,HOLY
0:07:15,@Skylie-star,Jk btw
0:07:16,@DahliaDrawsDesign,He’s working minimum wage:loudly_crying_face::loudly_crying_face::loudly_crying_face::loudly_crying_face::loudly_crying_face:
0:07:17,@Tea_Teasr,FRUITCAKEE
0:07:17,@alcinaisMINE,D-dattebayo
0:07:17,@JoeYork-y1z,Sprout
0:07:17,@ftmhonglu,oh my god
0:07:17,@HMZeroTwo,ALPHA WOLF SPROUT
0:07:18,@fireejr15.5,W ALPHA
0:07:18,@Idkdandysworld,Help
0:07:19,@jo3a548,OH FUCK
0:07:19,@Nightlyshadesofthenight,SPROUT SHIT TYE FUCK IP
0:07:19,@ecampo123,Gay
0:07:20,@BunnyAngel-k9u,HELP
0:07:20,@OG_SH4P3SH1FT3R,LMAO :loudly_crying_face:
0:07:21,@WAFFLE-t4w,nah
0:07:21,@Dino_Mitez,who is this?
0:07:21,@Laceshelf,Sprout chill it never that deep
0:07:22,@Snowballytx,Help me
0:07:22,@mountmyheadonawall,bro gor a job :pink_heart:
0:07:22,@zen.ornamentbasket,DAMN
0:07:22,@Lova_lie,O. G help
0:07:22,@jennythebean9117,I’m Goobing it
0:07:22,@Notes-f9s,someone shut up sprout
0:07:22,@shiny_eevee-bold,weaow
0:07:23,@Tamers12345MLP,"Cosmo and SProut were just healing yall, stop being dirty up in this bitch"
0:07:23,@Tv_narwal,Finn yo ahh don't even have a job
0:07:24,@sosonicandsocool,SIGMA
0:07:24,@otis12345oreo,no way gng
0:07:25,@yuki_Bitesgg,sprout shut up sonson
0:07:26,@SaulMorales-w7h,Ayoooooo
0:07:26,@mewgalaxia,im propbably the alpha of all my friends *howls*
0:07:26,@Tea_Teasr,yaoiii
0:07:27,@ftmhonglu,sprout is amazing. 
0:07:27,@FR0GGY._.m3dia,APLHA DADDY SPROUT 
0:07:28,@yukisenpai1528,cosmo you good
0:07:30,@muggz7752,Who dudes
0:07:30,@Hexen_4444,man is not the Alpha
0:07:31,@haileykitty6993,doesn't look burnt
0:07:32,@Kimmy_the_baker,HAIIII
0:07:32,@Lova_lie,Wat the fuck
0:07:33,@JoeYork-y1z,Cosom don't look at Sprout butt
0:07:34,@DahliaDrawsDesign,Cosmo lol at the face
0:07:35,@jaquitamcdaniel7021,bro
0:07:35,@yuki_Bitesgg,what
0:07:35,@K1tkat_XD_offical,i love it when sprouts mad 
0:07:36,@cloudplayez,less poney more this plzzz
0:07:37,@MinioMicha09,Cosmo you good
0:07:37,@K1tkat_XD_offical,jehe
0:07:37,@Boring_sky,You sure
0:07:37,@shiny_eevee-bold,NAAAHHH
0:07:38,@NicoleBelviso,OFC sprout is the alpha wolf:broken_heart::fire:
0:07:38,@Yasmine-n5z2v,IK
0:07:39,@코스모_찬,ok im astro
0:07:39,@K1tkat_XD_offical,hehe*
0:07:39,@Cutie_pies.9,Haha
0:07:40,@oliver_officialEatsCookies459,YOO WSP GUYS
0:07:41,@alcinaisMINE,Blue collar strawberry
0:07:41,@Amiya-n2s,Tamersss:loudly_crying_face::loudly_crying_face:
0:07:43,@Nightlyshadesofthenight,OMG 
0:07:44,@jo3a548,oh no
0:07:45,@aqua.loves.youtube,HELPPP
0:07:47,@lauramartinez9913,where the FUCK is waxwell
0:07:48,@newt1_33,big backs
0:07:48,@Koi_Cat,Healing MY ASS
0:07:49,@JoeYork-y1z,No Sprout 
0:07:49,@WAFFLE-t4w,not goob
0:07:49,@applebloom2307,iknow
0:07:49,@fireejr15.5,NOO
0:07:50,@vitaliygemba7139,hoiiii
0:07:50,@Nightlyshadesofthenight,SPROUT
0:07:50,@TheMTwinny,Sprout chill out dweeb
0:07:53,@Exiledlama,I know
0:07:53,@sosonicandsocool,WOW
0:07:53,@mountmyheadonawall,i k n o w
0:07:53,@HMZeroTwo,Dandy....I love you for being fat
0:07:54,@Tea_Teasr,sprouts sketch looks diff
0:07:54,@clairmogsyou67,"he knows,,,"
0:07:55,@mia_Luna-e,:broken_heart::broken_heart::broken_heart:
0:07:55,@Dino_Mitez,WHAT THE HELL HAPPENED TO DANDY WHY IS HE SO NICE??
0:07:56,@yacob9201,poor astro
0:07:56,@Yasmine-n5z2v,COSMMMO COSFO
0:07:56,@T0m.g0ogle,SPRUT GET YOUR HANDS OFF GOOB :loudly_crying_face:
0:07:56,@MoonVoid-l7l,Fahhhh h
0:07:57,@jazzy_jays1,WAXWELL WHERE ARE YOU!?
0:07:57,@DahliaDrawsDesign,The face!
0:07:57,@jennythebean9117,Goob is the top in all his corn
0:07:57,@JoeYork-y1z,Waxwell 
0:07:59,@Kinahizhere,Lmao
0:07:59,@HMZeroTwo,Problematic toons
0:07:59,@alcinaisMINE,Lauramartinez WAIT
0:07:59,@applebloom2307,GOOB SO MOE
0:08:00,@x_scientist1738,ntm on my boy astroooo
0:08:00,@코스모_찬,help
0:08:02,@Looeyballony-lol,“Alpha wolf”
0:08:05,@jo3a548,oh no
0:08:06,@Notes-f9s,JAJJAJAJA
0:08:06,@esotericpony,GOOB CHEFFING IT UP
0:08:06,@muffindwh9231,:face-blue-smiling::face-blue-smiling::face-blue-smiling::face-blue-smiling:
0:08:07,@Peejaylew,PIZZA
0:08:08,@Starlight379-l7,SPROUT COUNT YO DAYS
0:08:08,@shiny_eevee-bold,omg sprout shut up
0:08:08,@HMZeroTwo,PIZZA PIZZA PIZZA PIZZA
0:08:09,@KarsenLewis-c9l,@lauramartinez9913 he’s probably not here
0:08:10,@fireejr15.5,GOOB SO
0:08:10,@JoeYork-y1z,Goob rainbow flag 
0:08:12,@mountmyheadonawall,the
0:08:12,@DrRoo-qj9np,I'm glad that Sprout loves animals and looks after kittens
0:08:13,@mexfinncanonilovefinnhehe,AWWWWWWWW
0:08:14,@K1tkat_XD_offical,THIS IS CRACKING ME
0:08:14,@Notes-f9s,XDXD
0:08:15,@HMZeroTwo,He's gonna destroy it
0:08:15,@SonataDidIt,<3
0:08:15,@ZephaniahStLouis,Omg I was at school wha happened 
0:08:16,@fireejr15.5,:face-red-heart-shape::face-red-heart-shape:
0:08:17,@FR0GGY._.m3dia,AWWWWWW
0:08:17,@VisciousAdventurer,awwww
0:08:18,@applebloom2307,hes so kyute...
0:08:19,@BunnyAngel-k9u,cute:)
0:08:19,@T0m.g0ogle,GET OUT SPOR
0:08:19,@Laceshelf,Awee
0:08:20,@jennythebean9117,No voice
0:08:22,@FR0GGY._.m3dia,SO CUTEEEEEEEE
0:08:23,@emosprout,AWWWWWW
0:08:24,@Hexen_4444,Goob is precious
0:08:24,@Lova_lie,Omg help it's 1am were I amm
0:08:25,@Tea_Teasr,WE FINALY ACTALLY SEE GOOB'S SPEAKER THING SCREEN
0:08:25,@alcinaisMINE,The rainbow flag is for when he sees gourdy and soulvester
0:08:26,@JoeYork-y1z,Awwwwwww
0:08:27,@PhineyYang,wtf
0:08:27,@fireejr15.5,67
0:08:28,@esotericpony,sprout hes so nice aww
0:08:28,@jo3a548,cute
0:08:29,@cheeselover-y3j,aw so cute
0:08:29,@Notes-f9s,why-
0:08:29,@Laceshelf,He so cute:pleading_face:
0:08:29,@WAFFLE-t4w,AWWWHHH
0:08:29,@yukisenpai1528,why is there a gay button
0:08:31,@yacob9201,that is not how an aac unit sounds
0:08:31,@BunnyAngel-k9u,aw
0:08:32,@JoeYork-y1z,So cute
0:08:32,@NicoleBelviso,not the lgbt flag for Cosmo and sprout
0:08:33,@OG_SH4P3SH1FT3R,AWH :face_holding_back_tears:
0:08:34,@fireejr15.5,Ayo
0:08:35,@jazzy_jays1,WHATS THE TIKTOK BUTTON?
0:08:35,@DahliaDrawsDesign,GOOOOOOOOBBBBBB MY BABY!
0:08:36,@haileykitty6993,lol
0:08:36,@HMZeroTwo,DADDY LIKES PIZZA
0:08:36,@mexfinncanonilovefinnhehe,sprout actually being nice ???????
0:08:37,@joycadet7064,Please dont hit him
0:08:37,@Tamers12345MLP,Goob proving that even a toon with autism can do something with their life
0:08:37,@MILA._.OFF1CAL,damn
0:08:38,@WAFFLE-t4w,oh...
0:08:39,@shiny_eevee-bold,aawhh
0:08:40,@0neth3g3n1us1,CRINE
0:08:40,@sophiaroseechlin,help what 
0:08:41,@JoeYork-y1z,Awww
0:08:41,@oliver_officialEatsCookies459,yo wtf
0:08:42,@Idkdandysworld,Daddy?
0:08:42,@PhineyYang,I’m dad
0:08:42,@MoonVoid-l7l,AYYYYOOOOOO
0:08:43,@jo3a548,yay for pizza
0:08:43,@mountmyheadonawall,im scared bro
0:08:45,@sosonicandsocool,i love pizza
0:08:45,@Imanna012,Nice they’re being supportive rn :smiling_face_with_hearts:
0:08:45,@kloudscringe,IMDEAD BRO
0:08:46,@Notes-f9s,WHY THEY AREN'T HATING ON GOOB
0:08:46,@jazzy_jays1,YESSSSSS
0:08:47,@jo3a548,OH NO
0:08:47,@T0m.g0ogle,AWWW GOOB :loudly_crying_face::broken_heart:
0:08:47,@Tamers12345MLP,@yacob9201 Well it's how his sounds
0:08:49,@NicoleBelviso,AYO LOL
0:08:49,@fireejr15.5,Make that furry pizza thing
0:08:50,@PhineyYang,I’m dead 
0:08:50,@jazzy_jays1,LEMME BE IN IT
0:08:51,@JoeYork-y1z,:face_with_tears_of_joy::face_with_tears_of_joy::face_with_tears_of_joy::face_with_tears_of_joy:
0:08:51,@sophiaroseechlin,im crine
0:08:51,@ZephaniahStLouis,Oooo
0:08:51,@Notes-f9s,NOW IS ASTRO
0:08:52,@jo3a548,I am scared for goob
0:08:52,@SonataDidIt,oh no
0:08:52,@Lily-k2f5s,Hehehe 
0:08:52,@DahliaDrawsDesign,Wow
0:08:52,@BunnyAngel-k9u,bro
0:08:52,@SonataDidIt,please
0:08:54,@MinioMicha09,Awh
0:08:54,@Tea_Teasr,thats why goob has a tiktok button..
0:08:55,@Laceshelf,even goob is better then Astro
0:08:55,@Nightlyshadesofthenight,HES GONNA BULLY GOOB
0:08:55,@Cutie_pies.9,So true tamers
0:08:55,@NicoleBelviso,HAHAHHAHA
0:08:56,@oliver_officialEatsCookies459,HOLY THE HAND
0:08:57,@Dino_Mitez,thats already out??
0:08:58,@mountmyheadonawall,oh no
0:08:58,@jennythebean9117,Damn
0:08:58,@PhineyYang,:loudly_crying_face:
0:08:58,@WAFFLE-t4w,:loudly_crying_face::loudly_crying_face::loudly_crying_face:
0:08:59,@esotericpony,heh little does he know the iphone 18 is comign out
0:09:01,@ecampo123,It’s not a duo?!?
0:09:02,@mirandareeves4991,hu guys
0:09:02,@Yasmine-n5z2v,idk
0:09:03,@MinioMicha09,Help bro 
0:09:04,@Peejaylew,I WANNA BE IN TIKTOK
0:09:05,@Starlight379-l7,OOOO
0:09:05,@yuki_Bitesgg,hey i have a question why isnt goob talking
0:09:06,@K1tkat_XD_offical,that iphone 17 is fake
0:09:08,@NicoleBelviso,WHAT.
0:09:09,@mountmyheadonawall,why tho
0:09:09,@OG_SH4P3SH1FT3R,O-Oh?
0:09:09,@sosonicandsocool,ermmm
0:09:09,@alcinaisMINE,Ok yeah this was coming
0:09:09,@haileykitty6993,damn bro
0:09:10,@JoeYork-y1z,NOOO
0:09:10,@ftmhonglu,?????????????
0:09:10,@jo3a548,OH NO
0:09:10,@Boring_sky,Yay waxwell
0:09:11,@mr.bananaman9805,god
0:09:11,@Idkdandysworld,:o
0:09:11,@Tiffany-kat09,What the fuck :broken_heart:
0:09:11,@MoonVoid-l7l,WWWHHHHAAAAATTTTT
0:09:11,@Notes-f9s,WAX
0:09:11,@foooooodood,help?
0:09:11,@mia_Luna-e,NO NO NOOO
0:09:11,@Daniel-c1d7v,love it
0:09:12,@fireejr15.5,:face-purple-wide-eyes::face-purple-wide-eyes:
0:09:12,@esotericpony,FEMINIZATION YASSS
0:09:12,@galladefan475,yers
0:09:13,@mountmyheadonawall,wax mention
0:09:13,@HMZeroTwo,WAXWELL MENTIONED (i hate him)
0:09:14,@galladefan475,YES
0:09:14,@homersimpson90210,Uuuuuh
0:09:14,@shiny_eevee-bold,NOOOOOOOO STOP PLS DON'T DO THAT SHIT TO GOOB.
0:09:16,@PhineyYang,Omg omg omg omg omg:loudly_crying_face:
0:09:16,@T0m.g0ogle,WELL DAWNG
0:09:16,@DahliaDrawsDesign,Shrimps shut up
0:09:17,@jennythebean9117,Entertainment 
0:09:17,@لمارالمطيري-ر7غ,:yt::yt::yt::yt::yt::yt::yt::yt::yt::yt::yt::yt::yt::yt::yt::yt::yt::yt::yt::yt:
0:09:17,@Tv_narwal,:eyes:
0:09:17,@Tea_Teasr,#tamers
0:09:18,@mr.bananaman9805,#bonernuke
0:09:18,@applebloom2307,not me :...> My autism is ......
0:09:18,@SoupCam69,NOW
0:09:18,@galladefan475,WAXWERLL
0:09:19,@MyriadSkyFlaming,I need a tablet like that...
0:09:19,@Starlight379-l7,NAHHHHH
0:09:20,@Notes-f9s,WAX- WAXWELL WAXWELL:eyes::eyes:
0:09:20,@WAFFLE-t4w,yay
0:09:21,@FR0GGY._.m3dia,WAXWELL MENTIONED
0:09:23,@jo3a548,OH GFUIVK
0:09:23,@ftmhonglu,wait please i need this
0:09:24,@K1tkat_XD_offical,NOW FINN IS A FEMBOY-?
0:09:24,@SuperCaptainFail,I LOVE SHRIMPO
0:09:24,@NicoleBelviso,YE AHHHH
0:09:24,@lauramartinez9913,YES WAXWELL IS COMING
0:09:25,@VisciousAdventurer,wax wax
0:09:25,@SonataDidIt,oh...
0:09:25,@Tv_narwal,let me just(steals sprouts phone
0:09:26,@VisciousAdventurer,WAX WAX
0:09:26,@kloudscringe,:warning::warning::warning:
0:09:26,@jazzy_jays1,SHRIMPO????
0:09:27,@jo3a548,CAUGHT
0:09:27,@KimberlyHardin-y7u,OMG
0:09:27,@SaulMorales-w7h,I love astro and boxtin :smiling_face_with_hearts::smiling_face_with_hearts:
0:09:28,@mountmyheadonawall,im crying
0:09:28,@VisciousAdventurer,WAXWELL
0:09:28,@drunkserval,CAUGHT
0:09:28,@fireejr15.5,Gay IVONN
0:09:28,@Izzy_vr1,WHEN IS ROTOSCOPING ANIMATION 
0:09:29,@esotericpony,FEMBOY FINN
0:09:29,@shiny_eevee-bold,ew. shrimpo.
0:09:30,@WAFFLE-t4w,WAXWELL
0:09:31,@mexfinncanonilovefinnhehe,OH ???
0:09:31,@OG_SH4P3SH1FT3R,WAXWELL IS COMING??
0:09:31,@mountmyheadonawall,gigi
0:09:32,@Laceshelf,that kinda gay shrimp 
0:09:33,@JoeYork-y1z,Waxwell come now! 
0:09:33,@The_Silly_Patootie,HELP
0:09:34,@jazzy_jays1,HE LYING
0:09:34,@Nightlyshadesofthenight,?????
0:09:35,@fireejr15.5,GAY ICON
0:09:35,@DahliaDrawsDesign,Gay gay gay and yaoi
0:09:36,@HEADHAMMER_001,waxwellll yess
0:09:36,@kloudscringe,IMCRYING
0:09:36,@Starlight379-l7,WAXWELL!!!!
0:09:37,@MinioMicha09,GIGI HELL YEAH
0:09:37,@neoncubegaming,WAXWELL!!!
0:09:37,@Daniel-c1d7v,aaa
0:09:37,@jennythebean9117,Shrimpo is mega gay
0:09:38,@SoupCam69,NOW
0:09:38,@GlimmyGOD,GAYYYYYYYY
0:09:38,@SuperCaptainFail,FINN IS A BADDIE FRFR
0:09:38,@TheMTwinny,The shrimp thing is totally gay
0:09:38,@لمارالمطيري-ر7غ,:thanksdoc::thanksdoc::thanksdoc::thanksdoc::thanksdoc::thanksdoc::thanksdoc::thanksdoc::thanksdoc::thanksdoc::thanksdoc::thanksdoc::thanksdoc::thanksdoc::thanksdoc::thanksdoc::thanksdoc::thanksdoc::thanksdoc::thanksdoc:
0:09:38,@Tamers12345MLP,"Btw I had no idea the iphone 18 was coming out, if I did sprout would have had an iphone 17 :wilted_flower:"
0:09:38,@Hexen_4444,Shrimpo definitely watches Asmongold
0:09:39,@Tea_Teasr,HERE COMES WAXWELL-
0:09:39,@OG_SH4P3SH1FT3R,SAY IT AINT SO
0:09:39,@NicoleBelviso,CAUGHT IN 4K
0:09:39,@Tiffany-kat09,Is Waxwell x Gigi canon 
0:09:39,@Laceshelf,DAMN
0:09:39,@Starlight379-l7,OH
0:09:40,@Tv_narwal,nooo I have lag!
0:09:41,@T0m.g0ogle,MMMM FINN :drooling_face:
0:09:41,@applebloom2307,OH YEHHHHH
0:09:41,@x_scientist1738,SNAGSH
0:09:41,@HMZeroTwo,AYO
0:09:41,@Ash3r_Dandy,YOOO
0:09:42,@x_scientist1738,SMASH
0:09:42,@drunkserval,OH SHIT
0:09:42,@ftmhonglu,GYATATTATATA
0:09:42,@Nightlyshadesofthenight,OUU SHII
0:09:42,@user-silky-g4j,oh my
0:09:43,@alcinaisMINE,Erm gyaaat
0:09:43,@The_Silly_Patootie,YOOOOO
0:09:44,@ftmhonglu,HOLY
0:09:44,@BunnyAngel-k9u,WHATT
0:09:44,@moriorinvictus69,JESUYS
0:09:44,@mountmyheadonawall,girl
0:09:44,@HerreZC,wtf?
0:09:44,@JoeYork-y1z,Wow
0:09:44,@Tea_Teasr,demiboy
0:09:44,@jo3a548,DAYUUUUUUM
0:09:44,@Notes-f9s,DAANGG
0:09:45,@okuriinu8489,AROOOOOOOOOOOOOOOOOOOOO
0:09:45,@Laceshelf,:flushed_face:
0:09:45,@sosonicandsocool,OUIIIIII
0:09:45,@esotericpony,YASSSS
0:09:45,@SonataDidIt,oh
0:09:45,@NubMcMoofin,:face_savoring_food::face_savoring_food::face_savoring_food::face_savoring_food::face_savoring_food:
0:09:45,@ChuddlyChubbles,WOAHHHH
0:09:46,@zen.ornamentbasket,ZAMNNNN
0:09:46,@BunnyAngel-k9u,OMG
0:09:46,@jazzy_jays1,OHHHHH MYYYYY GOODDDDDD!?!?!?
0:09:47,@Hyloaf,SMASH
0:09:47,@NicoleBelviso,FIN FYM
0:09:47,@mr.bananaman9805,dandy's world forcefem
0:09:47,@Imanna012,YES FINN
0:09:47,@agoatheadbaby3512,trash
0:09:47,@OG_SH4P3SH1FT3R,O-OH!!
0:09:47,@PoopShartingus,oh wow
0:09:48,@JoeYork-y1z,Finn
0:09:48,@Zazlesynth,@alcinalisMINE silence creep
0:09:48,@Ash3r_Dandy,SMASH
0:09:48,@Exiledlama,SMASH?
0:09:48,@mememaster8314,YOOOOOOOOOOOOOO
0:09:49,@Nightlyshadesofthenight,HOT DAMN
0:09:49,@Starlight379-l7,OOO LA LA
0:09:49,@Joseph-e8y3v,YES
0:09:49,@Koi_Cat,OH LAWD
0:09:49,@fireejr15.5,:face-turquoise-covering-eyes::face-turquoise-covering-eyes::face-turquoise-covering-eyes::face-turquoise-covering-eyes:
0:09:50,@cheeselover-y3j,ohh shii :eyes::eyes::eyes::eyes:
0:09:50,@SoupCam69,WOAH
0:09:50,@VisciousAdventurer,AW HELLL NYESS
0:09:50,@Snowballytx,ETF
0:09:50,@TheMTwinny,WHAT THE
0:09:51,@shiny_eevee-bold,OOUUUHHH LOL
0:09:51,@dribvox,MERCIFUL HEAVENS ABOVE
0:09:51,@Vanillaa-n4j,dayumnnn
0:09:51,@sugarushallday,UGHHHHH!~~~
0:09:52,@BunnyAngel-k9u,DAMNNN
0:09:52,@mexfinncanonilovefinnhehe,OMG LMG OMG OM
0:09:52,@Lova_lie,Omg help 
0:09:52,@galladefan475,"OH M,YFGOD"
0:09:53,@VisciousAdventurer,YESSSSSSSSSSSSSSSSS
0:09:53,@Notes-f9s,FINN
0:09:54,@0neth3g3n1us1,wait they are back together after goob?
0:09:54,@Syriussanity,OMGG
0:09:54,@YouFool_Official,OUU SHIIII
0:09:54,@Leslie.1x,SMASH
0:09:55,@otis12345oreo,crack
0:09:55,@Fatimahwashere,OU SHII
0:09:56,@ecampo123,A yo
0:09:56,@DahliaDrawsDesign,Femboy Finn hell yeah!
0:09:56,@sugarushallday,DADDDY YESSSSS
0:09:56,@VisciousAdventurer,FOOOOOOOOOOOOD
0:09:56,@T0m.g0ogle,SMASHHHH
0:09:56,@Notes-f9s,AAAGGH
0:09:57,@NicoleBelviso,HOLY MOLY
0:09:57,@haileykitty6993,"daaaaamn, he forgot the wig..."
0:09:57,@fireejr15.5,:face-turquoise-covering-eyes::face-turquoise-covering-eyes:
0:09:57,@fish_crime,helllppp me god
0:09:57,@K1tkat_XD_offical,why is that lowkey cute-
0:09:58,@Kinahizhere,Drag
0:09:58,@x_scientist1738,finn lovers are EATING this up bro
0:09:59,@KUNNYKING-s9t,CROSS DRESSING YESD
0:09:59,@jaquitamcdaniel7021,:skull_and_crossbones::skull_and_crossbones::skull_and_crossbones::skull_and_crossbones::skull_and_crossbones:
0:09:59,@lauramartinez9913,HOLY SHIT
0:09:59,@WAFFLE-t4w,:00000
0:09:59,@jennythebean9117,Share shrimp boy
0:10:00,@JoeYork-y1z,Dang
0:10:00,@yuki_Bitesgg,OUUUU
0:10:00,@shiny_eevee-bold,ZAMN
0:10:00,@jazzy_jays1,WHATTTTTTT THEEEEEE FLLLLIIIIIPPPPPP!?!!?
0:10:00,@Hexen_4444,Crackin it
0:10:01,@Skylie-star,OML WTFF
0:10:01,@Amiya-n2s,Smash
0:10:02,@oliver_officialEatsCookies459,I wish i was shrimpo
0:10:02,@BunnyAngel-k9u,AAAAAAAAAAAAAAA
0:10:03,@makaiperry5278,Ooh we HOLD ME BACK 
0:10:04,@Peejaylew,WHA
0:10:04,@PWUDDING_1,ou SHITTT
0:10:04,@alcinaisMINE,Dont im a masochist
0:10:04,@otis12345oreo,SMASH
0:10:04,@CatsAreS1lly,gooning to finn
0:10:05,@fireejr15.5,:hourglass-purple-sand-orange::hourglass-purple-sand-orange::hourglass-purple-sand-orange::hourglass-purple-sand-orange:
0:10:05,@yacob9201,the fit is crazy and the body is tea
0:10:05,@Skylie-star,GAHAAAA
0:10:05,@Peejaylew,WTH
0:10:05,@Cutie_pies.9,HOT DAMN!!!!!!
0:10:05,@Nightlyshadesofthenight,MOVBEEEE SHRIMPOOO
0:10:06,@MinioMicha09,Badass tbh 
0:10:07,@T0m.g0ogle,SMASH
0:10:07,@esotericpony,HE LOOKS SO GOOOOD
0:10:07,@Laceshelf,I’m the chair
0:10:07,@yacob9201,holyyy
0:10:08,@TheMTwinny,GOOD LORD 
0:10:08,@Brushalover,Stop this is embarrassing 
0:10:08,@Skylie-star,BAHAHA
0:10:09,@agoatheadbaby3512,"disguise..........,.."
0:10:10,@sophiaroseechlin,oh shi
0:10:10,@Notes-f9s,OH MY GOD
0:10:11,@Skylie-star,LOL
0:10:11,@WAFFLE-t4w,:loudly_crying_face::loudly_crying_face:
0:10:11,@SoupCam69,smash
0:10:11,@shiny_eevee-bold,HOLY SHIT
0:10:11,@Luciferr_Morningstaryt,SMASH!
0:10:11,@KUNNYKING-s9t,I WANT THAT OUTFIT
0:10:12,@Cutie_pies.9,Haha
0:10:12,@mountmyheadonawall,Oymykig
0:10:12,@fireejr15.5,WAXWELL
0:10:12,@لمارالمطيري-ر7غ,:stayhome::stayhome::stayhome::stayhome::stayhome::stayhome::stayhome::stayhome::stayhome::stayhome::stayhome::stayhome::stayhome::stayhome::stayhome::stayhome::stayhome::stayhome::stayhome::stayhome:
0:10:12,@Tea_Teasr,WAXWELL
0:10:12,@alcinaisMINE,MELODI LOOKIK 
0:10:12,@ChikioDaB,FINN THE DIVABbb
0:10:13,@Peejaylew,YOO STF
0:10:13,@shiny_eevee-bold,LMAO
0:10:13,@Imanna012,OU FINN IS TEA THO :squinting_face_with_tongue:
0:10:13,@Boring_sky,WAXwELL
0:10:14,@Moonflower4life-g9v,HOTTT
0:10:14,@JoeYork-y1z,Waxwell! 
0:10:14,@jazzy_jays1,THETE HE IS
0:10:14,@Laceshelf,Shrimpo pass the ball
0:10:15,@ftmhonglu,WAXWELL HELLO HI HI 
0:10:15,@Moonflower4life-g9v,HOTTT
0:10:15,@BunnyAngel-k9u,WAXWELL!!
0:10:16,@aqua.loves.youtube,OMGGGGG
0:10:16,@OG_SH4P3SH1FT3R,WAXWELL??
0:10:16,@haileykitty6993,there's bro
0:10:16,@galladefan475,HISVOICE
0:10:16,@oliver_officialEatsCookies459,I wish I was shrimpo
0:10:17,@HMZeroTwo,HI WAXWELL YOU STUPID
0:10:17,@Boring_sky,OMg
0:10:17,@The_Silly_Patootie,HELPPPPP
0:10:18,@mountmyheadonawall,OHHES HERE
0:10:18,@SuperCaptainFail,OMGGGGGGGGG
0:10:18,@JordanSmith-z9g,what the hell?
0:10:18,@galladefan475,OH MY GFOD
0:10:19,@Dasiy_papercraft8373,DANG
0:10:19,@WAFFLE-t4w,waxwelll
0:10:19,@PWUDDING_1,SHIT
0:10:19,@fireejr15.5,WAXWELL
0:10:19,@NicoleBelviso,HOLY
0:10:19,@Tea_Teasr,i pass finn
0:10:19,@SonicTaim,waxdiddy:face_holding_back_tears::folded_hands::victory_hand:
0:10:20,@Lova_lie,:squinting_face_with_tongue::squinting_face_with_tongue::squinting_face_with_tongue::squinting_face_with_tongue::squinting_face_with_tongue::squinting_face_with_tongue::squinting_face_with_tongue:
0:10:20,@Peejaylew,WAXWELL
0:10:20,@applebloom2307,llloollll
0:10:20,@Lily-k2f5s,WAXWELL!!!!
0:10:21,@yukisenpai1528,THERE HE ISSSSSSSSSS
0:10:21,@Cutie_pies.9,Kiss!!!!
0:10:22,@applebloom2307,OHH
0:10:22,@Notes-f9s,WAXWELLL WAXWELL WAXWELL WAXWELLW AXWELL
0:10:22,@fish_crime,me when im into fish bowls :smiling_face_with_heart_eyes:
0:10:23,@KimberlyHardin-y7u,WAXWELL
0:10:23,@jennythebean9117,Pass the controller Shrimp
0:10:23,@oliver_officialEatsCookies459,I wish I was shrimpo
0:10:23,@mexfinncanonilovefinnhehe,WAXWELL
0:10:24,@لمارالمطيري-ر7غ,Oi oi oi
0:10:24,@kloudscringe,WAXWELL
0:10:24,@ftmhonglu,WHAAAAAAAAAAAAAAAT
0:10:24,@NicoleBelviso,YEAHHHHG
0:10:24,@BunnyAngel-k9u,O.g
0:10:24,@The_Silly_Patootie,YOOOOO
0:10:25,@ftmhonglu,HOLY
0:10:25,@Nightlyshadesofthenight,HOT DAMN
0:10:25,@KUNNYKING-s9t,@alcinaisMINE YAYY
0:10:26,@zen.ornamentbasket,DUDEEE
0:10:26,@esotericpony,YASSSS YAOI
0:10:26,@Peejaylew,WW
0:10:26,@lauramartinez9913,WAXWELL
0:10:27,@Starlight379-l7,WHAT THE FONK
0:10:27,@VisciousAdventurer,WAXXWELLS VOICE?e???!?!
0:10:27,@jo3a548,DAYUUUUUUUUUUU<M
0:10:28,@oliver_officialEatsCookies459,AHHH
0:10:28,@NicoleBelviso,GAY
0:10:28,@jazzy_jays1,WOAHHHHHHHHHHH
0:10:28,@Vortextheslayer87,yo what is this
0:10:29,@WAFFLE-t4w,:oooooo
0:10:30,@Looeyballony-lol,DAYMMMMMMMMMMMMMMM
0:10:30,@Boring_sky,WAXWELL VOiCe???
0:10:30,@pessyglacy_disconnected6429,well well well ahhh
0:10:30,@agoatheadbaby3512,gulp
0:10:31,@DahliaDrawsDesign,Omg
0:10:31,@Amiya-n2s,Waxwell LOLLLLLL
0:10:31,@FR0GGY._.m3dia,LETS GOOOOOOOOOO
0:10:31,@JoeYork-y1z,Awwww
0:10:32,@GianlucasFelizdiaz,yoo
0:10:32,@Idkdandysworld,lol
0:10:32,@Fatimahwashere,WXWELL
0:10:33,@Peejaylew,GAY
0:10:33,@Tea_Teasr,damnnn
0:10:34,@K1tkat_XD_offical,OOOO THE VOICE OF WAXWELL
0:10:35,@alcinaisMINE,So when are we getting gourdvester fan service like this
0:10:35,@Lova_lie,Omg waxwell yessss
0:10:35,@Boring_sky,ONG
0:10:36,@shiny_eevee-bold,WOOOOOOUUHHH
0:10:36,@JoeYork-y1z,Waxwell!!!!!! 
0:10:37,@Nightlyshadesofthenight,well….
0:10:37,@Angelilockedaway,waxwell is so hot
0:10:37,@rexineadam1103,Ohhhh
0:10:37,@galladefan475,HIS FUCKIGN VOICE
0:10:38,@fireejr15.5,WAXWELLS VOICE
0:10:38,@mountmyheadonawall,THEYRE IN TJE USA???
0:10:39,@The_Silly_Patootie,GIGGLING
0:10:40,@WAFFLE-t4w,lol
0:10:40,@K1tkat_XD_offical,DAMN-
0:10:40,@SaulMorales-w7h,Waxwill yaaaaaaaaaaaaaay
0:10:41,@mewgalaxia,i actually didnt know that
0:10:42,@mackenzie13,:heart_with_arrow:
0:10:43,@lauramartinez9913,WAXWELLS VOICE HELP-
0:10:43,@TheMTwinny,WHO TF ARE THOSE TWO
0:10:45,@Idkdandysworld,He sounds goofy 
0:10:45,@shiny_eevee-bold,ZAMN
0:10:47,@The_Big_Topper,W YouTuber 
0:10:48,@Imanna012,Ew why is Waxwell currently speaking on my screen :pensive_face:
0:10:48,@Laceshelf,Omg waxwell is so cute
0:10:48,@코스모_찬,im eating pizza
0:10:48,@JoeYork-y1z,Kiss
0:10:48,@PandicaGamez,FIN
0:10:49,@Idkdandysworld,Help
0:10:49,@BunnyAngel-k9u,man
0:10:49,@mountmyheadonawall,lmao
0:10:50,@jennythebean9117,Wax well you literally kissed Shrimpo few episodes ago 
0:10:51,@KUNNYKING-s9t,@alcinaisMINE WAXWELL SYBAU
0:10:52,@fish_crime,commence polycule 
0:10:53,@nowaayhoezay,:face-blue-wide-eyes:
0:10:53,@코스모_찬,haahahba
0:10:56,@JoeYork-y1z,Crap
0:10:57,@Tea_Teasr,yaoi time
0:10:58,@NicoleBelviso,FINN FEMBOY!!!
0:10:59,@shiny_eevee-bold,BEAUTIFULLLLLLLLLLLL
0:10:59,@ftmhonglu,why does waxwell sound like that 
0:11:00,@mexfinncanonilovefinnhehe,HIS VOICE IS SO GOOFY BAHAHAHGA
0:11:00,@SkylarNewton-c1n,WAXWELL!!!!!!!
0:11:00,@MinioMicha09,Gigi woah
0:11:01,@OG_SH4P3SH1FT3R,LMAO
0:11:01,@ftmhonglu,:loudly_crying_face:
0:11:02,@Nightlyshadesofthenight,NO
0:11:03,@Starlight379-l7,O
0:11:04,@moriorinvictus69,oh no
0:11:04,@DahliaDrawsDesign,Waxwell no let him be gay!
0:11:04,@BunnyAngel-k9u,bro
0:11:06,@코스모_찬,stfu waxy
0:11:06,@لمارالمطيري-ر7غ,Waxwaxwaxwax
0:11:07,@jo3a548,oh no
0:11:07,@Peejaylew,YO CHAT
0:11:07,@K1tkat_XD_offical,OOOOOO LALALAALLAALAL
0:11:07,@WAFFLE-t4w,yesss
0:11:08,@Notes-f9s,shrimpo pass me the controller
0:11:08,@nowaayhoezay,GAAAY
0:11:08,@Jacks0nJekyII,you queens lmao
0:11:08,@SonataDidIt,Please
0:11:09,@jazzy_jays1,SPROUT DONT DO IT
0:11:09,@0neth3g3n1us1,sprout i hate u.
0:11:09,@x_scientist1738,holy shit sprout got clout
0:11:09,@Laceshelf,Omg Astro if u ruin it 
0:11:10,@Tea_Teasr,THE PF
0:11:10,@K1tkat_XD_offical,DAMNNN
0:11:12,@yuki_Bitesgg,WHAT
0:11:12,@applebloom2307,He better not bully him.... >:(
0:11:12,@jo3a548,dont bully him
0:11:12,@aqua.loves.youtube,OMGGG
0:11:13,@Nightlyshadesofthenight,NOOOO GOOB
0:11:13,@oliver_officialEatsCookies459,waxwell sounds cartoonis as he
0:11:13,@T0m.g0ogle,GOOB NOOOO
0:11:14,@코스모_찬,bruh hhaahahaha
0:11:14,@K1tkat_XD_offical,GAYYEE
0:11:14,@SonataDidIt,Goob doesn't deserve this
0:11:15,@WAFFLE-t4w,goooooooooobbbbbb
0:11:15,@Starlight379-l7,AYYY
0:11:16,@jennythebean9117,Poggers 
0:11:17,@BunnyAngel-k9u,Omg
0:11:17,@Laceshelf,EW EW EW
0:11:17,@코스모_찬,:face-orange-raised-eyebrow::face-orange-raised-eyebrow::face-orange-raised-eyebrow:
0:11:17,@alcinaisMINE,I like cake
0:11:18,@Yasmine-n5z2v,NUH-UH IT YURI TIMMEMEMEMEMEMEMEMEMEMEM
0:11:18,@esotericpony,DAMMN ASTRO
0:11:19,@jazzy_jays1,OKGGGGG
0:11:19,@kloudscringe,EUDE
0:11:19,@haileykitty6993,doesn't the female toons not have hair?
0:11:19,@jo3a548,LASDFOASDFLASFL
0:11:20,@JoeYork-y1z,Crap
0:11:20,@HMZeroTwo,Astro is breaking TOS
0:11:20,@Peejaylew,GYAAAAA
0:11:20,@JoeYork-y1z,Awww
0:11:21,@mexfinncanonilovefinnhehe,oop
0:11:21,@Laceshelf,EW EW EW
0:11:21,@K1tkat_XD_offical,CUTE*
0:11:22,@mia_Luna-e,WHAT
0:11:23,@jazzy_jays1,ASTRO NOOOOOO
0:11:23,@ftmhonglu,???
0:11:23,@frozentangerines,DADDY LIKES PIZZA
0:11:24,@SillyMuffin_xx,LOL
0:11:24,@zen.ornamentbasket,LMAOOOO
0:11:24,@Nightlyshadesofthenight,OH 
0:11:24,@mountmyheadonawall,BAHAH
0:11:25,@Laceshelf,TAKE IT OFF
0:11:25,@applebloom2307,lolol mlp callback!!! 
0:11:25,@jennythebean9117,Zamn
0:11:26,@OG_SH4P3SH1FT3R,LMAO :loudly_crying_face:
0:11:27,@Tv_narwal,bro wax stfu
0:11:27,@HEADHAMMER_001,GAHAHAHA
0:11:27,@Imanna012,Erm :grinning_face_with_sweat:
0:11:28,@T0m.g0ogle,OW OW OW
0:11:28,@Skylie-star,LOLL
0:11:29,@K1tkat_XD_offical,wtf astro-
0:11:29,@Notes-f9s,this is so ass
0:11:29,@Idkdandysworld,lol
0:11:29,@FR0GGY._.m3dia,ZOO WEE MAMA ASTRO
0:11:30,@sosonicandsocool,LOL
0:11:30,@Laceshelf,EW EW RW EW
0:11:30,@DahliaDrawsDesign,But shot omg
0:11:31,@Leslie.1x,LMAO
0:11:31,@لمارالمطيري-ر7غ,:card-red-penalty::yt::card-red-penalty::yt::card-red-penalty::yt::card-red-penalty::yt::card-red-penalty::yt::card-red-penalty::yt::card-red-penalty::yt::card-red-penalty::yt::card-red-penalty::yt::card-red-penalty::yt:
0:11:31,@Vanillaa-n4j,DANDY WHAY ARE YOUNDOİNGG
0:11:31,@Tea_Teasr,poor astro
0:11:31,@NicoleBelviso,that yummy fake:relieved_face::winking_face:
0:11:32,@Amiya-n2s,Dandy:loudly_crying_face::loudly_crying_face::loudly_crying_face:
0:11:34,@JoeYork-y1z,No
0:11:34,@Lily-k2f5s,Whoa
0:11:36,@Missmab123456,Cute!
0:11:36,@The_Silly_Patootie,SON
0:11:36,@nowaayhoezay,Dandy
0:11:38,@T0m.g0ogle,LET GOOB GO :loudly_crying_face:
0:11:38,@Nightlyshadesofthenight,LOLOL
0:11:38,@mia_Luna-e,AHAHA
0:11:40,@MinioMicha09,Woah.. 
0:11:41,@Laceshelf,ew ew ew
0:11:41,@Starlight379-l7,OOOO
0:11:42,@mountmyheadonawall,hes kinda distracting
0:11:42,@Zazlesynth,@alcinaisMINE silence creep
0:11:44,@ftmhonglu,goob please run 
0:11:44,@yukisenpai1528,rare moment of them liking golb
0:11:44,@JoeYork-y1z,:rolling_on_the_floor_laughing::rolling_on_the_floor_laughing::rolling_on_the_floor_laughing:
0:11:45,@The_Silly_Patootie,WHAT
0:11:45,@Peejaylew,GOOBS FINE I THINK…
0:11:45,@Starlight379-l7,LOL
0:11:46,@alcinaisMINE,Where shota
0:11:47,@esotericpony,goob is so cute i hope he reignites his relationship with roger
0:11:47,@PWUDDING_1,ITS NOT WAXWELL THATS SHITWELL
0:11:48,@Nightlyshadesofthenight,WHAT
0:11:48,@Tea_Teasr,goob is fine i think
0:11:50,@HEADHAMMER_001,DANDY.
0:11:50,@Vanillaa-n4j,DAYUMNN
0:11:51,@Ili.The.Raccoon1457,NOOO GOOB
0:11:51,@jazzy_jays1,GOOB RUN WHILE YOU CAN
0:11:51,@applebloom2307,poor Gooby
0:11:51,@Syriussanity,Im gat
0:11:51,@ftmhonglu,goob no please 
0:11:52,@Syriussanity,Gay
0:11:52,@jennythebean9117,>:)
0:11:53,@sosonicandsocool,stinkstro
0:11:54,@K1tkat_XD_offical,what..
0:11:54,@ftmhonglu,run bro 
0:11:54,@TheMTwinny,hahaaaaaaa
0:11:55,@Skylie-star,BAHA LOL
0:11:55,@fireejr15.5,Noooo
0:11:55,@creamsouda3338,NOOOO WTF
0:11:56,@HEADHAMMER_001,FUCK
0:11:56,@jo3a548,NO
0:11:56,@Daniel-c1d7v,it ok
0:11:56,@verity-i6v,good
0:11:56,@Idkdandysworld,Oh shi…
0:11:57,@HMZeroTwo,Exposed on tiktok
0:11:57,@WAFFLE-t4w,ohhhh....
0:11:58,@T0m.g0ogle,NOOOO GOOB :loudly_crying_face::broken_heart:
0:11:59,@0neth3g3n1us1,YO.
0:11:59,@HEADHAMMER_001,GOOB RUN
0:11:59,@fireejr15.5,NOOO
0:11:59,@Tea_Teasr,OKAY HE'S IN TROUBLE
0:12:00,@Idkdandysworld,…
0:12:00,@ftmhonglu,NO
0:12:00,@Peejaylew,SPROUT HOW DARE YOU
0:12:00,@Notes-f9s,NOOOO
0:12:01,@mountmyheadonawall,dand :c
0:12:01,@ftmhonglu,STOP
0:12:01,@DahliaDrawsDesign,NOOOOOOOOOO
0:12:02,@esotericpony,NOOOOOO SPROUT
0:12:02,@frozentangerines,NOOOOOOOOOO
0:12:02,@Zazlesynth,@alcinaisMINE silence creep
0:12:02,@K1tty_K4tsX3,AGH IM LATE
0:12:02,@creamsouda3338,NOOOOOO
0:12:02,@JoeYork-y1z,:loudly_crying_face::loudly_crying_face:
0:12:03,@Nightlyshadesofthenight,OH GOD
0:12:03,@Kinahizhere,Nooooooooooo
0:12:03,@user-silky-g4j,sprout get out
0:12:04,@ftmhonglu,STOP
0:12:04,@drunkserval,SPROUT WHAT THE FUCK
0:12:04,@Tv_narwal,me too I think he is ok
0:12:04,@Ili.The.Raccoon1457,GOOD NOOOOOOO
0:12:04,@jo3a548,Don't do it
0:12:04,@FR0GGY._.m3dia,NOOOOOOOOO
0:12:04,@Amiya-n2s,No my babyyyy
0:12:05,@nowaayhoezay,o
0:12:05,@Hyloaf,NO STOP
0:12:05,@ftmhonglu,/STOP
0:12:05,@oliver_officialEatsCookies459,goob fucking run
0:12:05,@yukisenpai1528,goob run
0:12:05,@SonataDidIt,no....
0:12:06,@Notes-f9s,I KNEW ITT!!
0:12:06,@galladefan475,NOOOOOOOOOOO
0:12:06,@jazzy_jays1,GOOB RUN NOW
0:12:06,@ecampo123,:pouting_face::pouting_face::face_with_symbols_on_mouth::face_with_symbols_on_mouth:
0:12:07,@esotericpony,HOW DARE HE DO THIS TO GOOB
0:12:07,@K1tkat_XD_offical,NOOOOOOOO
0:12:07,@creamsouda3338,BE KIND TO HIM
0:12:07,@Nightlyshadesofthenight,NO GOOB
0:12:07,@jennythebean9117,Oh no :grimacing_face: 
0:12:07,@Daniel-c1d7v,:sad_but_relieved_face:
0:12:07,@mexfinncanonilovefinnhehe,WHAT ????
0:12:07,@SkylarNewton-c1n,:[
0:12:08,@HEADHAMMER_001,GOOB RUN 
0:12:08,@fireejr15.5,MEAN SPROUT
0:12:08,@Leslie.1x,NOOOO
0:12:08,@SofaCat_Art,NOOO
0:12:09,@BunnyAngel-k9u,nono
0:12:09,@sosonicandsocool,HATER ALERT
0:12:09,@mia_Luna-e,OMG SPROUT STFU
0:12:10,@NubMcMoofin,:disappointed_face::disappointed_face::disappointed_face:
0:12:10,@T0m.g0ogle,SHUT UP SPROUT :loudly_crying_face:
0:12:10,@kloudscringe,DUDE
0:12:10,@Vortextheslayer87,:face-purple-crying:
0:12:10,@rider_1085,GOOB NOOOO
0:12:10,@WAFFLE-t4w,STOPPP
0:12:11,@JoeYork-y1z,Goob I am crying 
0:12:11,@dribvox,BREAK THE PHONE DANDY BREAK THE PHONE
0:12:11,@Cutie_pies.9,Noooooooooooooo
0:12:11,@Starlight379-l7,SPROUT HOW DARE YOU!
0:12:11,@ARNOLDJANSSENANGANA,noooooooo
0:12:12,@x_scientist1738,LEAVE GOOB ALONE
0:12:12,@creamsouda3338,IM GONNA CRY OH MY GO
0:12:13,@Nightlyshadesofthenight,SPROUT OMG
0:12:13,@Notes-f9s,I KNWE IT I KNWE ITT
0:12:13,@esotericpony,SPROUT NOOOOOO
0:12:13,@g3m.l0v3r.21,SPROUT WTH???
0:12:13,@OG_SH4P3SH1FT3R,I told u he wasn’t okay :pensive_face:
0:12:13,@cloudplayez,oh gosh
0:12:13,@Idkdandysworld,No that’s messed up
0:12:13,@The_Big_Topper,I didn’t get to answer 
0:12:13,@jaquitamcdaniel7021,:pouting_face::pouting_face::pouting_face::pouting_face::pouting_face::pouting_face:
0:12:14,@cheeselover-y3j,punish the strawberry
0:12:14,@Imanna012,I KNEW THEY COULDN’T TRULY BE NICE :pensive_face:
0:12:14,@Peejaylew,NOO GOOB
0:12:14,@Tea_Teasr,NOO ASTRO
0:12:14,@x_scientist1738,ASTRO TOO????
0:12:15,@Luciferr_Morningstaryt,NOOOOOO MY BABY GOOB
0:12:15,@drunkserval,Dandy do something!!!
0:12:16,@yipper571,the phone is ladder xD
0:12:16,@WAFFLE-t4w,nooooo
0:12:16,@DahliaDrawsDesign,#CANCELSPROUT
0:12:16,@Tamers12345MLP,Tikok lives are just like this
0:12:16,@alcinaisMINE,Wow.. sprout took that too far…..
0:12:16,@pessyglacy_disconnected6429,NAHH SPROUT
0:12:16,@kloudscringe,MYSPROUT
0:12:17,@Tea_Teasr,NO
0:12:18,@T0m.g0ogle,STOPPPP
0:12:18,@K1tty_K4tsX3,WHAT IS HAPPENING 
0:12:19,@Dino_Mitez,OH MY GOOD DID HE JUST DO THAT
0:12:19,@DahliaDrawsDesign,#CANCELSPROUT
0:12:19,@Fatimahwashere,I HATE SPROUT
0:12:20,@KimberlyHardin-y7u,:loudly_crying_face:
0:12:20,@K1tkat_XD_offical,I KNEW HE WOULDNT LIKE IT
0:12:20,@لمارالمطيري-ر7غ,You
0:12:21,@jo3a548,no
0:12:21,@The_Silly_Patootie,ASTRO NOOO
0:12:21,@FR0GGY._.m3dia,SPROUT WHAT THE HELL US WRONG WITH U
0:12:21,@Ili.The.Raccoon1457,GOOB MY BABY
0:12:21,@joycadet7064,:face-turquoise-speaker-shape::face-turquoise-speaker-shape:
0:12:21,@Peejaylew,ASTRO
0:12:21,@Daniel-c1d7v,so sorry :disappointed_face:
0:12:22,@Starlight379-l7,HOW DARE YA
0:12:22,@Vanillaa-n4j,NOOO DON'T MAKE FUN OF GOOB>:(
0:12:22,@Boring_sky,No..
0:12:22,@K1tkat_XD_offical,DRAMAAAAA
0:12:22,@fireejr15.5,:face-orange-frowning::face-orange-frowning::face-orange-frowning:
0:12:23,@sosonicandsocool,WOW
0:12:23,@WAFFLE-t4w,NOOOOO
0:12:24,@Lova_lie,I'm scared
0:12:24,@sugarushallday,LET ME GO GET SHRIMPOO
0:12:24,@oliver_officialEatsCookies459,GOOB OH SHIT
0:12:25,@esotericpony,ASTRO NOOO
0:12:25,@Leslie.1x,WHAT DID GOOB DO
0:12:25,@DahliaDrawsDesign,#CANCELSPROUT
0:12:25,@Fatimahwashere,OMG SPROUT
0:12:26,@BunnyAngel-k9u,HELP
0:12:26,@jennythebean9117,Sprout blows up because he bullies Goob
0:12:26,@K1tkat_XD_offical,I LOVE DRAMA
0:12:26,@NicoleBelviso,STUPID
0:12:26,@yuki_Bitesgg,astro.
0:12:27,@Imanna012,Exactly like this tbhhh
0:12:27,@kloudscringe,:warning::warning::warning:
0:12:27,@x_scientist1738,DANDY DO SOMETHINGGGG
0:12:27,@Cutie_pies.9,Dandy do something
0:12:27,@Shelly-03-iluvyou,SPROUR.
0:12:27,@fish_crime,SMAKC HIM WITH UR AAC UNIT GOOB
0:12:28,@Lova_lie,Help
0:12:28,@T0m.g0ogle,NOOOO STOP
0:12:28,@K1tty_K4tsX3,OH??????
0:12:29,@Vanillaa-n4j,NOOOOOO ASTROOO
0:12:30,@Peejaylew,ASTRO NO
0:12:30,@DahliaDrawsDesign,#CANCELSPROUT
0:12:30,@jazzy_jays1,SOMEONENHELP HIM!!!!!!!
0:12:31,@KimberlyHardin-y7u,GOOB
0:12:31,@fireejr15.5,:face-orange-raised-eyebrow::face-blue-wide-eyes::face-blue-wide-eyes::face-orange-biting-nails:
0:12:31,@Boring_sky,SPROUt
0:12:31,@jo3a548,"Save him, Dandy"
0:12:31,@Missmab123456,Goob
0:12:31,@لمارالمطيري-ر7غ,Uou
0:12:32,@Skylie-star,Damn
0:12:32,@JoeYork-y1z,Yatta
0:12:33,@Notes-f9s,WHYY
0:12:33,@Shelly-03-iluvyou,SS
0:12:33,@Hyloaf,BASED
0:12:33,@ImKooka,Damn so mean
0:12:33,@Laceshelf,YO
0:12:34,@K1tkat_XD_offical,IM SCARED
0:12:34,@Shelly-03-iluvyou,S
0:12:34,@zen.ornamentbasket,LMAOOO
0:12:34,@DahliaDrawsDesign,#CANCELSPROUT
0:12:35,@Shelly-03-iluvyou,S
0:12:35,@jazzy_jays1,OMG THE TRIO
0:12:35,@creamsouda3338,TAMERS WHY WOULD YOU MAKE THEM SAY THIS YOU SUCK
0:12:35,@esotericpony,ASTRO NOOOOOOOOO
0:12:35,@Peejaylew,CIRCUS TRIO
0:12:35,@sosonicandsocool,LOLLLL
0:12:36,@Laceshelf,SPROUT
0:12:36,@alcinaisMINE,0 media literacy 
0:12:37,@zen.ornamentbasket,THAT
0:12:37,@Amiya-n2s,OMLLLLLLLLLLLL
0:12:38,@Shelly-03-iluvyou,OMGG
0:12:38,@jennythebean9117,Damn
0:12:38,@DahliaDrawsDesign,#CANCELSPROUT
0:12:39,@T0m.g0ogle,NOOOOO :loudly_crying_face:
0:12:39,@ecampo123,Goob is in his right to shoot harassing streamers
0:12:39,@wheres_waddle1913,No shot 
0:12:39,@WAFFLE-t4w,stoppp
0:12:39,@Hexen_4444,Average Tiktok experience
0:12:40,@Boring_sky,Holy shit yatta
0:12:40,@The_Silly_Patootie,IM CRYING
0:12:40,@Moody_moon1,Average TikTok live with 2 people watching 
0:12:40,@Lily-k2f5s,Dude help your bf
0:12:41,@K1tkat_XD_offical,oh-
0:12:41,@Tv_narwal,nooo
0:12:41,@FR0GGY._.m3dia,THAT’S SO SAD
0:12:41,@Tea_Teasr,POOR ASTRO :CCCCC
0:12:41,@SaulMorales-w7h,No astro nooooo
0:12:42,@DahliaDrawsDesign,#CANCELSPROUT
0:12:42,@agoatheadbaby3512,:(
0:12:42,@Coco_the_gamer,OH MY GOODD
0:12:43,@لمارالمطيري-ر7غ,E
0:12:45,@mexfinncanonilovefinnhehe,CANCEL SPROUT !!!!!!!!!
0:12:45,@sosonicandsocool,ASTRO NOOOO
0:12:46,@nowaayhoezay,Sprout why:eyes-purple-crying::eyes-purple-crying:
0:12:46,@Genesis-e3i7g,:hand-pink-waving::hand-pink-waving::hand-pink-waving::hand-pink-waving::hand-pink-waving::hand-pink-waving::hand-pink-waving::hand-pink-waving:
0:12:46,@bigshook,wow astro is an asshole
0:12:47,@Tea_Teasr,HOLY
0:12:48,@WAFFLE-t4w,swoppp
0:12:49,@galladefan475,"OHY M,GPODF"
0:12:50,@kloudscringe,WAXWELL????
0:12:50,@Nightlyshadesofthenight,#CANCLESPROUT
0:12:51,@jazzy_jays1,SPROUT YOU WERE MY FAVORITE MAIN!!!!
0:12:51,@JoeYork-y1z,Waxwell
0:12:51,@yukisenpai1528,oh my gosh the great three walls of china
0:12:52,@joycadet7064,:eyes-purple-crying:
0:12:52,@zen.ornamentbasket,OMG
0:12:52,@mountmyheadonawall,HAHHAHAHAH
0:12:52,@pessyglacy_disconnected6429,HELLO?
0:12:53,@galladefan475,OH MY GIOD YES
0:12:53,@jo3a548,shit
0:12:53,@Cutie_pies.9,Nooo i feel so bad!!!!!!!!!!!
0:12:53,@agoatheadbaby3512,:(
0:12:54,@Dino_Mitez,THANKS WAXWELL
0:12:54,@Idkdandysworld,:o
0:12:54,@wheres_waddle1913,oh shi
0:12:54,@Tamers12345MLP,Why are you all mad at Sprout? Astro was the one who called Goob mentally challenged
0:12:54,@nowaayhoezay,:eyes-purple-crying:
0:12:55,@OG_SH4P3SH1FT3R,OH!!
0:12:55,@Notes-f9s,OOHHH!!??? OOHHH!??
0:12:55,@haileykitty6993,"oh, he do"
0:12:55,@BunnyAngel-k9u,.
0:12:55,@shiny_eevee-bold,YEAAAAHHHH
0:12:55,@galladefan475,YTESYESYEYSYES
0:12:56,@Fatimahwashere,SPROUT BRO
0:12:56,@yuki_Bitesgg,WHATT
0:12:56,@esotericpony,WAAXWELL X GOOB !>
0:12:56,@applebloom2307,thats cuz Goob is a cutieeeeee
0:12:56,@OG_SH4P3SH1FT3R,YES
0:12:57,@OG_SH4P3SH1FT3R,YES
0:12:58,@K1tkat_XD_offical,not the circus trio watching too-
0:12:58,@zen.ornamentbasket,OUUU SHIII
0:12:58,@jennythebean9117,Astro was force to :loudly_crying_face:
0:12:59,@لمارالمطيري-ر7غ,Omg
0:12:59,@alcinaisMINE,He want that cookie
0:13:00,@JoeYork-y1z,Kiss goob waxwell 
0:13:00,@mountmyheadonawall,CUDDLECANDLE MENTIONED
0:13:00,@Imanna012,WAXWELL LIKES GOOB TOO?
0:13:02,@neoncubegaming,WAXWELL RESPECT BUTTON
0:13:02,@HEADHAMMER_001,WAXWELL GOOB YAOI???? 
0:13:03,@ftmhonglu,WAXWELL X GOOB??? 
0:13:03,@pessyglacy_disconnected6429,WAXWELL U GAY???
0:13:04,@jo3a548,More people into Goob?
0:13:04,@Coco_the_gamer,FEELS LIKE A MOVIEEE
0:13:04,@WAFFLE-t4w,yessss
0:13:05,@HEADHAMMER_001,YES
0:13:06,@ftmhonglu,YESSSSS
0:13:06,@Tv_narwal,poor baby!
0:13:06,@fish_crime,"O,O"
0:13:06,@The_Silly_Patootie,OHHHH
0:13:07,@JoeYork-y1z,:rolling_on_the_floor_laughing::rolling_on_the_floor_laughing::rolling_on_the_floor_laughing::rolling_on_the_floor_laughing::face_with_tears_of_joy::face_with_tears_of_joy::face_with_tears_of_joy::face_with_tears_of_joy:
0:13:07,@لمارالمطيري-ر7غ,Omgomg
0:13:07,@ftmhonglu,PLEASE
0:13:08,@Starlight379-l7,DANDY RUN SPROUT OVER WITH THE LAWMOWER
0:13:08,@Peejaylew,AYO
0:13:08,@x_scientist1738,astro DID lowk say that
0:13:09,@Notes-f9s,yes hate on astro
0:13:10,@jennythebean9117,Every dude wants Goob
0:13:10,@haileykitty6993,Astro was forced
0:13:10,@esotericpony,FINN YESS
0:13:10,@Yasmine-n5z2v,is someone listing to me at home no one listen at school no one and Online? they don't ofc
0:13:10,@BunnyAngel-k9u,bro finn ehe
0:13:10,@Tea_Teasr,sprout i'm coming for your dreams and count your days SPORUT
0:13:11,@ftmhonglu,WE NEED THIS
0:13:11,@kloudscringe,Everybody want him bro 
0:13:11,@agoatheadbaby3512,No one in this series is nice....
0:13:11,@T0m.g0ogle,shrimpo..?
0:13:12,@OG_SH4P3SH1FT3R,WAXWELL X GOOB?? :drooling_face:
0:13:12,@BunnyAngel-k9u,eye
0:13:12,@HEADHAMMER_001,WAXWELL GOOB YAOI
0:13:13,@BinGusBooop,Ayo
0:13:14,@BunnyAngel-k9u,:broken_heart:
0:13:14,@fireejr15.5,:face-fuchsia-wide-eyes:
0:13:16,@Imanna012,OH HELL YEAH
0:13:16,@VisciousAdventurer,owo
0:13:16,@NubMcMoofin,:face_savoring_food:
0:13:16,@VisciousAdventurer,OWO
0:13:17,@shiny_eevee-bold,OMG
0:13:17,@Notes-f9s,we all hate astrl astro sucks now
0:13:17,@Vanillaa-n4j,WHY SPROUT İS SO BAD
0:13:17,@jo3a548,DAUYUUUM
0:13:17,@VisciousAdventurer,OWO
0:13:18,@HMZeroTwo,WHAT DID THAT MEAN
0:13:18,@NicoleBelviso,ME WANT KISS GOOB WAXWELL
0:13:19,@zen.ornamentbasket,Still not happy there’s no ornamentbasket
0:13:19,@Cutie_pies.9,My babies finn and shrimpo
0:13:19,@nowaayhoezay,:loudly_crying_face::loudly_crying_face::loudly_crying_face::loudly_crying_face::loudly_crying_face:
0:13:20,@jazzy_jays1,GOOB FIGHT BACK
0:13:20,@DahliaDrawsDesign,Finn you good
0:13:20,@OG_SH4P3SH1FT3R,R-ride?
0:13:21,@mexfinncanonilovefinnhehe,????????????
0:13:21,@K1tkat_XD_offical,OOOOO HE CALLED IT CUTEEEE
0:13:22,@JoeYork-y1z,Goob 
0:13:22,@Tea_Teasr,yaoi
0:13:23,@Koi_Cat,OH YES PLS
0:13:23,@WAFFLE-t4w,:3333
0:13:24,@SuperCaptainFail,shrimpo <3
0:13:24,@Tv_narwal,my bebe!
0:13:24,@Laceshelf,:flushed_face:
0:13:26,@kloudscringe,ASTRO IC ANY 
0:13:26,@fireejr15.5,:text-green-game-over::text-green-game-over:
0:13:27,@newt1_33,wait what did I miss my wifi was bad for while
0:13:27,@applebloom2307,my type of pizza bro
0:13:27,@Hexen_4444,Waxwell looks cool
0:13:28,@esotericpony,goob loves papas pizzaria
0:13:28,@NicoleBelviso,NO.
0:13:28,@Laceshelf,NO
0:13:28,@Tea_Teasr,NIO
0:13:28,@Boring_sky,AStRo
0:13:28,@kloudscringe,IMCURING 
0:13:29,@jennythebean9117,:flushed_face::flushed_face::flushed_face:
0:13:29,@jazzy_jays1,OH SHI-
0:13:29,@mexfinncanonilovefinnhehe,goob x waxwell ??????
0:13:29,@Cutie_pies.9,Yeeeees
0:13:29,@K1tkat_XD_offical,WHAT IS HAPPENING RN-
0:13:29,@Peejaylew,OH RIP
0:13:30,@Laceshelf,NO
0:13:30,@pessyglacy_disconnected6429,WHAT????
0:13:30,@لمارالمطيري-ر7غ,:buffering::buffering::buffering::buffering::buffering::buffering::buffering::buffering::buffering::buffering::buffering::buffering::buffering::buffering::buffering::buffering::buffering::buffering::buffering::buffering:
0:13:30,@Tea_Teasr,wth
0:13:30,@Yasmine-n5z2v,yuri
0:13:30,@Starlight379-l7,OHH
0:13:30,@T0m.g0ogle,OMG
0:13:31,@Boring_sky,NO
0:13:31,@Skylie-star,SHRIMPO CONFESSES TO FINN???
0:13:31,@HMZeroTwo,ASTRO NOOOO
0:13:31,@sugarushallday,BRUH 
0:13:31,@fireejr15.5,YOOOOO
0:13:32,@creamsouda3338,next dandys world episode will be finn delivering shrimpos babies
0:13:32,@jo3a548,OH FGUCK
0:13:32,@NubMcMoofin,:exploding_head::exploding_head:
0:13:32,@jazzy_jays1,SHRIMPO STOP
0:13:33,@NicoleBelviso,:face-purple-crying::face-purple-crying::face-purple-crying:
0:13:33,@sophiaroseechlin,nooo poor goob and astro
0:13:34,@Leslie.1x,oh god
0:13:34,@Vanillaa-n4j,NOOOOOOOO
0:13:34,@sosonicandsocool,STROOOOOOO
0:13:34,@x_scientist1738,FOLK VALLEY????
0:13:34,@mewgalaxia,why is this kind of scary
0:13:34,@HMZeroTwo,RUN DANDY RUN
0:13:34,@Starlight379-l7,OH SHIII
0:13:35,@BunnyAngel-k9u,NO
0:13:35,@neoncubegaming,ou shiii\
0:13:35,@Cutie_pies.9,Run 
0:13:35,@K1tkat_XD_offical,OH NO
0:13:35,@FR0GGY._.m3dia,NOOOO ASTRO
0:13:35,@JoeYork-y1z,:fearful_face::fearful_face::fearful_face:
0:13:35,@Tea_Teasr,NO
0:13:35,@TNplayzzz,HOLD ON
0:13:35,@fireejr15.5,WTH
0:13:35,@Laceshelf,WHAT HAPPEING
0:13:36,@mia_Luna-e,WHAT
0:13:36,@K1tty_K4tsX3,WJHAT
0:13:36,@Kinahizhere,Omg 
0:13:36,@dsmnisUK,×IM CRINE
0:13:37,@sosonicandsocool,NOOOOOOOO
0:13:37,@oliver_officialEatsCookies459,YOOOOO
0:13:37,@Imanna012,Well damn :face_with_tears_of_joy:
0:13:37,@The_Silly_Patootie,WOAH WOAH 
0:13:38,@sugarushallday,ASTROOOOO
0:13:39,@K1tkat_XD_offical,WHATTTTT
0:13:39,@Cutie_pies.9,Haha
0:13:39,@Boring_sky,SHRIMPo
0:13:39,@Shelly-03-iluvyou,Ouu shi
0:13:40,@Amiya-n2s,LOLL
0:13:40,@Peejaylew,YO RUN
0:13:40,@mountmyheadonawall,bro
0:13:40,@yuki_Bitesgg,OH NO
0:13:41,@Tea_Teasr,WTH
0:13:41,@JoeYork-y1z,Dandy
0:13:42,@K1tkat_XD_offical,WTFFF
0:13:42,@Laceshelf,OMG
0:13:42,@Floppi-Floppi,HAHhh
0:13:42,@newt1_33,nah
0:13:42,@Notes-f9s,what's happening bruhh
0:13:43,@NicoleBelviso,no.
0:13:43,@TheMTwinny,WHAT THE HELL
0:13:43,@c.01.3,BURNING CRAFTS MENTIONED :exclamation_question_mark::exclamation_question_mark::exclamation_question_mark::exclamation_question_mark::exclamation_question_mark::exclamation_question_mark::eyes::eyes::eyes::eyes:
0:13:43,@oliver_officialEatsCookies459,YOOOOO
0:13:43,@Boring_sky,WOAH
0:13:43,@T0m.g0ogle,OH NO STOPP
0:13:44,@Lova_lie,Omg
0:13:44,@Nightlyshadesofthenight,OH SHITTTT
0:13:45,@ftmhonglu,how is shrimpo doing that with one star stats bro :loudly_crying_face:
0:13:45,@Tiffany-kat09,OH MY GOD??
0:13:45,@Leslie.1x,WHAT IS GOING ON
0:13:45,@sosonicandsocool,OMG
0:13:45,@Laceshelf,AYDNEDUBEHDCE
0:13:45,@Dino_Mitez,BRO SOMEONE SAVE
0:13:45,@x_scientist1738,ooo shii
0:13:46,@DahliaDrawsDesign,The animation holy shit
0:13:46,@creamsouda3338,oh my god
0:13:46,@Starlight379-l7,HE CLAPPED DANDY
0:13:46,@WAFFLE-t4w,oh my
0:13:46,@esotericpony,OMG WHAT
0:13:46,@BunnyAngel-k9u,NOO DANDY
0:13:46,@Boring_sky,DANDy
0:13:47,@K1tkat_XD_offical,NOOO
0:13:47,@Nightlyshadesofthenight,NOOOOOOOO
0:13:47,@yuki_Bitesgg,BRO WHAT
0:13:47,@Tv_narwal,:o
0:13:47,@The_Silly_Patootie,NOOO DANDY
0:13:47,@HMZeroTwo,They cooked him.
0:13:47,@Lily-k2f5s,Runnn
0:13:47,@Tea_Teasr,THIS IS A DARK EP
0:13:47,@alcinaisMINE,t-tamers im scared
0:13:47,@joycadet7064,Flower down
0:13:48,@Skylie-star,WE NEED A SHRIMPI CONFESSES TO FINN EPISODE:loudly_crying_face::loudly_crying_face:
0:13:48,@yukisenpai1528,what
0:13:48,@applebloom2307,OHDAM that escalated
0:13:49,@yuki_Bitesgg,OMGGG
0:13:49,@NubMcMoofin,:exploding_head::exploding_head::exploding_head:
0:13:50,@SaulMorales-w7h,Noooooooo
0:13:50,@Peejaylew,LOL
0:13:50,@jennythebean9117,Oh no
0:13:51,@fish_crime,isnt it romanitic how we're all watching this together <3
0:13:51,@sosonicandsocool,LMFAO
0:13:51,@K1tty_K4tsX3,DANDY NOOOOOOOOOOOOOOO
0:13:51,@HEADHAMMER_001,BHAGHWA
0:13:51,@yuki_Bitesgg,.
0:13:51,@BinGusBooop,Analog horror type shit
0:13:52,@JoeYork-y1z,No
0:13:52,@creamsouda3338,LMAOOO??
0:13:52,@Lova_lie,Holy shit
0:13:52,@Nightlyshadesofthenight,NOOOOOOOOOO
0:13:53,@HMZeroTwo,"""Show's over."""
0:13:54,@MILA._.OFF1CAL,oh damn
0:13:54,@yuki_Bitesgg,NO
0:13:54,@Dino_Mitez,WHAT THE HECK
0:13:55,@Moonflower4life-g9v,Fuck
0:13:55,@mountmyheadonawall,Okay that's normal
0:13:55,@x_scientist1738,SHRIMPO UPSCALE WE UPPPPPP
0:13:55,@Yasmine-n5z2v,no
0:13:56,@yuki_Bitesgg,NONOONONO
0:13:56,@yuki_Bitesgg,NON
0:13:56,@Tv_narwal,save him!
0:13:56,@agoatheadbaby3512,lol
0:13:56,@yuki_Bitesgg,O
0:13:56,@yuki_Bitesgg,ONO
0:13:56,@yuki_Bitesgg,NO
0:13:57,@yuki_Bitesgg,NO
0:13:57,@Notes-f9s,XD
0:13:57,@oliver_officialEatsCookies459,WTF HAPPENED
0:13:57,@Tea_Teasr,MOONFLOWETR
0:14:00,@Shelly-03-iluvyou,OH CRAP
0:14:00,@OG_SH4P3SH1FT3R,:loudly_crying_face:
0:14:01,@Cutie_pies.9,Yeeees keep going my strong and hot boy!!!!!
0:14:01,@Tea_Teasr,no
0:14:01,@Jacks0nJekyII,the lips I crying
0:14:02,@Tea_Teasr,no
0:14:02,@The_Silly_Patootie,NOOO ASTRO
0:14:02,@Tea_Teasr,no
0:14:03,@Laceshelf,ASTRO U BITCH THIS IS YOUR FAULT
0:14:03,@jazzy_jays1,OMGGGGGGG
0:14:04,@yukisenpai1528,WHAT JUST HAPPENED
0:14:05,@K1tkat_XD_offical,thats random
0:14:05,@kloudscringe,THE INTRO
0:14:06,@Shelly-03-iluvyou,ASW
0:14:06,@oliver_officialEatsCookies459,WHAT THE FUCK
0:14:06,@Tiffany-kat09,OH MY GODDDD?????
0:14:07,@WAFFLE-t4w,baby
0:14:08,@jennythebean9117,:loudly_crying_face::loudly_crying_face::loudly_crying_face::loudly_crying_face:
0:14:09,@Ash3r_Dandy,moonflower is life
0:14:10,@DahliaDrawsDesign,Moongay
0:14:13,@Tea_Teasr,waxwell ur pranks r dumb
0:14:13,@K1tkat_XD_offical,WHY DID DANDY GET CRACKED THO-
0:14:13,@nowaayhoezay,:sad_but_relieved_face:
0:14:14,@Notes-f9s,BROO
0:14:15,@mountmyheadonawall,peak
0:14:16,@BunnyAngel-k9u,WHAT
0:14:17,@Nightlyshadesofthenight,NO ASTRO ITS SPROUTS FLUAT
0:14:17,@VisciousAdventurer,FEET
0:14:17,@SaulMorales-w7h,No Astro nooo
0:14:19,@agoatheadbaby3512,NOT THE MINECRAFT TROLL MUSIC!!!!
0:14:19,@galladefan475,OHN MY FOD
0:14:19,@Yasmine-n5z2v,HOW CAN I READ TS :wilted_flower::wilted_flower::wilted_flower::wilted_flower::wilted_flower::wilted_flower::wilted_flower::wilted_flower::wilted_flower::wilted_flower::wilted_flower::wilted_flower:
0:14:21,@Kinahizhere,I’m not reading all that
0:14:22,@Lova_lie,Holy shittttt that was sumting alright
0:14:23,@Nightlyshadesofthenight,IDK
0:14:23,@esotericpony,i love yaoi too waxwell
0:14:23,@fireejr15.5,GIGI A LESBIAN
0:14:24,@mia_Luna-e,to going on
0:14:24,@haileykitty6993,"yeah, that's accurate of what happens on Tiktok live"
0:14:24,@Vanillaa-n4j,ASTRO WHAT DID HE DO?
0:14:24,@JoeYork-y1z,Tamers is there a ep that waxwell kiss goob 
0:14:24,@PWUDDING_1,oop no shit i already know that
0:14:26,@alcinaisMINE,Our lesbian rep
0:14:26,@Starlight379-l7,DONT BLAME ASTRO
0:14:26,@HEADHAMMER_001,Love how emo is listed as pne of Waxwells disorders :loudly_crying_face::loudly_crying_face::loudly_crying_face:
0:14:27,@jo3a548,Oh fuck
0:14:28,@Boozyuziii,Help why did I JUST realize this was live
0:14:28,@fish_crime,waxwell hates mukbangs fml 
0:14:28,@mountmyheadonawall,theyre so besties
0:14:30,@Nightlyshadesofthenight,HE DIDNT ON PURPOSE 
0:14:31,@newt1_33,waxwall yo
0:14:31,@TheMTwinny,OH SO THEY NAMES ARE WAXWELL AND GIGI
0:14:32,@Cutie_pies.9,Haha
0:14:32,@NicoleBelviso,HOLY SHOOT
0:14:32,@Notes-f9s,I ACTUALLY READ ALL THAT
0:14:33,@Starlight379-l7,OPP
0:14:33,@Hexen_4444,too fast didn't read
0:14:34,@kloudscringe,Omg yes
0:14:35,@WAFFLE-t4w,ohhhh....
0:14:36,@JoeYork-y1z,No
0:14:36,@mexfinncanonilovefinnhehe,OMG SHES A LESBIAN ITS CANON
0:14:37,@jo3a548,ALSDOASDFL
0:14:38,@Molly-milo_2010,Im at the slizing pizza alpha sprout part
0:14:38,@PandicaGamez,tf---
0:14:40,@jo3a548,oh no
0:14:41,@T0m.g0ogle,what the hell is going on :loudly_crying_face:
0:14:41,@KimberlyHardin-y7u,omg :loudly_crying_face:
0:14:41,@joycadet7064,Noo
0:14:43,@Nightlyshadesofthenight,NO
0:14:43,@HEADHAMMER_001,ASTRO JOIN
0:14:44,@Notes-f9s,gaer
0:14:44,@x_scientist1738,ASTRO GO WITH THEM
0:14:45,@jo3a548,dont do it astro
0:14:45,@HEADHAMMER_001,JOIN
0:14:46,@DahliaDrawsDesign,Lesbian
0:14:46,@Notes-f9s,lesbians
0:14:47,@ftmhonglu,bad toon clubhouse :loudly_crying_face:
0:14:47,@sosonicandsocool,GO ASTRO
0:14:48,@Laceshelf,NO AATO
0:14:48,@HEADHAMMER_001,YES 
0:14:48,@esotericpony,i hope they do something really awesome together haha
0:14:49,@mia_Luna-e,NO
0:14:49,@Starlight379-l7,oop
0:14:49,@jazzy_jays1,ASTRO YOURE GOOD NOOOOO
0:14:50,@0neth3g3n1us1,LOL
0:14:50,@HMZeroTwo,Mickey mouse clubhouse
0:14:50,@Nightlyshadesofthenight,ASYRO NOOO
0:14:51,@BunnyAngel-k9u,HELP
0:14:51,@Tamers12345MLP,@Boozyuziii You JUST trealied that bitch???
0:14:51,@Imanna012,OH I MEAN I THOUGHT THEY WERE ABT TO RUN THEM OVER BUT THIS WORKS TOO
0:14:52,@Laceshelf,DONT BLAME YOURSELF
0:14:52,@HEADHAMMER_001,YES ASTRO
0:14:53,@WAFFLE-t4w,yes
0:14:53,@JoeYork-y1z,:flushed_face:
0:14:54,@Tea_Teasr,oop
0:14:55,@nowaayhoezay,noo
0:14:55,@DahliaDrawsDesign,Yaoi cultist 
0:14:55,@agoatheadbaby3512,the dark side......
0:14:56,@alcinaisMINE,Omg tuff
0:14:56,@BinGusBooop,Astro gotta be bad yussss
0:14:57,@VisciousAdventurer,xDDDD
0:14:57,@jirajira-j7t,OHMY
0:14:59,@ecampo123,Why are they in Detroit?
0:14:59,@fish_crime,astros double moons oml
0:14:59,@Nightlyshadesofthenight,OH LORD
0:14:59,@Tea_Teasr,BABYGIRL IS CRAZY
0:15:00,@HEADHAMMER_001,GOOD JOB ASTRO
0:15:00,@VeronicaFlores-q1u,:face_with_tongue::face_with_tongue::face_with_tongue::face_with_tongue::face_with_tongue::face_with_tongue::face_with_tongue::face_with_tongue::face_with_tongue::face_with_tongue::face_with_tongue::face_with_tongue::face_with_tongue::face_with_tongue::face_with_tongue::face_with_tongue::face_with_tongue::face_with_tongue:
0:15:00,@SOPHiAO-m4z,This so peak:face_holding_back_tears:
0:15:00,@The_Silly_Patootie,This is crazy 
0:15:02,@DrRoo-qj9np,that flop onto the bicycle lmfao
0:15:02,@jennythebean9117,Astro don’t be bad
0:15:03,@SoupCam69,BAD
0:15:04,@NicoleBelviso,hold up BBG:relieved_face::relieved_face:
0:15:05,@nowaayhoezay,Noooooo
0:15:05,@SaulMorales-w7h,Umm 
0:15:05,@Amiya-n2s,LOLLL
0:15:07,@Daniel-c1d7v,oh no :man_facepalming:
0:15:08,@neoncubegaming,he got initiated to the traphouse bro
0:15:09,@لمارالمطيري-ر7غ,:face-blue-wide-eyes::face-blue-wide-eyes::face-blue-wide-eyes::face-blue-wide-eyes::face-blue-wide-eyes::face-blue-wide-eyes::face-blue-wide-eyes::face-blue-wide-eyes::face-blue-wide-eyes::face-blue-wide-eyes::face-blue-wide-eyes::face-blue-wide-eyes::face-blue-wide-eyes::face-blue-wide-eyes::face-blue-wide-eyes::face-blue-wide-eyes::face-blue-wide-eyes::face-blue-wide-eyes::face-blue-wide-eyes::face-blue-wide-eyes:
0:15:11,@Zazlesynth,omg that was a death of trixie reference before
0:15:12,@sophiaroseechlin,shrimpo was angy
0:15:12,@jo3a548,no
0:15:12,@drunkserval,Yes its the ghetto music
0:15:13,@PandicaGamez,NOOOOOOOOOOOOOOOOOOOOOOOOOOOOOOOOOOO
0:15:14,@MinioMicha09,Mickey dude
0:15:14,@JoeYork-y1z,On yay
0:15:14,@Vanillaa-n4j,TÜRKÇE KONUSSAM OLUR MU
0:15:17,@ZephaniahStLouis,Omg dandy is julus
0:15:18,@Starlight379-l7,NOOOO
0:15:20,@fireejr15.5,Waxwell Chinee
0:15:21,@mountmyheadonawall,theyre so single celled
0:15:21,@Notes-f9s,astros susfks for being so booring
0:15:22,@applebloom2307,gay 
0:15:22,@esotericpony,"astro trying so hard to be good, so cute "
0:15:23,@Nightlyshadesofthenight,Astro you’re in trouble 
0:15:23,@WAFFLE-t4w,be bad
0:15:24,@jo3a548,cute
0:15:25,@kloudscringe,SOULVESTER
0:15:26,@T0m.g0ogle,OWW :loudly_crying_face:
0:15:26,@alcinaisMINE,Astro… no’zz
0:15:27,@x_scientist1738,W signature
0:15:28,@jennythebean9117,True
0:15:29,@alcinaisMINE,SOULVESTER
0:15:30,@Notes-f9s,yeaah :smiling_face_with_horns:
0:15:31,@BinGusBooop,Also what is Waxwell’s voice lol
0:15:32,@JoeYork-y1z,:flushed_face::flushed_face::flushed_face:
0:15:32,@jo3a548,OH FUCK
0:15:32,@Nightlyshadesofthenight,WHAT THE FUCK
0:15:32,@fireejr15.5,SOULVESTR
0:15:32,@Tea_Teasr,WDYM ASTRO BE A GOOD TOON
0:15:32,@The_Silly_Patootie,DAMN
0:15:33,@jazzy_jays1,WOAHHHHH
0:15:33,@mia_Luna-e,um
0:15:33,@BunnyAngel-k9u,NO HELP OMG
0:15:33,@HMZeroTwo,Soulvester....
0:15:33,@Starlight379-l7,OH
0:15:33,@OG_SH4P3SH1FT3R,Oh god…
0:15:34,@esotericpony,WHOAAA SOULVESTER
0:15:34,@لمارالمطيري-ر7غ,Tag
0:15:34,@okuriinu8489,omg are we getting emostro
0:15:34,@x_scientist1738,bro
0:15:35,@applebloom2307,DAM
0:15:35,@sugarushallday,BRUHHH
0:15:36,@sosonicandsocool,ayo?
0:15:36,@mexfinncanonilovefinnhehe,WHAT 
0:15:36,@K1tty_K4tsX3,ouu shiii:eyes::eyes::eyes:
0:15:37,@galladefan475,OH GOD
0:15:37,@NubMcMoofin,:melting_face:
0:15:37,@jazzy_jays1,SOULBESTERR
0:15:38,@galladefan475,NO
0:15:38,@SigmaRizz-du1cc,WAIT THATS ACTUALLY HOW I WRITE MY NAME OMG
0:15:38,@yukisenpai1528,ew it's the thing
0:15:38,@TheMTwinny,WHAT THE'
0:15:38,@ChuddlyChubbles,OF COURSE HE'S THERE
0:15:39,@jo3a548,DAYUUUUUUUUUUUUUM
0:15:39,@FR0GGY._.m3dia,HOLY MOLY
0:15:39,@Leslie.1x,SOULVESTEEER
0:15:39,@Tea_Teasr,wth
0:15:39,@Koi_Cat,WHAT THE HUH
0:15:39,@Notes-f9s,HOLY
0:15:39,@user-silky-g4j,yup
0:15:39,@doge_boi__,A little to bad huh
0:15:39,@fireejr15.5,:fire: :hot_face:
0:15:40,@T0m.g0ogle,ok this isnt a surprise
0:15:40,@NicoleBelviso,AYO WTF
0:15:40,@SonicTaim,is shit going as well When Tamers fucking makes video of toons hurts astro
0:15:40,@VisciousAdventurer,HOLY
0:15:41,@Solums,holy
0:15:42,@JoeYork-y1z,On no
0:15:42,@Lova_lie,O.mg that was so pretty yyyyyyyyy
0:15:43,@dribvox,hes just like me
0:15:43,@newt1_33,AH-
0:15:44,@FR0GGY._.m3dia,DADDY ALERT
0:15:44,@Tea_Teasr,i'm passing
0:15:44,@jennythebean9117,Soul boy
0:15:44,@Vanillaa-n4j,WAİT SOULVESTER???
0:15:45,@pessyglacy_disconnected6429,am crine
0:15:45,@WAFFLE-t4w,swxy
0:15:45,@Misi_Jinjahl,shots fired
0:15:45,@jazzy_jays1,WOAHHH
0:15:46,@alcinaisMINE,SOULVESTER :flushed_face::flushed_face::flushed_face::smiling_face_with_hearts::smiling_face_with_heart_eyes::smiling_face_with_heart_eyes::smiling_face_with_hearts::smiling_face_with_heart_eyes::smiling_face_with_heart_eyes::flushed_face::smiling_face_with_hearts::smiling_face_with_hearts::smiling_face_with_heart_eyes::flushed_face::smiling_face_with_heart_eyes::smiling_face_with_hearts::smiling_face_with_heart_eyes:
0:15:46,@Solums,smash
0:15:46,@Daniel-c1d7v,oh I love
0:15:47,@PopgumMLP,DADDY????
0:15:47,@HMZeroTwo,EXACTLY BRO
0:15:47,@OG_SH4P3SH1FT3R,LMAO
0:15:47,@esotericpony,LOLL
0:15:48,@K1tkat_XD_offical,SOULVESTER WHAT
0:15:49,@HEADHAMMER_001,GAHAHHA
0:15:50,@Dino_Mitez,LOL
0:15:51,@fireejr15.5,:fire: :hot_face:
0:15:51,@Cutie_pies.9,Amazing!!!!!
0:15:51,@jazzy_jays1,OMGGGG
0:15:52,@Shelly-03-iluvyou,Damn soulvester
0:15:52,@ftmhonglu,:loudly_crying_face:
0:15:53,@HMZeroTwo,SOULVESTER IS A LOSER
0:15:53,@mewgalaxia,HAHAHAHAHA
0:15:53,@Nightlyshadesofthenight,??????
0:15:53,@jo3a548,ASLDFOASFLASFOASDFLASf
0:15:54,@galladefan475,TGHHEY DOTYN CARE ABOUT THAT??????
0:15:54,@Hexen_4444,EDP in here!?
0:15:55,@aqua.loves.youtube,SO HOTTTT
0:15:55,@jazzy_jays1,IM GIGGLING
0:15:56,@BunnyAngel-k9u,cry
0:15:57,@SonicTaim,Sniper aiming at Waxwell
0:15:58,@DahliaDrawsDesign,Looollll
0:15:59,@Starlight379-l7,WHY YALLS BUTT ON YOUR LEGS
0:16:00,@kloudscringe,LOOEY
0:16:00,@Tea_Teasr,I FEEL BAD FOR HIM OMG
0:16:00,@Koi_Cat,THAT WAS NOT THE FUCKING WIND
0:16:02,@Tamers12345MLP,Soulvestor is just there for the mountain dew
0:16:03,@jennythebean9117,Registry :skull:
0:16:03,@kloudscringe,IMDEAD
0:16:06,@Pichus_Play,"I main Soulvester, he's good if you're good with him"
0:16:06,@ilygma21,Where is more? Goob 
0:16:06,@SuperCaptainFail,DONT POP HIM PLEASE
0:16:07,@JoeYork-y1z,Looey
0:16:07,@NicoleBelviso,I HAVE SOULVESTER VINTAGE:fire::fire::fire: (And shrimpo too)
0:16:07,@creamsouda3338,FUCK YES
0:16:07,@Notes-f9s,NOOOO
0:16:07,@fireejr15.5,LOOEYYY
0:16:08,@galladefan475,WHAT
0:16:08,@Nightlyshadesofthenight,LOOEY
0:16:08,@BunnyAngel-k9u,WHAT
0:16:08,@K1tkat_XD_offical,oh
0:16:09,@Laceshelf,NO
0:16:09,@Starlight379-l7,LOOEY
0:16:09,@Boring_sky,LOOeY NO
0:16:09,@wheres_waddle1913, NOOO
0:16:10,@The_Silly_Patootie,LOOEY
0:16:10,@HEADHAMMER_001,LOOEY
0:16:10,@HMZeroTwo,WHY IS LOOEY GIMPED
0:16:10,@Laceshelf,LOOEY
0:16:11,@T0m.g0ogle,LOOOEY NO
0:16:11,@jazzy_jays1,LOOEY
0:16:11,@ftmhonglu,LOOEY???
0:16:11,@NubMcMoofin,:exploding_head::exploding_head:
0:16:11,@Kinahizhere,Nooooooo
0:16:12,@Nightlyshadesofthenight,OH GOD NO
0:16:12,@wheres_waddle1913,noooo
0:16:12,@Vanillaa-n4j,NOOOOO
0:16:13,@Notes-f9s,OH MY GODD
0:16:13,@x_scientist1738,YOOO CHILLLLLLLLLL
0:16:14,@mia_Luna-e,OOO SHI
0:16:14,@oliver_officialEatsCookies459,NOOO
0:16:14,@BunnyAngel-k9u,LOOEY BRO
0:16:14,@SonataDidIt,oh my good
0:16:14,@FR0GGY._.m3dia,OMGA LOOEY
0:16:15,@esotericpony,NOO DONT DO IT TO LOOEY
0:16:15,@applebloom2307,nuuuuuuuuuuuuuuuuuu >;(
0:16:15,@pessyglacy_disconnected6429,WHAT
0:16:15,@OG_SH4P3SH1FT3R,OH!
0:16:15,@SaulMorales-w7h,No 
0:16:15,@Nightlyshadesofthenight,LOOEY NOO
0:16:15,@Vanillaa-n4j,LOOEEYY
0:16:15,@VisciousAdventurer,NOOO
0:16:15,@jazzy_jays1,NO NO NOOOOOOO
0:16:15,@Laceshelf,HAVE MERCY
0:16:15,@nowaayhoezay,:eyes-purple-crying:
0:16:15,@T0m.g0ogle,NO
0:16:15,@wheres_waddle1913,Looey!
0:16:16,@Amiya-n2s,NOOOOO
0:16:17,@VisciousAdventurer,NOT LOEOEY
0:16:17,@sosonicandsocool,LOEY NOOO
0:16:17,@WAFFLE-t4w,looeyyy
0:16:18,@VisciousAdventurer,NOOOO
0:16:18,@SonataDidIt,Looey
0:16:18,@HEADHAMMER_001,ATOP
0:16:18,@Laceshelf,PLS
0:16:19,@kloudscringe,IMCRYINF
0:16:19,@Shelly-03-iluvyou,LOOEY
0:16:19,@Starlight379-l7,NOOOOOOOO
0:16:20,@VisciousAdventurer,NOOOOOOOOOOOOOOOOOOOO
0:16:20,@K1tkat_XD_offical,NOOOOO
0:16:20,@TheMTwinny,HAHAHAHA WHAT IS GOING ON
0:16:21,@Lily-k2f5s,Looey!!!
0:16:21,@Tea_Teasr,looey u suck
0:16:21,@newt1_33,oh
0:16:21,@Notes-f9s,wait a minute
0:16:21,@mountmyheadonawall,BAHAHAHAHAHHAHAAAA
0:16:22,@VisciousAdventurer,STOP THIS
0:16:22,@NicoleBelviso,CHILL BRO.
0:16:22,@T0m.g0ogle,LET THEM GO
0:16:22,@HEADHAMMER_001,wokewell
0:16:23,@jo3a548,AAAAAAAAAAAAAAAAA
0:16:23,@Vanillaa-n4j,DON'T POP HİMMM
0:16:23,@HMZeroTwo,Pronoun respecter waxwell <3
0:16:24,@Laceshelf,ASTRO DONT
0:16:25,@fireejr15.5,OMG NICEE
0:16:25,@SonicTaim,you're cooked looey
0:16:25,@JoeYork-y1z,:face-purple-crying::face-purple-crying::face-purple-crying::face-purple-crying:
0:16:25,@jazzy_jays1,LOOOEEEYBSAVE THEM 
0:16:26,@nowaayhoezay,Nooooo
0:16:26,@Starlight379-l7,....
0:16:26,@Dythe_dert,NOT LOOEY
0:16:26,@WAFFLE-t4w,pop!
0:16:27,@Snowballytx,Loey nooooooo
0:16:27,@Joseph-e8y3v,LOOEY FIGHT BACK
0:16:27,@galladefan475,waxwell is homophobic but not transphobic
0:16:28,@SaulMorales-w7h,Oh my godddd
0:16:28,@esotericpony,thank you waxwell 
0:16:28,@Bebz_XD,WOAH.
0:16:29,@Tea_Teasr,rip
0:16:30,@Shelly-03-iluvyou,well I don’t really care about Looey
0:16:30,@creamsouda3338,w waxwell
0:16:31,@Nightlyshadesofthenight,ASTRO NO
0:16:31,@applebloom2307,thats based lol
0:16:32,@drunkserval,BASED
0:16:32,@fireejr15.5,YESSS W WAXWELL
0:16:32,@Laceshelf,ASTRO DONT
0:16:32,@Tamers12345MLP,Btw Qwel may or may not have specifically helped me write this scene with Looey
0:16:32,@Nightlyshadesofthenight,NO
0:16:33,@ftmhonglu,W WAXWELL
0:16:34,@Notes-f9s,hhmm waxwell
0:16:34,@Nightlyshadesofthenight,NOOO
0:16:34,@Starlight379-l7,NOOOOOOOOOOOOO
0:16:34,@T0m.g0ogle,LOOEY NO PLS
0:16:34,@SonataDidIt,So respectful
0:16:34,@K1tkat_XD_offical,WHY THE HELL IS LOOEY WEARING THAT
0:16:34,@FR0GGY._.m3dia,AWWWW
0:16:36,@JoeYork-y1z,Noooooooooo
0:16:36,@Looeyballony-lol,WHY IT LOOK LIKE HE GOT BALLS
0:16:36,@jazzy_jays1,SOME ONE HELP HIM
0:16:36,@Boozyuziii,NOO MY HUSBAND
0:16:36,@yukisenpai1528,oh okay
0:16:37,@cheeselover-y3j,type shit
0:16:37,@Laceshelf,BE A GOODBOY
0:16:37,@jo3a548,OH FUCK
0:16:37,@HEADHAMMER_001,W waxwell
0:16:38,@kloudscringe,THE TIKTOK LIVES
0:16:38,@Koi_Cat,Atleast bro respects the pronouns
0:16:39,@Nightlyshadesofthenight,DONT KILL LOOEY
0:16:39,@x_scientist1738,Waxwell got a crazy good face card tho
0:16:40,@fish_crime,waxwell is so respectfull :red_heart: :red_heart: < 3
0:16:40,@BunnyAngel-k9u,:loudly_crying_face::loudly_crying_face::loudly_crying_face::loudly_crying_face:
0:16:40,@OG_SH4P3SH1FT3R,WHAT?!
0:16:41,@mountmyheadonawall,BAHAH
0:16:41,@Nightlyshadesofthenight,NOOOOOO
0:16:41,@WAFFLE-t4w,pop!
0:16:43,@Notes-f9s,agh mnhs g waxwell nyaah
0:16:43,@Shelly-03-iluvyou,Lol
0:16:44,@Jacks0nJekyII,God waxwell is so hot
0:16:44,@Daniel-c1d7v,bro was trying
0:16:44,@mexfinncanonilovefinnhehe,ASTRO DONT DO IT
0:16:44,@jazzy_jays1,QWEEL DID EHAT!?!?
0:16:45,@sosonicandsocool,LOL
0:16:45,@DahliaDrawsDesign,They
0:16:46,@cutepeppersalt,??
0:16:46,@T0m.g0ogle,STOPPPP
0:16:47,@WAFFLE-t4w,rip
0:16:47,@NicoleBelviso,.
0:16:49,@Hexen_4444,Cute
0:16:49,@newt1_33,wtf waxwall
0:16:50,@Shelly-03-iluvyou,BLOT
0:16:50,@JoeYork-y1z,No
0:16:50,@PandicaGamez,NOOOOOOOOOOOOOOOOOOOOOOOOOOOOOOOOOOO
0:16:50,@mountmyheadonawall,ohok
0:16:50,@T0m.g0ogle,NOT LOOEY :loudly_crying_face:
0:16:50,@The_Silly_Patootie,Oh no
0:16:51,@Tea_Teasr,wth
0:16:51,@ftmhonglu,looey is enjoying this bruh 
0:16:52,@Ihateithere52,Thank you waxwell that was very validating 
0:16:52,@jennythebean9117,Use the appropriate pronouns based on :O
0:16:53,@Shelly-03-iluvyou,YATTA
0:16:54,@mexfinncanonilovefinnhehe,SPARE HIM
0:16:56,@fireejr15.5,:eyes-purple-crying::eyes-purple-crying:
0:16:56,@K1tkat_XD_offical,OH NO
0:16:56,@esotericpony,NOOO LOOEY
0:16:56,@Looeyballony-lol,HE LOOKS SO HOT
0:16:57,@jazzy_jays1,CAN WE PLS GO BACK TO SOULVESTER!?!?
0:16:58,@Notes-f9s,NOOOO HE'S GETTING EXPOSED
0:16:58,@T0m.g0ogle,PLS NOT LOOEY :loudly_crying_face::broken_heart:
0:16:58,@Nightlyshadesofthenight,ASTRO SPARE LOOEY
0:16:59,@FR0GGY._.m3dia,I LOVE U LOOEY
0:16:59,@fish_crime,im doing to Draw Looey Lke That
0:16:59,@PandicaGamez,astro noo
0:16:59,@Imanna012,Y are they so obsessed with TikTok lives this episode lmaooo
0:16:59,@alcinaisMINE,Soulvester engaged asf rn
0:17:00,@VisciousAdventurer,bro
0:17:00,@jo3a548,save hgim
0:17:00,@JoeYork-y1z,Astro don't do it 
0:17:00,@HMZeroTwo,Looey is hot
0:17:01,@NicoleBelviso,WHAT
0:17:01,@joycadet7064,What was that
0:17:03,@KimberlyHardin-y7u,NOOO
0:17:04,@Starlight379-l7,NOOOOOOOOOO
0:17:04,@HEADHAMMER_001,ASTRO DONT DO IT 
0:17:05,@kloudscringe,HELLO
0:17:05,@Cutie_pies.9,Do it astro!!!!!!!!!!
0:17:05,@WAFFLE-t4w,POP IT!
0:17:07,@applebloom2307,lol
0:17:08,@Nightlyshadesofthenight,WHAT
0:17:08,@oliver_officialEatsCookies459,wtf happened
0:17:08,@Notes-f9s,OH-
0:17:09,@DahliaDrawsDesign,Spare pls
0:17:09,@mountmyheadonawall,Wh
0:17:10,@fireejr15.5,:face-blue-wide-eyes::face-blue-wide-eyes::face-blue-wide-eyes:
0:17:10,@FR0GGY._.m3dia,WHATTTTT :loudly_crying_face: 
0:17:10,@Cutie_pies.9,Nooooooooooo
0:17:11,@HMZeroTwo,DID GIGI GE-
0:17:11,@esotericpony,OMG
0:17:11,@dribvox,OH MY GOD
0:17:11,@T0m.g0ogle,LOOEY NOOO- oh
0:17:12,@Laceshelf,AHH
0:17:12,@TheMTwinny,WTF WAS THAT
0:17:13,@NubMcMoofin,:exploding_head::exploding_head:
0:17:13,@aqua.loves.youtube,NOOOO
0:17:13,@NicoleBelviso,EYAH
0:17:13,@BunnyAngel-k9u,OMG
0:17:13,@HMZeroTwo,OMG NOOOO GIGI
0:17:13,@Starlight379-l7,YAYAYAYA
0:17:13,@jo3a548,OH SDHIT
0:17:14,@mia_Luna-e,DANG
0:17:14,@Shelly-03-iluvyou,what
0:17:15,@OG_SH4P3SH1FT3R,DAMN
0:17:15,@Nightlyshadesofthenight,OH SHIT
0:17:15,@jazzy_jays1,AAHAHAHHHHHH OMGGG
0:17:16,@Dino_Mitez,SUBTLE FORESHADOWING
0:17:16,@kloudscringe,NOWPROUT
0:17:16,@Shelly-03-iluvyou,Lol
0:17:17,@OG_SH4P3SH1FT3R,BAHAHAA
0:17:17,@JoeYork-y1z,Yes
0:17:17,@Tea_Teasr,tf
0:17:17,@ftmhonglu,W DANDY 
0:17:18,@agoatheadbaby3512,oh fuck
0:17:18,@nowaayhoezay,I'm crying:loudly_crying_face::loudly_crying_face::loudly_crying_face::loudly_crying_face::loudly_crying_face::loudly_crying_face::loudly_crying_face::loudly_crying_face:
0:17:18,@fish_crime,NOOOOOOOOOOOOOOOOOOOOOOOOOOOOOOOOOOOOOOOOOOOOOOOOOOOOOOOOOOOOO
0:17:19,@wheres_waddle1913,She'll be fine
0:17:19,@jazzy_jays1,GIGIGI. OKOOOOOOO
0:17:20,@Leslie.1x,LOL
0:17:20,@jennythebean9117,Gigi deserves it
0:17:20,@ShrimposHuz,Can Waxwell shut the duck up
0:17:20,@WAFFLE-t4w,oh...
0:17:20,@K1tty_K4tsX3,DANDY YES:purple_heart:
0:17:21,@NubMcMoofin,:exploding_head:
0:17:21,@applebloom2307,baseddddd
0:17:22,@esotericpony,thank you dandy
0:17:22,@fireejr15.5,W PRONOUNS
0:17:22,@T0m.g0ogle,DAWNG
0:17:23,@HMZeroTwo,Ok at least sprout died
0:17:23,@jazzy_jays1,GIGII BOOOOOOOO
0:17:23,@alcinaisMINE,OUR GOOOOOAT
0:17:24,@jo3a548,OH DFUCK
0:17:24,@mountmyheadonawall,trigger happy? Danganronpa?
0:17:24,@Nightlyshadesofthenight,DANDY DUCK
0:17:25,@VisciousAdventurer,subtle foreshadowing lol
0:17:25,@newt1_33,oh
0:17:25,@ftmhonglu,what is going on bro 
0:17:25,@K1tkat_XD_offical,OOOOOO
0:17:26,@WAFFLE-t4w,rippp
0:17:26,@jazzy_jays1,NOOOOOOOOOO
0:17:26,@JoeYork-y1z,Roger
0:17:26,@HEADHAMMER_001,W dandy
0:17:27,@x_scientist1738,SPROUT TANKED THAT???????
0:17:29,@The_Silly_Patootie,SPROUT NO
0:17:30,@VisciousAdventurer,WHAT IS GOING ON
0:17:30,@jazzy_jays1,SPROUTTTTTT
0:17:30,@TheMTwinny,SHOOTOUT
0:17:31,@Koi_Cat,DIVA DOWN
0:17:31,@aqua.loves.youtube,NOOOO
0:17:31,@HMZeroTwo,FAHHHH
0:17:32,@SuperCaptainFail,RODGER NOOOOO
0:17:33,@Tea_Teasr,yes sprout died
0:17:33,@oumotaz,Thank god they shot Sprout
0:17:33,@wheres_waddle1913,Looey!!
0:17:33,@BunnyAngel-k9u,HELP
0:17:34,@DahliaDrawsDesign,YAY OH MY GAH
0:17:34,@x_scientist1738,RODGER NO
0:17:36,@Vanillaa-n4j,NOOOO LOEEYY
0:17:37,@alcinaisMINE,SOULVESTER GET UP
0:17:37,@HMZeroTwo,RODGER NOOOOO
0:17:37,@Notes-f9s,EPIC
0:17:37,@K1tkat_XD_offical,HOW THE HELL DID SPROUT GET SHOT-
0:17:38,@Kinahizhere,Nooooo
0:17:38,@applebloom2307,not again n
0:17:38,@Tamers12345MLP,"DOn't worry, toons are very gun resilient"
0:17:38,@jennythebean9117,Homophobic but respect pronouns 
0:17:38,@sugarushallday,RODDGEERRRR
0:17:38,@esotericpony,NOOO ROGER
0:17:39,@kloudscringe,NO BRO
0:17:39,@JoeYork-y1z,War72637
0:17:39,@justASHERandWILLOW,I Skippe school for this 
0:17:40,@dorkaliciouzz,??? i guess
0:17:40,@jazzy_jays1,OMG RODGER
0:17:40,@sosonicandsocool,LOL
0:17:41,@Tea_Teasr,NOT RODGER AGAIN
0:17:41,@cutepeppersalt,What was that
0:17:43,@HEADHAMMER_001,RODGER STOP DYING
0:17:43,@PandicaGamez,ewwwwwww
0:17:44,@Shelly-03-iluvyou,RODGER
0:17:44,@K1tkat_XD_offical,what-
0:17:44,@Laceshelf,ONG
0:17:44,@wheres_waddle1913,Where did Rodger coem from
0:17:44,@JoeYork-y1z,Waxwell no
0:17:44,@newt1_33,ouch
0:17:46,@Laceshelf,OMG
0:17:46,@yukisenpai1528,get rid of soul
0:17:48,@T0m.g0ogle,OMG
0:17:48,@fish_crime,:U
0:17:50,@Leslie.1x,Oh no
0:17:50,@NicoleBelviso,WE WILL MISS YR ASS RODGER:broken_heart::relieved_face:
0:17:50,@Starlight379-l7,LET HIM GO!
0:17:51,@jennythebean9117,Oh no 
0:17:51,@joycadet7064,Is this real
0:17:52,@Shelly-03-iluvyou,RODGER
0:17:53,@HEADHAMMER_001,CAN RODGER NOT DIE FOR ONE SECOND 
0:17:53,@Tamers12345MLP,"I mean, they can still die, but you know"
0:17:53,@DahliaDrawsDesign,Holy shot
0:17:55,@Syriussanity,Im gay
0:17:56,@K1tkat_XD_offical,OUUUUU SHITTT
0:17:56,@Dino_Mitez,It only hit his plate vro!!
0:17:56,@alcinaisMINE,BRING BACK SOUL
0:17:56,@Rainie_xx,Noooo rodgerrr not againnnnnn
0:17:57,@Laceshelf,BO
0:17:58,@Yasmine-n5z2v,oh saira I've got a crush on uuu oh saira I've got a Crush on uuu uuuu and it on umy crush is on uuu i am lesbian
0:18:00,@fireejr15.5,KISS
0:18:01,@Tea_Teasr,NO WAXWELLL
0:18:01,@Lily-k2f5s,Let him go
0:18:02,@Shelly-03-iluvyou,DAM
0:18:02,@JoeYork-y1z,Kiss Astro dandy
0:18:02,@wheres_waddle1913,kiss
0:18:03,@Nightlyshadesofthenight,HOT DAMNNNNNNNN
0:18:04,@Bebz_XD,this so dommed bro :crying_face:
0:18:05,@K1tty_K4tsX3,Whys dandys hand too realistic 
0:18:06,@jennythebean9117,He’s a good boi
0:18:06,@Cutie_pies.9,Nooooooo astro
0:18:06,@Tea_Teasr,NO ASTRO*
0:18:07,@KUNNYKING-s9t,bring back soul
0:18:08,@SaulMorales-w7h,Noooo astro my baby boy 
0:18:08,@HMZeroTwo,Waxwell tweaking
0:18:08,@pursuethespawn,this is elsagate btw. 
0:18:09,@Laceshelf,SHOOT
0:18:10,@SonicTaim,astro is dokmed
0:18:11,@Nightlyshadesofthenight,"WAXWELL ,ET HIM GOOO"
0:18:12,@JoeYork-y1z,Kiss
0:18:12,@Shelly-03-iluvyou,ASTRO 
0:18:12,@Laceshelf,SHOOT
0:18:12,@x_scientist1738,DANDY SMOKE THAT CANDLE
0:18:14,@SonicTaim,astro is doomed
0:18:14,@DrRoo-qj9np,that ricochet killed more than Roger. im dead
0:18:15,@kloudscringe,Cancelled
0:18:15,@Boring_sky,Oo shit
0:18:15,@DahliaDrawsDesign,Nooooo
0:18:16,@K1tkat_XD_offical,GUN FIGHTTTT
0:18:16,@Shelly-03-iluvyou,FYM SHOOT
0:18:17,@mountmyheadonawall,they're all so cute
0:18:17,@HMZeroTwo,This series is making me like waxwell no way
0:18:17,@SofaCat_Art,WHY ARE YOU SMILEING BRO.:victory_hand:
0:18:17,@alcinaisMINE,Wooahhh too far waxwell
0:18:17,@The_Silly_Patootie,:pensive_face::pensive_face:
0:18:17,@Hexen_4444,because Astro is Gay
0:18:18,@nowaayhoezay,Stupid
0:18:20,@newt1_33,I'm going to eat soul soon.
0:18:20,@Idkdandysworld,Yasmine are u curious
0:18:21,@The_Big_Topper,No Astro pls live
0:18:21,@T0m.g0ogle,"well, waxwell is hot :eyes::saluting_face:"
0:18:22,@WAFFLE-t4w,asrto is a good boy
0:18:23,@코스모_찬,HAHAHHAHHAAH AHHH
0:18:25,@jo3a548,OH GUCK
0:18:26,@Nightlyshadesofthenight,WHAT
0:18:26,@Tea_Teasr,FIGHT
0:18:26,@jennythebean9117,:loudly_crying_face::loudly_crying_face::loudly_crying_face:
0:18:26,@لمارالمطيري-ر7غ,Eeeeeeeeeeeee
0:18:27,@mountmyheadonawall,DAMN
0:18:27,@kloudscringe,OCSNT
0:18:27,@Tea_Teasr,FIGHT
0:18:28,@JoeYork-y1z,:fearful_face::fearful_face::fearful_face:
0:18:28,@Notes-f9s,OOHHH!?!?
0:18:29,@OG_SH4P3SH1FT3R,Waxwell actually being evil for once—
0:18:30,@HMZeroTwo,DO IT FOR GOOB WAXWELL
0:18:30,@sosonicandsocool,BRUH
0:18:31,@Starlight379-l7,Bruh!!
0:18:32,@esotericpony,aww waxwell is in love with goob
0:18:32,@NicoleBelviso,GAYYYY
0:18:32,@코스모_찬,ok
0:18:32,@HEADHAMMER_001,Why is tiktok live so important to him im crying 
0:18:33,@Nightlyshadesofthenight,IT WASNT EVEM HIS FAULT 
0:18:34,@Yasmine-n5z2v,Nooooo bad Boy Waxwass
0:18:34,@Imanna012,OH?
0:18:35,@sugarushallday,BISSSHHHHH
0:18:35,@shiny_eevee-bold,LMAOOO
0:18:36,@haileykitty6993,"oh daaaamn, he loves Goob"
0:18:37,@wheres_waddle1913,one of them 
0:18:38,@shiny_eevee-bold,GAY
0:18:39,@ftmhonglu,OH WOW
0:18:39,@Notes-f9s,OOOOH!!?? OOOHHH
0:18:41,@newt1_33,good boys
0:18:41,@WAFFLE-t4w,yappp
0:18:42,@Kinahizhere,What is going on 
0:18:42,@SuperCaptainFail,NOBODY LIKES GOOB
0:18:42,@Koi_Cat,BROS ONE OF DEM QUEERS
0:18:42,@Nightlyshadesofthenight,IT WAS SPROUT
0:18:43,@ftmhonglu,W WAXWELL 
0:18:44,@mountmyheadonawall,BAHAHAHAHAAA
0:18:44,@Notes-f9s,GAAER
0:18:44,@JoeYork-y1z,Awwww
0:18:44,@Tamers12345MLP,"If you think about it, if Dandy shot just a little higher, he could probably hit the candle wick and light Waxwell since he's a candel"
0:18:45,@NicoleBelviso,YOU LIKE GOOB!
0:18:45,@galladefan475,TSUNDERE
0:18:48,@KUNNYKING-s9t,thas not very sigma of you waxwell
0:18:48,@alcinaisMINE,Our little tsundere
0:18:48,@applebloom2307,wat
0:18:48,@Tamers12345MLP,*candle
0:18:48,@mewgalaxia,b-baka
0:18:49,@pessyglacy_disconnected6429,TSUDERE
0:18:50,@The_Silly_Patootie,WHAT IS THAT
0:18:50,@fish_crime,w-waxwell... (goob probabaly)
0:18:51,@neoncubegaming,LOL????
0:18:51,@fireejr15.5,WTH
0:18:51,@K1tkat_XD_offical,i love drama
0:18:52,@yukisenpai1528,huh
0:18:52,@HMZeroTwo,WHAT IN THE
0:18:52,@BunnyAngel-k9u,HELP
0:18:52,@kloudscringe,Ok bro 
0:18:53,@HEADHAMMER_001,WAXWELL GOOB YAOI FUVK YEA
0:18:54,@Tea_Teasr,NAWRRRRRRRRRRRRRRR
0:18:54,@UngulaPropriaRQ,OH DAMN
0:18:54,@newt1_33,damn
0:18:54,@oliver_officialEatsCookies459,YO
0:18:55,@Hexen_4444,eww
0:18:55,@FR0GGY._.m3dia,WHAT THE FRICK WAS THAT
0:18:55,@Nightlyshadesofthenight,OH FUCK
0:18:55,@UngulaPropriaRQ,REAL
0:18:55,@Vanillaa-n4j,WHAT DİD HE SAYY
0:18:56,@Laceshelf,U DUMBASS
0:18:56,@T0m.g0ogle,OMG
0:18:56,@ftmhonglu,OH MY GOD
0:18:56,@jazzy_jays1,OMGGG
0:18:57,@Imanna012,That fucking scared me
0:18:57,@لمارالمطيري-ر7غ,:face-red-droopy-eyes::face-red-droopy-eyes::face-red-droopy-eyes::face-red-droopy-eyes::face-red-droopy-eyes::face-red-droopy-eyes::face-red-droopy-eyes::face-red-droopy-eyes::face-red-droopy-eyes::face-red-droopy-eyes::face-red-droopy-eyes::face-red-droopy-eyes::face-red-droopy-eyes::face-red-droopy-eyes::face-red-droopy-eyes::face-red-droopy-eyes::face-red-droopy-eyes::face-red-droopy-eyes::face-red-droopy-eyes::face-red-droopy-eyes:
0:18:57,@Tv_narwal,what's happening?
0:18:57,@esotericpony,NOOOOO
0:18:58,@TheMTwinny,s h o o t
0:18:58,@JoeYork-y1z,:fearful_face::fearful_face::fearful_face::fearful_face::fearful_face:
0:18:58,@K1tkat_XD_offical,WHAT.
0:18:59,@x_scientist1738,DANDY WHAT ARE YOU DOING??????
0:18:59,@mia_Luna-e,OMG NOOO
0:18:59,@Syriussanity,NO
0:18:59,@sosonicandsocool,LMAO
0:19:00,@Cutie_pies.9,Noooooooo
0:19:00,@homersimpson90210,Kino
0:19:01,@KUNNYKING-s9t,bros a tsundere
0:19:01,@Syriussanity,ASTRO
0:19:01,@NubMcMoofin,:exploding_head::exploding_head:
0:19:02,@WAFFLE-t4w,ripppp
0:19:02,@Syriussanity,NOOOO
0:19:03,@VisciousAdventurer,xD
0:19:03,@applebloom2307,me fr
0:19:03,@Yasmine-n5z2v,Best
0:19:03,@ChuddlyChubbles,NOOOOOOO
0:19:04,@Ili.The.Raccoon1457,ASTRO
0:19:04,@Moonflower4life-g9v,What 
0:19:04,@Tea_Teasr,NOOOOOOOOOOOOOOOOOO
0:19:04,@jennythebean9117,Oh no
0:19:05,@BunnyAngel-k9u,Noooo !!
0:19:05,@KimberlyHardin-y7u,WAXWELL DON'T
0:19:06,@K1tkat_XD_offical,OUUUUU
0:19:06,@mountmyheadonawall,WHWHWHDYDYDHSHAHHAA
0:19:06,@fireejr15.5,NO
0:19:07,@JoeYork-y1z,Noooooooo
0:19:07,@Tea_Teasr,NO
0:19:07,@Siranaid_28,WAXWELL YOU LAKE GOOB
0:19:07,@Nightlyshadesofthenight,SON
0:19:07,@Tea_Teasr,NION
0:19:08,@mewgalaxia,this is kind of sad not that sad
0:19:08,@Tea_Teasr,ON
0:19:08,@Dino_Mitez,NOOO
0:19:08,@T0m.g0ogle,ASTRO
0:19:08,@HMZeroTwo,Dandy you dumbass
0:19:08,@Starlight379-l7,NOOOOOO
0:19:08,@K1tkat_XD_offical,OH NO
0:19:08,@Lova_lie,Hebleik goob he leiks goob
0:19:09,@wheres_waddle1913,that idiot
0:19:09,@jazzy_jays1,DANDYD YOU DUMBAAAASSSSSSS
0:19:10,@Bonnieamenace,HOLY WHAT DID HE DO\
0:19:10,@esotericpony,OPEN THE SCHOOLS
0:19:10,@creamsouda3338,good riddance
0:19:10,@fireejr15.5,:eyes-purple-crying::eyes-purple-crying:
0:19:11,@alcinaisMINE,Great going dandy 
0:19:11,@SonataDidIt,mouth to mouth!
0:19:12,@ChuddlyChubbles,ASTRO NOOOOOOOO
0:19:12,@Notes-f9s,cool
0:19:12,@Syriussanity,BEOOO
0:19:12,@TheMTwinny,LMAO HE SHOT THEM BOTH
0:19:13,@Leslie.1x,NO
0:19:13,@WAFFLE-t4w,NOOOOO
0:19:13,@Looeyballony-lol,Sigh
0:19:13,@OG_SH4P3SH1FT3R,Omfg…
0:19:13,@zen.ornamentbasket,NOOOOO
0:19:13,@jo3a548,NOOOOOOOOOOOOOOOOOOO
0:19:13,@Amiya-n2s,OMGGGGGGGGGGGGG
0:19:14,@Tv_narwal,nooo dandy run!
0:19:14,@Nightlyshadesofthenight,NO
0:19:14,@FR0GGY._.m3dia,NOOOOOOOOO MY BABYYYYYYYYYY
0:19:14,@Syriussanity,NOOOOOO
0:19:14,@ShrimposHuz,NOOOO MY CUTIESS
0:19:15,@Vanillaa-n4j,NİOOOOOOOOOOOOOOO
0:19:15,@fish_crime,accurate gay issue
0:19:15,@neoncubegaming,NOOOOOOO
0:19:15,@T0m.g0ogle,ASTRO NOOOOO
0:19:15,@Koi_Cat,OH SHIT NOOOOOOOOOOOOO
0:19:16,@ecampo123,lol
0:19:17,@fireejr15.5,:face-pink-tears::face-pink-tears::face-pink-tears::face-pink-tears::face-pink-tears:
0:19:16,@HEADHAMMER_001,HELP WHY IS EVERYONE DYING
0:19:17,@esotericpony,NOOOOO ASTRO
0:19:17,@JoeYork-y1z,:loudly_crying_face::loudly_crying_face::loudly_crying_face::loudly_crying_face::loudly_crying_face::loudly_crying_face::loudly_crying_face:
0:19:17,@wheres_waddle1913,Dandy! wtf!!
0:19:17,@zen.ornamentbasket,WAHHH
0:19:17,@NicoleBelviso,:broken_heart::broken_heart::broken_heart::broken_heart::wilted_flower:
0:19:17,@aqua.loves.youtube,NOOOOOO
0:19:18,@Cutie_pies.9,Nooooo i cant
0:19:18,@jazzy_jays1,SOMEONE HELP HIMMMMM
0:19:19,@UngulaPropriaRQ,what a twost
0:19:19,@Skylie-star,Oop
0:19:19,@Tea_Teasr,DANDY I'M COMING FOR U NOW
0:19:19,@SuperCaptainFail,WAITWAITWAIT WHAT
0:19:19,@Nightlyshadesofthenight,NOOO DANDY
0:19:20,@K1tkat_XD_offical,damn dandys dumb—
0:19:20,@Hexen_4444,yes
0:19:20,@mexfinncanonilovefinnhehe,NOOOOOOOOOOOOOOOO
0:19:21,@WAFFLE-t4w,NOOOOO
0:19:21,@UngulaPropriaRQ,NO
0:19:21,@0neth3g3n1us1,YO WHAT
0:19:21,@JoeYork-y1z,Kiss him
0:19:21,@DahliaDrawsDesign,NOOOOOOOO
0:19:21,@FR0GGY._.m3dia,NOOOOOOOOOOOOOOOOOOOOOO
0:19:21,@The_Silly_Patootie,RIP ASTRO
0:19:22,@Shelly-03-iluvyou,NOO
0:19:22,@jennythebean9117,:loudly_crying_face::loudly_crying_face::loudly_crying_face::loudly_crying_face::loudly_crying_face::loudly_crying_face:
0:19:22,@HMZeroTwo,Yeah dnady ur kinda shitty
0:19:22,@K1tty_K4tsX3,NOOO DANDY DONT CRY
0:19:22,@لمارالمطيري-ر7غ,:face-orange-biting-nails::face-orange-biting-nails::face-orange-biting-nails::face-orange-biting-nails::face-orange-biting-nails::face-orange-biting-nails::face-orange-biting-nails::face-orange-biting-nails::face-orange-biting-nails::face-orange-biting-nails::face-orange-biting-nails::face-orange-biting-nails::face-orange-biting-nails::face-orange-biting-nails::face-orange-biting-nails::face-orange-biting-nails::face-orange-biting-nails::face-orange-biting-nails::face-orange-biting-nails::face-orange-biting-nails:
0:19:22,@Laceshelf,Dandy 
0:19:23,@joycadet7064,Ass throw no
0:19:23,@NicoleBelviso,SHI
0:19:23,@Notes-f9s,NO DANDY DON'T BLAME YOURSELFF
0:19:23,@shiny_eevee-bold,ASTROOOOO
0:19:23,@nowaayhoezay,:eyes-purple-crying::eyes-purple-crying::eyes-purple-crying::eyes-purple-crying:
0:19:23,@GlimmyGOD,is dandy's world over wtf
0:19:23,@T0m.g0ogle,:face-purple-crying::face-purple-crying::face-purple-crying::face-purple-crying:
0:19:23,@wheres_waddle1913,kiss
0:19:23,@galladefan475,WHAt
0:19:23,@Tea_Teasr,NO
0:19:24,@Laceshelf,No
0:19:24,@esotericpony,NOO DANDY
0:19:24,@0neth3g3n1us1,WHAT
0:19:25,@Cutie_pies.9,Nooooooooo
0:19:25,@Idkdandysworld,MOoOoOooO
0:19:25,@Laceshelf,NO
0:19:26,@BunnyAngel-k9u,NOOOO
0:19:26,@NicoleBelviso,NO
0:19:26,@fish_crime,UH
0:19:27,@Laceshelf,NO
0:19:27,@코스모_찬,what
0:19:27,@Starlight379-l7,OH
0:19:27,@Misi_Jinjahl,"damn, everyone was hurt in the making of this video"
0:19:28,@jo3a548,NO
0:19:28,@jennythebean9117,True Dandy
0:19:28,@SaulMorales-w7h,Nooooooooooooooooooooooooooooooooooooooooooooooooooooooooo my baby boy 
0:19:28,@mia_Luna-e,oo
0:19:28,@OG_SH4P3SH1FT3R,DAMN
0:19:29,@Laceshelf,NO
0:19:29,@Nightlyshadesofthenight,NOOOOOOOOO
0:19:29,@Ili.The.Raccoon1457,DANDY
0:19:29,@Skylie-star,OKFG
0:19:29,@WAFFLE-t4w,oh
0:19:29,@Bebz_XD,oh my god
0:19:29,@HEADHAMMER_001,HELLO????
0:19:30,@jazzy_jays1,NOOOO.
0:19:30,@wheres_waddle1913,oh!
0:19:30,@shiny_eevee-bold,WAKE UP OMFG
0:19:30,@galladefan475,is he going to hell
0:19:30,@SonicTaim,rip everyone
0:19:30,@K1tty_K4tsX3,oh
0:19:30,@Laceshelf,NO
0:19:31,@Idkdandysworld,NoooOoOOoOoOoOOOOO
0:19:31,@aqua.loves.youtube,NOOOOOOOOO
0:19:31,@Laceshelf,NO
0:19:31,@SillyMuffin_xx,HUH
0:19:31,@yukisenpai1528,NOOOOO
0:19:31,@OG_SH4P3SH1FT3R,:loudly_crying_face:
0:19:32,@fireejr15.5,:face-orange-biting-nails::face-orange-biting-nails::face-orange-biting-nails::face-orange-biting-nails::face-blue-wide-eyes::face-blue-wide-eyes:
0:19:32,@ezul-q5v,astro
0:19:32,@Nightlyshadesofthenight,DANDY NOOOOOOO
0:19:33,@NicoleBelviso,NO
0:19:33,@Solums,NO
0:19:33,@Vanillaa-n4j,HOLLY MOLLY
0:19:33,@wheres_waddle1913,OH
0:19:33,@Skylie-star,OMFG
0:19:33,@Starlight379-l7,COSMO RUN
0:19:33,@JoeYork-y1z,Nooo
0:19:33,@UngulaPropriaRQ,GOD REJECTS THEM
0:19:34,@Tea_Teasr,HOW IS HE IN HEAVEN
0:19:34,@Koi_Cat,WTH
0:19:34,@The_Silly_Patootie,NOOO DANDY NOT YOU TOO
0:19:35,@TheMTwinny,AYO
0:19:36,@CatsAreS1lly,HOLY SHIT
0:19:36,@Bomby1279,This episode is 100% getting taken down
0:19:37,@alcinaisMINE,SOULVESTER WOULD NOT BE IN HEAVEN THIS IS FAKE
0:19:37,@mewgalaxia,why isnt heaven chinese
0:19:37,@jazzy_jays1,SOULVESTERRRR
0:19:38,@haileykitty6993,everyone died?
0:19:38,@deltaromee,why are they in heaven
0:19:39,@Lily-k2f5s,Nooo
0:19:39,@mountmyheadonawall,bdsm mention part 2
0:19:40,@nowaayhoezay,:downcast_face_with_sweat::downcast_face_with_sweat::downcast_face_with_sweat::downcast_face_with_sweat::loudly_crying_face::loudly_crying_face::loudly_crying_face::loudly_crying_face:
0:19:39,@oliver_officialEatsCookies459,Cosmo with calser
0:19:40,@Shadow_is_better_than_sonic,NOOOOOO
0:19:40,@joycadet7064,How did they make it up there
0:19:40,@Nightlyshadesofthenight,OH LORD
0:19:40,@T0m.g0ogle,OH LOOEY
0:19:40,@Tv_narwal,I had to pause it:pensive_face::wilted_flower:
0:19:41,@HMZeroTwo,"Bro kermitted and went to heaven, unrealistic"
0:19:41,@Starlight379-l7,COSMO YOU BETTER RUN
0:19:41,@mememaster8314,ain't no way these mf's making it to heaven
0:19:42,@PopgumMLP,WHAT THE FUCK
0:19:43,@ftmhonglu,they aint going to heaven 
0:19:43,@SuperCaptainFail,SOULVESTER IN HJEAVEN!?
0:19:43,@mia_Luna-e,HOW THE HELL ARE THEY IN HEAVEN
0:19:43,@Amiya-n2s,"Cosmo,,"
0:19:44,@wheres_waddle1913,Theyre gonna get sent back down
0:19:44,@Notes-f9s,why no hell?
0:19:44,@Skylie-star,GABAHAHAHAHAHA
0:19:44,@fireejr15.5,Heaven?? :face_with_tears_of_joy::face_with_tears_of_joy::face_with_tears_of_joy::face_with_tears_of_joy::face_with_tears_of_joy::face_with_tears_of_joy:
0:19:44,@Ihateithere52,Lies they’re all going to Hell
0:19:44,@yukisenpai1528,oh yeah they're going down
0:19:44,@shiny_eevee-bold,dandy i-
0:19:45,@jazzy_jays1,EVERYBODY GOING TO HELL
0:19:45,@newt1_33,OMG
0:19:45,@DahliaDrawsDesign,HOLY SHIT
0:19:45,@Shelly-03-iluvyou,"LOLLL COS,O?"
0:19:45,@oumotaz,Damn everyone fucking died
0:19:45,@Tea_Teasr,HE !!!!!! HIMSELF
0:19:46,@jennythebean9117,Wat
0:19:46,@Rainie_xx,Bro when I saw waxwell’s info thing I saw the ‘gay but still extremely homophobic’ and I was like ‘ LIKE THE REST OF THIS INSANE TOWN’!!!
0:19:47,@nowaayhoezay,HELL
0:19:47,@Hexen_4444,Heaven?
0:19:48,@applebloom2307,aint none of yall going to heaven bro
0:19:48,@Peejaylew,IIN HEAVEN
0:19:48,@Shelly-03-iluvyou,COSMO
0:19:49,@KUNNYKING-s9t,where gourdy
0:19:49,@aqua.loves.youtube,WHAT
0:19:50,@Imanna012,I’m surprised they made it to the GATES of Heaven? :loudly_crying_face:
0:19:51,@HEADHAMMER_001,How is soul even up there
0:19:51,@Nightlyshadesofthenight,hey is soulvester here
0:19:51,@K1tkat_XD_offical,I THOUGHT TOONS WREE IMORTAL
0:19:52,@oliver_officialEatsCookies459,HOW TF DID THEY DIE
0:19:52,@NicoleBelviso,NAUR
0:19:52,@Looeyballony-lol,Astro noooo:loudly_crying_face:
0:19:52,@shiny_eevee-bold,HOLY SHIT.
0:19:52,@MinioMicha09,Why are they all dead
0:19:53,@WAFFLE-t4w,yes
0:19:53,@maxbear027,lol
0:19:54,@AyanoAishi-t3c,Y when was this posted
0:19:54,@alcinaisMINE,NONE OF THEM GOING TO HEAVEN
0:19:55,@Dino_Mitez,But MAN Created you!! WHAT
0:19:55,@Tamers12345MLP,All toons go to heaven
0:19:55,@AmiMcKenzie-w2v,:face-purple-crying::face-purple-crying::face-purple-crying::face-purple-crying::face-purple-crying::face-purple-crying::face-purple-crying::face-purple-crying::face-purple-crying::face-purple-crying::face-purple-crying::face-purple-crying::face-purple-crying::face-purple-crying::face-purple-crying::face-purple-crying::face-purple-crying::face-purple-crying::face-purple-crying::face-purple-crying:
0:19:56,@Nightlyshadesofthenight,Why*
0:19:56,@TheMTwinny,SPROUT AND SOULVESTER IN HEAVEN? LMAO
0:19:57,@FR0GGY._.m3dia,HOW DID ANY OF THEM MAKE IT 2 HEAVEN :loudly_crying_face: 
0:19:58,@KimberlyHardin-y7u,rip :pensive_face:
0:19:58,@Starlight379-l7,COSMO RUN
0:19:59,@kloudscringe,Where ginger
0:20:00,@nowaayhoezay,HELL
0:20:00,@DahliaDrawsDesign,PLS DONT BE THE END OF THE SEIES
0:20:00,@JoeYork-y1z,:worried_face::worried_face::worried_face:
0:20:01,@kloudscringe,SELF EXITED
0:20:01,@alcinaisMINE,THEY ARENT MAKING IT PAST THE PEARLY GATES
0:20:02,@Leslie.1x,How is soulvester up there
0:20:03,@galladefan475,OH MY GOD
0:20:03,@UngulaPropriaRQ,OH NO
0:20:03,@Skylie-star,Fireeee
0:20:04,@x_scientist1738,i GUESS bro
0:20:05,@Notes-f9s,NOOOO
0:20:05,@UngulaPropriaRQ,FINN
0:20:05,@jazzy_jays1,THEY ALL GOING TO HELL
0:20:05,@jennythebean9117,Yup
0:20:05,@mia_Luna-e,Oo
0:20:06,@Nightlyshadesofthenight,NO
0:20:07,@mountmyheadonawall,based
0:20:07,@Snowballytx,Whaaa
0:20:07,@Cutie_pies.9,Finn!? 
0:20:07,@fireejr15.5,Misery
0:20:08,@fish_crime,XD
0:20:08,@OG_SH4P3SH1FT3R,Oml…
0:20:08,@galladefan475,FINN :loudly_crying_face::loudly_crying_face:
0:20:08,@nowaayhoezay,HELL
0:20:09,@Justaforsakenfan-e4s,Gawd damn
0:20:09,@ChikioDaB,"Sprout has been into hell and heaven before, so he’s used to it"
0:20:09,@Peejaylew,BUT DONT THE TOONS DONT DIE
0:20:10,@Notes-f9s,FINN WHAT
0:20:10,@UngulaPropriaRQ,OH LMAO SPROUT 
0:20:10,@JoeYork-y1z,Kisss
0:20:11,@Snowballytx,Bruh
0:20:12,@jazzy_jays1,LETS GO TO HELL
0:20:12,@pessyglacy_disconnected6429,???????
0:20:12,@SuperCaptainFail,THE FINAL DANDYS WORLD EPISODE ?????????
0:20:12,@VisciousAdventurer,UHHH???
0:20:13,@Syriussanity,What the fuck
0:20:14,@jo3a548,Yay
0:20:14,@Starlight379-l7,OHHHHHH
0:20:14,@mia_Luna-e,NO
0:20:15,@VisciousAdventurer,NO
0:20:16,@VisciousAdventurer,WHAT
0:20:17,@T0m.g0ogle,well dawng
0:20:17,@Snowballytx,Yes
0:20:18,@user-silky-g4j,I doubt this
0:20:18,@Skylie-star,Finally
0:20:19,@NubMcMoofin,:saluting_face::saluting_face:
0:20:19,@Misi_Jinjahl,they in hell
0:20:19,@fireejr15.5,Heaven :face_with_tears_of_joy::face_with_tears_of_joy::face_with_tears_of_joy::face_with_tears_of_joy:Def not
0:20:19,@Laceshelf,Bye none of them r going to heaven
0:20:20,@yukisenpai1528,*all toons go to hell
0:20:20,@Syriussanity,NOO
0:20:20,@OG_SH4P3SH1FT3R,Yall are not crossing them gates lmao
0:20:20,@UngulaPropriaRQ,wait why tf is soulvester in heaven
0:20:21,@NolaKline,WHAT:broken_heart:
0:20:21,@agoatheadbaby3512,Is the end of the series...?
0:20:22,@joycadet7064,When do they start getting dragged down to hell
0:20:23,@jazzy_jays1,SOULVESTERRR
0:20:23,@jennythebean9117,Zamn
0:20:23,@Amiya-n2s,Sprout let go HES mine
0:20:23,@Imanna012,"Imagine they get sent down to hell, that’d be funny"
0:20:23,@deltaromee,%100 fake cuz we all know toons go to hell
0:20:25,@Skylie-star,They’ve wanted this
0:20:25,@x_scientist1738,god genuinely trapping them inside of a kid's minecraft world to make a new ARG
0:20:26,@Peejaylew,HEAVEN
0:20:26,@Izzy_vr1,WAIT OC TOON INCOMING 
0:20:27,@mr.bananaman9805,These toons are going straight to hell!
0:20:27,@agoatheadbaby3512,Someday.
0:20:27,@HerreZC,wait this is the end of the series??
0:20:28,@KimberlyHardin-y7u,OMG :loudly_crying_face::loudly_crying_face::loudly_crying_face::loudly_crying_face::loudly_crying_face:
0:20:28,@creamsouda3338,this truley was... our dandys world
0:20:29,@코스모_찬,HELL
0:20:30,@JoeYork-y1z,Don't be the end 
0:20:30,@jazzy_jays1,LETS GO TO HELL
0:20:30,@Hikarian01,hell
0:20:31,@HMZeroTwo,Toons are going to hell because god didn't create them
0:20:31,@Laceshelf,I’m crine they r not going to heaven
0:20:33,@Nightlyshadesofthenight,YALL ARE NOT GOING TO HEAVEN
0:20:33,@oliver_officialEatsCookies459,yo wtf is wrong with soul vester
0:20:33,@Kipkat13,:loudly_crying_face::loudly_crying_face::loudly_crying_face::loudly_crying_face::loudly_crying_face::loudly_crying_face::loudly_crying_face:
0:20:34,@SonicTaim,everyone is choosing hell
0:20:34,@MinioMicha09,I'm scaref
0:20:35,@Boring_sky,ASTRo
0:20:35,@Peejaylew,HEAVEN
0:20:35,@agoatheadbaby3512,I guess.....this is it.
0:20:36,@Ihateithere52,How did Soulvester make it???
0:20:37,@shiny_eevee-bold,HELL.
0:20:37,@Laceshelf,BYE HAHAH
0:20:37,@Boring_sky,NO
0:20:38,@Lova_lie,Lowkey hell tbh
0:20:39,@Tiffany-kat09,This episode is so random :broken_heart:
0:20:39,@Boring_sky,NO
0:20:39,@jazzy_jays1,I KNEW IT
0:20:40,@mememaster8314,knew it
0:20:40,@Skylie-star,Oop..
0:20:40,@K1tty_K4tsX3,Hell is a good place:smiling_face_with_sunglasses:
0:20:41,@sosonicandsocool,SEND THEM BACK DOWN
0:20:41,@Daniel-c1d7v,oh no :man_facepalming:
0:20:41,@WAFFLE-t4w,hell
0:20:41,@The_Silly_Patootie,NOT COSMO IN THE COLAR
0:20:41,@applebloom2307,yeah thats about righttttt
0:20:42,@user-silky-g4j,:face_with_tears_of_joy::face_with_tears_of_joy::face_with_tears_of_joy::face_with_tears_of_joy:
0:20:42,@fireejr15.5,HELL
0:20:42,@DahliaDrawsDesign,Holy carp
0:20:42,@Nightlyshadesofthenight,YALL ARE GOING START TO HELL
0:20:43,@Boring_sky,AStRo
0:20:43,@jazzy_jays1,HAHAHAHAHHAHAHAHAHAHA
0:20:43,@Leslie.1x,BRUH
0:20:43,@NolaKline,IS HE A FEMBOY????
0:20:44,@HMZeroTwo,SEE I KNEW THEY WERE DESTINED FOR HELL
0:20:45,@mia_Luna-e,I TOLD YOU
0:20:45,@jennythebean9117,Oh no
0:20:46,@MinioMicha09,At least toodles isn't there
0:20:47,@KUNNYKING-s9t,lets go to herll
0:20:47,@Peejaylew,GOIJG TI HELL
0:20:47,@Shadow_is_better_than_sonic,tamers was you high while making this :loudly_crying_face::loudly_crying_face:
0:20:47,@alcinaisMINE,Exactly
0:20:47,@Imanna012,I knew it lmaooo
0:20:47,@fireejr15.5,HELL
0:20:49,@agoatheadbaby3512,gulp
0:20:49,@Boring_sky,NO
0:20:50,@ftmhonglu,knew it
0:20:52,@esotericpony,LOLLLL
0:20:52,@JoeYork-y1z,Nooooo
0:20:52,@Tamers12345MLP,All toons go to heaven but that doesn't mean they're getting in
0:20:54,@Joseph-e8y3v,WAIT DIDN'T SPROUT SAY TOONS CANT GO TO HELL OR HEAVEN
0:20:56,@Koi_Cat,LMFAO
0:20:56,@fireejr15.5,I TOLD YOU
0:20:56,@jazzy_jays1,I KNEW ITTTTT AHAHHAHAHAHHAHAHA
0:20:56,@OG_SH4P3SH1FT3R,LMAO
0:20:57,@TheMTwinny,HAHAHAHAHAHAHA
0:20:58,@FR0GGY._.m3dia,I KNEW IT
0:20:58,@NubMcMoofin,:saluting_face::saluting_face:
0:20:59,@EllaandAdrienne3,HELL THEY ARE CRAZY 
0:21:01,@alcinaisMINE,LETS GO 2 HELL ROCK:face_with_tears_of_joy::face_with_tears_of_joy:
0:21:02,@kloudscringe,GOOB
0:21:03,@jennythebean9117,Zamn
0:21:06,@Hikarian01,"every toon goes to hell except soulvester, cuz he’s my fav. also gourdy too"
0:21:07,@creamsouda3338,GOOB???
0:21:08,@Peejaylew,OH SO THEYRE STULL ALIVE
0:21:08,@applebloom2307,GOOOOB
0:21:08,@Looeyballony-lol,Dam this shit was short
0:21:08,@UngulaPropriaRQ,GOOB
0:21:09,@agoatheadbaby3512,DANDY
0:21:09,@Yasmine-n5z2v,Wth goob
0:21:10,@Nightlyshadesofthenight,GOOB
0:21:10,@mountmyheadonawall,BAHAHAHAHAA
0:21:10,@Peejaylew,GOOB
0:21:10,@T0m.g0ogle,GOOB?
0:21:10,@Boring_sky,GOOb..
0:21:11,@JoeYork-y1z,Goob!!!!!! 
0:21:11,@mia_Luna-e,NOO
0:21:11,@Cutie_pies.9,Finn stays in heaven though
0:21:11,@wheres_waddle1913,Goob?!
0:21:11,@Bebz_XD,goo
0:21:12,@NicoleBelviso,LOL I KNEW
0:21:12,@Tea_Teasr,WHY IS GOOB THERE
0:21:12,@KUNNYKING-s9t,LETS GO TO HELL
0:21:13,@jo3a548,Goob too
0:21:13,@TheMTwinny,"ENJOY HELL, TOONS"
0:21:14,@shiny_eevee-bold,I KNEW THAT HHAHAHAHHAHAH
0:21:15,@Syriussanity,GOOB
0:21:16,@Nightlyshadesofthenight,?????
0:21:16,@UngulaPropriaRQ,GOOB KNOWS GOD 
0:21:16,@OG_SH4P3SH1FT3R,GOOB…
0:21:17,@jennythebean9117,Goob
0:21:18,@Hexen_4444,W Goob
0:21:19,@Ili.The.Raccoon1457,GOOB?!?!
0:21:19,@WAFFLE-t4w,gooooobbbbb
0:21:19,@Hikarian01,astro too
0:21:19,@Syriussanity,YESS
0:21:19,@applebloom2307,Goob is goin to heaven fr
0:21:19,@VisciousAdventurer,goob??
0:21:20,@Dino_Mitez,brod got the beater car
0:21:20,@x_scientist1738,does this mean goob is universal
0:21:20,@mountmyheadonawall,??????????????????????
0:21:21,@newt1_33,GOOB
0:21:21,@Nightlyshadesofthenight,WHAT
0:21:21,@yukisenpai1528,they'll get sent back
0:21:22,@The_Silly_Patootie,IM CRYING
0:21:22,@esotericpony,GOOB IS THE ONLY ONE GOING TO HEAVEN
0:21:22,@alcinaisMINE,Who isnt gay atp
0:21:22,@T0m.g0ogle,OH GOOB
0:21:24,@JoeYork-y1z,You are too
0:21:25,@Nightlyshadesofthenight,?.?
0:21:25,@DahliaDrawsDesign,GIOB WHAT THE FAH
0:21:25,@HMZeroTwo,TELL EM GOOB
0:21:27,@Ili.The.Raccoon1457,GOOB
0:21:28,@Imanna012,Wait Goob has God’s number?? :loudly_crying_face:
0:21:28,@its_Natalia_677,XDD
0:21:28,@Nightlyshadesofthenight,OHH
0:21:28,@jo3a548,"Thanks, God"
0:21:28,@Reemocreemo,Just joined
0:21:29,@Syriussanity,Me
0:21:30,@darknispro205,goob has god in speeddial
0:21:30,@FR0GGY._.m3dia,LMAOOO :loudly_crying_face: 
0:21:30,@Tamers12345MLP,Goob definitely cheated on his driving test to get that liscence
0:21:31,@NicoleBelviso,GOOB GO TO WAXWELL
0:21:31,@Boring_sky,Yay 
0:21:32,@Starlight379-l7,oop
0:21:32,@Potatogalsunite,lets gooo
0:21:32,@moriorinvictus69,GOOB THE GOAT
0:21:33,@Tea_Teasr,YAYYYYYYYYYYY
0:21:33,@alcinaisMINE,Is tamers even gonna add any heterosexual relationships 
0:21:33,@Nightlyshadesofthenight,THIER ALIVEEE
0:21:33,@fish_crime,GOOP FOR THE WIN
0:21:34,@mountmyheadonawall,THE FUCKITN SPRITES
0:21:34,@Leslie.1x,Nice
0:21:34,@WAFFLE-t4w,lol
0:21:35,@Peejaylew,THEYRE ALIVE
0:21:35,@jennythebean9117,lol 
0:21:35,@The_Silly_Patootie,IM CRYING
0:21:36,@Nightlyshadesofthenight,UESSSS
0:21:37,@fireejr15.5,WILL DANDY BE A CHRISTIAN AFTER THIS?!
0:21:38,@SuperCaptainFail,YOOOOO
0:21:39,@kloudscringe,HELLO
0:21:40,@Tea_Teasr,TF
0:21:41,@neoncubegaming,w goob
0:21:41,@Peejaylew,HE CHEATED
0:21:41,@creamsouda3338,BRO
0:21:41,@BunnyAngel-k9u,Help
0:21:42,@applebloom2307,Same
0:21:42,@NicoleBelviso,.
0:21:42,@Starlight379-l7,OOOOO
0:21:42,@newt1_33,shrimp ew.
0:21:42,@DahliaDrawsDesign,lol
0:21:42,@Nightlyshadesofthenight,OH
0:21:43,@KUNNYKING-s9t,prolly never
0:21:43,@BunnyAngel-k9u,NO
0:21:43,@The_Silly_Patootie,YOOOOOO WHAT
0:21:43,@mountmyheadonawall,SLAY
0:21:43,@Boring_sky,WHaT
0:21:43,@Peejaylew,WOAHHHH
0:21:43,@ftmhonglu,WOAH 
0:21:44,@fish_crime,GOOD LORD
0:21:44,@UngulaPropriaRQ,10/10 
0:21:44,@T0m.g0ogle,WHAT-
0:21:44,@Cutie_pies.9,My baby boy shrimpo
0:21:44,@maxbear027,lol
0:21:44,@Exiledlama,LMAO
0:21:45,@Skylie-star,OMG WHAT
0:21:45,@jazzy_jays1,WOAH
0:21:45,@Idkdandysworld,:o
0:21:45,@mackenzie13,im shrimpo
0:21:45,@esotericpony,its okay if goob cheats he deserves it <3
0:21:45,@Boring_sky,YO
0:21:45,@Turtleyuwu_IRL,BYE
0:21:46,@NubMcMoofin,:face_savoring_food::face_savoring_food:
0:21:46,@JoeYork-y1z,Shripo
0:21:46,@deltaromee,LFMAOOO????
0:21:46,@zen.ornamentbasket,ZAMNNNNN
0:21:46,@HMZeroTwo,PEAK FICTION
0:21:47,@yukisenpai1528,ih
0:21:47,@pessyglacy_disconnected6429,HUH
0:21:47,@Ash3r_Dandy,WHAT
0:21:47,@K1tty_K4tsX3,WOAHHHHHH
0:21:47,@darknispro205,wow
0:21:48,@Skylie-star,GAUAHAHW
0:21:48,@OG_SH4P3SH1FT3R,LMAO :loudly_crying_face:
0:21:48,@SonataDidIt,demonic
0:21:48,@Tea_Teasr,WTH
0:21:48,@TheMTwinny,LMAO
0:21:49,@johnnysmith54,dang just missed it
0:21:49,@zen.ornamentbasket,WOAHHHHH
0:21:49,@ecampo123,:flushed_face:
0:21:49,@NicoleBelviso,AYO
0:21:49,@FR0GGY._.m3dia,WHOAAAAAAAA :loudly_crying_face: 
0:21:49,@MiguelReyes-ui4hy,.......
0:21:50,@Ili.The.Raccoon1457,WHAT THE
0:21:50,@HEADHAMMER_001,HELP ME
0:21:51,@Nightlyshadesofthenight,HOT DAMN
0:21:51,@Boring_sky,SHRIMPO 
0:21:51,@pessyglacy_disconnected6429,THAT ALL
0:21:51,@sosonicandsocool,shrimperv
0:21:52,@Potatogalsunite,woah hello?
0:21:52,@CatsAreS1lly,PEAK
0:21:52,@pessyglacy_disconnected6429,????
0:21:52,@Vanillaa-n4j,OHH
0:21:53,@heikodigulla9225,ayoooooo
0:21:53,@applebloom2307,"oo, good song"
0:21:53,@Hikarian01,peak peak peak
0:21:53,@PopgumMLP,??????????
0:21:54,@QualeekSabawu,wow
0:21:54,@galladefan475,AMAZING
0:21:54,@mountmyheadonawall,absolute cinema
0:21:54,@newt1_33,WHOH
0:21:54,@Skylie-star,THAT OUTRO LOLL
0:21:54,@Nightlyshadesofthenight,FLOWERBERRY
0:21:54,@SoupCam69,KITTY
0:21:54,@BunnyAngel-k9u,DANDY AND SPROUT?
0:21:55,@SigmaRizz-du1cc,WHIA
0:21:55,@jazzy_jays1,CATBOY DANDY
0:21:55,@Laceshelf,OMG
0:21:55,@alcinaisMINE,Uhm.. dattebaYO:smiling_face_with_heart_eyes::smiling_face_with_heart_eyes:
0:21:55,@YouFool_Official,W
0:21:55,@mexfinncanonilovefinnhehe,OH MY GOD ????????????????
0:21:56,@The_Silly_Patootie,WHAT IS THAT ENDING 
0:21:57,@DahliaDrawsDesign,THATS IT!
0:21:57,@missmeowington8121,GOOOOOB BUUTTT
0:21:57,@Boring_sky,WTF
0:21:58,@TheTrue1cey,OH MY
0:21:58,@PWUDDING_1,W(AT 
0:21:58,@haileykitty6993,"bro, what the hell Shrimpo"
0:21:58,@Tea_Teasr,MOONFLOWER OMG
0:21:58,@Dino_Mitez,Most Laced episode ever
0:21:58,@esotericpony,beautiful episode thank you
0:21:59,@Peejaylew,WTH
0:21:59,@Yasmine-n5z2v,OH SAIRA I'VE CRUSH ON UUUU OH CRUSH ON UU AND IN UUUU MY CRUSH IN ON UUUUUU WTH IS SPRRITE
0:21:59,@applebloom2307,KyuteeeeeeEEEE
0:21:59,@Starlight379-l7,OOOOOOOOOOOOOOO
0:21:59,@T0m.g0ogle,WOW HEY-
0:22:00,@Skylie-star,GAHAHAA
0:22:00,@ilovechristmasforever,what the hell
0:22:01,@silliesBalloon,HUHHHHH
0:22:01,@dsmnisUK,THATS UT?? NOOO PLS MOREEEE
0:22:01,@Boring_sky,Oh.
0:22:01,@YouFool_Official,PEAKKKKKK
0:22:01,@MiguelReyes-ui4hy,wow I love this
0:22:02,@yacob9201,peak outro
0:22:02,@neoncubegaming,THAT IS CUTEEE
0:22:02,@Vanillaa-n4j,SOO CUTİESSS
0:22:02,@PWUDDING_1,WHT 
0:22:02,@fish_crime,my friday is 1000% betetr ty tamers
0:22:02,@2011xwe,AAAAAAAA HEEELLLLL THER
0:22:02,@EllaandAdrienne3,Enjoy
0:22:03,@TheKalimanMX,:hand-orange-covering-eyes::hand-orange-covering-eyes::hand-orange-covering-eyes:
0:22:03,@darknispro205,zamn
0:22:03,@Tiffany-kat09,THIS EPISODE WAS SO RANDOM?????? :loudly_crying_face::loudly_crying_face::loudly_crying_face:
0:22:03,@Ihateithere52,PEAKKKK
0:22:03,@SonicTaim,GUYS PLEASE SCROLL
0:22:04,@franshikochikotoresu4820,WE GOT MORE CATBOYS!!!
0:22:04,@Fatimahwashere,WOAH
0:22:05,@Tea_Teasr,*FELLS IN LOVE*
0:22:05,@Joseph-e8y3v,YESSSSS
0:22:06,@jirajira-j7t,WHATTT
0:22:06,@SaulMorales-w7h,I love it
0:22:07,@Izzy_vr1,TF BRO? 
0:22:07,@Rainie_xx,Noooo it’s doneeeeee
0:22:07,@WAFFLE-t4w,cats
0:22:08,@SigmaRizz-du1cc,ouuu shii:eyes:
0:22:08,@Laceshelf,THIS IS HEAVEN
0:22:08,@VisciousAdventurer,jeez
0:22:08,@Shelly-03-iluvyou,AWWHWHWW
0:22:08,@aqua.loves.youtube,WHAT
0:22:08,@DahliaDrawsDesign,YESSSS
0:22:08,@PWUDDING_1,OMG
0:22:08,@코스모_찬,bruhh
0:22:09,@TheMTwinny,Take a good whiff son
0:22:09,@DrRoo-qj9np,Goob having God's phone number is peak
0:22:09,@Skylie-star,LOL
0:22:09,@Tv_narwal,:O
0:22:10,@kloudscringe,It’s so meta 
0:22:10,@Vortextheslayer87,the fu k is this
0:22:10,@Bby_Xia,YO
0:22:10,@jaquitamcdaniel7021,:skull_and_crossbones::skull_and_crossbones::skull_and_crossbones::skull_and_crossbones::skull_and_crossbones::skull_and_crossbones::skull_and_crossbones::skull_and_crossbones::skull_and_crossbones::skull_and_crossbones::skull_and_crossbones::skull_and_crossbones::skull_and_crossbones:
0:22:11,@Fatimahwashere,WOAHHHH
0:22:11,@galladefan475,DYLE
0:22:12,@Reemocreemo,Just finished as soon I came amazing:smiling_face_with_tear:
0:22:13,@T0m.g0ogle,WOW WOW WOW
0:22:13,@DahliaDrawsDesign,GAY
0:22:13,@SofaCat_Art,THAT WUS COOL
0:22:13,@mexfinncanonilovefinnhehe,OMG OGM LGM LG KMG
0:22:13,@kawaiiangel-neko,this was so beautiful :face_holding_back_tears:
0:22:14,@Skylie-star,IM CRYING LOLL
0:22:14,@Notes-f9s,masterpiece
0:22:14,@user-silky-g4j,the tails:loudly_crying_face:
0:22:14,@NubMcMoofin,:saluting_face::saluting_face::saluting_face:
0:22:14,@JoeYork-y1z,:face_with_tears_of_joy::face_with_tears_of_joy::face_with_tears_of_joy::face_with_tears_of_joy:
0:22:14,@doge_boi__,Vee pls
0:22:15,@fireejr15.5,:face-red-droopy-eyes::face-red-droopy-eyes::face-red-droopy-eyes::face-red-droopy-eyes::face-red-droopy-eyes::face-red-droopy-eyes::face-red-droopy-eyes:
0:22:15,@mountmyheadonawall,OMG AYYAYA
0:22:15,@wheres_waddle1913,Ooh
0:22:15,@Dino_Mitez,Its too short!!
0:22:15,@sprout-f9s,omg dyle
0:22:16,@Nightlyshadesofthenight,DANDY X EVERYONE YAHHOOOOOOOOOOO
0:22:16,@YouFool_Official,This outro is tuff 
0:22:16,@Peejaylew,WHAT THE FU
0:22:17,@SonicTaim,btw Tamers can you adopt me
0:22:17,@TipsyPepsy,THIS FEEL SHORTER THAN THE AVERAGE
0:22:17,@Hikarian01,"ouu dandy, i love you"
0:22:17,@dragonandfun,:face-turquoise-covering-eyes::face-turquoise-covering-eyes::face-turquoise-covering-eyes::face-turquoise-covering-eyes::face-turquoise-covering-eyes::face-turquoise-covering-eyes::face-turquoise-covering-eyes::face-turquoise-covering-eyes::face-turquoise-covering-eyes::face-turquoise-covering-eyes::face-turquoise-covering-eyes::face-turquoise-covering-eyes::face-turquoise-covering-eyes::face-turquoise-covering-eyes::face-turquoise-covering-eyes::face-turquoise-covering-eyes::face-turquoise-covering-eyes::face-turquoise-covering-eyes:
0:22:18,@Looeyballony-lol,WHY ARE THEY CATS
0:22:19,@JordanSmith-z9g,what the fuck?
0:22:19,@aqua.loves.youtube,FURRYYYYYSSS
0:22:19,@jazzy_jays1,DANDY.
0:22:20,@Chocolate1232,damn
0:22:20,@fireejr15.5,:face-red-droopy-eyes::face-red-droopy-eyes::face-red-droopy-eyes::face-red-droopy-eyes::face-red-droopy-eyes:
0:22:20,@Skylie-star,LOLLL
0:22:21,@Joseph-e8y3v,favorite
0:22:21,@newt1_33,:face-red-heart-shape::face-red-heart-shape::face-red-heart-shape::face-red-heart-shape::face-red-heart-shape::face-red-heart-shape:
0:22:21,@galladefan475,OH HE'S HURTING DANDY.
0:22:21,@Starlight379-l7,OH MY GAWWWWWWWWWWWWWWWWWWWWWWWWWWWWWWWWWWWWWWWWWWWWWWWWWWWWWWWWWWWDDDDDDDDD
0:22:21,@FR0GGY._.m3dia,CUTENESS OVERLOAD :cat_with_wry_smile:
0:22:22,@sSnlwysurvivor,wtf
0:22:22,@SuperCaptainFail,DYLE WASNT IN THIS EPISODE
0:22:23,@The_Silly_Patootie,WHAT ARE THESE DRAWINGS TAMERS
0:22:23,@VisciousAdventurer,PLS FIN PLS FIN PLS FIN
0:22:23,@jaquitamcdaniel7021,:skull_and_crossbones::skull_and_crossbones::skull_and_crossbones::skull_and_crossbones::skull_and_crossbones:
0:22:24,@kloudscringe,WAXWELL BRO
0:22:24,@Boring_sky,Dyle lowkey
0:22:24,@JackieKog,Endless PEAK
0:22:24,@c.01.3,"This is what we call ""filler"""
0:22:24,@MinioMicha09,Wow
0:22:24,@sprout-f9s,dyle bro
0:22:24,@Tea_Teasr,*cries*
0:22:24,@Tiffany-kat09,IM CRYING THIS WAS SO RANDOM
0:22:25,@Skylie-star,:face-blue-smiling::face-blue-smiling::face-blue-smiling::face-purple-crying:
0:22:25,@RibbonCatgo,Waxwell bro 
0:22:25,@CatsAreS1lly,HEY WAIT WHAY ABOUT KAST EPISODE
0:22:26,@SonicTaim,Adopt me Tamers
0:22:26,@alcinaisMINE,Gourdy and soulvester cat boys now
0:22:26,@yukisenpai1528,LOL
0:22:27,@dragonandfun,YOOO TF
0:22:27,@shiny_eevee-bold,WOOHOO
0:22:28,@Nightlyshadesofthenight,WE ARE SO HER
0:22:28,@Anajuliagomesdemorais,what a theat hell bro :skull::skull:
0:22:29,@TheMTwinny,TOXIC
0:22:29,@JoeYork-y1z,Waxwell! 
0:22:29,@Nightlyshadesofthenight,YESSS
0:22:29,@galladefan475,WAXWELLLLL
0:22:30,@MiguelReyes-ui4hy,kiss!!!
0:22:30,@shiny_eevee-bold,KITTY
0:22:30,@Shelly-03-iluvyou,EW EW
0:22:30,@newt1_33,:popcorn-yellow-striped-smile::popcorn-yellow-striped-smile::popcorn-yellow-striped-smile:
0:22:30,@jazzy_jays1,STOP WITH THE SOULVESTER AND GOURDY JOKES
0:22:30,@zen.ornamentbasket,WOAHHHH
0:22:31,@Skylie-star,BAHA
0:22:31,@Shelly-03-iluvyou,EWEW
0:22:32,@ftmhonglu,OH YEAH 
0:22:32,@Starlight379-l7,AWWWSS
0:22:32,@fireejr15.5,:hand-orange-covering-eyes::hand-orange-covering-eyes::hand-orange-covering-eyes::hand-orange-covering-eyes::hand-orange-covering-eyes::hand-orange-covering-eyes::hand-orange-covering-eyes:
0:22:32,@alcinaisMINE,NOW IM HUNGRAY
0:22:32,@Shelly-03-iluvyou,WEE
0:22:32,@Shelly-03-iluvyou,W
0:22:33,@x_scientist1738,WAXWELL GET YOUR PAWS OFF OF HIMMMM
0:22:33,@Shelly-03-iluvyou,EWE
0:22:33,@Shelly-03-iluvyou,E
0:22:33,@mountmyheadonawall,PEAKKKK
0:22:33,@Shelly-03-iluvyou,WE3E
0:22:34,@SofaCat_Art,AHAHAHAHAH
0:22:34,@Shelly-03-iluvyou,EWE
0:22:34,@Shelly-03-iluvyou,WE
0:22:34,@NicoleBelviso,I SCREEN SCOOTER THE ASTRO ONE
0:22:34,@Shelly-03-iluvyou,WE
0:22:34,@Shelly-03-iluvyou,W
0:22:34,@Tea_Teasr,waxwell x dandy is the worst thing
0:22:34,@Shelly-03-iluvyou,E
0:22:34,@Nightlyshadesofthenight,WAXWELL AND DAMDY YESSS
0:22:34,@Shelly-03-iluvyou,WE
0:22:35,@Boring_sky,Yk~
0:22:35,@KimberlyHardin-y7u,YO
0:22:36,@VisciousAdventurer,WAX WAX
0:22:36,@sosonicandsocool,WAXWELL?
0:22:37,@VisciousAdventurer,WAX
0:22:37,@VisciousAdventurer,WAX
0:22:37,@Shelly-03-iluvyou,WEEW
0:22:38,@newt1_33,lolll
0:22:38,@Nightlyshadesofthenight,YESSS
0:22:39,@lauramartinez9913,I KNEW IT
0:22:39,@Shelly-03-iluvyou,W
0:22:39,@BunnyAngel-k9u,aAaa
0:22:39,@The_Silly_Patootie,HELPPPPPP
0:22:40,@Shelly-03-iluvyou,E
0:22:40,@okuriinu8489,dandys heat
0:22:40,@FR0GGY._.m3dia,THESE R SO CUTE ANDS STUPID AT THE SAME TIME
0:22:40,@Heysi777,wow
0:22:40,@galladefan475,WHAT
0:22:40,@Yasmine-n5z2v,me? :pensive_face:
0:22:41,@shiny_eevee-bold,KITTYYYY
0:22:41,@jellycheese7318,W
0:22:41,@alcinaisMINE,Soulvester and gourdy
0:22:41,@Shelly-03-iluvyou,EW
0:22:41,@Tea_Teasr,WTH
0:22:41,@Starlight379-l7,KITTY CATS
0:22:41,@Notes-f9s,BRO
0:22:42,@Tea_Teasr,WTH
0:22:42,@JoeYork-y1z,Bye tamers
0:22:43,@Peejaylew,DANDY X EVERYONE GNG
0:22:44,@x_scientist1738,AYO??????????/
0:22:44,@SonicTaim,.
0:22:45,@shiny_eevee-bold,KITTYUUHH
0:22:45,@Peejaylew,WTF
0:22:45,@The_Silly_Patootie,AYOOOOOO
0:22:45,@Ili.The.Raccoon1457,OH-
0:22:45,@Notes-f9s,WAXW NYAA
0:22:46,@T0m.g0ogle,DAWNGGG
0:22:46,@jennythebean9117,OwO
0:22:46,@Exiledlama,Meow?
0:22:46,@arelirodriguez7198,what? The f did I just watch?
0:22:46,@jazzy_jays1,AYE
0:22:46,@MiguelReyes-ui4hy,wowww
0:22:46,@Vanillaa-n4j,OOWW
0:22:47,@ShadowninjaTv392,Everyone died
0:22:47,@lauramartinez9913,HAHAHA I JINXED WAXWELL AS A CAT
0:22:47,@CatsAreS1lly,WHAT THE
0:22:48,@Rainie_xx,Now I have to draw fanart of Finn and Shrimpo in that booth…
0:22:48,@wheres_waddle1913,CUTE
0:22:48,@neoncubegaming,SO ADORABLE
0:22:48,@Idkdandysworld,AYO
0:22:48,@dark_moonlight-u9g,AAAAAAAAA
0:22:49,@jaquitamcdaniel7021,no
0:22:50,@Starlight379-l7,OOOOOOOOOOOOOOOOOOOOOOOOO
0:22:50,@Koi_Cat,WHAT THE HELLY
0:22:51,@Skylie-star,COSMO 
0:22:51,@Snowballytx,Great ending totally
0:22:51,@yukisenpai1528,PARDON
0:22:51,@VisciousAdventurer,O.O
0:22:51,@EllaandAdrienne3,WTFF
0:22:51,@BunnyAngel-k9u,Jajajjajajaajajjajajajaj
0:22:52,@Nightlyshadesofthenight,IM SO FUCKING HAPPY
0:22:52,@x_scientist1738,yeah this GENUINELY getting taken down bro
0:22:52,@MiguelReyes-ui4hy,yay
0:22:53,@Ur.Fav.Melodramatic.Lad14,emotional for what
0:22:53,@applebloom2307,everyone x dandy pretty based
0:22:53,@kloudscringe,BOTEN
0:22:53,@esotericpony,i hope waxwell enters the love triangle to make it a square
0:22:53,@K1tty_K4tsX3,no fair i wish theyre real:pouting_face:
0:22:54,@sprout-f9s,cosmo
0:22:54,@sugarushallday,ooooo
0:22:57,@mexfinncanonilovefinnhehe,FLOWERCAKE MENTIONED YESSSSSSSSSSS
0:22:57,@Kurbii_the_Sturbi,THIS SURRY FEX?
0:22:57,@Shadow_is_better_than_sonic,Wait I just realized that Doyle wasn’t in this ep
0:22:57,@Fatimahwashere,WOAH
0:22:57,@Imanna012,I JUST LOVE ME A RAREPAIR
0:22:57,@Skylie-star,MY TURN MOVE DANDY
0:22:58,@sprout-f9s,:face_with_tears_of_joy:
0:22:58,@sugarushallday,AHAHAHAHAHHAHAHA
0:22:58,@dragonandfun,:face-purple-crying::face-purple-crying::face-purple-crying::face-purple-crying::face-purple-crying::face-purple-crying::face-purple-crying::face-purple-crying::face-purple-crying::face-purple-crying::face-purple-crying::face-purple-crying::face-purple-crying::face-purple-crying::face-purple-crying:
0:22:58,@Syriussanity,im gay
0:22:58,@EllaandAdrienne3,YEES
0:22:59,@neoncubegaming,^_^
0:22:59,@Starlight379-l7,AWWWWWWWWW
0:22:59,@Tea_Teasr,#me
0:22:59,@alcinaisMINE,*meows cutely and grabs everyones attention*
0:22:59,@JoeYork-y1z,Boxten
0:22:59,@FR0GGY._.m3dia,:loudly_crying_face::loudly_crying_face::loudly_crying_face::loudly_crying_face:
0:23:00,@mountmyheadonawall,ineed to draw all of this now
0:23:00,@user-silky-g4j,aww
0:23:00,@sugarushallday,XDDDD
0:23:00,@Dino_Mitez,Hey look its like that other outro he slowly feels more uncomfortable the more it goes on!!!!!
0:23:00,@T0m.g0ogle,JUST LIKE IDGAF YESSSS
0:23:01,@Hazyphern,i was here
0:23:01,@Boring_sky,BOXTeN
0:23:01,@ChuddlyChubbles,WOAHHHH
0:23:01,@vfewd,This is iconic
0:23:01,@fireejr15.5,:face-orange-raised-eyebrow::face-orange-raised-eyebrow::face-orange-raised-eyebrow:
0:23:01,@wheres_waddle1913,AW
0:23:02,@EllaandAdrienne3,YEEEEES
0:23:03,@Shadow_is_better_than_sonic,*dyle
0:23:03,@MiguelReyes-ui4hy,lol
0:23:03,@Syriussanity,BOXTEN
0:23:03,@ChuddlyChubbles,BOXTENNNNN
0:23:04,@lolchizx,omg
0:23:05,@The_Silly_Patootie,Dandy being shipped with everybody :loudly_crying_face::loudly_crying_face::loudly_crying_face::loudly_crying_face::folded_hands::folded_hands::folded_hands::broken_heart::broken_heart::broken_heart::wilted_flower::wilted_flower::wilted_flower::wilted_flower::wilted_flower:
0:23:05,@YouFool_Official,Ok tames u need to chilly 
0:23:06,@Boring_sky,THE GOaT
0:23:06,@ChuddlyChubbles,YESSSSS
0:23:06,@mia_Luna-e,BOXTEN X DANDY
0:23:06,@Simon-hen,MY BOY
0:23:07,@dragonandfun,TF!!!
0:23:07,@ShrimposHuz,Nya
0:23:07,@PopgumMLP,"That was hot, thank u."
0:23:08,@Koi_Cat,MY SHAYLAH
0:23:08,@DahliaDrawsDesign,Multi shipper dream
0:23:08,@sosonicandsocool,bro hates boxten
0:23:08,@Starlight379-l7,AWWWWWWWWWWW
0:23:08,@Nightlyshadesofthenight,DANDY X EVERYONE MAKES ME SO HAPPY
0:23:09,@MiguelReyes-ui4hy,...
0:23:09,@CatsAreS1lly,DANDY MOVE OUT THE WAY
0:23:10,@EllaandAdrienne3,MY GAYLING
0:23:10,@sprout-f9s,tf
0:23:11,@SonicTaim,what the actual Fuck
0:23:11,@Tea_Teasr,musicpetals metioned
0:23:12,@ChuddlyChubbles,BOXTENNNNNNNN
0:23:12,@joycadet7064,WOAH
0:23:12,@AlessafoxAlessafox,well that was fun
0:23:12,@galladefan475,STOP
0:23:12,@SaulMorales-w7h,Boxtin
0:23:13,@NicoleBelviso,WTF
0:23:13,@emosprout,TAMERS CAN U POST THE CREDIT IMAGES ONTO THE PATREON 
0:23:13,@Starlight379-l7,OH
0:23:14,@Tea_Teasr,WTH
0:23:14,@JoeYork-y1z,Wow
0:23:14,@Amelia_lol45,AYOO
0:23:14,@dribvox,WOAHHHHHHHHHH
0:23:14,@aqua.loves.youtube,I AM A GOOD KITTY MEOOW~~~
0:23:15,@T0m.g0ogle,OHHHH
0:23:15,@EllaandAdrienne3,NOOOPE
0:23:15,@Nightlyshadesofthenight,OIU SHITTTT
0:23:15,@darknispro205,DANDY SWITCH WITH ME NOW
0:23:15,@Yasmine-n5z2v,SONG IN 2019:wilted_flower::wilted_flower::wilted_flower::wilted_flower::wilted_flower::wilted_flower::pensive_face::pensive_face::pensive_face::pensive_face::pensive_face::pensive_face::pensive_face::pensive_face::pensive_face::pensive_face::pensive_face::pensive_face::pensive_face::pensive_face::collision::collision::wilted_flower::wilted_flower::wilted_flower::wilted_flower::wilted_flower::wilted_flower::wilted_flower::speaker_medium_volume::megaphone:
0:23:15,@BunnyAngel-k9u,WHAT WHAT
0:23:16,@mountmyheadonawall,hehehehe
0:23:16,@fish_crime,SOUL????????
0:23:16,@FR0GGY._.m3dia,YOOOOOOOOOOO
0:23:16,@TheKalimanMX,whoa
0:23:17,@Boring_sky,Oh soulvester
0:23:18,@jazzy_jays1,WOAHHHHHH
0:23:18,@ෆ-._Zii_.-ෆ,OH LOL
0:23:19,@W1nst0nmyessa,DANDY W EVERYONE?-
0:23:19,@KimberlyHardin-y7u,:pensive_face:
0:23:19,@Leslie.1x,EWWW
0:23:19,@otis12345oreo,DAMM
0:23:19,@misakayy1911,WHAT
0:23:19,@DrRoo-qj9np,Markiplier name as a patreon supporter
0:23:20,@CatsAreS1lly,DANDY MIVEEEE
0:23:20,@7M9production,WoAHhHh
0:23:21,@neoncubegaming,OU SHIIIII
0:23:21,@jazzy_jays1,HOLD UP
0:23:21,@Simon-hen,OMGGGG
0:23:21,@dribvox,SOULVESTER!!!!!!!!!!
0:23:21,@alcinaisMINE,SOULVESTER GUAT:smiling_face_with_heart_eyes::smiling_face_with_heart_eyes:
0:23:21,@Peejaylew,SOUL
0:23:21,@jennythebean9117,Zamn
0:23:22,@jaquitamcdaniel7021,o
0:23:22,@sosonicandsocool,ouiii
0:23:22,@VisciousAdventurer,DEAR GOOOD
0:23:22,@darknispro205,DANDY SWITCH NOW
0:23:22,@lolchizx,slayy
0:23:23,@Syriussanity,Ou shiii
0:23:23,@sophiaroseechlin,ayo astro and dandy 
0:23:23,@Nightlyshadesofthenight,SOUL VESTER X DANDY FINALLY YESSS
0:23:23,@jo3a548,DAYUUUUM
0:23:24,@yukisenpai1528,soulvester can go
0:23:24,@ChuddlyChubbles,EUGH BRING BOXTEN BACK
0:23:24,@Tea_Teasr,ew
0:23:25,@moriorinvictus69,why he got all that
0:23:26,@darknispro205,DANDY NOOVE
0:23:26,@HMZeroTwo,ZAMN SOULVESTER
0:23:26,@T0m.g0ogle,OU SHIIIII
0:23:26,@shiny_eevee-bold,WOAAAAHHHH
0:23:26,@MiguelReyes-ui4hy,uh
0:23:26,@TipsyPepsy,dandy switch you fact got
0:23:27,@YouFool_Official,OUU 
0:23:27,@franshikochikotoresu4820,SOULVESTER! :loudly_crying_face:
0:23:27,@TheMTwinny,LMAO NAH
0:23:27,@ftmhonglu,WHY IS HE SO CHEEKED UP 
0:23:28,@dragonandfun,Gordy!!!?!?!
0:23:28,@jirajira-j7t,EWWWW SOULVESTER
0:23:28,@Starlight379-l7,AWWWWW
0:23:29,@Boring_sky,NO
0:23:29,@Tea_Teasr,GOURDY IS A KID
0:23:29,@MyriadSkyFlaming,We are all gay.
0:23:29,@applebloom2307,KYUTTEEEEE OUGHHHH#
0:23:30,@user-silky-g4j,awww
0:23:30,@Nightlyshadesofthenight,OK
0:23:31,@The_Silly_Patootie,AWWWWWWWWW
0:23:31,@mountmyheadonawall,awwwww
0:23:31,@JoeYork-y1z,Groundy 
0:23:31,@Peejaylew,GOURDYYYY
0:23:31,@TipsyPepsy,.
0:23:31,@sprout-f9s,aww so cutee
0:23:31,@ftmhonglu,awww so cute
0:23:31,@T0m.g0ogle,MY BABY
0:23:31,@fish_crime,wholesome :3
0:23:31,@jo3a548,cute
0:23:32,@zen.ornamentbasket,few…
0:23:32,@c.01.3,Awww
0:23:32,@Boring_sky,GOURDy
0:23:32,@Idkdandysworld,Okay 
0:23:32,@alcinaisMINE,GOURDY AND SOULVESTER CAT BOYS
0:23:33,@sosonicandsocool,awwwww
0:23:33,@BunnyAngel-k9u,CUTE
0:23:33,@Starlight379-l7,SO CUTE
0:23:33,@wheres_waddle1913,AW
0:23:33,@maricarla-1234,awww
0:23:33,@7M9production,Finally normal
0:23:34,@jo3a548,CUTE
0:23:34,@CatsAreS1lly,NO NO NO NO NO
0:23:34,@Syriussanity,AWWW GOURDY
0:23:34,@fireejr15.5,:face-red-heart-shape::face-red-heart-shape::face-red-heart-shape::face-red-heart-shape::face-red-heart-shape:
0:23:34,@Simon-hen,AWWW
0:23:34,@MyriadSkyFlaming,:face_screaming_in_fear:
0:23:34,@shiny_eevee-bold,yay gourdy is finee
0:23:35,@Ili.The.Raccoon1457,GOURDY??!
0:23:35,@Tea_Teasr,THIS IS SCREWED UP
0:23:35,@ෆ-._Zii_.-ෆ,OY GOURDY
0:23:36,@Boring_sky,o
0:23:36,@silliesBalloon,awwwww
0:23:36,@wheres_waddle1913,CUTIES
0:23:36,@Notes-f9s,soulvester damn cake
0:23:36,@Peejaylew,SO CUTRP
0:23:36,@darknispro205,Aaaaawww
0:23:36,@Vanillaa-n4j,AWWW GOURDY SOO CUTİEE
0:23:37,@FR0GGY._.m3dia,AWWWWWWWWWW
0:23:37,@Leslie.1x,awwww
0:23:38,@TheMTwinny,daw this cute
0:23:38,@jo3a548,CUUUUUTE
0:23:38,@newt1_33,wtf lol
0:23:38,@alcinaisMINE,MY WISH CAME TRU:smiling_face_with_heart_eyes::smiling_face_with_heart_eyes::smiling_face_with_heart_eyes:
0:23:38,@Tea_Teasr,NO
0:23:38,@Boring_sky,NO
0:23:38,@esotericpony,thank you tamers12345 for not using AI i appreciate it! :D
0:23:38,@Hikarian01,ooou gourdy :loudly_crying_face::loudly_crying_face::loudly_crying_face::loudly_crying_face:
0:23:38,@Koi_Cat,Awwwwwwww
0:23:39,@VisciousAdventurer,GOURDY :pleading_face:
0:23:40,@TipsyPepsy,I SAID IT AT SOULVESTER
0:23:40,@Tea_Teasr,NO
0:23:40,@yukisenpai1528,yay that's cute
0:23:40,@applebloom2307,OUGHHHH YEAHHH
0:23:41,@jirajira-j7t,AWHHHH
0:23:41,@Ili.The.Raccoon1457,AWWWWWW
0:23:41,@Hikarian01,"<3<3,3"
0:23:42,@alcinaisMINE,SMASH
0:23:42,@kloudscringe,IT JUST KEEPS GOING
0:23:42,@jazzy_jays1,FINALLY A WHOLESOME IMAGE
0:23:43,@NubMcMoofin,:horse::racehorse::horse::horse::racehorse::horse::horse::racehorse::horse:
0:23:43,@NicoleBelviso,fym
0:23:43,@Tea_Teasr,?
0:23:43,@JoeYork-y1z,Finn
0:23:43,@Boring_sky,NOO
0:23:44,@dragonandfun,"oh, hold on!!!!!"
0:23:44,@POOHBEARRawr12,So CUTE
0:23:44,@The_Silly_Patootie,A NORMAL ONE
0:23:44,@Laceshelf,Omg goruby u so cute
0:23:44,@ෆ-._Zii_.-ෆ,FINN??
0:23:45,@CatsAreS1lly,HOKY SHIT NO
0:23:45,@Nightlyshadesofthenight,FINNN
0:23:45,@Snowballytx,Help meeeee
0:23:45,@otis12345oreo,IT SHOULD HAVE BEEN ME
0:23:45,@MiguelReyes-ui4hy,gourdy is a child
0:23:47,@Sprinklelover2763,Ouu shii:eyes::eyes:
0:23:47,@ShadowninjaTv392,Yeah I hope not
0:23:47,@ilygma21,I wonder who all those people are
0:23:48,@mountmyheadonawall,hehehehehehehehehe
0:23:48,@T0m.g0ogle,DAWNG
0:23:48,@fireejr15.5,:face-green-smiling::face-green-smiling::person-turqouise-waving::text-green-game-over:
0:23:48,@Simon-hen,FINN??
0:23:48,@misakayy1911,YOOOOOOOOOOOOOOOOOO
0:23:49,@Starlight379-l7,OOOOOOOOOOOOOOOOOOOOO
0:23:49,@K1tty_K4tsX3,EVERYONE MOVE/
0:23:49,@Koi_Cat,OU
0:23:49,@Tea_Teasr,pass ig
0:23:49,@yukisenpai1528,OH.
0:23:50,@DahliaDrawsDesign,Yay it’s not flirty
0:23:50,@aqua.loves.youtube,GOURDY WITH SOULVESTER GRR
0:23:51,@fireejr15.5,:text-green-game-over::text-green-game-over:
0:23:52,@PopgumMLP,My bf is named looey too ehy u killed his ass
0:23:52,@VisciousAdventurer,NICEEEE!!!!
0:23:52,@ftmhonglu,finns shirt is justgone 
0:23:52,@Dino_Mitez,Banger ass outro btw!
0:23:52,@mewgalaxia,well i like this episode alot
0:23:52,@ozzyizer,THANK YOU FOR FEEDING US TAMERS
0:23:53,@SonicTaim,What the Fuck
0:23:53,@The_Silly_Patootie,FINN AND DANDY?????
0:23:53,@MiguelReyes-ui4hy,qth
0:23:53,@Alex13491,Fine the hell!!
0:23:54,@Hikarian01,gourdy i love you!
0:23:54,@JoeYork-y1z,All the boys
0:23:54,@MinioMicha09,Okay what about dog plush onesie 
0:23:55,@Tea_Teasr,ouhh
0:23:55,@ෆ-._Zii_.-ෆ,O MAH GAH
0:23:56,@Pichus_Play,goatvester
0:23:56,@fish_crime,ok i like this too much its not ironic anymore
0:23:57,@pangirl1234,OOOO
0:23:57,@CatsAreS1lly,DANDY FEWLING GAY TODAY
0:23:58,@kloudscringe,THERESSO MICH LEFT
0:23:58,@Snowballytx,Funny
0:23:58,@aqua.loves.youtube,SO CUTE GOURDYYYY
0:23:59,@Tea_Teasr,wth
0:23:59,@Boring_sky,Now where’s sprout
0:23:59,@JoeYork-y1z,Awwwwww
0:24:00,@jaquitamcdaniel7021,well
0:24:00,@ෆ-._Zii_.-ෆ,SHRIMPO
0:24:00,@Starlight379-l7,AWW SO CUTE
0:24:00,@ShadowninjaTv392,:text-green-game-over:
0:24:00,@Nightlyshadesofthenight,YES
0:24:01,@kloudscringe,OH OK
0:24:01,@mountmyheadonawall,angy
0:24:01,@Muffim123,I LOVE YOU DANDYYY
0:24:02,@Peejaylew,RIO
0:24:02,@ftmhonglu,aww shrimpo 
0:24:02,@newt1_33,aww how cute
0:24:02,@fireejr15.5,:face-orange-raised-eyebrow::face-orange-raised-eyebrow::face-orange-raised-eyebrow:
0:24:02,@esotericpony,lets ship dandy with everyone :P
0:24:03,@mia_Luna-e,BYEEE GAYS
0:24:03,@SigmaRizz-du1cc,guys im dandy why boxten was there btw <3
0:24:04,@Simon-hen,SHRIMPO
0:24:04,@Amiya-n2s,LOLLLL
0:24:04,@Koi_Cat,KYITTY
0:24:04,@wheres_waddle1913,SILLIES
0:24:05,@Nightlyshadesofthenight,YAHOOOOO
0:24:05,@T0m.g0ogle,"OK, MOVE"
0:24:06,@NubMcMoofin,:smiling_face_with_hearts:
0:24:06,@SigmaRizz-du1cc,when*
0:24:06,@SaulMorales-w7h,Awwwwwwww
0:24:07,@Yasmine-n5z2v,BAI FEMBOYS AND LESBIANS AND GAYS AND AROMANTIC AND IDK
0:24:07,@emosprout,POST THIS TO THE PATREONNN
0:24:07,@Tea_Teasr,THE END
0:24:07,@NicoleBelviso,CUTIE
0:24:08,@MiguelReyes-ui4hy,wow
0:24:08,@jennythebean9117,UwU 
0:24:08,@Starlight379-l7,WOWOWOWOWOWOWOWOWOWO
0:24:10,@JoeYork-y1z,Bye tamers
0:24:10,@Amiya-n2s,NOO
0:24:11,@Tea_Teasr,GOODBYEEEE
0:24:11,@wheres_waddle1913,PEAK
0:24:11,@sosonicandsocool,awww
0:24:11,@Notes-f9s,bye
0:24:11,@The_Silly_Patootie,OH
0:24:11,@wheres_waddle1913,PEAK
0:24:12,@NubMcMoofin,:saluting_face::saluting_face::saluting_face::saluting_face:
0:24:12,@Hikarian01,goatvester goatvester :two_hearts:
0:24:12,@user-silky-g4j,shrimp would be so fluffy
0:24:12,@Moonflower4life-g9v,Awww
0:24:13,@wheres_waddle1913,PEAK
0:24:13,@dragonandfun,YOO hold on!!!!!!!:hand-orange-covering-eyes::hand-orange-covering-eyes::hand-orange-covering-eyes::hand-orange-covering-eyes::hand-orange-covering-eyes::hand-orange-covering-eyes::hand-orange-covering-eyes::hand-orange-covering-eyes::hand-orange-covering-eyes::hand-orange-covering-eyes::hand-orange-covering-eyes::hand-orange-covering-eyes::hand-orange-covering-eyes::hand-orange-covering-eyes::hand-orange-covering-eyes::hand-orange-covering-eyes::hand-orange-covering-eyes::hand-orange-covering-eyes:
0:24:14,@Boring_sky,Aw that’s the end..
0:24:14,@jaquitamcdaniel7021,wtf
0:24:14,@wheres_waddle1913,PEAK
0:24:14,@NicolAldea,bye
0:24:14,@kszzeenn,PEAKKK
0:24:15,@Moonflower4life-g9v,Awww
0:24:16,@K1tty_K4tsX3,Theyre salt cube:purple_heart::purple_heart:
0:24:16,@JoeYork-y1z,Bye everyone 
0:24:16,@katrinabachmann,BAI
0:24:16,@Hikarian01,ty tamers team
0:24:17,@mountmyheadonawall,PEAKKKKK
0:24:17,@esotericpony,bye everyone! bye tamers!
0:24:17,@realblixels,imsosad its over 
0:24:17,@Anajuliagomesdemorais,omg só cute this gourdy and dandy
0:24:17,@NicolAldea,bye
0:24:19,@Tea_Teasr,YAS
0:24:19,@galladefan475,that was amazing
0:24:19,@user-silky-g4j,bye yall
0:24:19,@FR0GGY._.m3dia,BYEEEE GUYS
0:24:20,@T0m.g0ogle,HEHEHEHHE
0:24:20,@The_Silly_Patootie,BYE GUYS
0:24:20,@neoncubegaming,PEAK
0:24:20,@DahliaDrawsDesign,This is like a marvel movie never skip
0:24:21,@Notes-f9s,astro sucks
0:24:21,@fish_crime,delish as always tamers see u next week <3
0:24:22,@alcinaisMINE,In a perfect and ideal world the gourdy one wouldve been suggestive 
0:24:22,@JoeYork-y1z,Bye
0:24:22,@Fixer_Mixer621,LOVE IT!!!!
0:24:22,@ShrimposHuz,I dont want to leave yall
0:24:22,@oumotaz,angryflower mentioned
0:24:23,@AnimeGames16,o7
0:24:23,@Tea_Teasr,byeee
0:24:23,@Amiya-n2s,I’m not going anywhere
0:24:23,@Snowballytx,So peak
0:24:23,@BunnyAngel-k9u,PEAK :face_holding_back_tears::face_holding_back_tears:
0:24:23,@K1tty_K4tsX3,Bye
0:24:23,@Boring_sky,Bye
0:24:24,@Imanna012,Cya everybody!
0:24:24,@Koi_Cat,Peak 
0:24:24,@TuskiYozora,PEAK
0:24:24,@Idkdandysworld,Buyer
0:24:24,@jazzy_jays1,SOULVESTER IN YHAT CLUE THOUGH
0:24:25,@mountmyheadonawall,TYSM TAMERS
0:24:25,@CatsAreS1lly,BYWW
0:24:25,@NicolAldea,bye
0:24:26,@YouFool_Official,Byeeee viyssss
0:24:26,@x_scientist1738,BYYYYEEEEEEEE
0:24:27,@kloudscringe,Meta
0:24:27,@Boring_sky,See your
0:24:28,@Kinahizhere,Bye
