timestamp,author,message
0:00:00,@Heylooren,OHH
0:00:00,@ChloeAnderson-f8i,67
0:00:00,@Choco_pufz,It started
0:00:00,@Bakunisawesum12,2
0:00:01,@scall0p31w,Just in time :blue_circle::blue_circle::waving_hand:
0:00:01,@Itsyourgirl33,YUHHHHHHHHHHHHHHH
0:00:01,@Cyvpaws,111111111
0:00:01,@SQUIRM-EATS,1
0:00:02,@J3llycr0,YYEEEEEEEEEEEEEEEEEEEEESSSSSSSSSZZZ
0:00:02,@Bakunisawesum12,1
0:00:02,@Yanella_wins,321!
0:00:02,@Mimio-p8o,YESSSS 
0:00:02,@Kipkat13,HELLO FRIENDS :D
0:00:02,@ZoombaPumba,YOOOOOOOOOOO
0:00:03,@amobolos99,YESSSSS
0:00:03,@sweekxuuuu,oh
0:00:03,@gabbyvelazquez7989,:red_circle::red_circle:
0:00:03,@Statetostatestatens,GOHAN IS BLACK WITH HIS BIRTHDAY''
0:00:04,@Chilibleu,YEAHHHHHHHHHH
0:00:05,@Statetostatestatens,GOHAN IS BLACK WITH HIS BIRTHDAY 
0:00:05,@Angelilockedaway,YESSSSS
0:00:06,@ShellyFossilianMM,Omg I’m so excited…!!!!
0:00:06,@SeMariWillies,I’M BUSTING
0:00:06,@Mmilky_way,OOP
0:00:06,@RoySimilus,It's here
0:00:06,@pokefreak2112,lets gooooo
0:00:06,@Sillybillyconfirmed,MMAMAAA
0:00:06,@CocoaBonbonington,BARK BARK
0:00:07,@bouncywoo,OMG
0:00:07,@Shivery,VA
0:00:07,@LucyAnimates10,Uhm…
0:00:07,@qwwwwwwweeeeeee,YAY
0:00:07,@veelee9808,HELLO
0:00:07,@Cococaa,AHAHHA
0:00:08,@abread369,OH MYT GOD
0:00:08,@robloxlikeke5774,YAYYY
0:00:08,@NuhuhhUmeannie,JUST CAME
0:00:08,@sara17_animation,Woww
0:00:08,@RANDOMX_Aikø,𝐆𝐎𝐎𝐎𝐎𝐎
0:00:09,@Statetostatestatens,GOHAN IS BLACK WITH HIS BIRTHDAY 
0:00:09,@rose_gamer100,YESS
0:00:09,@alcinaisMINE,10 SWCONDDS
0:00:09,@The_Silly_Patootie,HELPPPPO
0:00:10,@ShellyFossilianMM,OH MY GOD????
0:00:10,@rose_gamer100,OMG
0:00:10,@Angelilockedaway,OH COSMO
0:00:10,@veelee9808,HELLO
0:00:10,@Itsyourgirl33,YAYAYAYAYAYAYAYAYAY
0:00:10,@ilovechristmasforever,ew Cosmo!
0:00:11,@Sillybillyconfirmed,20 SECOJNDS
0:00:11,@Kakaokomanden,HOLY SHIT HE GAY
0:00:12,@gabbyvelazquez7989,WTH
0:00:12,@Yanella_wins,LOLL
0:00:13,@064razor,Full voice Cosmo
0:00:13,@rose_gamer100,:revolving_hearts::revolving_hearts::revolving_hearts::revolving_hearts:
0:00:14,@alcinaisMINE,REF
0:00:14,@Cattle.ink.3,OOP-
0:00:14,@dumsanihlatshwayo3185,OMG
0:00:14,@brittanydavis1771,YAY!!!!
0:00:14,@superarcade643,REALLY?
0:00:14,@rose_gamer100,:revolving_hearts:
0:00:14,@Saily-e2g,LETS GO!!!! 
0:00:15,@mewgalaxia,YAAAAYYY
0:00:15,@coolesttranny,HE HAS A VOICE
0:00:15,@Chilibleu,:money_mouth_face:
0:00:15,@Nanz_Cureton,10/10
0:00:15,@sara17_animation,HIS VOICEE
0:00:15,@Shivery,Cosmo
0:00:15,@muggz7752,Yessss
0:00:15,@veelee9808,I NEED COSMO SO BAD
0:00:16,@cookielover-iloveyatta35,:face-blue-smiling::face-blue-smiling::face-blue-smiling::face-blue-smiling:
0:00:16,@LUXE-DX,VOICE AGCTIMG?!??
0:00:16,@Hyloaf,nice voice
0:00:16,@joseguilherme6293,its dubbed?
0:00:17,@ShellyFossilianMM,IM CRYING!!!!2&2&:&:&:’sm
0:00:17,@r4d1sh89,omg
0:00:19,@alcinaisMINE,OUGH
0:00:19,@MoldyTheCreator,OH SPROUT OJ IM SPROUTING IT
0:00:19,@veelee9808,I NEED COSMO SO BAD
0:00:20,@Yanella_wins,LOLLLLLLLLLLLL
0:00:20,@The_Official_Douchebag,did cosmo get a voice actor or smth
0:00:20,@inatropolis,AURGHS
0:00:20,@M4R_L4TT3,WHAT-
0:00:20,@cookielover-iloveyatta35,YESSSSSSSSSSSSSSSSSS
0:00:21,@TheThingUnderUrBed-2763,Why does Cosmo sound different :broken_heart::broken_heart:
0:00:21,@FurryBayo,VOICE ACTING?!?
0:00:21,@Saily-e2g,COSMO!! 
0:00:21,@bouncywoo,IITS COZYASTRO OMG
0:00:21,@Itsyourgirl33,YESSSSSSS
0:00:21,@applebloom2307,New cosmo voice?
0:00:21,@Lunarshellhole,ITS COMING OUT 
0:00:21,@laurenkondrat8856,WOOOAHHH
0:00:22,@geoshadow4545,COSMOS BLOCKED UP
0:00:22,@muggz7752,New voice
0:00:22,@Shivery,COSMO 
0:00:22,@cosmodww,HELLO
0:00:23,@diachuchu,WHAT
0:00:23,@jennythebean9117,Cosmo new voice
0:00:23,@cookielover-iloveyatta35,YESSSSSS
0:00:23,@dominicunderwood4911,VOICE CHANGE??!?!?!?! NOOOOOO
0:00:23,@Itsyourgirl33,OMG
0:00:24,@CocoaBonbonington,YESSSSSSSS
0:00:24,@SinnyDaSiamese,DOES COSMO HAVE A VOICE ACTOR?
0:00:24,@Kakaokomanden,OH LORD
0:00:24,@NuhuhhUmeannie,cuties...
0:00:24,@ミソサザイmisothesoup,wait COSMO HAS A VA???
0:00:25,@Garrett.does.stuf_lol,cosmo??????????????????????????????
0:00:25,@Heylooren,WHAT
0:00:25,@cookielover-iloveyatta35,YESSSS
0:00:26,@gabbyvelazquez7989,HE HAS A DUB???
0:00:26,@Dalekoverhauls,Yo cozyastro is voicing this
0:00:26,@Saily-e2g,ASTRO!!! 
0:00:27,@inatropolis,COZYASTRO
0:00:28,@dumsanihlatshwayo3185,Holy shit
0:00:28,@ShellyFossilianMM,THE VOICE??
0:00:29,@M4R_L4TT3,YASSSS
0:00:29,@Toastedfroggyheheh,GUYS QUIET 
0:00:30,@thedarknessinthelight9824,GYAAAAAAAAAAAATTTTTTTT
0:00:30,@FaithLeguias,his voice!!
0:00:30,@muggz7752,Does than wha theres a new character 
0:00:31,@Chilibleu,HE ATE
0:00:31,@ShellyFossilianMM,OMG
0:00:31,@SQUIRM-EATS,omgggggggggggggggg
0:00:31,@EmiliaMadisonVillaluz-wg6ox,NOOOOOOOOOOOO
0:00:32,@J3llycr0,FRUITCAKE YAAAYYYYY
0:00:32,@064razor,Joisting competition
0:00:32,@sara17_animation,ASTROOO
0:00:32,@just_a_Swedish_girly,u-uwu blushes slightly
0:00:32,@superarcade643,SOUNDS LIKE AN ACTUAL VOICE ACTOR????
0:00:32,@bouncywoo,COZYASTRO COZYASTRO COZYASTRO COZYASTRO COZYASTRO COZYASTRO COZYASTRO COZYASTRO COZYASTRO COZYASTRO COZYASTRO
0:00:32,@alcinaisMINE,LOL WHY DOES COSMO HAVE A VOICR
0:00:33,@jo3a548,lalsaldsoasdl
0:00:33,@ilovechristmasforever,at least there's no me
0:00:33,@gabbyvelazquez7989,WTH
0:00:34,@mikeparker4993,VOMG
0:00:34,@Itsyourgirl33,YESSSSSSSSSSS
0:00:34,@SQUIRM-EATS,omggggggggggggggggggg
0:00:34,@Polluxwalris7812,I recognize that voice
0:00:35,@Angelilockedaway,MMH
0:00:35,@Kookiethekitty,did cosmos voice change or smth
0:00:35,@cabbzinator,COSMO
0:00:35,@The_Silly_Patootie,HELP ASTRO
0:00:36,@Shivery,I KNOW THIS VA
0:00:37,@cabbzinator,OMLL
0:00:37,@andreamiranda826,LOL
0:00:37,@xxnoboobiexx_420,WHY TF DOES COSMO SOUND LIKE THAT????
0:00:37,@MILLONDOLLARBABY-q7h,Natural voice?
0:00:38,@rose_gamer100,COSMO NEW VOICE???
0:00:38,@sakitoast,COZYASTRO
0:00:38,@ASTR03Y3K0N,never knew it was dubbed-
0:00:38,@LucyAnimates10,:face-fuchsia-tongue-out:
0:00:39,@applebloom2307,Cosmo lowkey sounding gayer than before
0:00:40,@SPROUTANDCOSMO2014,OOO
0:00:40,@SQUIRM-EATS,ayoooooooooooooooooooooooooooooooooooooooooooooooooooooooooo
0:00:40,@sakitoast,HELLO
0:00:40,@EmiliaMadisonVillaluz-wg6ox,NOOOOOOOOOOOO
0:00:40,@veelee9808,WHAT THE HELL
0:00:40,@brittanydavis1771,Cosmo voice change
0:00:41,@jo3a548,cute
0:00:42,@Chilibleu,same dandy
0:00:42,@Heylooren,COSMO'S VOICE I LOVE IT
0:00:42,@Pokerface_Spades,NO I WAS A SECOND LATE
0:00:42,@GOHAN-STEAKFAN,GAYATATATQ
0:00:43,@veelee9808,WHAT THE HELL
0:00:43,@vicki0_0-w1x,COZY ASTRO??????????????
0:00:43,@mikeparker4993,MOGGGGGGGGGGGGGGGGGGGGGGGG
0:00:44,@MOOSTACHE_Official,"WHERE'S STEEL BALL RUN, NETFLIX??"
0:00:44,@lyleda_dood1350,"you guys will consume anything, jesus"
0:00:44,@SPROUTANDCOSMO2014,.
0:00:45,@Yanella_wins,UWU
0:00:45,@BreadS7W,What is the voice
0:00:45,@Nanz_Cureton,COSMOS VOICE.
0:00:45,@Tiki2970,wOW
0:00:45,@GOHAN-STEAKFAN,GYATQTQT
0:00:46,@NuhuhhUmeannie,ASTRO
0:00:46,@jaminator8000,blueberries
0:00:46,@ミソサザイmisothesoup,COZY ASTRO OMG
0:00:47,@EmiliaMadisonVillaluz-wg6ox,HAHAHAHAHAHAH
0:00:47,@Dalekoverhauls,My god that voice
0:00:48,@bouncywoo,COZYASTRO IS HERE OMFG
0:00:48,@jennythebean9117,Damn
0:00:48,@LogenJ-k6h,ι вє ѕσ нαρρу
0:00:48,@dumsanihlatshwayo3185,the voice
0:00:48,@gabbyvelazquez7989,THE VOICE
0:00:48,@NuhuhhUmeannie,CUTIE
0:00:49,@lazykandi,YAY
0:00:49,@The_Silly_Patootie,DANDY GOING POOPY
0:00:50,@Shivery,Cosmo sounds cute
0:00:50,@just_a_Swedish_girly,lolll
0:00:51,@shrimpkuuu,EEEEEK
0:00:51,@M4R_L4TT3,I LOVE COSMOS NEW VOICE
0:00:51,@abread369,VOICE ACTING
0:00:52,@Angelilockedaway,COOOOOSMOO..~
0:00:52,@NuhuhhUmeannie,ASTROOO
0:00:53,@Tamers12345MLP,Gardenview is in the middle of a heatwave which is why Astro was in front of the fan btw
0:00:53,@superarcade643,ITS AN ACTUAL VOICE ACTOR HOLY FCK
0:00:53,@EmiliaMadisonVillaluz-wg6ox,hiiiiiiiiiiiiiiiiiiii
0:00:53,@bouncywoo,HIS VOICE
0:00:53,@LogenJ-k6h,ι'м ѕσ ℓαтє
0:00:54,@Saily-e2g,AHHHHH COSMO!!! 
0:00:54,@GOHAN-STEAKFAN,Gayayayyaa
0:00:54,@supx7228,poopy:money_mouth_face:
0:00:54,@SPROUTANDCOSMO2014,I’M GIGGLING SO HARD
0:00:55,@LalanieHockmanyt,I sent a picture
0:00:55,@Heylooren,WAOO
0:00:55,@NuhuhhUmeannie,AWWWWWWW
0:00:56,@sakitoast,OMG
0:00:56,@Im_luckyIDK,I’M TONNA PULL OF DANDYS PETLES! :smiling_face_with_heart_eyes:
0:00:58,@alcinaisMINE,JOUSTING???
0:00:59,@Itsyourgirl33,IK
0:01:02,@EmiliaMadisonVillaluz-wg6ox,gunfighter
0:01:02,@SQUIRM-EATS,got something to tell youuuuu got something to say iiiiiii
0:01:03,@juanettejohnson2962,DANDY IS GOING POOPY !!!!! :pleading_face::pleading_face::pleading_face::pleading_face::pleading_face::pleading_face::pleading_face::pleading_face::pleading_face::pleading_face::pleading_face::pleading_face::pleading_face::pleading_face::pleading_face::pleading_face::pleading_face::pleading_face::pleading_face:
0:01:03,@alcinaisMINE,JOUSTING SOULVESTER IS SONGONNA BE THER
0:01:04,@NuhuhhUmeannie,AWWWWW
0:01:04,@vicki0_0-w1x,WHAT THE FUCK COZY ASTRO???!!!!!!!!!!!!!!
0:01:05,@jennythebean9117,Include emo boy
0:01:06,@sara17_animation,omg
0:01:06,@Kakaokomanden,poor Astro
0:01:06,@dominicunderwood4911,What the heck is going on? Is this a new A.I voice?
0:01:07,@qwwwwwwweeeeeee,COSMO SOUNDS SO GOOD??? HELLO
0:01:07,@alcinaisMINE,SOUKVESGER IS SO GOJNA BE THERE
0:01:07,@Potatogalsunite,oh
0:01:07,@ShellyFossilianMM,That voice is so peak…
0:01:08,@AaliyahYouguysarealreadyma-y5t,wow
0:01:08,@Heylooren,OMG
0:01:09,@lordmimi9514,COSMO VOICE OMG
0:01:09,@r4d1sh89,COZYASTRO 
0:01:09,@mikeparker4993,LOL
0:01:11,@Im_luckyIDK,YUHHHHHH
0:01:11,@r4d1sh89,COZYASTRO
0:01:11,@LalanieHockmanyt,of sprout
0:01:11,@NuhuhhUmeannie,ASTRO
0:01:11,@Angelilockedaway,POOPY DANDY EW
0:01:12,@EmiliaMadisonVillaluz-wg6ox,severed
0:01:13,@Moonflower-x5y,nizeee
0:01:13,@dumsanihlatshwayo3185,Cosmo's voice
0:01:13,@LucyAnimates10,The toilet paper
0:01:14,@FForox11GO,just in time
0:01:14,@064razor,I thought Dandy doesn't wipe
0:01:15,@Shivery,I heard this voice somewhere else. :smirking_face:
0:01:15,@Sammyfan-t8c,Ohhhh
0:01:15,@Dalekoverhauls,Thanks for the reason tamers
0:01:16,@pokefreak2112,poor astro :'3
0:01:16,@Tamers12345MLP,"@alcinaisMINE Don't get any dirty thoughts, this is a family friendly caroton"
0:01:16,@TheOfficalKilldroid,This is weird already
0:01:16,@Mimio-p8o,HE DID T TELL ASTROOOO MAN FIK HIM
0:01:17,@064razor,Dandy lied
0:01:17,@Im_luckyIDK,OMG COSMO
0:01:18,@Lunarshellhole,KAKAKAKAK
0:01:19,@ASTR03Y3K0N,i already love this
0:01:19,@SQUIRM-EATS,mooooonflowerrrrrrrrrrrrrrrrrr
0:01:20,@AnonHluv,Cosmo having a realistic voice than the others is frying me 
0:01:21,@Nanz_Cureton,Aww.
0:01:21,@GOHAN-STEAKFAN,TAMERS! CAN I VOICE ACT BOXTEN I HAVE A DEEP VOICE
0:01:21,@EmiliaMadisonVillaluz-wg6ox,hiiiiiiiiiiiiiiiiiiii
0:01:22,@dumsanihlatshwayo3185,nooo
0:01:23,@The_Silly_Patootie,LOLLLL THERES A PIECE OF TOILET ON HIS GYATT
0:01:24,@GOHAN-STEAKFAN,TAMERS! CAN I VOICE ACT BOXTEN I HAVE A DEEP VOICE
0:01:25,@alcinaisMINE,ILL TRY NOT TO TAMERS
0:01:25,@Tiki2970,This reminds me of when they recasted William's voice in Incincible season 4
0:01:26,@Im_luckyIDK,WDYM BY THATA
0:01:27,@jennythebean9117,Zamn
0:01:27,@kanyefan12345,FINN
0:01:28,@GOHAN-STEAKFAN,TAMERS! CAN I VOICE ACT BOXTEN I HAVE A DEEP VOICETAMERS! CAN I VOICE ACT BOXTEN I HAVE A DEEP VOICETAMERS! CAN I VOICE ACT BOXTEN I HAVE A DEEP VOICE
0:01:28,@cookielover-iloveyatta35,YESSSSSSSS
0:01:30,@GOHAN-STEAKFAN,TAMERS! CAN I VOICE ACT BOXTEN I HAVE A DEEP VOICE
0:01:30,@juanettejohnson2962,HE'S SO CUTE OMG I LOVE DANDY
0:01:30,@jo3a548,DAMN
0:01:31,@ilovechristmasforever,i'm not part of it
0:01:31,@Toastedfroggyheheh,WHERE THE HELL IS SOULVESTER AND SQUIRM
0:01:31,@NuhuhhUmeannie,CUTIE
0:01:32,@GOHAN-STEAKFAN,TAMERS! CAN I VOICE ACT BOXTEN I HAVE A DEEP VOICE
0:01:33,@cosmodww,im cosmo
0:01:34,@EmiliaMadisonVillaluz-wg6ox,st
0:01:35,@Im_luckyIDK,AYO
0:01:36,@GOHAN-STEAKFAN,TAMERS! CAN I VOICE ACT BOXTEN I HAVE A DEEP VOICE
0:01:36,@jo3a548,cute
0:01:36,@The_Silly_Patootie,PAPER*
0:01:36,@RANDOMX_Aikø,𝐜𝐨𝐬𝐦𝐨 𝐧𝐞𝐰 𝐯𝐨𝐜𝐞:𝟎
0:01:38,@joseguilherme6293,tisha mentioned
0:01:38,@alcinaisMINE,BRUSHA
0:01:39,@Kookiethekitty,FINFNFNFNF
0:01:39,@GOHAN-STEAKFAN,TAMERS! CAN I VOICE ACT BOXTEN I HAVE A DEEP VOICE
0:01:39,@dumsanihlatshwayo3185,poor Astro
0:01:39,@Yesfromtiktok,BRUSHAAA
0:01:40,@Hexen_4444,some real shit
0:01:40,@Yanella_wins,AWW
0:01:40,@osuasheuatl,finn <$
0:01:41,@ChloeAnderson-f8i,I cant wait to see gourdy
0:01:42,@NuhuhhUmeannie,AAAAAAAAAA
0:01:43,@gabbyvelazquez7989,I AINT WANNA VOICE
0:01:43,@joseguilherme6293,brusha
0:01:44,@Im_luckyIDK,I’M SPROUT 
0:01:45,@alcinaisMINE,MY BEAUTIFUL LESBIAN PRINCESS BRUSHA
0:01:45,@GOHAN-STEAKFAN,TAMERS! CAN I VOICE ACT BOXTEN I HAVE A DEEP VOICE
0:01:45,@juanettejohnson2962,I LOVE LOVE LOVE YOU DANDY OMG
0:01:45,@EmiliaMadisonVillaluz-wg6ox,Minho
0:01:47,@B00-s2y,COSMO SOUNdS SO ZESTY I LOVE It
0:01:47,@r4d1sh89,GUYS THE VA FOR COSMO IS COZYASTRO
0:01:47,@GOHAN-STEAKFAN,TAMERS! CAN I VOICE ACT BOXTEN I HAVE A DEEP VOICE
0:01:47,@vanveleca,:blue_circle::blue_circle::dashing_away:
0:01:48,@Im_luckyIDK,WHAT
0:01:49,@r4d1sh89,GUYS THE VA FOR COSMO IS COZYASTRO
0:01:50,@NuhuhhUmeannie,:red_circle::red_circle::raised_hand::smiling_face_with_heart_eyes:
0:01:50,@GOHAN-STEAKFAN,TAMERS! CAN I VOICE ACT BOXTEN I HAVE A DEEP VOICE
0:01:50,@r4d1sh89,GUYS THE VA FOR COSMO IS COZYASTRO
0:01:50,@r4d1sh89,GUYS THE VA FOR COSMO IS COZYASTRO
0:01:51,@r4d1sh89,GUYS THE VA FOR COSMO IS COZYASTRO
0:01:51,@Mariev2-w8u,Does dyle still with dandy?
0:01:51,@Heylooren,GOOOD
0:01:52,@EmiliaMadisonVillaluz-wg6ox,see
0:01:52,@GOHAN-STEAKFAN,TAMERS! CAN I VOICE ACT BOXTEN I HAVE A DEEP VOICE
0:01:53,@Mimio-p8o,FIN WHERE ARE HIS SCARS
0:01:53,@dumsanihlatshwayo3185,Awww
0:01:53,@Chilibleu,brusha so nonchalant
0:01:54,@GOHAN-STEAKFAN,TAMERS! CAN I VOICE ACT BOXTEN I HAVE A DEEP VOICE
0:01:55,@The_Silly_Patootie,DANDYYYY
0:01:56,@Kookiethekitty,i agree there should be real voice actors
0:01:56,@SQUIRM-EATS,omggggggggggggggggggggggggggggggggggggggggggg
0:01:57,@Im_luckyIDK,I’M SPROUT 
0:01:57,@supx7228,sbagxhgshshad
0:01:57,@jennythebean9117,Tasty
0:01:59,@GOHAN-STEAKFAN,TAMERS! CAN I VOICE ACT BOXTEN I HAVE A DEEP VOICE
0:02:01,@poppymain-r2b,BRUSHA
0:02:03,@ASTR03Y3K0N,i wanna make a show like this but I'm shit at drawing 
0:02:03,@GOHAN-STEAKFAN,TAMERS! CAN I VOICE ACT BOXTEN I HAVE A DEEP VOICE
0:02:04,@sara17_animation,my astro
0:02:04,@Nanz_Cureton,Astro 
0:02:05,@TheThingUnderUrBed-2763,Get br*sha out of my SIGHT 
0:02:07,@NuhuhhUmeannie,fin just like me fr
0:02:08,@Shivery,Why not Cesar Pizza?
0:02:08,@Exiledlama,LMAO
0:02:09,@applebloom2307,"No, its still tts isnt it?"
0:02:11,@jennythebean9117,Damn brutal dandy 
0:02:12,@catalina-h5o6q,:soft_ice_cream::pizza:
0:02:12,@064razor,It's only fair
0:02:13,@shrimpkuuu,Eeeeeek
0:02:13,@EmiliaMadisonVillaluz-wg6ox,book
0:02:15,@GOHAN-STEAKFAN,TAMERS! CAN I VOICE ACT BOXTEN I HAVE A DEEP VOICE
0:02:15,@juanettejohnson2962,LOOK AT DANDY HE'S SO ADORABLE I LOVE HIM
0:02:15,@alcinaisMINE,Tamers pls voice act in the dandy’s World Series too
0:02:15,@The_Silly_Patootie,HELP WHAT????
0:02:15,@Tiki2970,Why does this sound like Yu Gi Oh rules
0:02:16,@supx7228,GIVE ME SOME PIZZA
0:02:16,@EmiliaMadisonVillaluz-wg6ox,did
0:02:19,@rose_gamer100,make Astro kiss dandy
0:02:19,@lyleda_dood1350,"tamers, can you explain why your discord mods are so stuck up?"
0:02:19,@Shivery,I LOVE COSMO VOICE
0:02:19,@mikeparker4993,6OPI8TU7TYREN5
0:02:19,@GOHAN-STEAKFAN,TAMERS! CAN I VOICE ACT BOXTEN I HAVE A DEEP VOICE
0:02:19,@jo3a548,damn six flags
0:02:21,@Chilibleu,if dandy losses i bet he will end astro
0:02:21,@064razor,@Shivery Good point
0:02:21,@Tamers12345MLP,@Mimio-p8o Finn is covering his SH scars with blue paint
0:02:24,@Kipkat13,AWOO
0:02:24,@NuhuhhUmeannie,AAAAAWWW
0:02:27,@GOHAN-STEAKFAN,TAMERS! CAN I VOICE ACT BOXTEN I HAVE A DEEP VOICE
0:02:27,@dominicunderwood4911,"NO! People, the point of these animations is the A.I synthetic voices!"
0:02:28,@caoonoucted,I love maga
0:02:30,@sara17_animation,loll
0:02:32,@GOHAN-STEAKFAN,TAMERS! CAN I VOICE ACT BOXTEN I HAVE A DEEP VOICE
0:02:32,@shrimpkuuu,I love Cosmo’s new voice this is so good
0:02:32,@ilovechristmasforever,look at cosmo eyes
0:02:33,@Veezroom,HOW MUCH DUD I MISS IM DYING
0:02:33,@haileykitty6993,"cool, they at six flags"
0:02:34,@Angelilockedaway,.
0:02:35,@PotatooLover-f7f8j,cosmo new voice???
0:02:35,@LucyAnimates10,Uhm
0:02:36,@Statetostatestatens,GOHAN IS BLACK
0:02:36,@ミソサザイmisothesoup,wait fin does that
0:02:37,@RoySimilus,hi
0:02:37,@GOHAN-STEAKFAN,TAMERS! CAN I VOICE ACT BOXTEN I HAVE A DEEP VOICE
0:02:37,@ilovechristmasforever,nevermind
0:02:37,@JasmineRichardson-p6e,Cosmos voice
0:02:37,@CocoaBonbonington,DAMNIT
0:02:38,@jennythebean9117,Old man
0:02:39,@jo3a548,OH FUCK
0:02:39,@The_Silly_Patootie,PFFFT
0:02:39,@vanveleca,:brown_circle::brown_circle::waving_hand:
0:02:40,@ShellyFossilianMM,IM SHITTINH
0:02:41,@thedarknessinthelight9824,LOLLL
0:02:41,@GOHAN-STEAKFAN,TAMERS! CAN I VOICE ACT BOXTEN I HAVE A DEEP VOICE
0:02:42,@amobolos99,FRUITCAKE!!!!!
0:02:42,@LucyAnimates10,TOOO
0:02:42,@gabbyvelazquez7989,Bro got them caught
0:02:42,@Dalekoverhauls,That one big ass bag dandy
0:02:42,@NuhuhhUmeannie,Cosmo sounds so weird
0:02:42,@ミソサザイmisothesoup,woah
0:02:43,@jo3a548,DAYUUUUUUUUUUM
0:02:43,@applebloom2307,YO
0:02:43,@catalina-h5o6q,poor finn
0:02:43,@alcinaisMINE,Yes this is plot relevant 
0:02:44,@ミソサザイmisothesoup,WOAH
0:02:44,@Chilibleu,YO COMOSS VOICCE ATE
0:02:44,@RoySimilus,Why does cosmo voice sounds different
0:02:45,@The_Silly_Patootie,OMG WHAT
0:02:45,@sara17_animation,ohh dyle wtf
0:02:45,@Saily-e2g,DYLEEEEE
0:02:45,@juanettejohnson2962,TAMERS I LOVE HOW YOU DRAW DANDY
0:02:45,@NubMcMoofin,🫪
0:02:45,@catalina-h5o6q,.
0:02:46,@TvorYT,.
0:02:46,@bouncywoo,DAMN DYLE?????
0:02:46,@superarcade643,BULDGE
0:02:46,@gabbyvelazquez7989,WHAT
0:02:46,@GOHAN-STEAKFAN,TAMERS! CAN I VOICE ACT BOXTEN I HAVE A DEEP VOICE
0:02:46,@Angelilockedaway,COSMO HOW DARE YOU CHEAT ON ME
0:02:46,@joseguilherme6293,oh damn dyle
0:02:46,@Sillyguy1243,DAMN
0:02:47,@grimtidings5451,Bro this is crazy
0:02:47,@creamsouda3338,oh cosmos new voice sigh
0:02:47,@BridgettePatterson-e1n,omg
0:02:47,@LucyAnimates10,:face-fuchsia-tongue-out::face-fuchsia-tongue-out::face-fuchsia-tongue-out::face-fuchsia-tongue-out::face-fuchsia-tongue-out::face-fuchsia-tongue-out::face-fuchsia-tongue-out::face-fuchsia-tongue-out::face-fuchsia-tongue-out::face-fuchsia-tongue-out:
0:02:47,@superarcade643,YOOOO
0:02:47,@Garrett.does.stuf_lol,bro why is cosmo the only one with a voice
0:02:48,@ShellyFossilianMM,DYLE!
0:02:48,@Kookiethekitty,HELP?
0:02:48,@TheThingUnderUrBed-2763,Why does Cosmo sound different 
0:02:48,@Im_luckyIDK,WAITTT
0:02:49,@shrimpkuuu,PHEWWWW
0:02:49,@Tiki2970,I M-MEAN B-BBEST FRIEND HAHAH
0:02:49,@catalina-h5o6q,WOAHHH
0:02:49,@WerchioMop,Start at -2:31 if ur late 
0:02:50,@qwwwwwwweeeeeee,WOAH??
0:02:50,@shrimpkuuu,MOVE
0:02:50,@Yesfromtiktok,WOA
0:02:50,@shrimpkuuu,MOVE
0:02:51,@shrimpkuuu, OVE
0:02:51,@Heylooren,DAMNNNN
0:02:51,@Missmab123456,DYLE
0:02:52,@shrimpkuuu,MOVE
0:02:52,@amobolos99,oh...
0:02:52,@Hyloaf,wew
0:02:53,@Nanz_Cureton,DYLE
0:02:53,@KUNNYKING-s9t,TAAAAAAAAAAAAAAAAAAAAAAAMERS GIVE ME AND ALCINAIS MINE MORE HAUNTEDPUMPKINS AND OUR LIVES ARE YOURS!!!!!!!!!!!!!!!!!!!!!
0:02:53,@GOHAN-STEAKFAN,TAMERS! CAN I VOICE ACT BOXTEN I HAVE A DEEP VOICE
0:02:53,@jaminator8000,woah
0:02:53,@alcinaisMINE,Holyyyy
0:02:54,@shrimpkuuu,HOLY SHIT
0:02:54,@AaliyahYouguysarealreadyma-y5t,yo
0:02:54,@TheOfficalKilldroid,WTF
0:02:54,@M4R_L4TT3,DYLES GOT FAKEEEE
0:02:54,@PotatooLover-f7f8j,WTH
0:02:54,@misakayy1911,damn
0:02:55,@dominicunderwood4911,:face-fuchsia-tongue-out::face-fuchsia-tongue-out::face-fuchsia-tongue-out::face-fuchsia-tongue-out::face-fuchsia-tongue-out::face-fuchsia-tongue-out::face-fuchsia-tongue-out::face-fuchsia-tongue-out::face-fuchsia-tongue-out:
0:02:55,@LUXE-DX,HE CAKED TF UP
0:02:55,@Exiledlama,LMAO
0:02:55,@ASTR03Y3K0N,DAMNNN
0:02:56,@TheOfficalKilldroid,WTF
0:02:56,@GOHAN-STEAKFAN,TAMERS! CAN I VOICE ACT BOXTEN I HAVE A DEEP VOICE
0:02:57,@Chilibleu,woah dandy
0:02:57,@Bakunisawesum12,WHAAAAAAAAT
0:02:57,@bouncywoo,WHOAAAAA?????
0:02:57,@SQUIRM-EATS,omgggggggggggggggggggggg my boyfrindddddddddddddddddd
0:02:58,@TheOfficalKilldroid,WTF
0:02:58,@shrimpkuuu,IKSIT POPPED A HUHE ONE
0:02:58,@The_Silly_Patootie,EOWHELEBWOWB WHAT THE FREAK
0:02:58,@The_Official_Douchebag,ZAMNNNN
0:02:58,@inatropolis,OH MY GOD????
0:02:58,@Angelilockedaway,COSMO CHEATED ON ME CHAT
0:02:59,@Heylooren,DANDY MOVE
0:02:59,@Sammyfan-t8c,Wth
0:02:59,@abread369,HOLY
0:02:59,@TheOfficalKilldroid,WTF
0:03:00,@CoolGuy-d1b,LOL
0:03:00,@Shivery,TOO CLOSE
0:03:01,@GOHAN-STEAKFAN,TAMERS! CAN I VOICE ACT BOXTEN I HAVE A DEEP VOICE
0:03:02,@Mimio-p8o,DYLEEEE
0:03:02,@Nanz_Cureton,DAME
0:03:02,@mikeparker4993,DYLE
0:03:02,@ShellyFossilianMM,WOAH…
0:03:02,@Hexen_4444,Give him a kiss
0:03:03,@Chilibleu,GYADAYUM
0:03:03,@brittanydavis1771,DYLE
0:03:03,@catalina-h5o6q,DAMNN
0:03:04,@theo6t7,"The voice of the cosmos is different, it turned out really good."
0:03:04,@GOHAN-STEAKFAN,TAMERS! CAN I VOICE ACT BOXTEN I HAVE A DEEP VOICE
0:03:04,@gabbyvelazquez7989,WHAT IN THE HELL
0:03:05,@Im_luckyIDK,COSMO HAS A NEW VOICE
0:03:05,@TheOfficalKilldroid,HELL NO
0:03:06,@Heylooren,MOVE
0:03:06,@Lunarshellhole,I’M COMING
0:03:07,@064razor,Not close enough
0:03:08,@GOHAN-STEAKFAN,TAMERS! CAN I VOICE ACT BOXTEN I HAVE A DEEP VOICE
0:03:08,@Iplyaz-POOPY,HES BRICKED
0:03:08,@Kipkat13,LORD ABOVE
0:03:09,@ilovechristmasforever,SKIP IT
0:03:09,@ASTR03Y3K0N,DANDY MOVE. 
0:03:09,@hoelt1,DYLE
0:03:09,@dominicunderwood4911,Looks like Dandy & Bendy combines
0:03:09,@M4R_L4TT3,DYE HAS SOME CAKE BACK THERE DAYUMMMMMMMMMMMM
0:03:09,@064razor,not nearly
0:03:09,@supx7228,WTF
0:03:09,@Chilibleu,YO
0:03:10,@The_Silly_Patootie,DYLE???
0:03:10,@LucyAnimates10,:face-blue-covering-eyes:
0:03:10,@Potemerxparlofan-forlife,AHHHH
0:03:10,@Sammyfan-t8c,Ayoooo
0:03:11,@GOHAN-STEAKFAN,TAMERS! CAN I VOICE ACT BOXTEN I HAVE A DEEP VOICE
0:03:12,@Angelilockedaway,HELP
0:03:12,@ShellyFossilianMM,HELEPEPEP
0:03:12,@inatropolis,HOLY SHI???
0:03:13,@xxnoboobiexx_420,im shitting da hell is dis:face_holding_back_tears::face_holding_back_tears::face_holding_back_tears:
0:03:15,@poppymain-r2b,Dylee
0:03:16,@gabbyvelazquez7989,IM SCARED
0:03:17,@qwwwwwwweeeeeee,????
0:03:18,@GOHAN-STEAKFAN,TAMERS! CAN I VOICE ACT BOXTEN I HAVE A DEEP VOICE
0:03:18,@JSbuildsOfficial,LOLOLOL :face_with_tears_of_joy:
0:03:19,@The_Silly_Patootie,CRYINGGGGG
0:03:19,@Cattle.ink.3,STOP I CAN'T :grinning_squinting_face:
0:03:20,@SpadedAcey,my aunt walked in during this part
0:03:22,@qwwwwwwweeeeeee,WOAH??
0:03:23,@Heylooren,YOOOO DYLE HAVE A WHOLE BAKERY
0:03:23,@Chilibleu,JACKPOTTTTT:money_mouth_face::money_mouth_face::money_mouth_face::money_mouth_face::mending_heart:
0:03:24,@alcinaisMINE,Get over it Dyle! Sighhhhhhhh
0:03:24,@miatamiatamiata45,thank you dandy
0:03:25,@Nanz_Cureton,Hollywood 
0:03:27,@EmiliaMadisonVillaluz-wg6ox,fppppppp
0:03:29,@jo3a548,Damn
0:03:29,@RANDOMX_Aikø,𝐖𝐇𝐀𝐓
0:03:30,@ASTR03Y3K0N,should I show my mom this
0:03:32,@M4R_L4TT3,DYLE HAS GOT SOME CAKE LEFT FOR ME?????
0:03:32,@Tamers12345MLP,If Dandy forces Dyle to bake bookies and paint eggs then he can force him to wear underwhere with his face on it
0:03:33,@JSbuildsOfficial,LOL IM DYING 
0:03:33,@jaminator8000,dyles cute
0:03:34,@jo3a548,cute
0:03:34,@amobolos99,It's marking up like crazy.
0:03:34,@eloisthompson2628,NOOO MY WIFIII FUCKKKKKK
0:03:35,@vanveleca,bruh
0:03:36,@sara17_animation,omg
0:03:36,@r4d1sh89,GO FASTER
0:03:37,@Shivery,DUBAI CHOCLATE
0:03:37,@Molly-w4n,magic
0:03:37,@Tiki2970,EW ASTRO HIDE DEM ARMS AWAY
0:03:38,@Im_luckyIDK,YUHH
0:03:39,@creamsouda3338,is cosmo voiced by an actual person or is it just a really food ai voice?
0:03:41,@LucyAnimates10,Aw they look so cute ngl
0:03:43,@r4d1sh89,DANDY IM ALMOST FINISHED
0:03:43,@Angelilockedaway,COOSSSS-MOOOOO..~
0:03:44,@The_Silly_Patootie,AWWW DANDY WANTING DUBAI CHOCOLATE 
0:03:45,@alcinaisMINE,Dandy is so possessive 
0:03:45,@064razor,Freaky 4 arms
0:03:45,@Exiledlama,LMAO
0:03:45,@GOHAN-STEAKFAN,TAMERS! CAN I VOICE ACT BOXTEN I HAVE A DEEP VOICETAMERS! CAN I VOICE ACT BOXTEN I HAVE A DEEP VOICETAMERS! CAN I VOICE ACT BOXTEN I HAVE A DEEP VOICETAMERS! CAN I VOICE ACT BOXTEN I HAVE A DEEP VOICE
0:03:46,@juanettejohnson2962,DANDYYYYYYYYYY OMG I'M GONNA BUST :drooling_face::drooling_face::drooling_face::drooling_face::drooling_face::drooling_face::drooling_face::drooling_face::drooling_face::drooling_face::drooling_face::drooling_face::drooling_face::drooling_face::drooling_face::drooling_face::drooling_face::drooling_face::drooling_face::drooling_face::drooling_face::drooling_face::drooling_face::drooling_face::drooling_face::drooling_face::drooling_face::drooling_face::drooling_face::drooling_face::drooling_face::drooling_face::drooling_face::drooling_face::drooling_face::drooling_face::drooling_face:
0:03:46,@JustATinyBitSalty,dibs on voicing Glisten
0:03:46,@kanyefan12345,GOOB
0:03:46,@Potemerxparlofan-forlife,Labubus Dubai chocolate :hot_face:
0:03:46,@TheOfficalKilldroid,LOL CAN'T RELATE @SpadedAcey 
0:03:47,@PotatooLover-f7f8j,ok
0:03:48,@sara17_animation,fair tamers
0:03:50,@064razor,Put a shirt on
0:03:50,@RANDOMX_Aikø,𝐃𝐄𝐀𝐌 :fire::fire::fire:
0:03:51,@LucyAnimates10,YO
0:03:51,@supx7228,Dubai chocolate:wilted_flower:
0:03:51,@Kipkat13,IT'S A RUSE!
0:03:52,@Yesfromtiktok,MOONCAKE
0:03:53,@GOHAN-STEAKFAN,TAMERS! CAN I VOICE ACT BOXTEN I HAVE A DEEP VOICETAMERS! CAN I VOICE ACT BOXTEN I HAVE A DEEP VOICETAMERS! CAN I VOICE ACT BOXTEN I HAVE A DEEP VOICETAMERS! CAN I VOICE ACT BOXTEN I HAVE A DEEP VOICE
0:03:53,@jo3a548,DAYUUUM
0:03:54,@Nanz_Cureton,LABUBU DUBÁI CHOCÓ 
0:03:54,@vanveleca,GOOB
0:03:55,@Mimio-p8o,DUBAI CHOCLATW AHAHHAHAHA
0:03:55,@Hexen_4444,nice
0:03:56,@EmiliaMadisonVillaluz-wg6ox,fry
0:03:56,@sara17_animation,goobbb
0:03:56,@alcinaisMINE,GOOB
0:03:57,@dominicunderwood4911,@GOHAN-STEAKFAN Stop it! You will not ruin the memey synth voice!
0:03:57,@osuasheuatl,everyone is here
0:03:57,@Toastedfroggyheheh,YES GOOB
0:03:57,@TvorYT,F
0:03:58,@amobolos99,dam
0:03:59,@GlimmyGOD,goob
0:03:59,@ASTR03Y3K0N,im giggling 
0:03:59,@catalina-h5o6q,i hate dubai chocolate
0:03:59,@NuhuhhUmeannie,LOL
0:04:00,@M4R_L4TT3,DAYUMMMM DYLES DAYUMMMMMMMM
0:04:00,@GOHAN-STEAKFAN,TAMERS! CAN I VOICE ACT BOXTEN I HAVE A DEEP VOICETAMERS! CAN I VOICE ACT BOXTEN I HAVE A DEEP VOICETAMERS! CAN I VOICE ACT BOXTEN I HAVE A DEEP VOICETAMERS! CAN I VOICE ACT BOXTEN I HAVE A DEEP VOICE
0:04:00,@The_Silly_Patootie,HELP NOT THE BUT SLAP
0:04:01,@alcinaisMINE,GOOB WE LOVE YOU AHHHH
0:04:01,@SQUIRM-EATS,wtffffffffffffffffffffffffffff 
0:04:01,@ShellyFossilianMM,IM
0:04:01,@pokefreak2112,GOOOB!!!!
0:04:03,@bouncywoo,GOOB
0:04:03,@cosmodww,HI
0:04:04,@Shivery,Goob too cute
0:04:04,@jaminator8000,cosmo is voiced by cozyastro. not an AI
0:04:05,@SQUIRM-EATS,banaaaaaaaaaaaaaaa
0:04:05,@GOHAN-STEAKFAN,oh
0:04:05,@jo3a548,classic goob
0:04:06,@Christopher_bluhh,GOOB MY LOVVER
0:04:07,@ChloeAnderson-f8i,help
0:04:07,@juanettejohnson2962,GOOB IS SO CUTE LOOK AT HIM I LOVE GOOB
0:04:08,@BridgettePatterson-e1n,larp
0:04:08,@alcinaisMINE,Goob our little larper 
0:04:09,@xxnoboobiexx_420,LMAOO ROLEPLAYING???
0:04:09,@Saily-e2g,GOOOB! 
0:04:10,@NazeaeaW,I love these ships oh my gloob 
0:04:10,@ilovechristmasforever,GOOB
0:04:10,@rose_gamer100,LOL
0:04:11,@cosmodww,IM ON A AD
0:04:13,@SPROUTANDCOSMO2014,COSMO YOOOO BUDDY CHILL OUT
0:04:13,@amobolos99,Goob :D
0:04:13,@shrimpkuuu,AWWWWWW
0:04:13,@EmiliaMadisonVillaluz-wg6ox,HAHAHAHAHAHA
0:04:14,@inatropolis,WE GET IT YOU CAN VOICE BOXTEN :wilted_flower:
0:04:15,@pokefreak2112,YAYAYAY I LOVE HIM
0:04:15,@Potemerxparlofan-forlife,Tamers are you gay
0:04:16,@dumsanihlatshwayo3185,GOOB
0:04:16,@Kipkat13,GOOB
0:04:17,@applebloom2307,I'd love to Voice act in these vids honestly aaaa
0:04:17,@LucyAnimates10,Good you ok
0:04:19,@LucyAnimates10,Uhm
0:04:20,@064razor,Goob where's your BF Rodger
0:04:21,@Tiki2970,"MY NAME IS GOOB, AND YOU'LL DO AS I SAY"
0:04:21,@shrimpkuuu,ew dubai chocolate
0:04:22,@The_Silly_Patootie,HELPPPPP
0:04:23,@applebloom2307,I havemt in a while ><
0:04:23,@hoelt1,LOL Banana nut fudge
0:04:23,@LUXE-DX,WDYM
0:04:23,@jennythebean9117,Gay!
0:04:24,@misakayy1911,uhhh
0:04:24,@supx7228,lazy goob
0:04:24,@xxnoboobiexx_420,EWWWW DONT TELL ME
0:04:25,@WhiteDreamerWorking,oh no.
0:04:25,@JSbuildsOfficial,GOOOOOB
0:04:26,@Potemerxparlofan-forlife,Teamers are you gay
0:04:26,@DandysWxForsakenFan,poor guys who is on AD lmao
0:04:26,@poppymain-r2b,GOOBB
0:04:27,@qwwwwwwweeeeeee,??
0:04:28,@LucyAnimates10,What process 
0:04:29,@MOOSTACHE_Official,WANT DUBAI CHOCOLATE??
0:04:29,@EmiliaMadisonVillaluz-wg6ox,do
0:04:30,@Potemerxparlofan-forlife,Teamers are you gay
0:04:30,@qwwwwwwweeeeeee,HOOB
0:04:33,@EmiliaMadisonVillaluz-wg6ox,eddy
0:04:34,@Exiledlama,LMAO
0:04:34,@sara17_animation,ohh
0:04:35,@Potemerxparlofan-forlife,Teamers are you gay
0:04:35,@MillerTheDarkTransPrince,woe
0:04:36,@poppymain-r2b,GOOOOOOOOOOOOOOB
0:04:36,@Nanz_Cureton, I love Dubái ice cream 
0:04:37,@kanyefan12345,NSJWJSOSKSK
0:04:37,@EmiliaMadisonVillaluz-wg6ox,vegetarian
0:04:37,@vanveleca,woah
0:04:39,@beepbeepok,YAYY
0:04:39,@NubMcMoofin,:face_savoring_food:
0:04:39,@alcinaisMINE,Dandy’s greedy ass 
0:04:40,@misakayy1911,NOOOOOOOOOOOOOOOO
0:04:40,@LucyAnimates10,WHAT
0:04:40,@superarcade643,WOHA
0:04:40,@thedarknessinthelight9824,AYOOOOO?
0:04:41,@JSbuildsOfficial,W
0:04:41,@beepbeepok,WHAT I MISS
0:04:42,@poppymain-r2b,GOOB
0:04:41,@Tamers12345MLP,Goob always just finds his way into perculiar jobs
0:04:42,@jo3a548,OH FUC K
0:04:42,@Shivery,Ugh
0:04:42,@Veezroom,this is so silly
0:04:44,@The_Silly_Patootie,WHAT THE
0:04:44,@Chilibleu,i told you
0:04:44,@Heylooren,LMAOOOO
0:04:44,@superarcade643,i want some..
0:04:45,@My_all_fault,WTF
0:04:45,@JSbuildsOfficial,AYO GOOB
0:04:45,@wolfwolf-tp1il,are u sure
0:04:46,@catalina-h5o6q,ew...
0:04:46,@shrimpkuuu,Oh my god
0:04:47,@poppymain-r2b,GROOT
0:04:47,@LUXE-DX,OH- 
0:04:48,@beepbeepok,TELL ME WHAT I MISSS
0:04:48,@meganrichie,hi
0:04:49,@Dalekoverhauls,Uhh
0:04:49,@Chilibleu,HAHA
0:04:51,@poppymain-r2b,BOOT
0:04:51,@alcinaisMINE,Silly Goob!
0:04:51,@Potemerxparlofan-forlife,Tamers are you gay 
0:04:51,@AaliyahYouguysarealreadyma-y5t,yo
0:04:51,@fzkishl,XD
0:04:52,@superarcade643,i want some...
0:04:52,@sara17_animation,eww
0:04:53,@thedarknessinthelight9824,OHHH NAHHHHHH
0:04:53,@superarcade643,please....
0:04:54,@inatropolis,NUH??
0:04:54,@rose_gamer100,BECAUSE DANDY IS BIG
0:04:54,@joseguilherme6293,what was goob about to do bruh
0:04:54,@Yanella_wins,BRO GOOB
0:04:55,@jo3a548,YAY
0:04:55,@Statetostatestatens,GOHAN IS SOOOOOOOOOOOOOOOOOOOOOOOOOOOOOOOOOOOOOOOOOOOOBLACK
0:04:55,@superarcade643,OMG YESS
0:04:55,@Lucario7280,Watching this with a baddy in the rp rooms
0:04:55,@Angelilockedaway,GOOB WHAT
0:04:55,@TheOfficalKilldroid,YO WTF GOOB?!
0:04:55,@Hexen_4444,damn that was quick
0:04:55,@Kipkat13,OHNOE
0:04:56,@SpadedAcey,HE'S PUULING HIS-
0:04:56,@osuasheuatl,classic
0:04:56,@Chilibleu,OH MY I WAS RIGHT
0:04:57,@shrimpkuuu,:drooling_face: 
0:04:58,@Heylooren,LOLL
0:04:59,@dominicunderwood4911,"@jaminator8000 No, its A.I, these weirdos are trying the sneak into the Tamers universe because they cant leave good things well enough alone."
0:05:00,@r4d1sh89,I wanna drink it
0:05:00,@064razor,Look at his little dance
0:05:00,@TheThingUnderUrBed-2763,OH.. THAT WHAT HE MEANT BY “NUT”
0:05:01,@Statetostatestatens,GOHAN IS EXTREMELY BLACK
0:05:02,@The_Silly_Patootie,AWW HE IS SO CUTE
0:05:03,@alcinaisMINE,Dandy loves jumping on the trends!
0:05:04,@CocoaBonbonington,SO CUTTTEEE
0:05:05,@amobolos99,cute
0:05:05,@EmiliaMadisonVillaluz-wg6ox,Susie
0:05:05,@Kookiethekitty,hes such a kid bra
0:05:06,@qwwwwwwweeeeeee,Dandy is a fucking baby
0:05:07,@Angelilockedaway,DANDY'S LITTLE DANCE I'M CRYING
0:05:07,@superarcade643,YAAAY
0:05:07,@Statetostatestatens,BLACK GOHAN
0:05:08,@LUXE-DX,LET HIM BE JOLLY SPROUT
0:05:09,@EmiliaMadisonVillaluz-wg6ox,distraught
0:05:09,@veelee9808,WHAT
0:05:09,@sara17_animation,wow
0:05:10,@NuhuhhUmeannie,AW HES SO MEAN
0:05:11,@beepbeepok,this is peak
0:05:11,@jo3a548,No
0:05:11,@TvorYT,.
0:05:11,@M4R_L4TT3,GOOB WHAT THE FUCK-
0:05:11,@supx7228,DANDY IS SO CUTE OMG
0:05:12,@quesorealp,awww
0:05:12,@Statetostatestatens,GOHAN LOOKS BLACK
0:05:13,@EmiliaMadisonVillaluz-wg6ox,aye
0:05:13,@ilovechristmasforever,Only 5
0:05:14,@Lunarshellhole,Dandy does not deserve that milkshake :fire:
0:05:14,@JSbuildsOfficial,LOL
0:05:15,@SPROUTANDCOSMO2014,WHATTTTTTTTTTT
0:05:15,@AnimeGames16,Voice acting in a Tamers video ruins the charm (except if it's Tamers himself of course).
0:05:17,@ASTR03Y3K0N,I LOVE HIS LIL DANCE
0:05:17,@juanettejohnson2962,DANDY IS SO FUCKING ADORABLE UGHGHGHGHG
0:05:18,@vanveleca,heh
0:05:18,@SQUIRM-EATS,I love it why he danceinggggggggggggggggggggggggggg
0:05:19,@EmiliaMadisonVillaluz-wg6ox,st
0:05:19,@The_Silly_Patootie,HELP
0:05:21,@BlackKanye,kek
0:05:21,@misakayy1911,DANDY NO
0:05:21,@SPROUTANDCOSMO2014,.
0:05:21,@GOHAN-STEAKFAN,DON'T CALL ME BLACK
0:05:22,@gabbyvelazquez7989,WTH
0:05:22,@JSbuildsOfficial,COSMO-
0:05:23,@Dalekoverhauls,Damn cosmo
0:05:24,@TvorYT,F
0:05:24,@EmiliaMadisonVillaluz-wg6ox,fist
0:05:24,@jennythebean9117,Cosmo did nothing wrong 
0:05:25,@qwwwwwwweeeeeee,Randy is a greedy capitalist 
0:05:25,@superarcade643,COSMO BIG
0:05:25,@Shivery,Cosmo is PERFECT!
0:05:25,@Gaalnr,holy shit
0:05:25,@PotatooLover-f7f8j,dandy is so cute but why
0:05:25,@TvorYT,f
0:05:25,@Toastedfroggyheheh,Damn cosmo
0:05:25,@Heylooren,HAHAHHAHA
0:05:26,@MaraKoruSky,Lolll
0:05:26,@CocoaBonbonington,LMAOO
0:05:26,@beepbeepok,THIS IS PEAK
0:05:27,@TvorYT,P
0:05:28,@MillerTheDarkTransPrince,so cute
0:05:28,@NuhuhhUmeannie,LOLLL
0:05:30,@TvorYT,.
0:05:30,@poppymain-r2b,Dandy is a fucking cutie:face_with_tears_of_joy::victory_hand::victory_hand::victory_hand::victory_hand:
0:05:31,@FaithLeguias,Omg-
0:05:31,@TvorYT,Q
0:05:31,@NuhuhhUmeannie,GIGGLING
0:05:32,@TvorYT,A
0:05:32,@superarcade643,awwwww
0:05:33,@superarcade643,;(
0:05:33,@Kipkat13,LMAO
0:05:33,@Angelilockedaway,STATE STOP INSULTING GOHAN
0:05:33,@VeronicaNina-s7h,LMAO
0:05:33,@shrimpkuuu,He’s right
0:05:34,@ChloeAnderson-f8i,lmao
0:05:34,@Chilibleu,damn dandy
0:05:34,@bouncywoo,OH.
0:05:35,@superarcade643,cuuuute
0:05:35,@Freakypebble,IM CRINE
0:05:35,@EmiliaMadisonVillaluz-wg6ox,up
0:05:35,@inatropolis,jesus christ cosmo
0:05:36,@Saily-e2g,COSMOO!!! 
0:05:36,@mikeparker4993,OMG
0:05:36,@The_Silly_Patootie,HELP UHHHHH
0:05:36,@Toastedfroggyheheh,Aww that’s sad..
0:05:36,@Itsyourgirl33,OMG BOXEN MY HUSBAND IM HERE
0:05:39,@pokefreak2112,:3c
0:05:39,@beepbeepok,lore accurate cosmo
0:05:40,@shrimpkuuu,that’s my GOAAAAT
0:05:41,@inatropolis,HUH
0:05:41,@TheOfficalKilldroid,What the hell
0:05:42,@Shivery,Fruitcake
0:05:42,@Hexen_4444,Cosmo's beautiful
0:05:44,@juanettejohnson2962,ASTRO IS SO ME
0:05:45,@SPROUTANDCOSMO2014,"I’M CHOKING ON MY PRETZELS, WHAT? WHY IS COSMO FAT?-"
0:05:45,@jo3a548,cute
0:05:46,@veelee9808,BAHAHA
0:05:46,@theo6t7,That's so cute!
0:05:46,@Shivery,CUTE
0:05:46,@sara17_animation,ohh my baby astro
0:05:46,@deyiwu,Sheesh
0:05:47,@dumsanihlatshwayo3185,absolute peak
0:05:47,@superarcade643,CUUUUUUUUTE
0:05:48,@amobolos99,I'm dying
0:05:48,@jaminator8000,astro reminds me of myself sometimes
0:05:49,@superarcade643,CUTIEEE
0:05:51,@MaraKoruSky,Aww
0:05:51,@EmiliaMadisonVillaluz-wg6ox,u hiiiiiiiiiiiiiiiiiiii
0:05:51,@eloisthompson2628, I GOTTA GO WITH MY FAMILY
0:05:51,@eloisthompson2628,I HATE MY LIFE
0:05:52,@alcinaisMINE,Ohhhb sprout!!
0:05:52,@Nanz_Cureton,El niño 
0:05:52,@superarcade643,ASTRO WTF
0:05:52,@eloisthompson2628, cough
0:05:53,@dominicunderwood4911,"@AnimeGames16 EXACTLY, it completely ruins the esthetic!"
0:05:53,@jo3a548,LSADOASFOSAFLASFOASLF
0:05:54,@The_Silly_Patootie,AWWW IM GIGGLING
0:05:54,@064razor,Dandy finger Astro's eye again
0:05:54,@EmiliaMadisonVillaluz-wg6ox,see
0:05:55,@superarcade643,ARE YOU FR???
0:05:55,@BridgettePatterson-e1n,peak
0:05:55,@Heylooren,LOL
0:05:57,@eloisthompson2628,I HATE MY LIFE
0:05:58,@eloisthompson2628, cough
0:05:58,@eloisthompson2628, I GOTTA GO WITH MY FAMILY
0:05:58,@qwwwwwwweeeeeee,aSdyro
0:05:59,@Tiki2970,"Astro, you absolut ebuffoon"
0:06:00,@misakayy1911,DANDY NOOOOOOOOO
0:06:00,@superarcade643,BROOO
0:06:00,@BridgettePatterson-e1n,lmao
0:06:00,@inatropolis,they dont have noses:frowning_face:
0:06:01,@Kipkat13,CUTE
0:06:02,@Lucario7280,POOP
0:06:02,@Nyax50Lopez,:elbowcough:
0:06:03,@JSbuildsOfficial,Lol
0:06:03,@qwwwwwwweeeeeee,DANDY
0:06:03,@Statetostatestatens,LOLLOLOLOL
0:06:04,@mikeparker4993,\OH
0:06:04,@vanveleca,OMG
0:06:04,@Statetostatestatens,DAMN
0:06:05,@Statetostatestatens,4
0:06:05,@superarcade643,ASTRO RUINED EVERYTHING
0:06:07,@sara17_animation,lolll
0:06:08,@jo3a548,BULLY
0:06:08,@NuhuhhUmeannie,DANDY'S SO MEAN OH MY GOD
0:06:08,@Chilibleu,-100 aura
0:06:08,@Statetostatestatens,FUCKING ROASTED
0:06:08,@Freakypebble,Hey so where’s Dyle
0:06:09,@abread369,HAHA
0:06:09,@064razor,Right on cue
0:06:09,@juanettejohnson2962,ASTEO IS SO ME
0:06:10,@Potatogalsunite,I mean he kinda deserves it
0:06:11,@NuhuhhUmeannie,DAMN
0:06:12,@supx7228,dang
0:06:12,@Nanz_Cureton,Fahhhh
0:06:12,@jennythebean9117,Zamn 
0:06:12,@Tiki2970,THE GANG'S ALL HERE!
0:06:13,@Veezroom,ok astro your trying too hard
0:06:14,@JSbuildsOfficial,HEELSIWLLSELP
0:06:14,@kanyefan12345,hhh
0:06:15,@The_Silly_Patootie,PFFFFTTTT
0:06:17,@Tamers12345MLP,Oh shit yeah I forgot they don't got noses
0:06:17,@JesusitoXD,damn
0:06:17,@Toastedfroggyheheh,SOULVESTER 
0:06:17,@creamsouda3338,Sprout and dandy toxic yaoi
0:06:18,@NuhuhhUmeannie,-1000 AURA
0:06:19,@J3llycr0,Poor Astro :loudly_crying_face::loudly_crying_face::loudly_crying_face::loudly_crying_face:
0:06:19,@superarcade643,GHOURDXYYY
0:06:20,@vyirium,son im crine
0:06:20,@jo3a548,DAYUUUUUUUUUUUM
0:06:20,@alcinaisMINE,SOULVESTER
0:06:21,@Heylooren,MY LORD POPPY
0:06:21,@superarcade643,GOURDXYYY
0:06:21,@MillerTheDarkTransPrince,so adorable
0:06:22,@DandysWxForsakenFan,LOL GLISTEN WTH
0:06:23,@NuhuhhUmeannie,LOL
0:06:23,@Saily-e2g,HAH
0:06:24,@bouncywoo,BOXTEN
0:06:25,@mikeparker4993,POOR ATRSO
0:06:25,@KUNNYKING-s9t,GORE DEE AND SOLUVEROTRRE
0:06:25,@alcinaisMINE,SOULVESTER MY GOST
0:06:26,@Hexen_4444,Dandy's abusive
0:06:28,@Chilibleu,tf tisha caked up
0:06:28,@misakayy1911,GO RODGER
0:06:28,@pokefreak2112,gourdy <3
0:06:28,@ASTR03Y3K0N,HELP POPPY-
0:06:29,@coolesttranny,IM NUTRING
0:06:30,@superarcade643,LWRZSSS GOGOOGGOGOGOGOGOGOTG
0:06:30,@ChloeAnderson-f8i,gourdy my bab
0:06:31,@Exiledlama,LMAO
0:06:31,@abread369,GOURDY RUN
0:06:31,@alcinaisMINE,SOULVESTER SND GOURYD
0:06:31,@superarcade643,OMMGMGMGMG
0:06:32,@The_Silly_Patootie,LMAOOO
0:06:32,@misakayy1911,GO RODGER
0:06:32,@JSbuildsOfficial,SOULVESTER METIONED
0:06:33,@KUNNYKING-s9t,@alcinaisMINE 
0:06:34,@alcinaisMINE,PH MY GOD
0:06:35,@NuhuhhUmeannie,finnnn
0:06:36,@alcinaisMINE,MY SONS
0:06:36,@catalina-h5o6q,RODGER
0:06:36,@beepbeepok,i thought roger was dead
0:06:36,@Cindysidd,67
0:06:36,@creamsouda3338,LOOK AT GOURDY AWW
0:06:38,@superarcade643,GOUUURDYYY
0:06:39,@cosmodww,awww
0:06:39,@poppymain-r2b,Nooo there's gourdy and soulvester there:broken_heart:
0:06:40,@Shivery,MY EARS
0:06:40,@JSbuildsOfficial,MH EARS
0:06:41,@Tiki2970,Mindy Latour's personal apprentice
0:06:42,@Chilibleu,MMM TISHAA?:money_mouth_face::money_mouth_face::money_mouth_face::money_mouth_face::money_mouth_face:
0:06:43,@DandysWxForsakenFan,ZAMN RODGER
0:06:43,@coolesttranny,I Sw my KING I HAVE BUSTED EVERYWHERE
0:06:44,@Bel-m8y3k,GHOSTCEST/CONNIE X SOULVESTER AND TAMERS MY LIFE IS YOURS.
0:06:44,@shrimpkuuu,AWWWWW
0:06:44,@theo6t7,It's great fun to bully dandy.
0:06:44,@cosmodww,.
0:06:45,@Hexen_4444,Hot
0:06:48,@Tamers12345MLP,"@Chilibleu This is just how Tisha looks in game, so ask Qwel, not me"
0:06:50,@supx7228,shishy ahh team dandy
0:06:50,@alcinaisMINE,YEEES GOIRDY AND SOULVESSTER
0:06:50,@Kipkat13,FOID
0:06:51,@gamertuberonmask,Chat how late am I
0:06:52,@Nanz_Cureton,Fahh
0:06:52,@beepbeepok,the fact they bounced is crazy
0:06:53,@ilovechristmasforever,GOD DAMN IT
0:06:54,@inatropolis,rodger is going to float because of his ass 
0:06:54,@JSbuildsOfficial,AYO RUDIE
0:06:55,@Heylooren,POPPY I LOVE HER
0:06:55,@Angelilockedaway,RUDIE WHAT
0:06:56,@beepbeepok,CASEOH
0:06:56,@SAM_COLBY-f7o,IM CRYINGGGG
0:06:57,@gamertuberonmask,9 minutes late
0:06:58,@alcinaisMINE,My cute little chuddies
0:06:58,@catalina-h5o6q,RUDIEEE
0:06:59,@The_Official_Douchebag,tamers I love you but Sylvester doesn't deserve the slander of his character :broken_heart:
0:06:59,@Itsyourgirl33,BOXEN OMG
0:07:00,@coolesttranny,I FUCKING LOVE SOULVERSTER 
0:07:00,@XxZ0MB1E_K1TTYxX,I'm awake
0:07:01,@SQUIRM-EATS,wtffffffffffffffffffff
0:07:01,@sara17_animation,omg
0:07:01,@LUXE-DX,The heck did Rudie do lol
0:07:02,@abread369,RUDIEE
0:07:02,@ASTR03Y3K0N,HELP-
0:07:02,@alcinaisMINE,SOULVESTER ANS GOIRDY MY LOVES
0:07:02,@SQUIRM-EATS,i
0:07:02,@beepbeepok,CASEOHHHHHH
0:07:03,@Itsyourgirl33,MY MAN
0:07:03,@SQUIRM-EATS,i
0:07:03,@SQUIRM-EATS,i
0:07:03,@KUNNYKING-s9t,godeeee
0:07:03,@SQUIRM-EATS,i
0:07:03,@SQUIRM-EATS,i
0:07:03,@Exiledlama,LMAO
0:07:05,@Tiki2970,Who tf is that
0:07:05,@veelee9808,LOL
0:07:06,@The_Silly_Patootie,LMAOOOO
0:07:06,@Toastedfroggyheheh,OU
0:07:08,@DandysWxForsakenFan,OMG RUDIE
0:07:09,@SQUIRM-EATS,i
0:07:10,@EmiliaMadisonVillaluz-wg6ox,so
0:07:10,@Hyloaf,YES
0:07:10,@superarcade643,YOOOOOOOOOOOOOOOOOOOOOOOOOOO
0:07:11,@Chilibleu,lol thats even better
0:07:11,@Shivery,YOOOOOO
0:07:11,@alcinaisMINE,SAYIRM
0:07:11,@JSbuildsOfficial,SQUIRM
0:07:11,@jo3a548,AAAAAAAAAAAAAAAAAAAAAAAAA
0:07:11,@NuhuhhUmeannie,HELP
0:07:12,@coolesttranny,ew
0:07:12,@Potatogalsunite,SQUIRM
0:07:12,@rdxbyte,SQUIRM
0:07:12,@bp5814,SQUIRM
0:07:13,@qwwwwwwweeeeeee,LMAOOO
0:07:13,@alcinaisMINE,SWHIRM
0:07:13,@misakayy1911,YOOOOOOOOOOOOOOOOOOOOO
0:07:13,@Angelilockedaway,DON'T INSULT RUDIE HE'S SO CUTE D:
0:07:14,@sara17_animation,HOKY SHIT
0:07:14,@abread369,SQUIRMM
0:07:14,@Toastedfroggyheheh,DAM..
0:07:14,@SQUIRM-EATS,ii
0:07:14,@The_Silly_Patootie,OMG SQUIRM
0:07:15,@muggz7752,I KNEW IT
0:07:15,@SQUIRM-EATS,i
0:07:15,@NuhuhhUmeannie,SWUIRM
0:07:15,@vanveleca,WOOOOAH
0:07:15,@joseguilherme6293,SQUIRM IS HERE
0:07:15,@beepbeepok,DAMN
0:07:16,@MaraKoruSky,SQUIRMMMMM
0:07:16,@SQUIRM-EATS,i
0:07:16,@ASTR03Y3K0N,earthquake 
0:07:16,@amobolos99,squirm!!!!
0:07:16,@superarcade643,SQUIRM?!?!?!?
0:07:16,@inatropolis,CRINE
0:07:17,@SQUIRM-EATS,i
0:07:17,@pokefreak2112,lmaoooo
0:07:17,@gamertuberonmask,S Q U I R M .
0:07:17,@sara17_animation,WOWWW
0:07:17,@r4d1sh89,SQUIRM
0:07:18,@applebloom2307,AWWW hes a lil guy ><
0:07:17,@NuhuhhUmeannie,CUTIE
0:07:18,@Sammyfan-t8c,Squirm 
0:07:18,@Yanella_wins,SQUIRMMM
0:07:18,@alcinaisMINE,SQUIRM DONT STEP ON THE CHILD
0:07:18,@heyy.alexz7,DAMNN
0:07:19,@SPROUTANDCOSMO2014,OMGGGGG
0:07:19,@therealqulinhi,whatsup
0:07:19,@qwwwwwwweeeeeee,SQUIRM??
0:07:19,@poppymain-r2b,SQUIRMMMMM
0:07:19,@Cindysidd,SQUIRTTTT
0:07:19,@SproutTheStrawberry,HELP WHAT
0:07:20,@Dalekoverhauls,Oh there the worm
0:07:20,@NuhuhhUmeannie,OMG
0:07:20,@cosmodww,OH
0:07:20,@Saily-e2g,SQUIRMMM
0:07:21,@Freakypebble,THERES DYLE MY HUSBAND
0:07:21,@jaminator8000,MY BABY
0:07:22,@EmiliaMadisonVillaluz-wg6ox,sun
0:07:22,@ミソサザイmisothesoup,OMG SQUIRM
0:07:22,@Tamers12345MLP,"@gamertuberonmask Dont worry, you didn't miss any of the good shit yet"
0:07:23,@The_Silly_Patootie,SQUIRMMMMM
0:07:23,@Shivery,YOOOOOOOOOOOO HOLY SHIT
0:07:24,@diachuchu,SQUIRM FINALLY
0:07:24,@Saily-e2g,CUTEEE
0:07:24,@sakitoast,LMFAOOO
0:07:24,@FaithLeguias,Squirm!
0:07:25,@MillerTheDarkTransPrince,wow
0:07:25,@JesusitoXD,Squirm????
0:07:25,@JSbuildsOfficial,SQUIRM
0:07:26,@Freakypebble,DYLE:money_mouth_face::money_mouth_face::money_mouth_face::money_mouth_face:
0:07:27,@kanyefan12345,W finn 
0:07:27,@AaliyahYouguysarealreadyma-y5t,lol
0:07:27,@MurielRojasRuiz,yess
0:07:27,@galaxywolfart2443,yeed squrm lol 
0:07:28,@ilovechristmasforever,why am i fat
0:07:28,@LUXE-DX,No u don’t
0:07:28,@Tiki2970,uhhhhhhhhh
0:07:28,@Exiledlama,LMAO
0:07:29,@therealqulinhi,fin
0:07:29,@JSbuildsOfficial,W FINN
0:07:30,@catalina-h5o6q,oh no
0:07:31,@lyleda_dood1350,okay this episode was kinda lame becasue of cosmo's VA but got better with squirm 
0:07:31,@Luciferr_Morningstaryt,SWI
0:07:32,@SPROUTANDCOSMO2014,IT’S THE FING CATERPILLAR
0:07:32,@coolesttranny,FUUUUCKK HES FGETTING IT RAW
0:07:32,@SQUIRM-EATS,wait squirmmmmmmmmmmmmmmmmmmmmmmmmmmmmmmm
0:07:33,@alcinaisMINE,I LOVE YOU SQUIRM
0:07:33,@osuasheuatl,same
0:07:33,@EmiliaMadisonVillaluz-wg6ox,strawberry
0:07:33,@dumsanihlatshwayo3185,yoooo
0:07:33,@KUNNYKING-s9t,squem my monarch
0:07:33,@jo3a548,DAYUUUUUUUUUUUUUUM
0:07:33,@vanveleca,real
0:07:34,@LUXE-DX,OOP-
0:07:34,@Shivery,Finn x Shrimpo 
0:07:34,@Chilibleu,JACKPOTT
0:07:35,@misakayy1911,NO
0:07:35,@veelee9808,OMG
0:07:36,@Hyloaf,based
0:07:36,@catalina-h5o6q,finns paint is gonna come off
0:07:36,@XxZ0MB1E_K1TTYxX,FINNNN
0:07:37,@Bel-m8y3k,GHOSTCEST GHOSTCEST
0:07:37,@EmiliaMadisonVillaluz-wg6ox,GOOOOOOOOOOOOOOOOOOOOOOOOO
0:07:37,@inatropolis,god damn glisten
0:07:37,@beepbeepok,thank god
0:07:38,@Hexen_4444,Based
0:07:38,@shrimpkuuu,he’s so right
0:07:38,@SQUIRM-EATS,its meeeeeeeeeeeeeeeeeeeeeeeeeeeeeeeeeeeeeeeeeeeeeeeeeeeeeeeeee
0:07:38,@mikeparker4993,WANT
0:07:39,@qwwwwwwweeeeeee,W FINN
0:07:40,@MurielRojasRuiz,yerssss
0:07:40,@NuhuhhUmeannie,LOLLLL
0:07:41,@alcinaisMINE,"aren’t we all, Finn "
0:07:42,@juanettejohnson2962,SQUIRMMMMM
0:07:42,@shrimpkuuu,that’s my goat
0:07:43,@therealqulinhi,goon finn
0:07:43,@hoelt1,Dandy almost got the whole set
0:07:46,@Exiledlama,TRUE
0:07:47,@Dythe_dert,SQUIRM MY LOVE
0:07:47,@qwwwwwwweeeeeee,FINN IS BASED
0:07:47,@Luciferr_Morningstaryt,SQUIRM!!
0:07:48,@muggz7752,I was righttt
0:07:49,@amobolos99,glisten
0:07:51,@GOHAN-STEAKFAN,Finn more like finnland
0:07:52,@SQUIRM-EATS,omggggggggggggggggg'
0:07:52,@064razor,Fax
0:07:53,@EmiliaMadisonVillaluz-wg6ox,sun
0:07:53,@The_Silly_Patootie,HIS VOICE LMAOOOO
0:07:53,@Lunarshellhole,Ozoosossososkksmms
0:07:54,@SQUIRM-EATS,wtf
0:07:55,@catalina-h5o6q,FINNS PAINT IS GONNA COME OFF IK IT
0:07:55,@alcinaisMINE,We need gourdy and soulvester on the opposite team for oily wrestling
0:07:55,@Shivery,LOL HIS VOICE
0:07:55,@supx7228,tisha my baddie
0:07:55,@Hexen_4444,True
0:07:56,@coolesttranny,NGGGHHHHHHH SOULVESTER
0:07:56,@DandysWxForsakenFan,The deep Voice i cant-
0:07:56,@sara17_animation,loll
0:07:56,@jo3a548,SALDSAOSFLASFOASFL
0:07:57,@JSbuildsOfficial,help
0:07:57,@Itsyourgirl33,OMG BOXEN MY MAN
0:07:57,@EmiliaMadisonVillaluz-wg6ox,wastefulness
0:08:00,@GOHAN-STEAKFAN,finn more like finnland
0:08:00,@therealqulinhi,finn
0:08:01,@Yesfromtiktok,SOCRATES SQUİRM
0:08:01,@creamsouda3338,tamers let me voiceact too
0:08:02,@amobolos99,diva
0:08:02,@DandysWxForsakenFan,OMG
0:08:02,@bouncywoo,SQUIRMS VOICE IM CRYING
0:08:03,@NuhuhhUmeannie,SQUIRM UR SUCH A CUTIE AW MY GID
0:08:03,@alcinaisMINE,Scraps can scrap
0:08:04,@jo3a548,DAYUUUUUUUUUUUUUM
0:08:05,@dominicunderwood4911,Squirm is just spittin' fax
0:08:05,@alcinaisMINE,MY GOST
0:08:05,@Toastedfroggyheheh,SCREENSHOT 
0:08:06,@NuhuhhUmeannie,GODD
0:08:06,@Cindysidd,WTF
0:08:06,@inatropolis,why is he telling the truth
0:08:07,@Angelilockedaway,tweaks
0:08:07,@The_Silly_Patootie,BUFFFFFF
0:08:07,@misakayy1911,ENTER
0:08:07,@coolesttranny,IM. JURYINB
0:08:08,@alcinaisMINE,YES KING
0:08:08,@LUXE-DX,DAYUM
0:08:09,@amobolos99,omfg
0:08:09,@applebloom2307,unf
0:08:10,@coolesttranny,OHMYGOD
0:08:11,@SQUIRM-EATS,soulvester
0:08:11,@therealqulinhi,finn
0:08:11,@shrimpkuuu,Holy shiiiiiiit
0:08:11,@MurielRojasRuiz,tisha: v
0:08:12,@alcinaisMINE,SIGMA SOULVESTER
0:08:12,@ilovechristmasforever,tamers what the fuck
0:08:12,@Toastedfroggyheheh,HES SO HOT
0:08:12,@DandysWxForsakenFan,LOOOOL
0:08:13,@inatropolis,MY GOAT
0:08:14,@bouncywoo,wtf why is soulvester here LMAO
0:08:14,@Saily-e2g,WOWWWW
0:08:14,@bonzo_beanz8087,GET IT SQUIRM
0:08:14,@JesusitoXD,yes king
0:08:15,@shrimpkuuu,Ungh
0:08:15,@MillerTheDarkTransPrince,omg
0:08:15,@alcinaisMINE,PICK UNC
0:08:16,@EmiliaMadisonVillaluz-wg6ox,bridesmaids
0:08:17,@KUNNYKING-s9t,YES MONECRH
0:08:17,@Heylooren,DAYUMNNNB
0:08:17,@CoolGuy-d1b,Lol
0:08:18,@ASTR03Y3K0N,DAMNNN
0:08:19,@MillerTheDarkTransPrince,wow
0:08:20,@Toastedfroggyheheh,LET HIM JOIN
0:08:20,@coolesttranny,NUTS
0:08:20,@064razor,Get 'em Soully
0:08:21,@Exiledlama,LMAO
0:08:21,@Freakypebble,SOULVESTER HAS DIH???
0:08:22,@poppymain-r2b,Holy shit soulvester it's all over the screen
0:08:22,@NuhuhhUmeannie,LOL
0:08:24,@superarcade643,SOULVESTER IS THE STRONGEST
0:08:25,@haileykitty6993,"man, Squirm's voice is deep"
0:08:25,@veelee9808,GGG
0:08:26,@Saily-e2g,SOULVESTER!!! 
0:08:27,@vanveleca,wow
0:08:27,@superarcade643,HOLY BASED
0:08:27,@KUNNYKING-s9t,SOULVRTOREEEE
0:08:28,@Angelilockedaway,SOULVESTER ON YOUR KNEES.
0:08:28,@DandysWxForsakenFan,dang his so freaking hot
0:08:29,@064razor,Got 'em
0:08:30,@superarcade643,SOULVESTERRRRR
0:08:30,@dumsanihlatshwayo3185,DAMN
0:08:30,@beepbeepok,short king
0:08:31,@juanettejohnson2962,SQUIRM OMG
0:08:31,@coolesttranny,SPREAD THEM
0:08:32,@Kipkat13,SMACKED HIM UP
0:08:32,@poppymain-r2b,Oh
0:08:32,@superarcade643,LETS GOOO
0:08:33,@r4d1sh89,TO WHAT
0:08:33,@bouncywoo,OH?
0:08:33,@therealqulinhi,finn
0:08:33,@catalina-h5o6q,WHAT
0:08:33,@Toastedfroggyheheh,..
0:08:35,@superarcade643,100000% AURA
0:08:36,@alcinaisMINE,holy tuff
0:08:37,@applebloom2307,Oh no thats my name
0:08:38,@mikeparker4993,GROUDY?
0:08:39,@KUNNYKING-s9t,YEAHHHHH
0:08:39,@Crystalblue914,squirm keep making an Earthquake :loudly_crying_face:
0:08:39,@SQUIRM-EATS,ayoooooooooooooooooooooooooooooooooooooooooooooo
0:08:40,@superarcade643,SOULVESTER IS TOO STRONG
0:08:41,@creamsouda3338,is this shrimptea
0:08:41,@Shivery,BLOT NOOOOOOOO
0:08:42,@Toastedfroggyheheh,Um..
0:08:42,@qwwwwwwweeeeeee,SOULBESTER???
0:08:42,@superarcade643,HOLY
0:08:42,@JSbuildsOfficial,…
0:08:42,@Heylooren,NOOOO
0:08:43,@DandysWxForsakenFan,Loll rip blot
0:08:44,@ミソサザイmisothesoup,OH
0:08:44,@NubMcMoofin,:face_holding_back_tears:
0:08:44,@Gaalnr,Dandy should have never let those holiday toon freaks out of their cages in his basement
0:08:44,@alcinaisMINE,BLOT
0:08:44,@jennythebean9117,:loudly_crying_face::loudly_crying_face::loudly_crying_face::loudly_crying_face:
0:08:44,@ASTR03Y3K0N,NOOO
0:08:44,@qwwwwwwweeeeeee,HELP
0:08:44,@shrimpkuuu,I’m NO
0:08:45,@superarcade643,HES OP
0:08:46,@MurielRojasRuiz,blot
0:08:46,@shrimpkuuu,BLOT
0:08:46,@SQUIRM-EATS,g
0:08:46,@SQUIRM-EATS,g
0:08:47,@SQUIRM-EATS,g
0:08:47,@gamertuberonmask,NO BLOT
0:08:47,@Chilibleu,BRO
0:08:47,@SQUIRM-EATS,g
0:08:47,@AaliyahYouguysarealreadyma-y5t,.
0:08:47,@SQUIRM-EATS,g
0:08:47,@SQUIRM-EATS,g
0:08:48,@gabbyvelazquez7989,OMG
0:08:48,@JSbuildsOfficial,BLOT-
0:08:48,@sara17_animation,nooo
0:08:48,@cosmodww,does sprout live
0:08:48,@The_Silly_Patootie,NOOOOO BLOT
0:08:49,@jo3a548,Jesus chitst
0:08:50,@dribvox,SAVE BLOT
0:08:50,@shrimpkuuu,BLOT OH MYOD
0:08:50,@thedarknessinthelight9824,NOOOOOOOOOOOOOO
0:08:50,@catalina-h5o6q,BLOTT
0:08:51,@alcinaisMINE,Gourdy do something
0:08:51,@Kookiethekitty,NOO BLOOTTT
0:08:51,@veelee9808,OMG WHAT
0:08:51,@therealqulinhi,finn
0:08:51,@MillerTheDarkTransPrince,wowe
0:08:51,@LUXE-DX,BLOT NOOO
0:08:51,@dominicunderwood4911,Soulvester is always ready for dealing death
0:08:51,@SQUIRM-EATS,gg
0:08:51,@SQUIRM-EATS,g
0:08:52,@Chilibleu,BLOTTT
0:08:52,@SQUIRM-EATS,g
0:08:52,@brittanydavis1771,DAMN
0:08:52,@NuhuhhUmeannie,BLOTTT
0:08:52,@Heylooren,BLOOTTTTT
0:08:52,@heyy.alexz7,OMGGG
0:08:52,@supx7228,rip blot
0:08:52,@Angelilockedaway,BLOT NOOO
0:08:53,@shrimpkuuu,NO NO NO NO
0:08:53,@XxZ0MB1E_K1TTYxX,HUHH
0:08:54,@alcinaisMINE,Gourdy do something 
0:08:54,@kanyefan12345,I love u blot 
0:08:54,@poppymain-r2b,BLOT NO
0:08:55,@heyy.alexz7,TW
0:08:55,@MillerTheDarkTransPrince,oh nooo
0:08:56,@Nanz_Cureton,Wtf
0:08:56,@Zhia.artz09,BLOT...
0:08:56,@cosmodww,MNP
0:08:56,@SQUIRM-EATS,gg
0:08:57,@therealqulinhi,finn
0:08:57,@The_Official_Douchebag,"oh hell yeah, tamers have fixed solvester"
0:08:58,@XxZ0MB1E_K1TTYxX,NOOOOOO
0:08:58,@cosmodww,NO
0:08:58,@sallen_polly,my baby blot nooo
0:08:58,@alcinaisMINE,RED
0:08:58,@SPROUTANDCOSMO2014,BLOT NOOOO
0:08:59,@Saily-e2g,NOOOO
0:08:59,@SQUIRM-EATS,g
0:08:59,@cosmodww,BLOTTT
0:09:00,@SQUIRM-EATS,g
0:09:00,@alcinaisMINE,REF
0:09:01,@Zhia.artz09,MY BABY BLOT.
0:09:01,@cosmodww,LBOT
0:09:01,@creamsouda3338,JESUS CHRIST
0:09:02,@NuhuhhUmeannie,I bet soul wants gourdy
0:09:02,@cosmodww,BLOT
0:09:02,@cosmodww,NO
0:09:03,@beepbeepok,gagaaa
0:09:03,@Nanz_Cureton,Ñoo 
0:09:04,@ShellyFossilianMM,whys bro still speaking
0:09:04,@Freakypebble,BLOT NAAAOOOO
0:09:04,@Toastedfroggyheheh,GLISTEJ
0:09:05,@heyy.alexz7,TEAGAN FACE LMAOO
0:09:05,@DragonDuppy,"Bitch, I have ADHD. I had to rewind just to see what’s going on."
0:09:05,@DandysWxForsakenFan,WTH GLISTEN
0:09:05,@MOOSTACHE_Official,this guy is peak
0:09:06,@LUXE-DX,PORCELAIIN TOTTIES LOL
0:09:06,@edits_foryou-n6y,MY BABY
0:09:06,@edits_foryou-n6y,BLOT
0:09:06,@superarcade643,GOURDYYYY
0:09:06,@Saily-e2g,BLOTTTTT
0:09:07,@inatropolis,why is blot being abused :loudly_crying_face:
0:09:07,@KUNNYKING-s9t,BLUE
0:09:08,@cosmodww,does sprout win
0:09:08,@sara17_animation,BASSIEE
0:09:09,@superarcade643,GOURDYYYY
0:09:09,@dumsanihlatshwayo3185,noooo
0:09:09,@Shivery,I guess Cocoa is dead
0:09:09,@veelee9808,NOOO
0:09:11,@Cindysidd,BRUSHAAAAAAAA
0:09:12,@SQUIRM-EATS,ononnpnnp
0:09:12,@064razor,"Soulvester, pick gourdy"
0:09:12,@superarcade643,GOURDYYYYYY
0:09:12,@alcinaisMINE,Pick the lesbian 
0:09:12,@poppymain-r2b,BASSIE YESS
0:09:12,@jennythebean9117,Me too girl 
0:09:13,@MurielRojasRuiz,bro
0:09:13,@Toastedfroggyheheh,UHHH
0:09:13,@cosmodww,does sprout win
0:09:14,@SQUIRM-EATS,pnpnppn
0:09:14,@SQUIRM-EATS,n
0:09:15,@catalina-h5o6q,ewww glistenn
0:09:15,@cosmodww,does sprout win
0:09:16,@EmiliaMadisonVillaluz-wg6ox,NOOOOOOOOOoOoOOOOoOOOOoOOOOOOOOoOO
0:09:17,@NuhuhhUmeannie,poor brusha
0:09:18,@The_Silly_Patootie,Helppp
0:09:18,@beepbeepok,damn
0:09:19,@qwwwwwwweeeeeee,GLISTEN IN A SPEEDO LOL
0:09:19,@cosmodww,hrey does sprout win
0:09:20,@DandysWxForsakenFan,Scraps look cute
0:09:20,@Hexen_4444,Nice
0:09:20,@veelee9808,what is going on
0:09:20,@SQUIRM-EATS,ppnpnpnpnpnppnpnpppnpn
0:09:23,@Chilibleu,glisten eating his fit up
0:09:23,@veelee9808,what is going on
0:09:23,@alcinaisMINE,Pick the lesbian 
0:09:23,@vanveleca,omg
0:09:24,@LUXE-DX,Ofc
0:09:25,@Crystalblue914,noo:loudly_crying_face::loudly_crying_face::loudly_crying_face:
0:09:26,@alcinaisMINE,GOIRDY
0:09:27,@Tiki2970,"I miss Mindy Latour, Flora's gorgeous sister, so much bros."
0:09:27,@superarcade643,YESSSSSSSSS
0:09:27,@JSbuildsOfficial,GOURDY
0:09:27,@mikeparker4993,GROUDY
0:09:27,@EmiliaMadisonVillaluz-wg6ox,vee
0:09:28,@SQUIRM-EATS,wtffffffffffffffffffffffffffffffffffffff
0:09:28,@sara17_animation,wow
0:09:28,@Tamers12345MLP,@inatropolis Bloot doesn't have yatta and Looey around to protect him like usual
0:09:28,@poppymain-r2b,BASSIE ITS ALL OVER THE SCREEEeNNn
0:09:29,@Angelilockedaway,brushie brush my toes
0:09:29,@alcinaisMINE,OH BOY
0:09:29,@Mmilky_way,OH?
0:09:29,@superarcade643,AHHHHH
0:09:31,@shrimpkuuu,YAAAAAY
0:09:31,@TheOfficalKilldroid,WHAT IS THIS SHIT BRO??
0:09:32,@The_Silly_Patootie,GOURDYY
0:09:32,@alcinaisMINE,OH MY GOD IM
0:09:32,@bouncywoo,GOURDYYYYYYYYYYY
0:09:33,@Tamers12345MLP,So he can be eaisly abused
0:09:34,@JSbuildsOfficial,NOOOO
0:09:36,@amobolos99,glisten is a diva :red_heart:
0:09:36,@creamsouda3338,AWWW LITTLE BABY
0:09:36,@SQUIRM-EATS,awwwwwwwwwwwwwwwwwwwwwwww
0:09:36,@kanyefan12345,Yesss
0:09:37,@alcinaisMINE,CUTE LITTLE ZHIRF
0:09:37,@Cindysidd,HAHAHHAHA
0:09:37,@sara17_animation,ohh
0:09:38,@therealqulinhi,finn
0:09:38,@DandysWxForsakenFan,awww gourdy look so cute and tiny
0:09:39,@scoopsofstardust,where's looey
0:09:40,@ミソサザイmisothesoup,that face
0:09:40,@064razor,Poor gourdy
0:09:40,@JSbuildsOfficial,W
0:09:40,@pokefreak2112,based based based
0:09:40,@CoolGuy-d1b,LMAOO
0:09:41,@Kipkat13,OHNO
0:09:41,@SuperDinoWaffle,
0:09:42,@ilovechristmasforever,i said god damn on accident
0:09:42,@jaminator8000,poppy is the mindy latour of the tamers dandyverse
0:09:43,@alcinaisMINE,looks at Soulvester 
0:09:44,@beepbeepok,HES COOKED
0:09:45,@andreamiranda826,GOURDY IS SO FUCKING CUTE
0:09:45,@Toastedfroggyheheh,WAIT NO SOULVESTER IS GOING FAIL WHNE HE SEES GOURDY
0:09:45,@jennythebean9117,An offender 
0:09:47,@MillerTheDarkTransPrince,fr
0:09:47,@Chilibleu,damn:loudly_crying_face::loudly_crying_face:
0:09:47,@JSbuildsOfficial,LAFMO
0:09:47,@gabbyvelazquez7989,OMG
0:09:47,@Tiki2970,Uncle Rodger :black_heart: :sparkles:
0:09:48,@veelee9808,aw
0:09:48,@therealqulinhi,my gourdy staring at me blankly
0:09:48,@beepbeepok,his face
0:09:48,@Itsyourgirl33,BOXEN MY MANNNNNNN
0:09:49,@NuhuhhUmeannie,EASILY ABUSED??
0:09:51,@catalina-h5o6q,tamers does finns paint come off
0:09:51,@superarcade643,GOURDYYYY
0:09:52,@ASTR03Y3K0N,what are they even teaming up for
0:09:52,@alcinaisMINE,LOL 
0:09:53,@KUNNYKING-s9t,NOOOOO
0:09:54,@shrimpkuuu,Boxten…
0:09:54,@juanettejohnson2962,I LOVE THIS SO MUCH
0:09:55,@creamsouda3338,BOXTEN BRO
0:09:56,@MillerTheDarkTransPrince,poor gourdy
0:09:56,@SQUIRM-EATS,rogerrrrrrrrrrrrrrrr
0:09:56,@Kipkat13,he said o.o
0:09:57,@The_Silly_Patootie,Hmmmmmm
0:09:58,@alcinaisMINE,Oh my hof Gourdy is gonna make them loose oh my hof
0:09:58,@superarcade643,LMAO
0:09:58,@creamsouda3338,OR UR FLOPPIN DANDY
0:09:58,@Shivery,PICK ASTRO
0:09:58,@ichidori1212,Poppy is Temu Mindy
0:09:58,@therealqulinhi,finn
0:09:59,@LUXE-DX,Glisten
0:10:00,@Cindysidd,HAHSHSGSG
0:10:01,@superarcade643,ASTRO GTFO
0:10:03,@superarcade643,OMGGG
0:10:03,@veelee9808,lol
0:10:04,@JSbuildsOfficial,ASTRO
0:10:05,@Cindysidd,now kiss
0:10:05,@064razor,Pick boxten
0:10:05,@sara17_animation,ohh
0:10:06,@MurielRojasRuiz,gliste
0:10:06,@creamsouda3338,oh my go
0:10:06,@fzkishl,XDD
0:10:06,@KUNNYKING-s9t,THEY HAVE TO FIGHT EACHOTHER 
0:10:06,@superarcade643,HES SUCH A SIMP ;(
0:10:06,@user-lf3jf5fp3f,lol
0:10:07,@inatropolis,thinking with his last braincell
0:10:07,@064razor,Knew it
0:10:07,@DandysWxForsakenFan,Poor Astro
0:10:08,@Mmilky_way,HY
0:10:08,@superarcade643,PATHETIC
0:10:09,@Itsyourgirl33,MY MANNNNNNNNNNNNNNNNN
0:10:09,@JSbuildsOfficial,NAH
0:10:09,@Toastedfroggyheheh,:(
0:10:10,@Exiledlama,LAMO
0:10:10,@alcinaisMINE,He’s desperate
0:10:10,@amobolos99,noooo
0:10:10,@therealqulinhi,Thats tamer boxten
0:10:10,@shrimpkuuu,BUT BOXTEN
0:10:11,@abread369,NOO
0:10:11,@sara17_animation,oh noo astroo
0:10:11,@creamsouda3338,YEAAAAH
0:10:12,@misakayy1911,DANDY NOOOOOOOOOOOOOOOOOOOOOOOO
0:10:12,@jennythebean9117,:loudly_crying_face::loudly_crying_face::loudly_crying_face::loudly_crying_face:
0:10:12,@qwwwwwwweeeeeee,WOWWWW
0:10:12,@abread369,ASTROO
0:10:13,@Veezroom,astro your really PISSING me off
0:10:14,@KUNNYKING-s9t,THE HAUNTEDPUMPKINS \
0:10:14,@shrimpkuuu,OH MY GODDDDD
0:10:15,@bouncywoo,BOXTEN
0:10:15,@Heylooren,POOR ASTRO
0:10:15,@superarcade643,LMAOOOO
0:10:15,@Shivery,Oh Dandy so sweet
0:10:16,@DandysWxForsakenFan,Ayoo
0:10:16,@The_Silly_Patootie,AWWWW
0:10:17,@superarcade643,BOXTEEEN
0:10:17,@LUXE-DX,OOP
0:10:18,@dumsanihlatshwayo3185,Boxten is my mennn
0:10:18,@superarcade643,YESSS
0:10:18,@vanveleca,heh
0:10:18,@user-lf3jf5fp3f,so funny so far
0:10:19,@Dythe_dert,BOXTEN YEAAAA
0:10:19,@sara17_animation,noooo
0:10:19,@Cindysidd,AAHT
0:10:19,@lordmimi9514,dandy toxic
0:10:19,@abread369,BOXTEN
0:10:19,@superarcade643,YESSS
0:10:20,@Saily-e2g,NOOOOO
0:10:20,@abread369,AY
0:10:21,@JSbuildsOfficial,AYOOOOOOO BOXTEN
0:10:21,@AaliyahYouguysarealreadyma-y5t,Noooooo
0:10:21,@JesusitoXD,Zaaamn
0:10:21,@superarcade643,HOLY BASED
0:10:21,@Cindysidd,AAHTWHAT
0:10:22,@heyy.alexz7,DAMN
0:10:22,@Angelilockedaway,DANDY HOW DARE YOU
0:10:22,@Bel-m8y3k,OMG I HATE YOU TRADUCTOR
0:10:23,@amobolos99,lol
0:10:23,@KUNNYKING-s9t,@alcinaisMINE 
0:10:23,@Missmab123456,Poor Astro
0:10:23,@MillerTheDarkTransPrince,so hot
0:10:23,@poppymain-r2b,Asthrow 
0:10:24,@alcinaisMINE,where’s the hauntedpumpkins at!!!!
0:10:24,@My_all_fault,Nani wtf
0:10:24,@shrimpkuuu,:drooling_face: 
0:10:24,@064razor,Boxten's a A+ pick
0:10:26,@superarcade643,DIAL?!?!?!
0:10:26,@poppymain-r2b,Assthrow
0:10:27,@Tamers12345MLP,The reason you can see both of Astro and Dandy's cheeks even though they're standing that way is because whats the point of drawing an ass if you can't see both cheeks
0:10:27,@GOHAN-STEAKFAN,I LOVE BOXTEN
0:10:27,@Itsyourgirl33,BOXEN 
0:10:27,@JSbuildsOfficial,AYO
0:10:27,@cosmodww,NO
0:10:28,@Heylooren,BOXTENN
0:10:28,@therealqulinhi,finn
0:10:28,@superarcade643,YOOO
0:10:28,@r4d1sh89,BOXTEN SOLOS
0:10:28,@DandysWxForsakenFan,DAYUM WHAT BOXTEN
0:10:29,@heyy.alexz7,CAKED 
0:10:29,@Dalekoverhauls,Bro boxten
0:10:30,@supx7228,boxten why
0:10:30,@alcinaisMINE,HI KING
0:10:30,@therealqulinhi,finn
0:10:31,@therealqulinhi,YO WHY IT JIGGLY
0:10:31,@beepbeepok,GYATTTTTTTTTTTTTTTTTTTTTTTTTTTTTTTTTTTT
0:10:31,@Freakypebble,DYLE
0:10:32,@MurielRojasRuiz,boxten
0:10:32,@shrimpkuuu,holy cheeks
0:10:32,@Itsyourgirl33,PLZZ
0:10:32,@AaliyahYouguysarealreadyma-y5t,no
0:10:33,@JSbuildsOfficial,DAYUM BOXTEN
0:10:35,@Itsyourgirl33,BOXEN 
0:10:35,@Freakypebble,DYLE:money_mouth_face::money_mouth_face::money_mouth_face:
0:10:36,@Tiki2970,Dandy being autistphobic yet again
0:10:37,@misakayy1911,DANDY NO
0:10:38,@DandysWxForsakenFan,TURN AROUND BOXTEN
0:10:38,@Itsyourgirl33,PLZ
0:10:39,@BridgettePatterson-e1n,lol
0:10:41,@superarcade643,DIAL BETRAYED HIM
0:10:42,@Angelilockedaway,HMMMMGH
0:10:42,@therealqulinhi,finn my goat papii
0:10:43,@Itsyourgirl33,YESSSS
0:10:43,@Freakypebble,Hey don’t diss Dyle like that
0:10:44,@EmiliaMadisonVillaluz-wg6ox,GOOOOOOOOOOOOOOOOOOOOOOOOO
0:10:45,@Chilibleu,HAHH LOL
0:10:45,@My_all_fault,that's shit is weird as fuck of this for this was cause of this ammocndy
0:10:47,@GOHAN-STEAKFAN,tamers
0:10:47,@EmiliaMadisonVillaluz-wg6ox,eddy cut
0:10:47,@Itsyourgirl33,OMG YESSSSSSS
0:10:49,@SigmaRizz-du1cc,WE WOM
0:10:53,@SigmaRizz-du1cc,IM ASTRO IRL BTW
0:10:53,@dominicunderwood4911,I'm guessing Dyle's gonna frick everyone up
0:10:54,@therealqulinhi,finn
0:10:54,@beepbeepok,this is beautiful
0:10:55,@SuperDinoWaffle,Show me front side of boxten
0:10:55,@Itsyourgirl33,YESSSSSSSS WE WON
0:10:58,@alcinaisMINE,Rodger ur so cute 
0:11:00,@SigmaRizz-du1cc,IM ASTRO IRL BTW
0:11:03,@My_all_fault,that's a ashotnof this as fuck was in for this first was as all of this was sin position
0:11:05,@haileykitty6993,flower pals?
0:11:05,@therealqulinhi,OH MY GOD MY MOOT IS HERE
0:11:06,@vanveleca,lmao
0:11:06,@jennythebean9117,Yeah
0:11:08,@superarcade643,LMAOOO
0:11:10,@064razor,So petty
0:11:10,@thedarknessinthelight9824,LMAOOOOOOOOO
0:11:12,@alcinaisMINE,Woohoooooo!!!
0:11:13,@The_Silly_Patootie,LOL
0:11:14,@kanyefan12345,Woah
0:11:15,@RoySimilus,Does not does anyone notice that how cosmo voice sounds weird like more deeper
0:11:16,@Angelilockedaway,OMG
0:11:17,@alcinaisMINE,OH MY GOD 
0:11:17,@JSbuildsOfficial,SEES SPROUT
0:11:18,@Exiledlama,LMAO
0:11:18,@DandysWxForsakenFan,THE PHOTOS LMAO
0:11:19,@ASTR03Y3K0N,LOL
0:11:19,@Kipkat13,rekt
0:11:19,@MillerTheDarkTransPrince,lol
0:11:19,@Shivery,:eye:
0:11:19,@SQUIRM-EATS,bh
0:11:20,@LUXE-DX,Rip
0:11:20,@SQUIRM-EATS,yn
0:11:21,@SQUIRM-EATS,'n
0:11:21,@Heylooren,LOLL
0:11:21,@jennythebean9117,He thicc 
0:11:21,@cosmodww,hi im cosmo
0:11:21,@sara17_animation,ohhh
0:11:21,@Toastedfroggyheheh,AHAHHA
0:11:22,@Saily-e2g,AHHHH
0:11:23,@shrimpkuuu,Rodger is gonna die
0:11:23,@beepbeepok,WHAT ARE THOSE IMAGESSSS
0:11:23,@ilovechristmasforever,what is this
0:11:24,@superarcade643,LMAOOO
0:11:24,@thedarknessinthelight9824,"Oop, he's cooled"
0:11:24,@misakayy1911,LMAO
0:11:25,@creamsouda3338,roger fly high
0:11:25,@My_all_fault,the nogfaa of this for choice was of weird things of this was badly
0:11:25,@alcinaisMINE,It’s gonna be so over when we get the gourdy and soulvester one on one
0:11:26,@Chilibleu,RIP rodger ig
0:11:26,@MurielRojasRuiz,lol
0:11:27,@qwwwwwwweeeeeee,LMAOO
0:11:27,@MillerTheDarkTransPrince,omg
0:11:27,@Potemerxparlofan-forlife,LOLLL
0:11:27,@SoupCam69,CLOWN MUSIC
0:11:27,@shrimpkuuu,LOL
0:11:28,@kanyefan12345,WOAHHH
0:11:29,@DandysWxForsakenFan,Zayum glisten
0:11:29,@The_Silly_Patootie,FIGHTTTT
0:11:29,@Hyloaf,lol
0:11:29,@SQUIRM-EATS,\
0:11:30,@Itsyourgirl33,YESSSSS
0:11:30,@inatropolis,rodger lock the FUCK in 
0:11:30,@Exiledlama,LMFAO
0:11:31,@Tiki2970,RODGER NO
0:11:31,@SQUIRM-EATS,[p[]hl;u]6j[]u'
0:11:31,@Toastedfroggyheheh,..
0:11:31,@r4d1sh89,grab my noodle
0:11:31,@Angelilockedaway,HAHAHA
0:11:31,@SQUIRM-EATS,n
0:11:31,@AaliyahYouguysarealreadyma-y5t,Lol
0:11:32,@cosmodww,.
0:11:33,@poppymain-r2b,Sprout got a small noodle
0:11:33,@alcinaisMINE,BANTER
0:11:33,@theo6t7,Sprout will win against that bastard.
0:11:34,@JSbuildsOfficial,BIgRODGER
0:11:34,@NubMcMoofin,:face_savoring_food:
0:11:35,@therealqulinhi,Hi sigmarizz I'm qulin
0:11:35,@Itsyourgirl33,MY MAN
0:11:35,@Heylooren,DAMN
0:11:37,@superarcade643,NOOOOOOOOOOOOOOOOOOOOO
0:11:37,@JSbuildsOfficial,WOAH
0:11:37,@qwwwwwwweeeeeee,RODGER:loudly_crying_face::loudly_crying_face::loudly_crying_face::crying_face::crying_face::loudly_crying_face::crying_face::crying_face:
0:11:37,@My_all_fault,WTF
0:11:38,@LUXE-DX,OUCH
0:11:38,@ミソサザイmisothesoup,AJ
0:11:38,@Cindysidd,USHSHAH
0:11:38,@Gaalnr,oh god
0:11:38,@Veezroom,AU-
0:11:39,@jennythebean9117,Brutal but Fair 
0:11:39,@DandysWxForsakenFan,LMAOOO WHAT
0:11:39,@ミソサザイmisothesoup,AH
0:11:39,@064razor,He's done
0:11:39,@sara17_animation,OHH NOOO
0:11:39,@superarcade643,AAAAAAAAAAAAAA
0:11:39,@applebloom2307,oh nu
0:11:39,@Potatogalsunite,WHAT
0:11:39,@MillerTheDarkTransPrince,wow
0:11:39,@xxnoboobiexx_420,IM CRINENE
0:11:39,@thedarknessinthelight9824,NAAAAAHHHHHHHHHHHHHHHH
0:11:40,@amobolos99,lolol
0:11:40,@shrimpkuuu,oh mygod I’m
0:11:40,@Crystalblue914,dan!:loudly_crying_face:
0:11:40,@vanveleca,:face-orange-biting-nails::face-orange-biting-nails::face-orange-biting-nails:
0:11:40,@Potemerxparlofan-forlife,NOOOOO
0:11:40,@ASTR03Y3K0N,OH
0:11:40,@Freakypebble,NAAHH
0:11:41,@bouncywoo,WHAT.
0:11:41,@brittanydavis1771,LOL :face_with_tears_of_joy:
0:11:42,@haileykitty6993,"oh god, rip"
0:11:42,@superarcade643,he ded ;w;
0:11:43,@Hyloaf,RODGER NOOOOOOO
0:11:43,@BridgettePatterson-e1n,wth
0:11:43,@cosmodww,oh
0:11:43,@NuhuhhUmeannie,LOL?????
0:11:43,@SPROUTANDCOSMO2014,OHHHHHH
0:11:44,@MurielRojasRuiz,Xdddd
0:11:44,@dominicunderwood4911,AH
0:11:45,@sara17_animation,WHATTTTTT
0:11:45,@misakayy1911,RODGER NOOOOOOOOOOOOOOO
0:11:46,@AaliyahYouguysarealreadyma-y5t,NOOOOO
0:11:46,@NuhuhhUmeannie,LOL
0:11:46,@wens_nwe,HAHAHAHHA
0:11:46,@Saily-e2g,DAMNN
0:11:46,@ChloeAnderson-f8i,IM WHEEZIMG
0:11:46,@therealqulinhi,finn
0:11:47,@supx7228,ROGER
0:11:47,@DandysWxForsakenFan,BAHAHAHAHA
0:11:47,@My_all_fault,DAM OF THE FUCK OF THIS THIS WAS AYO
0:11:47,@Tiki2970,SPROUT YOU MADMAN
0:11:47,@veelee9808,WHAT THE HELL
0:11:47,@inatropolis,HELLO???
0:11:47,@Shivery,He's 67 years old
0:11:48,@Freakypebble,WOAAAAHHHH
0:11:48,@Angelilockedaway,WHAT WAS COSMO GRABBING??!
0:11:48,@RoySimilus,what
0:11:48,@KingofRascals,OH NO BRO
0:11:48,@NuhuhhUmeannie,HELP
0:11:49,@qwwwwwwweeeeeee,HELO
0:11:50,@Nanz_Cureton,Wtf bro
0:11:50,@064razor,True
0:11:50,@creamsouda3338,BRO
0:11:50,@cosmodww,NAH
0:11:51,@JSbuildsOfficial,HELEÑSEP
0:11:51,@alcinaisMINE,Rodger… no…
0:11:51,@mewgalaxia,I AMM SOOOO YEAAAHHH
0:11:51,@Potemerxparlofan-forlife,:text-yellow-goal::text-yellow-goal::text-yellow-goal::text-yellow-goal:
0:11:51,@jaminator8000,LMAO
0:11:51,@Toastedfroggyheheh,WELL THAT ESCALATED 
0:11:51,@ASTR03Y3K0N,tf happened
0:11:52,@The_Silly_Patootie,OH
0:11:52,@ミソサザイmisothesoup,I FELT THAT
0:11:52,@Exiledlama,MY SIDES
0:11:52,@Saily-e2g,WHATTTTT
0:11:52,@Kipkat13,F
0:11:53,@gabbyvelazquez7989,OML
0:11:53,@P3BBL3-u8q,WHAT
0:11:53,@JesusitoXD,i wish i was rodger
0:11:53,@Potemerxparlofan-forlife,:text-yellow-goal::text-yellow-goal::text-yellow-goal::text-yellow-goal:
0:11:55,@shrimpkuuu,RODGER NOOOOO
0:11:56,@My_all_fault,JESUSUS OF THE FUCKING CHRIST
0:11:56,@CeruleanArcadia,RUIE DOES WHAT
0:11:56,@Veezroom,IM CRINE
0:11:56,@sara17_animation,WTHH LOLLL
0:11:57,@JSbuildsOfficial,RUDIE
0:11:57,@Nanz_Cureton,WHAT 
0:11:58,@My_all_fault,WTF
0:11:58,@KUNNYKING-s9t,fitgh fight fight fight
0:11:58,@brittanydavis1771,Roger NOO
0:11:58,@veelee9808,WHAT
0:11:58,@Angelilockedaway,I'M SOBBING
0:11:59,@DandysWxForsakenFan,not baby rudie
0:11:59,@CeruleanArcadia,:face-orange-raised-eyebrow::face-orange-raised-eyebrow::face-orange-raised-eyebrow::face-orange-raised-eyebrow::face-orange-raised-eyebrow::face-orange-raised-eyebrow::face-orange-raised-eyebrow::face-orange-raised-eyebrow::face-orange-raised-eyebrow:
0:12:00,@dumsanihlatshwayo3185,bro
0:12:02,@JSbuildsOfficial,S
0:12:04,@bouncywoo,LMAO
0:12:04,@EmiliaMadisonVillaluz-wg6ox,gooooooooooooooooooooooooo
0:12:06,@JSbuildsOfficial,WHAT
0:12:06,@Toastedfroggyheheh,GODDAMN IT
0:12:07,@DandysWxForsakenFan,Erm
0:12:07,@064razor,Win this Rudy or else you're a fraud
0:12:07,@dumsanihlatshwayo3185,WTF
0:12:08,@Tamers12345MLP,Sprout has practice with what he does to Cosmo ever night
0:12:08,@ilovechristmasforever,i'm showing this to officer
0:12:09,@Dalekoverhauls,Is there a part where duels of the faith play anywhere
0:12:09,@FaithLeguias,I wonder if tamers remembers when I asked him if I could voice act care package and apple bottoms future child 
0:12:09,@064razor,Rudy's a fraud
0:12:10,@supx7228,RUDIE and poopy
0:12:12,@veelee9808,WHAT THE F*** AM I WATCHING
0:12:13,@Veezroom,wait what the fuck is that image of dyle on the bored
0:12:13,@therealqulinhi,DMANN
0:12:14,@ilovechristmasforever,ME vs POPPY?
0:12:14,@Shivery,Dang they winning
0:12:14,@The_Silly_Patootie,LOLLL
0:12:15,@Toastedfroggyheheh,AH SHIT
0:12:15,@Tiki2970,"What's the speedo guy called btw, i thought that was dyle but apparently not"
0:12:15,@wens_nwe,YESSSS
0:12:16,@jennythebean9117,Dandy’s seed sucks 
0:12:17,@supx7228,NO
0:12:17,@sara17_animation,loll
0:12:18,@My_all_fault,the round
0:12:20,@creamsouda3338,oh my god theyre getting mogged so terribly
0:12:20,@My_all_fault,in first
0:12:21,@JSbuildsOfficial,STRIM AND GOOB
0:12:21,@Cindysidd,POOR GOOB
0:12:22,@bouncywoo,THE PICTURES
0:12:22,@JesusitoXD,DAMN
0:12:22,@Toastedfroggyheheh,NO
0:12:23,@JSbuildsOfficial,W
0:12:23,@alcinaisMINE,These images dude :loudly_crying_face::loudly_crying_face:
0:12:24,@applebloom2307,GANBARE GOOB
0:12:27,@dominicunderwood4911,I'll just bet
0:12:28,@Saily-e2g,LMAOO
0:12:28,@Toastedfroggyheheh,GOOB NO
0:12:29,@Kipkat13,GOOB
0:12:33,@superarcade643,LMAOO
0:12:33,@osuasheuatl,happy to hear shrimpo again
0:12:34,@vanveleca,ANGRY HUGS
0:12:37,@P3BBL3-u8q,YOU GOT THIS GOOB
0:12:37,@supx7228,GOOB IS COOKED
0:12:37,@user-lf3jf5fp3f,poor Rodger
0:12:38,@inatropolis,goob is goijg to drown im calling it
0:12:39,@alcinaisMINE,U guys will need to hook me up to life support when Gourdy and Soulvester one on one
0:12:39,@JSbuildsOfficial,W
0:12:39,@FaithLeguias,Oh god 
0:12:40,@Cindysidd,better kiss
0:12:40,@superarcade643,!!! GOOO
0:12:41,@qwwwwwwweeeeeee,agoob
0:12:42,@ASTR03Y3K0N,i fucking love these images
0:12:43,@Veezroom,DID YALL THE THE DYLE PICTURE ON THE BOARD
0:12:44,@GOHAN-STEAKFAN,W SHRIMPO
0:12:45,@superarcade643,FATALITYYY
0:12:45,@MillerTheDarkTransPrince,go goob
0:12:46,@alcinaisMINE,millions must smile 
0:12:46,@The_Silly_Patootie,GULP
0:12:47,@jennythebean9117,Come 
0:12:49,@Hexen_4444,huh?
0:12:49,@qwwwwwwweeeeeee,GOOB :(((
0:12:49,@DandysWxForsakenFan,im sure i will laugh so hard
0:12:49,@shrimpkuuu,Shrimpo 
0:12:50,@ilovechristmasforever,and i lose to a bubble what the fuck
0:12:50,@JSbuildsOfficial,GOOB WATCH OUT. UEDY
0:12:53,@heyy.alexz7,can them just kiss
0:12:54,@alcinaisMINE,Goob ur so silly stop
0:12:54,@SAM_COLBY-f7o,ASTRO GET THE FUHHHH OUT THE WAY-
0:12:55,@LUXE-DX,HUH
0:12:55,@supx7228,NVM
0:12:55,@Itsyourgirl33,BOXEN PIZ WIN FOR MEEEE
0:12:56,@Chilibleu,bros gonna lose aura
0:12:57,@superarcade643,aww goob is so autistic and cute :3
0:12:57,@Angelilockedaway,GOOB RUN
0:12:58,@AaliyahYouguysarealreadyma-y5t,.
0:12:58,@Tamers12345MLP,Goob is canonically like this in the game btw
0:12:58,@vanveleca,heh
0:12:58,@dumsanihlatshwayo3185,noo
0:13:00,@JSbuildsOfficial,W
0:13:00,@dillweedsmokur, I was just thinking about you tamers omg
0:13:00,@superarcade643,awwww
0:13:01,@Cindysidd,WHAT
0:13:02,@Saily-e2g,GOOB
0:13:02,@DandysWxForsakenFan,EXCUSE ME????
0:13:02,@jennythebean9117,Nooooooooo
0:13:03,@misakayy1911,OH NO
0:13:04,@JSbuildsOfficial,HELP-
0:13:04,@gamertuberonmask,OH NO
0:13:04,@wens_nwe,NOOOOOOO
0:13:04,@superarcade643,NOOOOOOOOOOO
0:13:05,@jaminator8000,goob is so cute
0:13:05,@NuhuhhUmeannie,HELP
0:13:05,@064razor,No!!!
0:13:05,@inatropolis,wait no hes getting bodied
0:13:07,@shrimpkuuu,OH MY GOD NO
0:13:07,@qwwwwwwweeeeeee,HELP
0:13:08,@user-lf3jf5fp3f,lol
0:13:08,@NuhuhhUmeannie,LOL
0:13:09,@gamertuberonmask,SHRIMPO NOO
0:13:09,@Veezroom,ruh roh
0:13:09,@Mmilky_way,OMG
0:13:10,@superarcade643,WHAT
0:13:10,@NubMcMoofin,:face_holding_back_tears::face_holding_back_tears::loudly_crying_face:
0:13:10,@Chilibleu,OH CRAP
0:13:11,@amobolos99,"silly shirinp""my shailaaa"
0:13:11,@LUXE-DX,OH THATS SNEAKY
0:13:11,@KUNNYKING-s9t,@alcinaisMINE ALLING THE AMBULANE RN girll!!!
0:13:11,@r4d1sh89,tr
0:13:12,@superarcade643,WHATT
0:13:12,@DandysWxForsakenFan,NOOOOOOO WHYYY
0:13:12,@NuhuhhUmeannie,NO
0:13:12,@ellahall7451,shirmpo....
0:13:12,@shrimpkuuu,SHRIMPO
0:13:12,@JSbuildsOfficial,HELP-
0:13:12,@AaliyahYouguysarealreadyma-y5t,NOOŒ
0:13:12,@RoySimilus,What
0:13:13,@gamertuberonmask,OH NO
0:13:13,@Shivery,NOOOO SHRIMPO
0:13:15,@Yanella_wins,.
0:13:15,@sara17_animation,Holy shit
0:13:15,@Cindysidd,griffers be like
0:13:15,@superarcade643,NOOOOOOOOOOOOOOO
0:13:15,@r4d1sh89,OMG
0:13:15,@galaxywolfart2443,nooo 
0:13:15,@The_Silly_Patootie,NOOO
0:13:16,@MillerTheDarkTransPrince,yayyy
0:13:16,@shrimpkuuu,OH MY GOD
0:13:16,@My_all_fault,Demandly
0:13:16,@wens_nwe,WHAT
0:13:17,@thedarknessinthelight9824,NAHHHHHHHHHHHHHHH
0:13:17,@muggz7752,Based
0:13:17,@Kipkat13,LMAO NOOOO
0:13:17,@SpadedAcey,HOLY SHIT
0:13:17,@alcinaisMINE,Uh ohhh
0:13:18,@ichidori1212,Well yeah this is all canon
0:13:18,@shrimpkuuu,NO 
0:13:18,@gamertuberonmask,SPROUT WTF
0:13:18,@Yanella_wins,NKOO
0:13:18,@inatropolis,SHRIMPO OH MY GOD
0:13:18,@dumsanihlatshwayo3185,BRO
0:13:18,@SPROUTANDCOSMO2014,OH MY GOD….
0:13:18,@qwwwwwwweeeeeee,HSRIMP
0:13:18,@Hexen_4444,Tragic
0:13:19,@BridgettePatterson-e1n,wth
0:13:20,@ASTR03Y3K0N,HOLY SHIT
0:13:20,@dominicunderwood4911,WHY IS HIS BLOOD BLACK?!?!
0:13:20,@Saily-e2g,SHIMRPOO
0:13:20,@shrimpkuuu,HOLY SHIT NO
0:13:20,@jennythebean9117,Shrimpo is no more 
0:13:21,@qwwwwwwweeeeeee,WHAT
0:13:21,@064razor,Shrimpo is dead
0:13:21,@heyy.alexz7,OH NO
0:13:22,@alcinaisMINE,LMAO THEY CHEERING
0:13:22,@thedarknessinthelight9824,NOT SHRIMPO
0:13:22,@NuhuhhUmeannie,OHMYGOD
0:13:22,@My_all_fault,...
0:13:23,@DandysWxForsakenFan,BRO SPROUT IS SO EVIL
0:13:23,@Angelilockedaway,WAIT WHAT
0:13:24,@Saily-e2g,SHITT
0:13:25,@therealqulinhi,AWWHH GOOB
0:13:25,@qwwwwwwweeeeeee,IS HE DEAD??
0:13:26,@Potemerxparlofan-forlife,AA
0:13:26,@064razor,Dandy's getting swept
0:13:27,@Heylooren,YAYYYYY FUCKING YESSSS
0:13:27,@Lunarshellhole,NOOO IT SHOULDVE BEEN GOOB
0:13:27,@Toastedfroggyheheh,SOULVESTER YOU BETTER CLUTCH 
0:13:28,@CeruleanArcadia,SHAMPAGNE NOOO
0:13:28,@sweekxuuuu,oh god...
0:13:29,@064razor,Bring out the brooms
0:13:29,@Chilibleu,THIS IS A REFERENCE
0:13:30,@supx7228,LOL
0:13:31,@DandysWxForsakenFan,NOOOOOO
0:13:32,@Angelilockedaway,SHRIMPO OH MY GOD
0:13:32,@FaithLeguias,OH!
0:13:32,@twinoustwinster,CRINE
0:13:33,@veelee9808,UHM
0:13:33,@haileykitty6993,Shrimpo is dead
0:13:33,@لمارالمطيري-ر7غ,:face-blue-smiling::face-blue-smiling::face-blue-smiling::face-blue-smiling::face-blue-smiling::face-blue-smiling::face-blue-smiling::yt::yt::yt::yt::yt::yt::yt:
0:13:33,@Kipkat13,W GOOB
0:13:33,@qwwwwwwweeeeeee,SHRJMPO:loudly_crying_face::loudly_crying_face::loudly_crying_face:
0:13:34,@LabrittxDdd,sjsjsw
0:13:35,@JSbuildsOfficial,RIP STRIMPO
0:13:36,@alcinaisMINE,Soulvester do something 
0:13:36,@creamsouda3338,@dominicunderwood4911 BECAUSE THEY BLEED ICHOR
0:13:37,@OrpheusHart,Shrimpo deserved that
0:13:37,@P3BBL3-u8q,CRYING
0:13:40,@Tamers12345MLP,@dominicunderwood4911 Are they not filled with Ichor instead of blood????
0:13:43,@Potemerxparlofan-forlife,Why is Finn’s neck so long
0:13:43,@sara17_animation,finn what
0:13:43,@Angelilockedaway,I'M GIGGLING
0:13:43,@Cindysidd,BL
0:13:44,@DandysWxForsakenFan,LOL FINN'S PHOTO
0:13:45,@therealqulinhi,FINN
0:13:45,@OrpheusHart,YAAY NEW TOON
0:13:45,@JSbuildsOfficial,SQUIRM
0:13:45,@superarcade643,NOOOO
0:13:48,@supx7228,furry Fein
0:13:48,@superarcade643,HES SO CUTE OMG
0:13:48,@bouncywoo,????????? LMAO
0:13:49,@ilovechristmasforever,what is that finn photo
0:13:49,@RoySimilus,He's A\nDoughnut now like
0:13:49,@MurielRojasRuiz,they finn bro
0:13:49,@catalina-h5o6q,FINNS PAINT IS GONNA COME OFF
0:13:49,@therealqulinhi,FINN MY PAPI
0:13:50,@AaliyahYouguysarealreadyma-y5t,lol
0:13:50,@The_Silly_Patootie,OH
0:13:50,@Tiki2970,I have no idea what that scaredy insect guy is called
0:13:50,@Shivery,They're both pure
0:13:51,@brittanydavis1771,DAMN DANDY
0:13:51,@JulioGeorgeQuispeSanchez-r9f,fnaf reference
0:13:53,@sara17_animation,is ichor
0:13:54,@user-lf3jf5fp3f,hugging is gay is crazy
0:13:54,@064razor,:broom::broom::broom::broom::broom::broom::broom::broom::broom::broom::broom::broom::broom::broom::broom::broom::broom::broom::broom::broom::broom::broom::broom::broom::broom::broom::broom::broom::broom::broom::broom::broom: Sprout Sweep
0:13:55,@jennythebean9117,Fight gorlox 
0:13:56,@MillerTheDarkTransPrince,good finn
0:13:56,@DandysWxForsakenFan,i gonna crine
0:13:56,@alcinaisMINE,Finn aren’t u into that
0:13:57,@therealqulinhi,FINNN SHAKE IT
0:13:59,@dominicunderwood4911,"Right, I forgot. Please put me in the stocks, lads."
0:14:00,@Saily-e2g,FIN''
0:14:01,@therealqulinhi,FINN
0:14:01,@Cindysidd,Boxter is hot
0:14:03,@superarcade643,AAAAAAAAAA
0:14:03,@shrimpkuuu,The fact he’s managing to float is unrealistic
0:14:04,@therealqulinhi,FINN
0:14:05,@Itsyourgirl33,BOXEN PLZ WINNNNNNNN
0:14:06,@superarcade643,THEY ARE SO CUTE OMGGG
0:14:07,@JSbuildsOfficial,OH
0:14:07,@The_Silly_Patootie,Uh oh
0:14:08,@Angelilockedaway,OH GOD
0:14:09,@superarcade643,CUUUTE
0:14:09,@jennythebean9117,:loudly_crying_face::loudly_crying_face::loudly_crying_face::loudly_crying_face::loudly_crying_face:
0:14:10,@MurielRojasRuiz,hello
0:14:11,@NuhuhhUmeannie,AW CUTIES
0:14:11,@amobolos99,AAAAA
0:14:12,@shrimpkuuu,Why isn’t he sinking
0:14:12,@JSbuildsOfficial,AYOOOOOOO
0:14:12,@therealqulinhi,FINN WIN PLS
0:14:13,@applebloom2307,unf
0:14:14,@superarcade643,LMAOOOO
0:14:14,@JesusitoXD,tasty
0:14:14,@vanveleca,yaay
0:14:15,@GOHAN-STEAKFAN,yay
0:14:15,@Cindysidd,HSJAJA
0:14:15,@qwwwwwwweeeeeee,can they kiss
0:14:15,@sara17_animation,wow
0:14:15,@Hexen_4444,the rules are the rules
0:14:16,@AaliyahYouguysarealreadyma-y5t,oh
0:14:16,@superarcade643,LETS GOO
0:14:16,@shrimpkuuu,oh my god
0:14:16,@alcinaisMINE,SLURP
0:14:16,@LUXE-DX,HHAH
0:14:16,@therealqulinhi,finn
0:14:16,@catalina-h5o6q,OHH
0:14:17,@Toastedfroggyheheh,LOL
0:14:18,@gamertuberonmask,FINN?!
0:14:18,@superarcade643,FINN!!!!!
0:14:18,@Tamers12345MLP,@shrimpkuuu he just did
0:14:18,@MillerTheDarkTransPrince,yuppies
0:14:19,@JSbuildsOfficial,RINN WINS
0:14:19,@064razor,That was so stusphid
0:14:19,@DandysWxForsakenFan,Yay finn Win:D
0:14:19,@superarcade643,GG
0:14:19,@Veezroom,gay
0:14:20,@amobolos99,yayyy
0:14:21,@misakayy1911,CUTE
0:14:21,@catalina-h5o6q,I LOVE FINN
0:14:21,@gamertuberonmask,OH
0:14:21,@Kipkat13,awwww ;w;
0:14:21,@wens_nwe,HAHAHHAHA
0:14:22,@bouncywoo,HE DROWNED?
0:14:22,@qwwwwwwweeeeeee,LETS GOOO
0:14:23,@Shivery,:clapping_hands::clapping_hands::clapping_hands::clapping_hands::clapping_hands:
0:14:24,@inatropolis,no chance im crine
0:14:24,@KUNNYKING-s9t,SLOP
0:14:25,@ShellyFossilianMM,AWW!
0:14:26,@supx7228,OOP
0:14:27,@alcinaisMINE,They’re so jolly
0:14:27,@gamertuberonmask,FINN WON BY NOTHING
0:14:27,@Sillymia838,WHY IS NO ONE TALKING ABOUT GILSTEN
0:14:27,@Toastedfroggyheheh,OH
0:14:28,@DandysWxForsakenFan,BASSIE???
0:14:28,@JSbuildsOfficial,HELP-
0:14:29,@Angelilockedaway,WGAT
0:14:30,@brittanydavis1771,Aaawww
0:14:31,@sweekxuuuu,poor thing
0:14:31,@Toastedfroggyheheh,YESSS
0:14:31,@Kipkat13,CUTE
0:14:32,@DandysWxForsakenFan,oh
0:14:33,@poppymain-r2b,Wouldn't finn piss water
0:14:34,@064razor,No team comes back from being down 3-0
0:14:34,@LUXE-DX,WHAT
0:14:34,@Tamers12345MLP,Squirm is dead yeah
0:14:35,@supx7228,BASSIE NOOO
0:14:35,@JSbuildsOfficial,BASSIE PLUSH
0:14:35,@Tiki2970,Time for Dandy's team to bring it back
0:14:36,@EmiliaMadisonVillaluz-wg6ox,Ohh
0:14:36,@wens_nwe,OMGGGG
0:14:36,@FaithLeguias,OMG
0:14:36,@ellahall7451,BASSIE
0:14:37,@jennythebean9117,Cheating!
0:14:37,@P3BBL3-u8q,:pensive_face:
0:14:38,@CeruleanArcadia,BASSIE NOOO
0:14:38,@veelee9808,oh
0:14:38,@The_Silly_Patootie,DANGGG
0:14:39,@DandysWxForsakenFan,poor Bassie lol
0:14:39,@Toastedfroggyheheh,AWW SHIT
0:14:39,@Chilibleu,welp
0:14:39,@sara17_animation,noo bassie
0:14:40,@heyy.alexz7,bassieeeeeeeeeeee
0:14:40,@Dalekoverhauls,Well that one way to do it
0:14:40,@gamertuberonmask,Dear gosh
0:14:41,@poppymain-r2b,NO BASSIE
0:14:42,@064razor,Sprout's gonna win this
0:14:42,@qwwwwwwweeeeeee,HELP 
0:14:43,@therealqulinhi,FINN
0:14:43,@inatropolis,HELP
0:14:43,@AaliyahYouguysarealreadyma-y5t,oh
0:14:43,@gamertuberonmask,RIP Bassie
0:14:44,@DandysWxForsakenFan,BRO LOO
0:14:44,@Saily-e2g,BASSIE NAUR
0:14:44,@poppymain-r2b,WHY
0:14:45,@dumsanihlatshwayo3185,noooo
0:14:45,@Angelilockedaway,BAHAHA
0:14:45,@LUXE-DX,Ooop
0:14:46,@abread369,is this the last thing we will see of squirm
0:14:46,@JSbuildsOfficial,BYE-
0:14:46,@Toastedfroggyheheh,YES YESSSS
0:14:47,@therealqulinhi,FINN
0:14:48,@P3BBL3-u8q,NOOO BASSIE
0:14:49,@MillerTheDarkTransPrince,go tishaa
0:14:49,@Dythe_dert,Damn tisha
0:14:50,@Potemerxparlofan-forlife,Don’t rest in peace squirm
0:14:50,@Chilibleu,YEAHH TISHHAA
0:14:52,@NuhuhhUmeannie,ASTRO OH MY
0:14:52,@Veezroom,YES TEAM GAY HAS TO WIN :money_mouth_face::money_mouth_face::money_mouth_face::money_mouth_face::money_mouth_face:
0:14:53,@ASTR03Y3K0N,BAHAHA
0:14:53,@dominicunderwood4911,Was that...ahegao??
0:14:54,@alcinaisMINE,I feel like I’m being edged 
0:14:54,@diachuchu,TISHA?
0:14:55,@Toastedfroggyheheh,OOOO
0:14:56,@poppymain-r2b,SHE WONT BE IN ANYMORE EPISODeS
0:14:57,@DandysWxForsakenFan,LOOOL
0:14:57,@The_Silly_Patootie,SHEEESH
0:14:57,@Itsyourgirl33,BOXEN PIZZ WINNNNNNNNNNNNNNNNNNNNN
0:14:57,@poppymain-r2b,NOO
0:14:58,@gamertuberonmask,IT’S A POOL NOODLE FIGHT NOT A FIGHT TO THE DEATH :loudly_crying_face:
0:15:00,@supx7228,TAMERS YOU BESH WHY BASSIE WHY
0:15:00,@ilovechristmasforever,tisha fighting
0:15:01,@veelee9808,YESSS
0:15:01,@064razor,Game 7
0:15:02,@Chilibleu,:money_mouth_face::money_mouth_face::money_mouth_face:
0:15:03,@vdn2468,LOL 
0:15:04,@EmiliaMadisonVillaluz-wg6ox,vu
0:15:04,@poppymain-r2b,WHYYY
0:15:06,@JSbuildsOfficial, BRIGHTNEY
0:15:06,@Berryfunny1st,hsusus
0:15:07,@NuhuhhUmeannie,DRIPPING WISHING HE GOT ONTO A TEAM
0:15:08,@therealqulinhi,FINN I'M COMING FR YIU
0:15:08,@catalina-h5o6q,THE AI BLOT
0:15:10,@DandysWxForsakenFan,BLOT LOOKS LIKE THE THING FROM DOORS
0:15:10,@dumsanihlatshwayo3185,OH Wow
0:15:10,@haileykitty6993,damn
0:15:11,@The_Silly_Patootie,I’m scared
0:15:12,@superarcade643,YOOOOO
0:15:12,@Veezroom,I'm praying they don't get dyle to show up on the board
0:15:13,@Cindysidd,oh
0:15:13,@XxZ0MB1E_K1TTYxX,im tired but this is peak
0:15:13,@alcinaisMINE,He’s dead 
0:15:13,@poppymain-r2b,Oh wait blots alive
0:15:14,@misakayy1911,OH NO
0:15:14,@superarcade643,BLUD DEAD ;(
0:15:14,@Shivery,He's ded
0:15:14,@Chase18567,:rolling_on_the_floor_laughing:
0:15:15,@poppymain-r2b,Nvm
0:15:15,@creamsouda3338,hes dead bro
0:15:15,@catalina-h5o6q,oh.
0:15:17,@Chilibleu,:0
0:15:17,@DandysWxForsakenFan,Gourdy:D
0:15:17,@Toastedfroggyheheh,YES BOXTEN
0:15:18,@XxZ0MB1E_K1TTYxX,NOOOOOOOO
0:15:18,@superarcade643,GOURDYYYYYYYYYY
0:15:20,@KUNNYKING-s9t,OH GLISTEN IM DRIPPING
0:15:20,@therealqulinhi,:face-fuchsia-tongue-out:
0:15:20,@Itsyourgirl33,BOXEN MY HUSBAND PIZ WIN 
0:15:21,@superarcade643,GOURDYYYYYYYYYYYYYYYYYYYYYYYYY
0:15:21,@064razor,Do it Boxten
0:15:21,@Toastedfroggyheheh,DO IT
0:15:21,@gamertuberonmask,Well Brightney wins
0:15:22,@qwwwwwwweeeeeee,hel
0:15:22,@GOHAN-STEAKFAN,.
0:15:22,@Kipkat13,o
0:15:22,@Chase18567,:partying_face:
0:15:22,@Angelilockedaway,didn't blot die
0:15:23,@superarcade643,GOURDYYYYYYYYYYYYYYYYY
0:15:23,@bouncywoo,BOXTEN
0:15:23,@wens_nwe,GOURDYYY
0:15:24,@MurielRojasRuiz,blot bro
0:15:24,@cosmodww,hi
0:15:24,@amobolos99,lol
0:15:25,@sara17_animation,wow
0:15:25,@Hexen_4444,not the Child
0:15:26,@alcinaisMINE,interesting gourdy picture
0:15:26,@ミソサザイmisothesoup,ayo
0:15:26,@vanveleca,lmao
0:15:26,@supx7228,BOXTEN
0:15:29,@JSbuildsOfficial,BRIGHTNEY WINS
0:15:30,@Cindysidd,NOOOOO
0:15:30,@Chilibleu,make daddy proud
0:15:30,@superarcade643,YESSS
0:15:32,@GOHAN-STEAKFAN,NOO
0:15:32,@superarcade643,GOURDYYYY
0:15:34,@The_Silly_Patootie,OHHH
0:15:34,@amobolos99,noooo gourdy
0:15:35,@DandysWxForsakenFan,what-
0:15:35,@dumsanihlatshwayo3185,noooo
0:15:35,@superarcade643,HOLY
0:15:35,@wens_nwe,HAHAHHA
0:15:35,@ilovechristmasforever,starter vs pumpkin!
0:15:35,@Nanz_Cureton,YES
0:15:35,@veelee9808,yesss
0:15:36,@Tiki2970,SOULVESTER DON'T INTERFERE
0:15:36,@superarcade643,HOLY
0:15:36,@Toastedfroggyheheh,NO
0:15:36,@Angelilockedaway,BAHAHA
0:15:37,@superarcade643,HOLY
0:15:38,@GOHAN-STEAKFAN,NOO BOXTEENNENENENENENE
0:15:38,@Potemerxparlofan-forlife,HELP
0:15:39,@cosmodww,BRO
0:15:39,@ZoombaPumba,yoYOOOOOOOOOOOO
0:15:40,@AaliyahYouguysarealreadyma-y5t,NOOO
0:15:40,@theo6t7,"Let's gourdy, win!"
0:15:41,@superarcade643,OMGGGGG
0:15:43,@Hyloaf,YES
0:15:43,@JSbuildsOfficial,WATCH OUT GOURDY
0:15:43,@qwwwwwwweeeeeee,LMAO
0:15:43,@NuhuhhUmeannie,LOLL
0:15:44,@inatropolis,pelase no
0:15:44,@dominicunderwood4911,Both?!?!
0:15:45,@ZoombaPumba,SOULVESTER YEAAAAAAAAAAAAAAAAAA 
0:15:45,@alcinaisMINE,OH GOD
0:15:45,@LUXE-DX,NOOOOOO
0:15:45,@misakayy1911,OH NO
0:15:45,@MillerTheDarkTransPrince,noooo
0:15:45,@Veezroom,I'm not surprised
0:15:46,@Shivery,NOOO 
0:15:46,@OrpheusHart,YEEEEEESSSSS
0:15:47,@Potemerxparlofan-forlife,SOULVESTER OMG
0:15:47,@alcinaisMINE,OH MY HOD
0:15:47,@user-lf3jf5fp3f,the gyatts are killing me
0:15:47,@NuhuhhUmeannie,THATS HORRIBLE
0:15:48,@DandysWxForsakenFan,AYOOOO SOULVESTER MELONS-
0:15:48,@muggz7752,NOOOO
0:15:48,@Dalekoverhauls,Ohh…
0:15:48,@shrimpkuuu,oh my god
0:15:49,@veelee9808,YESSSS
0:15:49,@amobolos99,HOLY MAMA
0:15:49,@inatropolis,NO
0:15:50,@Cindysidd,HSHSJSHSSN
0:15:50,@Heylooren,LMAOO
0:15:50,@MillerTheDarkTransPrince,help
0:15:50,@Hexen_4444,No please no
0:15:50,@diachuchu,SOULVESTER?
0:15:51,@superarcade643,GOURDY X SOULVESTER SCENE?!?!?!?!?!??!?!?!?!???!!?!?!??!?!?
0:15:52,@Toastedfroggyheheh,GODDAMN IT SOULVESTER
0:15:52,@scoopsofstardust,OH NO
0:15:52,@alcinaisMINE,SOULVESTER IS NOT OASSING UP THIS MOMENT
0:15:53,@Yesfromtiktok,NO.
0:15:54,@superarcade643,YES
0:15:54,@Chilibleu,i hope bro wind
0:15:54,@LUXE-DX,RUN GOURDY RUN
0:15:54,@gamertuberonmask,Chat did Cosmo’s voice change I just realized
0:15:54,@ZoombaPumba,SOULVESTER AURAAAAAA
0:15:54,@creamsouda3338,OH MY GOD BRO
0:15:54,@MillerTheDarkTransPrince,no
0:15:54,@alcinaisMINE,OH MY GOD
0:15:54,@catalina-h5o6q,OHHHH
0:15:54,@sara17_animation,oh noo
0:15:55,@muggz7752,DUUDEEEEEEEE OH MY
0:15:55,@JSbuildsOfficial,HELP MAMA
0:15:56,@The_Silly_Patootie,OOP
0:15:56,@Itsyourgirl33,BOXEN PIZ WIN 
0:15:56,@Potemerxparlofan-forlife,SOULVESTER THE MOLESTER
0:15:56,@thatsw3atym3xican,NO
0:15:56,@DanqRami,GOURDY RUN BRO
0:15:57,@XxZ0MB1E_K1TTYxX,OH MY
0:15:57,@qwwwwwwweeeeeee,SOULBESTER GET OUT
0:15:57,@abread369,SOULVESTER GO AWAYYYYYYYYYY
0:15:58,@superarcade643,BaSED
0:15:58,@sweekxuuuu,WHAT
0:15:58,@dribvox,YESSSSSSSSSSSSSSSSSS
0:15:59,@MillerTheDarkTransPrince,help
0:15:59,@haileykitty6993,"look out, pumpkin boy!"
0:15:59,@WhiteDreamerWorking,NO
0:16:00,@DanqRami,NO
0:16:00,@cosmodww,OH HIT
0:16:00,@thatsw3atym3xican,NO
0:16:01,@NubMcMoofin,:disappointed_face:
0:16:01,@Angelilockedaway,SOULVESTER NO
0:16:01,@therealqulinhi,FINN
0:16:01,@dumsanihlatshwayo3185,nooo please
0:16:01,@superarcade643,GOD
0:16:02,@Itsyourgirl33,BOXEN PIZ WIN 
0:16:02,@AaliyahYouguysarealreadyma-y5t,lol
0:16:04,@ASTR03Y3K0N,OOP
0:16:03,@Cindysidd,LEAVE ALONE
0:16:04,@therealqulinhi,finn
0:16:04,@Heylooren,C'MONNNNN
0:16:06,@jennythebean9117,No
0:16:06,@superarcade643,THANK YOU GOD
0:16:06,@P3BBL3-u8q,NOOO
0:16:06,@bouncywoo,SOULVETSER GO AWAY
0:16:06,@muggz7752,DINT MOLESR HIM
0:16:06,@Tiki2970,SOUL LESTER
0:16:06,@MillerTheDarkTransPrince,no
0:16:07,@thatsw3atym3xican,NO
0:16:07,@alcinaisMINE,LITERALLY FETUS
0:16:07,@supx7228,NO SOULVESTER X GOURDY TAMERS
0:16:07,@abread369,GO AWAY
0:16:07,@064razor,Soulvester loves Gourdy
0:16:07,@Shivery,:skull:
0:16:07,@ChloeAnderson-f8i,no soul dont go near him
0:16:08,@Nanz_Cureton,Shut your yapping 
0:16:09,@shrimpkuuu,He’s going to jail this episode at least
0:16:10,@The_Silly_Patootie,Bleh
0:16:10,@alcinaisMINE,LMAO
0:16:12,@NuhuhhUmeannie,SOULVESTER THE MOELESTER??
0:16:12,@amobolos99,:hand-orange-covering-eyes:
0:16:12,@Toastedfroggyheheh,I KNEW THIS WOULD HAPPEN 
0:16:12,@gamertuberonmask,Soulvester is the aura king in Tamers Universe :loudly_crying_face:
0:16:12,@DanqRami,SOMEONE PUT SOULVESTER IN JAIL
0:16:12,@StarrStatic,Where are we
0:16:12,@Kipkat13,SOULVESTER U GOTTA STOP
0:16:13,@alcinaisMINE,OH HES DESPERATE
0:16:14,@thatsw3atym3xican,GOD PLEASE NO
0:16:14,@Christopher_bluhh,SPULVEESTER NO
0:16:15,@Heylooren,LEAVE HIM ALONE
0:16:16,@sweekxuuuu,dandy is asmatic
0:16:16,@dumsanihlatshwayo3185,please nooooo
0:16:17,@KUNNYKING-s9t,GOREDUSSSY
0:16:18,@Iloveyoubruhh145,Soulvester bro
0:16:18,@bonzo_beanz8087,Soul I’m so fucking done with you
0:16:19,@BlackKanye,kek
0:16:20,@alcinaisMINE,SOULVEZTER THE MOLESTER
0:16:20,@Toastedfroggyheheh,YESSS
0:16:21,@jennythebean9117,Oh no
0:16:21,@superarcade643,LMAOOO
0:16:21,@Angelilockedaway,SOULVESTER GET OUT EWWW EW
0:16:21,@DandysWxForsakenFan,oh
0:16:21,@abread369,LMAOO
0:16:21,@Itsyourgirl33,BOXEN PIZ WIN FOR MEEEE
0:16:21,@rose_gamer100,GO AWAY SOULVEESTER
0:16:21,@J3llycr0,:face-orange-raised-eyebrow:
0:16:22,@Tiki2970,RELEASE THE SOUL-LESTER FILES
0:16:22,@MOOSTACHE_Official,oh thought he said slopping
0:16:22,@EmiliaMadisonVillaluz-wg6ox,ask
0:16:22,@alcinaisMINE,LMAK
0:16:22,@OrpheusHart,LOL
0:16:23,@Christopher_bluhh,NO PLS NO
0:16:25,@Hexen_4444,RUN!
0:16:25,@muggz7752,DUDE
0:16:25,@Chilibleu,sometimes i wonder bros beef with a child :wilted_flower:
0:16:25,@alcinaisMINE,GOURDY IS DONE FOR
0:16:25,@GOHAN-STEAKFAN,guys
0:16:26,@Gaalnr,lol
0:16:26,@qwwwwwwweeeeeee,help 
0:16:27,@superarcade643,NOOOOOOOOOO
0:16:27,@creamsouda3338,LMAOOOOOO??????
0:16:27,@DanqRami,OML
0:16:28,@Cindysidd,HASHSHHSS
0:16:28,@misakayy1911,LOL
0:16:29,@haileykitty6993,oh...
0:16:29,@alcinaisMINE,NOOOOO
0:16:30,@The_Silly_Patootie,Uh oh
0:16:30,@muggz7752,LMAOO
0:16:30,@shrimpkuuu,LMFAOOOOO
0:16:31,@cosmodww,NO
0:16:31,@Potemerxparlofan-forlife,MAKE SOULVESTER GO TO JAIL
0:16:31,@alcinaisMINE,REF
0:16:32,@Veezroom,OH THABK GOSH
0:16:32,@JSbuildsOfficial,YAY
0:16:32,@064razor,Victory by technicality
0:16:33,@DandysWxForsakenFan,im sobbing;--;
0:16:33,@jennythebean9117,
0:16:33,@Chase18567,
0:16:33,@gamertuberonmask,Well Soulvester wins
0:16:33,@abread369,THE REGISTRY
0:16:34,@amobolos99,YESSS
0:16:35,@diachuchu,THE REGISTRY?
0:16:35,@cosmodww,gulp
0:16:35,@alcinaisMINE,TAMERS UR EDGING ME
0:16:35,@MOOSTACHE_Official,
0:16:35,@Kipkat13,OH NO LMAO
0:16:35,@NuhuhhUmeannie,LOLL
0:16:35,@Skidum1,LMAOOOO
0:16:36,@muggz7752,WOWWWWW 
0:16:37,@alcinaisMINE,LMAO
0:16:38,@jaminator8000,poor gourdy
0:16:38,@Yesfromtiktok,:washhands::washhands:
0:16:38,@gummy8440,Gourdy we saw what you did in the McDonald's drive though
0:16:38,@RoySimilus,the aura
0:16:39,@JSbuildsOfficial,LMFAOOOO
0:16:39,@Chase18567,:eyes:
0:16:39,@MurielRojasRuiz,alguien el español viendo esto
0:16:40,@Saily-e2g,LMAFO
0:16:40,@CeruleanArcadia,LOCK UP SOULVESTOR
0:16:40,@bp5814,:clapping_hands::clapping_hands::clapping_hands::clapping_hands::clapping_hands::clapping_hands::clapping_hands:
0:16:40,@Yanella_wins,1K GUYS
0:16:41,@LUXE-DX,HAHAHAH BOZO
0:16:42,@CoolGuy-d1b,Clap Clap Clap
0:16:42,@NuhuhhUmeannie,THE REGISTRY??
0:16:43,@KUNNYKING-s9t,TAMERS YOUR EDING US
0:16:43,@NubMcMoofin,:smiling_face:
0:16:44,@dumsanihlatshwayo3185,No please No
0:16:45,@shrimpkuuu,LMFAOOOOOOOO
0:16:45,@alcinaisMINE,Soulvester it’s ok… ough….
0:16:45,@DanqRami,SMART GOURDY
0:16:46,@Angelilockedaway,GOOGOO NO
0:16:46,@superarcade643,:face-purple-crying::face-purple-crying::face-purple-crying::face-purple-crying::face-purple-crying::face-purple-crying::face-purple-crying::face-purple-crying::face-purple-crying::face-purple-crying::face-purple-crying::face-purple-crying::face-purple-crying::face-purple-crying::face-purple-crying::face-purple-crying::face-purple-crying::face-purple-crying::face-purple-crying::face-purple-crying:
0:16:46,@Hyloaf,aww :(
0:16:47,@Chilibleu,yeah bro im clapping
0:16:49,@CeruleanArcadia,BEFORE HIS GAYZ
0:16:50,@JSbuildsOfficial,1K VIEWS
0:16:51,@dumsanihlatshwayo3185,good
0:16:51,@therealqulinhi,finn papii
0:16:52,@The_Silly_Patootie,gulp 
0:16:53,@scoopsofstardust,WHERE IS TWISRED SPROUT
0:16:53,@DandysWxForsakenFan,LOL DYLE
0:16:53,@KUNNYKING-s9t,NOO THE TRAGOC POL NOODLE BAUNTEDPUMKIS YAOI
0:16:54,@The_Official_Douchebag,solvester on the Epstein list
0:16:54,@SAM_COLBY-f7o,LOCK IN RODGER
0:16:55,@Saily-e2g,Gourdy escaped the fate
0:16:55,@inatropolis,lock in soulvester 🫩
0:16:55,@cosmodww,.
0:16:55,@stormstarproductions7844,LOL THE HELL?
0:16:56,@AaliyahYouguysarealreadyma-y5t,:clapping_hands::clapping_hands::clapping_hands:
0:16:56,@FForox11GO,:clapping_hands:
0:16:56,@rose_gamer100,THANK GOSH
0:16:57,@cosmodww,WOW
0:16:57,@P3BBL3-u8q,EWW
0:16:58,@jennythebean9117,Zamn
0:16:58,@cosmodww,OK
0:16:59,@Heylooren,GOSH NO POOR COSMO
0:16:59,@abread369,Well done gourdy
0:16:59,@alcinaisMINE,Soulvester you’ll getem next time
0:17:00,@brittanydavis1771,
0:17:00,@Mmilky_way,OOP
0:17:00,@Shivery,MATCHING SKINS
0:17:01,@cosmodww,ok!
0:17:01,@JSbuildsOfficial,AYO
0:17:01,@MillerTheDarkTransPrince,fr lock his ass up
0:17:02,@qwwwwwwweeeeeee,HEK
0:17:02,@GOHAN-STEAKFAN,IKR
0:17:03,@ASTR03Y3K0N,HELPPP
0:17:03,@The_Silly_Patootie,HELP
0:17:03,@mikeparker4993,GROUDY
0:17:04,@DanqRami,I know we're gonna get dandy against dyle trust
0:17:05,@vanveleca,SO TRUE
0:17:06,@XxZ0MB1E_K1TTYxX,yaoi
0:17:06,@GOHAN-STEAKFAN,IKRRR
0:17:06,@Shivery,Glisten say facts!
0:17:07,@Chase18567,",:face_savoring_food:"
0:17:08,@NuhuhhUmeannie,HELP
0:17:09,@EmiliaMadisonVillaluz-wg6ox,GOOOOOOOOOOOOOOOOOOOOOOOOO
0:17:10,@AaliyahYouguysarealreadyma-y5t,lol
0:17:10,@Veezroom,pls don't reveal dyle image:broken_heart::broken_heart::broken_heart::broken_heart::broken_heart:
0:17:11,@Cattle.ink.3,frrrrr
0:17:11,@GOHAN-STEAKFAN,I KNOW RIGHT
0:17:11,@NuhuhhUmeannie,HELP
0:17:12,@Itsyourgirl33,BOXEN PIZ WIN FOR USSSSSS
0:17:12,@inatropolis,matchijg skin jail
0:17:13,@thedarknessinthelight9824,LOOLLLLLLLLLL
0:17:13,@user-lf3jf5fp3f,lol
0:17:13,@jennythebean9117,lol 
0:17:14,@OrpheusHart,LMAO
0:17:14,@NuhuhhUmeannie,?????
0:17:14,@Exiledlama,LMFAO
0:17:14,@Chase18567,The only way I could do that was if 
0:17:14,@superarcade643,YOOOO
0:17:15,@Kipkat13,GAY
0:17:15,@thedarknessinthelight9824,So true
0:17:15,@dominicunderwood4911,"But wait, why does Gourdy have to lose??"
0:17:15,@shrimpkuuu,Why is he right
0:17:16,@DanqRami,Glisten spitting facts
0:17:16,@Nanz_Cureton,Oh
0:17:16,@mantequillaconmaniv,FACTS.
0:17:16,@Tamers12345MLP,Who here got all of Sprout and Cosmo's matching skins?
0:17:17,@MissMaryLRSam,Yay!!!
0:17:18,@BlackKanye,holy fuck kek
0:17:18,@qwwwwwwweeeeeee,Lmaoo
0:17:18,@osuasheuatl,lol
0:17:19,@JSbuildsOfficial,THE MATCHING SKINS
0:17:19,@TheThingUnderUrBed-2763,Glisten don’t clock him like that ;-;
0:17:19,@alcinaisMINE,Soulvester and gourdy are canonically gay
0:17:19,@NuhuhhUmeannie,LMAO
0:17:20,@XxZ0MB1E_K1TTYxX,huh
0:17:20,@Hexen_4444,it is?
0:17:21,@shrimpkuuu,THATS MY GOAAAAAAAT
0:17:21,@muggz7752,Hihhh
0:17:21,@Heylooren,SAVE COSMO
0:17:22,@superarcade643,YOOOOOOOOOOOO
0:17:22,@supx7228,ERM WHAT
0:17:22,@cosmodww,DDYE
0:17:22,@LUXE-DX,OOP
0:17:22,@Skidum1,HUH?
0:17:22,@Strong_sadfan,what
0:17:23,@cosmodww,me
0:17:23,@r4d1sh89,HELP
0:17:23,@064razor,Real
0:17:23,@EmiliaMadisonVillaluz-wg6ox,Ok NO
0:17:24,@cosmodww,ME
0:17:24,@Chase18567,The only way I could do this would probably take about two  hours or less of the work 
0:17:24,@veelee9808,LOL
0:17:24,@DanqRami,ME
0:17:24,@Shivery,Why he said is true!? 
0:17:24,@JSbuildsOfficial,HELP-
0:17:25,@misakayy1911,LOL
0:17:25,@muggz7752,WHA
0:17:26,@thedarknessinthelight9824,NOOOOOOOOOOOOO
0:17:26,@applebloom2307,YO?! FR??
0:17:26,@NuhuhhUmeannie,LOLLL
0:17:26,@Chilibleu,its for childern..:loudly_crying_face::loudly_crying_face::loudly_crying_face::loudly_crying_face::loudly_crying_face::loudly_crying_face:
0:17:26,@Heylooren,me
0:17:26,@GlimmyGOD,juicy drama
0:17:27,@cosmodww,I HAVE ALL OF THM
0:17:27,@The_Silly_Patootie,Scared
0:17:27,@cosmodww,cosmo win
0:17:28,@Exiledlama,HE TOLD YOU THAT IN CONFIDENCE
0:17:28,@dominicunderwood4911,HAHA
0:17:28,@Nugget20101,me
0:17:28,@cosmodww,cosmo wincosmo wincosmo wincosmo wincosmo win
0:17:28,@NuhuhhUmeannie,HELL
0:17:29,@cosmodww,cosmo win
0:17:29,@cosmodww,cosmo win
0:17:29,@cosmodww,cosmo win
0:17:29,@diachuchu,IM CRYING BRO
0:17:30,@cosmodww,cosmo win
0:17:30,@MillerTheDarkTransPrince,what
0:17:30,@cosmodww,cosmo win
0:17:30,@DandysWxForsakenFan,COSMO WIN HIM
0:17:30,@cosmodww,cosmo win
0:17:31,@thedarknessinthelight9824,NO FKINF SHOT LMAO
0:17:31,@Heylooren,ME
0:17:32,@jennythebean9117,Grab the cake
0:17:32,@Saily-e2g,WHATT
0:17:32,@Vagab0ndify,This is getting tense.
0:17:32,@cosmodww,cosmo wincosmo win
0:17:33,@Kipkat13,LMAO
0:17:33,@NuhuhhUmeannie,HELP???
0:17:33,@ASTR03Y3K0N,oh hell yes
0:17:33,@shrimpkuuu,ITS REAAAAAAL
0:17:34,@JSbuildsOfficial, DANDY
0:17:34,@jaminator8000,holy lore drop
0:17:34,@Itsyourgirl33,BOXEN PIZ WIN FOR USSSSSSSSSS
0:17:35,@064razor,"Get 'em, Dandy!"
0:17:35,@dumsanihlatshwayo3185,me
0:17:35,@alcinaisMINE,Ultimate gay battle 
0:17:35,@Yesfromtiktok,FAHHHH
0:17:36,@Cindysidd,is real
0:17:36,@MOOSTACHE_Official,I was here for this.
0:17:38,@cosmodww,cosmo win.
0:17:38,@poppymain-r2b,Dandy win
0:17:38,@applebloom2307,"Dam, fr thats cool"
0:17:39,@Angelilockedaway,SPROUT COSMO IS MINE UGH
0:17:39,@muggz7752,Dudee this is nutsss
0:17:40,@Itsyourgirl33,PLZZZZ
0:17:40,@Toastedfroggyheheh,OHHHH
0:17:40,@inatropolis,im crine is that real
0:17:40,@diachuchu,WIN AN ACTUAL WIN
0:17:40,@EmiliaMadisonVillaluz-wg6ox,do
0:17:40,@cosmodww,hi
0:17:41,@Chase18567,I’m just trying my luck :four_leaf_clover: for a chance for my next win :trophy: at this tournament :stadium: I am going for it so if I get to see the win :sports_medal: in 
0:17:42,@veelee9808,COSMO WIN FOR ME BABY
0:17:42,@Potemerxparlofan-forlife,WHO TF SAId SOULVESTER AND GOURDY ARE GAY
0:17:42,@supx7228,dandy and cosman:smiling_face_with_sunglasses:
0:17:42,@cosmodww,"cosmo win,"
0:17:43,@Veezroom,HOLY LEAK
0:17:44,@Tiki2970,SPROUT'S ETERNAL RIVAL VS SPROUT'S BOYF...BEST FRIEND
0:17:44,@creamsouda3338,jiggles cosmos fat rolls
0:17:44,@EmiliaMadisonVillaluz-wg6ox,st
0:17:46,@Shivery,The Twink Swiss Roll needs to win!
0:17:47,@theo6t7,"Yes, more Cosmo skins!"
0:17:47,@lyleda_dood1350,tamers please never invite this VA ever again
0:17:48,@cosmodww,cosmo winhh
0:17:48,@Chilibleu,dandy kill bros boyfri- i mean best friend
0:17:49,@Kipkat13,puppyroll cosmo
0:17:50,@alcinaisMINE,me
0:17:50,@EmiliaMadisonVillaluz-wg6ox,cry
0:17:51,@cosmodww,ME
0:17:51,@JSbuildsOfficial,DANDY WINS
0:17:52,@DandysWxForsakenFan,"who TF is spamming ""Cosmo Win"""
0:17:53,@064razor,Do it dandy
0:17:53,@gamertuberonmask,Why is Cosmo’s voice different?
0:17:55,@Cindysidd,now kiss
0:17:55,@amobolos99,Was Glisten's spine a little crooked?...
0:17:56,@dominicunderwood4911,Roblox is pretty gay for being so homophobic...PERFECT TAMERS UNIVERSE
0:17:56,@alcinaisMINE,Cosmo ur not a minor so ur fine
0:17:56,@Chase18567,I’m just trying my luck :four_leaf_clover: for a chance for my next win to win the title in my dream team and to be a 
0:17:57,@bonzo_beanz8087,QWEL did what?
0:17:59,@Cattle.ink.3,PLEASE LET COSMO WIN:loudly_crying_face::loudly_crying_face::loudly_crying_face::loudly_crying_face::loudly_crying_face:
0:18:00,@The_Silly_Patootie,Oop-
0:18:01,@poppymain-r2b,The femboy vs the other femboy
0:18:01,@Chase18567,:face-turquoise-covering-eyes:
0:18:01,@user-lf3jf5fp3f,lol
0:18:03,@Shivery,Cosmo plz
0:18:05,@DanqRami,COSMO CMON
0:18:06,@DandysWxForsakenFan,NOOO COSMO WIN THIS
0:18:06,@cosmodww,.
0:18:06,@jennythebean9117,Zamn
0:18:07,@Tiki2970,10/10 voice acting
0:18:07,@Toastedfroggyheheh,OHHH
0:18:09,@JSbuildsOfficial,OH-
0:18:11,@TheOffcialBacontonACC,HAHAHHA
0:18:12,@shrimpkuuu,Oh my god
0:18:13,@JSbuildsOfficial,SEEES
0:18:13,@sara17_animation,oh no
0:18:13,@Toastedfroggyheheh,HAHAHAH
0:18:14,@veelee9808,COSMOOO
0:18:14,@qwwwwwwweeeeeee,PH NOO
0:18:14,@Shivery,NOOOOOO
0:18:15,@Tamers12345MLP,Everything you learn stays here btw
0:18:15,@Chase18567,:red_heart:
0:18:16,@Heylooren,NOOO COSMO
0:18:17,@DanqRami,HELP
0:18:19,@SuperCaptainFail,STOMP HIM DANDY
0:18:19,@Toastedfroggyheheh,DAMN.
0:18:19,@JSbuildsOfficial,DANDY WINS
0:18:19,@alcinaisMINE,They scrapping 
0:18:20,@Chase18567,:partying_face::partying_face::partying_face:
0:18:21,@064razor,Do it dandy
0:18:22,@AaliyahYouguysarealreadyma-y5t,NOOOO
0:18:22,@sweekxuuuu,OH MY GOD
0:18:23,@user-lf3jf5fp3f,this video is killing me
0:18:23,@XxZ0MB1E_K1TTYxX,FEEL
0:18:24,@Vagab0ndify,This is brutal...
0:18:24,@alcinaisMINE,YES PLEASE
0:18:24,@inatropolis,fuh
0:18:25,@dominicunderwood4911,"I hate Cosmo's VA, return him to A.I!"
0:18:26,@AnimeGames16,@lyleda_dood1350 I hope he never invites any VAs again LOL.
0:18:26,@veelee9808,OK
0:18:27,@therealqulinhi,EWW
0:18:27,@XxZ0MB1E_K1TTYxX,FEET
0:18:28,@Chilibleu,TWINLKKK:speaking_head::speaking_head::speaking_head:
0:18:29,@EmiliaMadisonVillaluz-wg6ox,yeah
0:18:29,@DandysWxForsakenFan,astro:3
0:18:29,@scoopsofstardust,sprout twist plssss
0:18:29,@jennythebean9117,Share your happy meal 
0:18:30,@Veezroom,oh my...
0:18:30,@qwwwwwwweeeeeee,aWhaty
0:18:30,@shrimpkuuu,FIGHT FIGHT FIGHT
0:18:31,@brittanydavis1771,oh no
0:18:31,@therealqulinhi,GTE UP
0:18:32,@poppymain-r2b,Dandy win you femboy
0:18:32,@RANDOMX_Aikø,𝐆𝐎 𝐂𝐎𝐒𝐌𝐎 𝐆𝐎𝐎
0:18:32,@JSbuildsOfficial,EWWWWWW
0:18:33,@jaminator8000,feeeett
0:18:34,@wens_nwe,ASTROO
0:18:34,@Kipkat13,:drooling_face::drooling_face::drooling_face::drooling_face::drooling_face::drooling_face:
0:18:34,@alcinaisMINE,Dandy! I want to go to Burger King!
0:18:35,@Tamers12345MLP,When 2 twinks fight to the death
0:18:35,@scoopsofstardust,sprout twist
0:18:35,@ASTR03Y3K0N,OH SHIT
0:18:36,@P3BBL3-u8q,NOO COSMO
0:18:37,@The_Silly_Patootie,OHHHH
0:18:38,@dumsanihlatshwayo3185,oh my
0:18:39,@DandysWxForsakenFan,AYOO GYATTY
0:18:42,@supx7228,ITS A GAME SPROUT
0:18:43,@Saily-e2g,COSMO!! 
0:18:44,@064razor,Cosmo you sore loser
0:18:44,@Shivery,I thought Squrim is ded?
0:18:47,@scoopsofstardust,sprout twist nooooo
0:18:47,@alcinaisMINE,Ultimate defense mechanic 
0:18:48,@callisto_the_tuffgoon,enquire
0:18:49,@Hexen_4444,Hot
0:18:49,@shrimpkuuu,Holy recoil
0:18:49,@Exiledlama,LMFAO
0:18:51,@JSbuildsOfficial,WIN COSMO
0:18:51,@Itsyourgirl33,DANDY WIN
0:18:52,@jo3a548,nani
0:18:52,@MurielRojasRuiz,lol
0:18:52,@Angelilockedaway,COSMO WATCH OUT MY HUSBAND
0:18:53,@gamertuberonmask,Anime Ahh Moment :loudly_crying_face:
0:18:53,@The_Silly_Patootie,OHHHHHHH
0:18:56,@Gaalnr,the power of friendship always wins
0:18:56,@Tiki2970,MY. GOODNESS.
0:18:56,@haileykitty6993,rip
0:18:56,@DandysWxForsakenFan,LOOOOOL
0:18:57,@NubMcMoofin,:face_savoring_food:
0:18:57,@LUXE-DX,IT WORKED
0:18:57,@JSbuildsOfficial,OH
0:18:58,@vanveleca,:face-orange-biting-nails::face-orange-biting-nails::face-orange-biting-nails:
0:18:59,@dominicunderwood4911,NO MORE REAL VOICE!!
0:18:59,@Toastedfroggyheheh,GODDAMN IT
0:18:59,@Chilibleu,NOOO
0:18:59,@diachuchu,Okay but bro actualluu needs to start a voice acting career
0:19:00,@LUXE-DX,HAHAHH
0:19:00,@superarcade643,NOOOOOOOOOOOOOOOOOOOOOOOOO
0:19:00,@gamertuberonmask,The jiggling—
0:19:01,@Dalekoverhauls,Uh oh
0:19:01,@Veezroom,FUCK I DISCONNECTED
0:19:01,@muggz7752,D
0:19:01,@Heylooren,LOLL YESSSS
0:19:01,@Shivery,DESERVED
0:19:01,@JSbuildsOfficial,SEEEED
0:19:01,@Potemerxparlofan-forlife,HELP
0:19:02,@CeruleanArcadia,DANDDYYYY
0:19:02,@cosmodww,BRO
0:19:03,@wens_nwe,WHAT
0:19:03,@Yesfromtiktok,NOT AGAİN
0:19:03,@DanqRami,COSMO
0:19:03,@GOHAN-STEAKFAN,GUYS I HAVE A NATIONAL SONG FOR DANDY TEAM. LISTEN UP FLOWER FLOWER GROW GROW SHINE AND RISE GROW GROW GROW WIN FOR US HERO SHINE AND RISE
0:19:03,@sara17_animation,Dandyyyyyyyy
0:19:03,@The_Silly_Patootie,WHAT THE
0:19:03,@gamertuberonmask,WHAT
0:19:03,@superarcade643,rip dandy....
0:19:03,@dumsanihlatshwayo3185,oh
0:19:04,@qwwwwwwweeeeeee,aEho
0:19:04,@r4d1sh89,ngh 
0:19:04,@ChloeAnderson-f8i,LOL
0:19:05,@bouncywoo,Oh my.
0:19:05,@misakayy1911,DANDY NO
0:19:05,@jennythebean9117,Dandy deserves it 
0:19:05,@shrimpkuuu,DANDY NOOOOO
0:19:05,@XxZ0MB1E_K1TTYxX,oh my god
0:19:06,@jo3a548,ooooooo
0:19:06,@Chilibleu,RIPP
0:19:06,@AaliyahYouguysarealreadyma-y5t,oh
0:19:06,@JSbuildsOfficial,WTF
0:19:06,@thedarknessinthelight9824,DANDY NOOOOOOOOO
0:19:07,@cosmodww,YEssss
0:19:08,@EmiliaMadisonVillaluz-wg6ox,he
0:19:08,@LabrittxDdd,AHAHHAAHAHA
0:19:09,@MurielRojasRuiz,rip dandy
0:19:09,@Cindysidd,HAAHHAJANAJAJASHHDD
0:19:11,@mantequillaconmaniv,LMAAOO
0:19:11,@Angelilockedaway,BAHAHA
0:19:11,@GOHAN-STEAKFAN,GUYS I HAVE A NATIONAL SONG FOR DANDY TEAM. LISTEN UP FLOWER FLOWER GROW GROW SHINE AND RISE GROW GROW GROW WIN FOR US HERO SHINE AND RISE
0:19:11,@DandysWxForsakenFan,RIP beachass Dandy
0:19:12,@Chase18567,I’m just trying my luck and I’m not going anywhere I’m going home and I’m we are not doing that right now I don’t know 
0:19:13,@alcinaisMINE,We love chubby twinks
0:19:14,@NuhuhhUmeannie,too hubby
0:19:14,@gamertuberonmask,OMG WHAT THE HECK :loudly_crying_face::loudly_crying_face::loudly_crying_face:
0:19:15,@LUXE-DX,BATTLE
0:19:16,@EmiliaMadisonVillaluz-wg6ox,nooooooooo
0:19:17,@Kipkat13,IT'S OVER
0:19:17,@NuhuhhUmeannie,too chubby
0:19:17,@ilovechristmasforever,what is this
0:19:17,@GOHAN-STEAKFAN,GUYS I HAVE A NATIONAL SONG FOR DANDY TEAM. LISTEN UP FLOWER FLOWER GROW GROW SHINE AND RISE GROW GROW GROW WIN FOR US HERO SHINE AND RISE
0:19:18,@Exiledlama,Forbidden technique 
0:19:18,@shrimpkuuu,BOXTEEEEEEN
0:19:20,@CeruleanArcadia,DANDY IS THE TWINK
0:19:20,@Chase18567,It’s 
0:19:21,@GOHAN-STEAKFAN,GUYS I HAVE A NATIONAL SONG FOR DANDY TEAM. LISTEN UP FLOWER FLOWER GROW GROW SHINE AND RISE GROW GROW GROW WIN FOR US HERO SHINE AND RISE
0:19:22,@alcinaisMINE,THE ULTIMATE BATTLE HOLY SHIT
0:19:22,@JSbuildsOfficial,HELP-
0:19:22,@KUNNYKING-s9t,WSWE LOVE FAT TWINKS
0:19:22,@abread369,HES A TWINK
0:19:22,@poppymain-r2b,Dandy is a femboy not a twink:face_with_tears_of_joy::face_with_tears_of_joy:
0:19:22,@Shivery,Dandy is not a twink. 
0:19:23,@shrimpkuuu,BOXTEN COME ON
0:19:23,@Itsyourgirl33,DANDY WINN
0:19:23,@The_Silly_Patootie,DANDY NOOO
0:19:23,@CeruleanArcadia,Wdymmmm
0:19:24,@Tiki2970,i WANTED TO SEE DANDY'S VICTORY SOCK DANCE DANG IT
0:19:24,@Toastedfroggyheheh,DYLE LETS GO
0:19:24,@Chase18567,I’m just trying my luck :four_leaf_clover: for a chance for my next 
0:19:25,@sakitoast,ttwink 
0:19:25,@Heylooren,YESS COSMOO
0:19:26,@GOHAN-STEAKFAN,GUYS I HAVE A NATIONAL SONG FOR DANDY TEAM. LISTEN UP FLOWER FLOWER GROW GROW SHINE AND RISE GROW GROW GROW WIN FOR US HERO SHINE AND RISE
0:19:27,@FaithLeguias,LOL
0:19:27,@veelee9808,YAYYY
0:19:28,@callisto_the_tuffgoon,box 10 :face_holding_back_tears::victory_hand:
0:19:28,@amobolos99,gayssss
0:19:30,@alcinaisMINE,the entire pool is gonna explode 
0:19:30,@GOHAN-STEAKFAN,GUYS I HAVE A NATIONAL SONG FOR DANDY TEAM. LISTEN UP FLOWER FLOWER GROW GROW SHINE AND RISE GROW GROW GROW WIN FOR US HERO SHINE AND RISE
0:19:30,@inatropolis,dyle is going to beat his ass
0:19:30,@ASTR03Y3K0N,i fucking love this show 
0:19:31,@jennythebean9117,Why not both Tamers?
0:19:31,@Chase18567,67
0:19:33,@Angelilockedaway,COSMO YAY
0:19:36,@GOHAN-STEAKFAN,GUYS I HAVE A NATIONAL SONG FOR DANDY TEAM. LISTEN UP FLOWER FLOWER GROW GROW SHINE AND RISE GROW GROW GROW WIN FOR US HERO SHINE AND RISE
0:19:36,@Toastedfroggyheheh,PLEASE DYLE
0:19:39,@scoopsofstardust,WHHHERRREEEE ISSSSSSS TWISTED SPPPRRROOOOUUUUTTTT
0:19:40,@Sillymia838,COSMO GOOO
0:19:41,@cosmodww,hi im cosmo
0:19:42,@JSbuildsOfficial,COSMO 
0:19:42,@Dalekoverhauls,That is one big ass burger
0:19:42,@cosmodww,hi its me
0:19:42,@Itsyourgirl33,NOOOOOOOOOOOOOO
0:19:45,@GOHAN-STEAKFAN,GUYS I HAVE A NATIONAL SONG FOR DANDY TEAM. LISTEN UP FLOWER FLOWER GROW GROW SHINE AND RISE GROW GROW GROW WIN FOR US HERO SHINE AND RISE
0:19:46,@theo6t7,"That's it, Cosmo, winner!!!!"
0:19:46,@Sillymia838,COSMO YOU GOT IT
0:19:46,@jennythebean9117,Also Pepsi from McDonald’s?
0:19:46,@sweekxuuuu,ngl astro is so cute 
0:19:47,@JSbuildsOfficial,SEES
0:19:47,@mikeparker4993,POOR DANDY
0:19:48,@alcinaisMINE,Oh boxten u flirt 
0:19:48,@beepbeepok,GYATTTTTTTTTTT
0:19:49,@Gaalnr,what the fuck does he mean he got a Pepsi at McDonalds?
0:19:50,@MillerTheDarkTransPrince,wow
0:19:50,@Chase18567,:partying_face::partying_face:
0:19:50,@Itsyourgirl33,BOXEN WINNNN PLZ
0:19:51,@Nanz_Cureton,Big back Astro 
0:19:51,@AnonHluv,"He’s a twunk, not twink since he isn’t skinny "
0:19:51,@XxZ0MB1E_K1TTYxX,NOOO
0:19:53,@GOHAN-STEAKFAN,GUYS I HAVE A NATIONAL SONG FOR DANDY TEAM. LISTEN UP FLOWER FLOWER GROW GROW SHINE AND RISE GROW GROW GROW WIN FOR US HERO SHINE AND RISE
0:19:53,@Dalekoverhauls,I wish I could steel it from Astro
0:19:54,@Tamers12345MLP,"Honestly the poll checks out, okay"
0:19:54,@Tiki2970,How did Dandy heal so fast tho
0:19:54,@AaliyahYouguysarealreadyma-y5t,lol
0:19:55,@064razor,No please
0:19:56,@muggz7752,HES A TWINK
0:19:56,@NubMcMoofin,:saluting_face:
0:19:57,@qwwwwwwweeeeeee, boxten is so nonchalant
0:19:57,@MissMaryLRSam,Omg it so good!!!!!!!
0:19:57,@sara17_animation,BOXTEN NOO
0:19:57,@Veezroom,ruh roh
0:19:58,@The_Silly_Patootie,A
0:20:00,@MissMaryLRSam,Yay
0:20:02,@Shivery,Should've gone to Burger King Run
0:20:02,@mikeparker4993,K
0:20:02,@DandysWxForsakenFan,Zamn yes
0:20:02,@Toastedfroggyheheh,…
0:20:04,@064razor,"Oh my goodness, Dandy's gonna loose"
0:20:05,@dumsanihlatshwayo3185,ohhh
0:20:05,@inatropolis,no way
0:20:07,@DanqRami,BOXTEN
0:20:07,@alcinaisMINE,We love twinks with love handles 
0:20:08,@qwwwwwwweeeeeee,boxten is so nonchalant 
0:20:08,@creamsouda3338,i thought he . was hospitalized.
0:20:09,@bouncywoo,LMAO
0:20:09,@Giovanna_la_loca,What happened? I just arrived
0:20:10,@LUXE-DX,BOXTEN SACRAFICE
0:20:10,@NuhuhhUmeannie,BOXTEN IS SO SWEET
0:20:10,@Hexen_4444,W Boxton
0:20:10,@shrimpkuuu,Boxten my fucking goat 
0:20:11,@jennythebean9117,Boxton is best bro 
0:20:12,@amobolos99,LETS GOOOO
0:20:12,@user-lf3jf5fp3f,nooo
0:20:12,@Giovanna_la_loca,What happened? I just arrived
0:20:12,@ASTR03Y3K0N,oh boy
0:20:13,@Tiki2970,DANDY'S EX BOYFRIEND VS DANDY'S BEST FRIEND AND FUTURE HUSBAND
0:20:13,@sara17_animation,GO ASTROOO
0:20:13,@NuhuhhUmeannie,AWH
0:20:14,@Cindysidd,DYLE :face_with_tongue::face_with_tongue::face_with_tongue::face_with_tongue::face_with_tongue::face_with_tongue::face_with_tongue::face_with_tongue::face_with_tongue::face_with_tongue:
0:20:14,@alcinaisMINE,we are so cooked
0:20:14,@Angelilockedaway,lalala
0:20:17,@Dythe_dert,Dyle aura farming 
0:20:17,@jennythebean9117,Yippee 
0:20:18,@SigmaRizz-du1cc,OMG ASTRO IS ME
0:20:19,@qwwwwwwweeeeeee,W boxten
0:20:19,@Kipkat13,what a hero
0:20:23,@Chilibleu,ofc
0:20:24,@sara17_animation,GO ASTRO GOOO
0:20:24,@Toastedfroggyheheh,NOOO
0:20:26,@Tamers12345MLP,@Giovanna_la_loca Boxton just shit himself so he could be replaced with Astro
0:20:26,@KUNNYKING-s9t,WE ARE SOOOOOOOOOOOOOOOOOO FUCKED
0:20:27,@GOHAN-STEAKFAN,BOXTEN MORE LIKE RONALDO
0:20:30,@inatropolis,did two people not die
0:20:30,@poppymain-r2b,Dandy survived yes yes yes
0:20:30,@LUXE-DX,UH OH
0:20:31,@JSbuildsOfficial,HOW DANDY IS ALIVE
0:20:33,@MurielRojasRuiz,astro x boxten
0:20:35,@LUXE-DX,THATS THE POINT
0:20:35,@GOHAN-STEAKFAN,BOXTEN RONALDO
0:20:36,@Itsyourgirl33,NOOOOO BOXEN 
0:20:36,@sara17_animation,wow
0:20:37,@Toastedfroggyheheh,GUYS SOULVESTER DIDNT EVEN PLAY
0:20:38,@Chase18567,76
0:20:40,@alcinaisMINE,Dyle is jelly 
0:20:40,@jennythebean9117,Make out
0:20:41,@DandysWxForsakenFan,LOOL WHY DYLE LOOK LIKEDAT
0:20:42,@The_Silly_Patootie,WHATTTT
0:20:45,@Dalekoverhauls,Play duel of the faiths now
0:20:45,@brittanydavis1771,Boxten is the real one
0:20:47,@Toastedfroggyheheh,UHHHHH
0:20:47,@CosmosInsanity,ASTRO PLEASE WIN
0:20:49,@therealqulinhi,dyle is rodyer
0:20:52,@CoolGuy-d1b,Damn :pensive_face:
0:20:52,@inatropolis,no wait the other ep foreshadowed this
0:20:53,@GOHAN-STEAKFAN,GUYS BOXTEN IS A GOAT LIKE RONALDO
0:20:54,@Chilibleu,ig bros to hot to play
0:20:55,@DandysWxForsakenFan,Dyle is Rodger brother lost
0:20:55,@XxZ0MB1E_K1TTYxX,beautiful man
0:20:56,@Shivery,Poo rAstro 
0:20:56,@Dking1998,tamers it's little early in the year for a pool party
0:20:58,@KUNNYKING-s9t,BOXTEN THE GOAAAT
0:20:58,@CosmosInsanity,USE THOSES FOUR ARMS
0:20:59,@064razor,Dandy's fake comeback is gonna fall short
0:20:59,@Chase18567,
0:20:59,@Itsyourgirl33,Plzzzzz winnnnnn
0:20:59,@Giovanna_la_loca,oh ok thanks tam
0:21:02,@bonzo_beanz8087,I’m scared for both of them 
0:21:02,@Chase18567,:partying_face::partying_face:
0:21:02,@alcinaisMINE,Tactical move!!!!!!!
0:21:04,@therealqulinhi,ASTRO STOP BEING A LITTLE BEBEH
0:21:04,@Angelilockedaway,ASTRO WIN
0:21:05,@qwwwwwwweeeeeee,OOOOO
0:21:06,@inatropolis,THE BEACH EP PREDICTED THIS I KNEW IT
0:21:06,@Kipkat13,homie u shot him
0:21:06,@cosmodww,wheres the fruitcake yaoi scene
0:21:07,@gamertuberonmask,YO
0:21:07,@dominicunderwood4911,Dyle!
0:21:08,@cosmodww,tamers 
0:21:08,@MillerTheDarkTransPrince,go astro
0:21:12,@cosmodww,whres the yaoi
0:21:12,@064razor,Get 'em Dyle
0:21:12,@gamertuberonmask,DAYUM DANDY
0:21:13,@amobolos99,SHUT UP DANDY
0:21:13,@ASTR03Y3K0N,this is gonna be peak
0:21:13,@NuhuhhUmeannie,ASTRO I LOVE YOU
0:21:15,@ShellyFossilianMM,IM DKOROEOR
0:21:17,@KUNNYKING-s9t,LETS GOOOOOO!!!!!!!!!
0:21:19,@alcinaisMINE,Where’s the cpr scene 
0:21:20,@cosmodww,where is the yaoi.
0:21:20,@shrimpkuuu,Omg
0:21:22,@jennythebean9117,Noooooooooooooooo
0:21:24,@JSbuildsOfficial,ASTRO GOOOOOOOOOO
0:21:24,@CosmosInsanity,GET HIM ASTRO
0:21:25,@NuhuhhUmeannie,LOVE YOU ASTEO
0:21:25,@DandysWxForsakenFan,why Dyle look so cute man
0:21:26,@scoopsofstardust,yeam I agree with Cosmo dude where is the scene
0:21:26,@user-lf3jf5fp3f,up oh
0:21:26,@ZoombaPumba,its so over
0:21:28,@NuhuhhUmeannie,ASTRO
0:21:28,@LUXE-DX,OH CRAP
0:21:29,@Heylooren,omg
0:21:29,@MurielRojasRuiz,poor astro
0:21:29,@064razor,Get 'em Dyle
0:21:29,@Hexen_4444,fr
0:21:29,@cosmodww,OH
0:21:30,@Kipkat13,oh shi
0:21:30,@misakayy1911,UH OH
0:21:30,@shrimpkuuu,Astro.
0:21:30,@DandysWxForsakenFan,OH HELL NAH
0:21:30,@poppymain-r2b,Astro hurry the fuck up
0:21:30,@inatropolis, fargs
0:21:31,@ChloeAnderson-f8i,oh god
0:21:31,@haileykitty6993,bro is dead...
0:21:32,@qwwwwwwweeeeeee,WHATT FORE???
0:21:32,@JulianaDemas-k7z5z,OHHAHAHAHAHAAAAAAA
0:21:32,@cosmodww,hes twisting
0:21:32,@scoopsofstardust,omg he twsjt
0:21:32,@alcinaisMINE,U aren’t tuff Dyle 
0:21:33,@Yesfromtiktok,uhoh
0:21:34,@shrimpkuuu,ASTRO SHUT UP
0:21:34,@DanqRami,ASTRO RUN
0:21:34,@muggz7752,UH OHHH
0:21:35,@Kookiethekitty,oOOOOHHH MBY GOD
0:21:35,@bouncywoo,oh shit
0:21:35,@LUXE-DX,HES BOUTTA GO TWOSTED
0:21:35,@AaliyahYouguysarealreadyma-y5t,oh
0:21:35,@NuhuhhUmeannie,I'm scared
0:21:36,@KUNNYKING-s9t,GET IT ASTRO
0:21:36,@Angelilockedaway,ASTROOO
0:21:36,@Chilibleu,bro just hit him
0:21:36,@sara17_animation,OHHNOOO
0:21:37,@JSbuildsOfficial,Oh noo
0:21:37,@Shivery,OH NO his Twisted
0:21:37,@sakitoast,yyyaaooiii plz
0:21:37,@abread369,gulp
0:21:37,@ShellyFossilianMM,He mad…
0:21:38,@Heylooren,SHITT
0:21:38,@mikeparker4993,OMG
0:21:38,@NuhuhhUmeannie,just came
0:21:39,@Potatogalsunite,I LOVE DYLE SM
0:21:39,@cosmodww,NOO
0:21:39,@amobolos99,SHIT....
0:21:39,@Itsyourgirl33,Oop
0:21:39,@ellahall7451,ASTRO THATS TOO FAR
0:21:39,@qwwwwwwweeeeeee,YOO
0:21:39,@Hyloaf,oh shit
0:21:40,@sweekxuuuu,OH
0:21:40,@Saily-e2g,OH SHITT
0:21:40,@scoopsofstardust,pls twsjt pls twsjt sprout aswell
0:21:40,@ASTR03Y3K0N,GET HIM
0:21:40,@abread369,astro KISS HIM
0:21:41,@VexxiPVP,w astro
0:21:41,@inatropolis,is he gonna twist o hmy god
0:21:42,@Toastedfroggyheheh,NO STOP ASTRO
0:21:42,@alcinaisMINE,He’s twister!
0:21:42,@JSbuildsOfficial,RUN ASTRO
0:21:43,@sara17_animation,YESSS
0:21:43,@mikeparker4993,BRO
0:21:43,@Tiki2970,OH NO
0:21:43,@scoopsofstardust,please please
0:21:44,@KUNNYKING-s9t,GET HIM ASTRO
0:21:44,@SigmaRizz-du1cc,IMBOXTENS PRETTY LITTLE THING BTW IM ASTRO I
0:21:45,@XxZ0MB1E_K1TTYxX,RUNN
0:21:45,@shrimpkuuu,SHUT UP ATOP STOP SOTP
0:21:45,@jennythebean9117,Oh no
0:21:45,@veelee9808,oh shity
0:21:46,@poppymain-r2b,Sighhh all my favorite toon be dying
0:21:46,@NuhuhhUmeannie,:eyes-purple-crying::eyes-purple-crying::eyes-purple-crying::eyes-purple-crying::eyes-purple-crying:
0:21:46,@CosmosInsanity,ASTRO PLEASEE
0:21:46,@Chilibleu,WELP RIP BROO
0:21:47,@Cindysidd,NOOOOOO
0:21:47,@Exiledlama,LMFAO
0:21:47,@Shivery,ASTRO NO
0:21:47,@Saily-e2g,ASTRO RUN
0:21:47,@supx7228,OH SHI DYLE IS MAD
0:21:48,@Itsyourgirl33,PLZ WINNNNNNNNNNN
0:21:48,@JulianaDemas-k7z5z,NOIIOOOOIOASTOO
0:21:49,@brittanydavis1771,UH OH
0:21:49,@MurielRojasRuiz,LOL
0:21:49,@Kipkat13,TOON ABILITY INCOMING
0:21:49,@DandysWxForsakenFan,AYOO
0:21:49,@JSbuildsOfficial, NOOO
0:21:51,@XxZ0MB1E_K1TTYxX,NOOOO
0:21:51,@mikeparker4993,OMG
0:21:51,@jo3a548,LASFOASDF<ASDFGLASFOASFL
0:21:52,@vanveleca,erm
0:21:53,@Toastedfroggyheheh,JUST HIT HIM
0:21:53,@LUXE-DX,THE KNIFE
0:21:53,@alcinaisMINE,GOOB THE GOAT
0:21:54,@SPROUTANDCOSMO2014,NOOOO
0:21:54,@JSbuildsOfficial,Omgggg
0:21:54,@bonzo_beanz8087,Astro shut UPPPP
0:21:54,@Chilibleu,OH
0:21:54,@gamertuberonmask,I have a feeling
0:21:54,@SuperCaptainFail,BRUH
0:21:55,@Tamers12345MLP,Astro trying to sound like the bigger team as if he isn't a loser pick-me-bitch himself
0:21:55,@LUXE-DX,OH
0:21:55,@jennythebean9117,lol 
0:21:55,@Tiki2970,WOWOWOWOWOWOWOWO
0:21:56,@Angelilockedaway,ASTRO RUN
0:21:56,@ASTR03Y3K0N,OH
0:21:57,@JulianaDemas-k7z5z,Qoahhhg
0:21:57,@Skidum1,woah
0:21:58,@MurielRojasRuiz,LOL
0:21:59,@gamertuberonmask,I FREAKING KNEW IT
0:21:59,@sara17_animation,HOLYSHIT
0:21:59,@OrpheusHart,LMAOOO
0:21:59,@XxZ0MB1E_K1TTYxX,NOOOOOOOOOOO
0:21:59,@JSbuildsOfficial,AYOOOOOO
0:21:59,@Cindysidd,JAJAJAJAJSGG
0:22:00,@mikeparker4993,LOL
0:22:00,@JulianaDemas-k7z5z,WOAHHHGH
0:22:01,@jennythebean9117,lol 
0:22:01,@Freakypebble,YESS DYLE
0:22:02,@dumsanihlatshwayo3185,lol
0:22:03,@CosmosInsanity,NOOOOOO
0:22:03,@abread369,SIGH
0:22:04,@Toastedfroggyheheh,YOU IDIOT 
0:22:04,@qwwwwwwweeeeeee,THAT SHOT??
0:22:04,@Heylooren,LOLLLL
0:22:04,@shrimpkuuu,LOOOOOL
0:22:04,@veelee9808,WHEN HIS EYES TURN RED RUN
0:22:04,@sweekxuuuu,WHAAATT
0:22:04,@DarelizOrtiz,.
0:22:04,@gamertuberonmask,I KNEW THE PANTS WERE GONNA FALL
0:22:05,@LUXE-DX,HYPOCRITE ASS
0:22:06,@ShellyFossilianMM,Omg brodiksskkd 
0:22:06,@therealqulinhi,Oh
0:22:06,@DanqRami,NO
0:22:07,@veelee9808,WHEN HIS EYES TURN RED RUN
0:22:07,@NuhuhhUmeannie,Wow
0:22:08,@superarcade643,LMAOOO
0:22:08,@Cindysidd,xddddddddd
0:22:08,@amobolos99,OMFG
0:22:09,@dumsanihlatshwayo3185,noo
0:22:10,@NuhuhhUmeannie,WOW
0:22:11,@gamertuberonmask,DYLE YEWISHEIEBEW
0:22:11,@JSbuildsOfficial,Lolooollolol
0:22:12,@DandysWxForsakenFan,BRO
0:22:12,@DanqRami,POOR ASTRO
0:22:13,@NuhuhhUmeannie,WOW
0:22:15,@brittanydavis1771,Nooooo
0:22:16,@064razor,Safe
0:22:16,@XxZ0MB1E_K1TTYxX,NOOOOOO
0:22:17,@poppymain-r2b,Is his slide long too
0:22:18,@Giovanna_la_loca,IM CRIYING WHAT
0:22:19,@Shivery,Baby boy no
0:22:19,@jennythebean9117,Hooray 
0:22:19,@shrimpkuuu,ASTRO
0:22:20,@sara17_animation,nooooooo
0:22:20,@Veezroom,HAHA.
0:22:20,@DandysWxForsakenFan,poor finn
0:22:21,@superarcade643,LETS GOO
0:22:21,@Angelilockedaway,BAHAHA
0:22:22,@MurielRojasRuiz,XDDD
0:22:22,@amobolos99,NOOO
0:22:23,@r4d1sh89,bassie
0:22:24,@Lunarshellhole,YES
0:22:24,@alcinaisMINE,HURRAH
0:22:24,@064razor,See? What did I tell you?
0:22:24,@dominicunderwood4911,DYLE FOR THE WIN!
0:22:24,@r4d1sh89,BASSIE
0:22:25,@NuhuhhUmeannie,THATS EVIL
0:22:26,@gamertuberonmask,OR WHATEVER HOW YOU SPELL WHITYS IDK
0:22:26,@scall0p31w,Dyle wtf dude
0:22:26,@scoopsofstardust,where's the twisting scene
0:22:26,@CosmosInsanity,DYLE YOU DO TOO BRO
0:22:27,@therealqulinhi,FIN
0:22:27,@EmiliaMadisonVillaluz-wg6ox,GOOOOOOOOOOOOOOOOOOOOOOOOO
0:22:27,@sara17_animation,astrooooo
0:22:27,@abread369,wasnt bassie shot
0:22:28,@GlimmyGOD,Team Goob won!
0:22:29,@DandysWxForsakenFan,LOLL BLOT
0:22:29,@mikeparker4993,POOR ATRSO
0:22:30,@creamsouda3338,DYLES BODY IS SO TEA ACTUALLY
0:22:30,@Dythe_dert,Blot ALIVE 
0:22:30,@064razor,No team ever comes back from being down 3-0
0:22:31,@poppymain-r2b,YES BASSIE IS ALIVE
0:22:31,@Toastedfroggyheheh,Oh that’s just horrible 
0:22:32,@Saily-e2g,ASTRO
0:22:32,@KUNNYKING-s9t,HURRAH
0:22:32,@ASTR03Y3K0N,XD
0:22:33,@CosmosInsanity,NOOOOOO
0:22:33,@SproutTheStrawberry,HOW IS SHRIMPO AND BLOT ALIVE
0:22:34,@Sugar-banana,Hehehehe
0:22:35,@poppymain-r2b,YES BASSIE
0:22:35,@Tamers12345MLP,btw the episode is far from over
0:22:35,@The_Silly_Patootie,OH
0:22:38,@Battixz_ii,IM CRINE BRUH
0:22:39,@Sugar-banana,I just joined
0:22:40,@alcinaisMINE,The sword :loudly_crying_face:
0:22:40,@Giovanna_la_loca,BECAUSE ASTRO HAS DANDY UNDERWEAR
0:22:41,@alcinaisMINE,OH?
0:22:42,@jennythebean9117,:loudly_crying_face:
0:22:42,@Giovanna_la_loca,BECAUSE ASTRO HAS DANDY UNDERWEAR
0:22:42,@cosmodww,where yaoi
0:22:43,@creamsouda3338,YESSS
0:22:45,@cosmodww,where fruitcak
0:22:45,@NuhuhhUmeannie,YAYY
0:22:45,@Hexen_4444,RIP Homie
0:22:46,@scoopsofstardust,oh yay
0:22:46,@CocoaBonbonington,I'M SPROUTS BALLHAIR
0:22:46,@Toastedfroggyheheh,OH WE GOT MORE
0:22:47,@creamsouda3338,tamers is this a long episode
0:22:47,@dribvox,no shot
0:22:48,@LUXE-DX,HOW LONG IS THIS DAMN EPISODE
0:22:48,@Giovanna_la_loca,what
0:22:48,@poppymain-r2b,BASSIE IS ALIVE YES
0:22:49,@MillerTheDarkTransPrince,yayyyy
0:22:51,@alcinaisMINE,Tamers tell me there’s another Gourdy and Soulvester scene im hungry….
0:22:53,@Itsyourgirl33,NOOOOOOOOO
0:22:54,@NuhuhhUmeannie,LOVE YOU TAMERA
0:22:54,@ASTR03Y3K0N,YAOI
0:22:54,@ilovechristmasforever,and i lost
0:22:55,@Giovanna_la_loca,why It put because
0:22:55,@EmiliaMadisonVillaluz-wg6ox,GOOOOOOOOOOOOOOOOOOOOOOOOO
0:22:57,@Shivery,LITTLE CESARS
0:22:57,@CocoaBonbonington,THANK YOU TAMERS
0:22:58,@064razor,Hell yea
0:22:59,@NuhuhhUmeannie,TAMERA
0:22:59,@Veezroom,...wdym it's not over....
0:22:59,@Chilibleu,JACKPOTT ITS NOT ENDINGG
0:23:01,@Toastedfroggyheheh,YESSSS
0:23:01,@XxZ0MB1E_K1TTYxX,TEAGAN
0:23:01,@Dalekoverhauls,I guess dandy is a loser
0:23:01,@KUNNYKING-s9t,FEED US TYAMERS
0:23:03,@NuhuhhUmeannie,TAMERS
0:23:04,@Angelilockedaway,DANDY NOO
0:23:04,@The_Silly_Patootie,:eyes::eyes::eyes::eyes:
0:23:05,@064razor,Little Ceasar's respected
0:23:09,@dominicunderwood4911,Gourdy better get a redemption for not even making it into a match
0:23:11,@Tiki2970,Watch it Astro he's gonna stick his finger in your eye again
0:23:13,@user-lf3jf5fp3f,lol
0:23:13,@alcinaisMINE,ME AND KUNNYKING NEED DINNER
0:23:13,@Yanella_wins,:(
0:23:17,@Heylooren,LOLL
0:23:18,@CocoaBonbonington,I JUST HIT THE JACKPOOOOOOOOOOOOOOOOOOOOOOOOOOOOOOOOOOOOOOOOOOOOOOOOOOOOOOOOOOOOOOOOOOOOOOOOOOOOOOOOOOOOOOOOOOOOOOOOOOOOOOOOOOOOOOOOOOOOOOOOOOOOOOOOOOOOOOOOOOOOOOOOOOOOOOOOOOOOOOOOOOOOOOOOOOOOOOOOOOOT
0:23:19,@amobolos99,#MOONFLOWERFOREVER!!!
0:23:19,@Veezroom,pizza
0:23:22,@Tamers12345MLP,"Toons canonically love little ceasars, Qwel said so herself"
0:23:24,@MissMaryLRSam,Awww
0:23:25,@KUNNYKING-s9t,WE ARE STRVING
0:23:28,@Bowquetthethird,Astro is poopy
0:23:30,@Toastedfroggyheheh, Can we get more Soulvester
0:23:33,@alcinaisMINE,Why r they at kfc 
0:23:33,@gamertuberonmask,"Chat whoever is at little Caesar’s , they better eat the stuffed crust"
0:23:34,@VeronicaNina-s7h,Hehehehe
0:23:36,@jennythebean9117,Ooooooooooo
0:23:37,@Dalekoverhauls,You sir tamersofficial 
0:23:37,@Giovanna_la_loca,oh wow
0:23:38,@Itsyourgirl33,I HATE SPROUT 
0:23:40,@Tiki2970,evil astro
0:23:41,@Dalekoverhauls,Rights tamers?
0:23:43,@shrimpkuuu,Awwwww
0:23:44,@MissMaryLRSam,I love dandy and Astro 
0:23:44,@ZoombaPumba,nO NONONOONONNO
0:23:44,@user-lf3jf5fp3f,lol
0:23:45,@cosmodww,wait
0:23:45,@sweekxuuuu,pequeño cesar
0:23:45,@064razor,@Tamers12345MLP Lore accurate as always. Keep up the good stuff
0:23:46,@jo3a548,No
0:23:46,@XxZ0MB1E_K1TTYxX,Awwww
0:23:46,@GOHAN-STEAKFAN,guys. ya'll if okay when i stop talking?
0:23:46,@cosmodww,.
0:23:46,@creamsouda3338,tamers i cant tell if youre serious about talking to qwel or not
0:23:47,@cosmodww,no
0:23:48,@applebloom2307,poison>
0:23:48,@Shivery,Oh crap
0:23:48,@cosmodww,stop
0:23:49,@misakayy1911,UHHHH
0:23:49,@LUXE-DX,Oh he bitter
0:23:49,@The_Silly_Patootie,Hehe
0:23:49,@jennythebean9117,Uh oh
0:23:50,@Legendary-Looey,I Missed the whole fucking episode
0:23:50,@DanqRami,I feel like astro poisoned that
0:23:51,@CeruleanArcadia,ITS LACED
0:23:51,@Tamers12345MLP,@alcinaisMINE It's a KFC join Pizza hut combo restraunt
0:23:52,@qwwwwwwweeeeeee,oh no
0:23:52,@alcinaisMINE,Literally just had a milkshake a few hours ago
0:23:52,@inatropolis,its strawberry isnt it
0:23:53,@shrimpkuuu,Is that. Strawberry?
0:23:53,@ShellyFossilianMM,It’s gotta be posioj
0:23:53,@NubMcMoofin,:exploding_head::exploding_head:
0:23:53,@Cindysidd,.......
0:23:53,@cosmodww,NO
0:23:54,@LabrittxDdd,dude.
0:23:54,@XxZ0MB1E_K1TTYxX,oh
0:23:56,@AaliyahYouguysarealreadyma-y5t,...
0:23:56,@Chilibleu,oh..
0:23:56,@r4d1sh89,NGH
0:23:57,@cosmodww,BRO
0:23:57,@Yesfromtiktok,OHHHH...
0:23:57,@064razor,ew
0:23:57,@cosmodww,NO
0:23:57,@gamertuberonmask,Oh no
0:23:58,@NuhuhhUmeannie,HELP
0:23:58,@Angelilockedaway,OOP
0:23:58,@ShellyFossilianMM,Poison
0:23:59,@haileykitty6993,based actually. Little Ceasars was very delicious.
0:24:00,@misakayy1911,NO
0:24:00,@r4d1sh89,I WOULD DRINK
0:24:00,@Kipkat13,NANI
0:24:01,@XxZ0MB1E_K1TTYxX,OH NOOOO
0:24:01,@EmiliaMadisonVillaluz-wg6ox,umm
0:24:02,@creamsouda3338,oh my go.
0:24:02,@r4d1sh89,I WOULD DRINK
0:24:02,@qwwwwwwweeeeeee,jm so scared
0:24:02,@Tamers12345MLP,@Legendary-Looey There's still a lot left bitch
0:24:02,@Cindysidd,WTAT
0:24:03,@gamertuberonmask,Astro what did u do
0:24:03,@AaliyahYouguysarealreadyma-y5t,oh
0:24:03,@DarelizOrtiz,OOH
0:24:03,@osuasheuatl,aww
0:24:03,@Veezroom,....
0:24:04,@shrimpkuuu,DID HE PUT STRAWBERRY IN THAT
0:24:04,@r4d1sh89,I WOULD DRINK
0:24:04,@DandysWxForsakenFan,ERM
0:24:04,@jo3a548,gat
0:24:04,@VexxiPVP,real ones remember the tamers little ceasars ad 
0:24:05,@LUXE-DX,OH HE A CANIBAL
0:24:05,@muggz7752,Ohhhhhh
0:24:05,@mikeparker4993,LOL
0:24:05,@LabrittxDdd,Pepsi pepsi what are you doing
0:24:05,@Giovanna_la_loca,holy forehead
0:24:05,@r4d1sh89,I WOULD DRINK
0:24:06,@shrimpkuuu,OH MY GOD
0:24:06,@alcinaisMINE,Super sussy 
0:24:06,@DanqRami,ITS STRAWBERRY
0:24:08,@NuhuhhUmeannie,PILLS?
0:24:08,@applebloom2307,CUTW
0:24:08,@brittanydavis1771,oh no
0:24:08,@064razor,what is that outfit
0:24:08,@Shivery,OMG COSMO
0:24:10,@ellahall7451,COSMO.
0:24:10,@Heylooren,COSMOOO
0:24:10,@dribvox,OH MY GOD
0:24:11,@superarcade643,CAT
0:24:11,@Codysupercool,IM SO EXCITED
0:24:12,@GOHAN-STEAKFAN,guys is it okay when i stop talking?
0:24:12,@ellahall7451,.
0:24:13,@applebloom2307,CUTE
0:24:13,@vanveleca,CANNIBALISM
0:24:14,@inatropolis,OH
0:24:14,@LUXE-DX,HWAT ARE U WAREING COSMO
0:24:14,@XxZ0MB1E_K1TTYxX,PEAKKKK
0:24:14,@gamertuberonmask,COSMO THAT FIT
0:24:14,@Codysupercool,WOW
0:24:14,@shrimpkuuu,what the fuck Cosmo
0:24:15,@ShellyFossilianMM,HKDEKROEOE
0:24:15,@qwwwwwwweeeeeee,why is cosmo 
0:24:15,@sweekxuuuu,OH MY GOD WHAT I THAT
0:24:15,@alcinaisMINE,The cosmo fit is tuff 
0:24:16,@KUNNYKING-s9t,CRAZY SUSSYS!
0:24:17,@JSbuildsOfficial,W-
0:24:17,@veelee9808,NOOO
0:24:17,@jo3a548,LASDFOASFLASDOFCL
0:24:18,@Codysupercool,I LOVE THIS
0:24:19,@Bowquetthethird,OH MY GOD
0:24:20,@Dalekoverhauls,Nice outfit cosmo
0:24:21,@Chilibleu,lol cosmo is a fucking furry
0:24:21,@beepbeepok,cosmo furry?
0:24:21,@ASTR03Y3K0N,scene Cosmo is peak
0:24:21,@SPROUTANDCOSMO2014,CAT COSMOOOOOJNNIBUHVYGFUYTTFV
0:24:22,@Chicken_Leg_yes,what is cosmo wearing
0:24:22,@dominicunderwood4911,COSMO LOOKS COOL BUT SOUNDS SO STUPID
0:24:23,@DandysWxForsakenFan,AYOO COSMO
0:24:24,@Angelilockedaway,LOL
0:24:26,@supx7228,COSMO IS SCENE STYLE OMG
0:24:28,@theo6t7,I love the Sprout and Cosmo duo; I always have the best ones.
0:24:28,@XxZ0MB1E_K1TTYxX,COSMO
0:24:28,@just_a_Swedish_girly,yooo
0:24:28,@cosmodww,tamers can you buy me that fit
0:24:28,@AkirScott,Omg I always watched them all
0:24:28,@MissMaryLRSam,Ooooo
0:24:30,@alcinaisMINE,SUPERCARADE MY HAUNTEDPUMPKIND GOAT
0:24:31,@veelee9808,OMG
0:24:31,@Kipkat13,THAT FIT DOE
0:24:32,@scall0p31w,Astro forced him to be a cannibal 
0:24:32,@JSbuildsOfficial,COSMOOO-
0:24:33,@jennythebean9117,True that
0:24:33,@Chilibleu,BADDIEE
0:24:33,@EmiliaMadisonVillaluz-wg6ox,my
0:24:33,@MillerTheDarkTransPrince,so cute
0:24:34,@LUXE-DX,Cosmo got that 2020 alt TikTok fit on loo
0:24:37,@XxZ0MB1E_K1TTYxX,HES SO CUTE
0:24:37,@bonzo_beanz8087,WHAT THE FUCK
0:24:37,@Tiki2970,kitty cosmo
0:24:37,@bouncywoo,WHATTTTT
0:24:38,@DandysWxForsakenFan,OMG WHAT
0:24:40,@jaminator8000,cosmos outfit goes so hard
0:24:41,@Tamers12345MLP,They're having a pizza party so cosmo wants to look nice
0:24:42,@MurielRojasRuiz,lol
0:24:42,@inatropolis,cosmo wearing peak 2020 outfit
0:24:44,@064razor,toot up like that more cosmo
0:24:44,@NuhuhhUmeannie,oh strawberry I thought it had pills in it. I'm DISAPPOINTED in you tamers
0:24:45,@alcinaisMINE,Bakers r tuff 
0:24:47,@Heylooren,COSMO DAMNN
0:24:48,@DarelizOrtiz,HHOOO
0:24:49,@muggz7752,His voice is so dumb
0:24:49,@Toastedfroggyheheh,NOOOO
0:24:50,@Veezroom,oh cosmo~
0:24:50,@Chilibleu,HOLY :money_mouth_face::money_mouth_face:
0:24:51,@scoopsofstardust,cosmos hot
0:24:52,@LUXE-DX,2020 Cosmo
0:24:53,@Toastedfroggyheheh,NO.
0:24:53,@eloisthompson2628,Okay i’m back
0:24:54,@jennythebean9117,Yippee 
0:24:55,@Chicken_Leg_yes,dont mess with my baby astro
0:24:55,@NuhuhhUmeannie,ugh
0:24:55,@alcinaisMINE,The lid is closed.
0:24:56,@Taminaaa-ig1yc,YOOOOO
0:24:56,@jo3a548,brotato chip
0:24:57,@Toastedfroggyheheh,STOP
0:24:57,@DarelizOrtiz,HOLY SHIY COSMO
0:24:57,@Kipkat13,OWO
0:24:58,@inatropolis,no please dont be what im thinking 
0:24:58,@dominicunderwood4911,Someone's always on the toilet
0:24:58,@The_Silly_Patootie,HELPPPP
0:24:59,@fernandaps2,who voices astro
0:25:00,@LUXE-DX,HE CUTE AF
0:25:01,@superarcade643,awwwww
0:25:02,@Angelilockedaway,COSMO~
0:25:02,@superarcade643,:333
0:25:03,@MillerTheDarkTransPrince,2020 outfit
0:25:03,@MissMaryLRSam,Yay!
0:25:03,@AaliyahYouguysarealreadyma-y5t,..
0:25:04,@Heylooren,I LOVE COSMO
0:25:04,@Chilibleu,beo def ate up that fit
0:25:04,@superarcade643,so cuuute
0:25:05,@jennythebean9117,This is fake af 
0:25:06,@MurielRojasRuiz,ships
0:25:06,@Dalekoverhauls,Sour patch kids nice
0:25:07,@superarcade643,my boyyy
0:25:07,@Shivery,Cosmo is adorable
0:25:08,@Saily-e2g,Damn Cosmo 
0:25:08,@dominicunderwood4911,I miss Cosmo's A.I voice so much
0:25:08,@superarcade643,AAAAAAAAAAAAA
0:25:09,@DandysWxForsakenFan,He's trying to send a subliminal message. :tongue:
0:25:10,@jo3a548,oh no
0:25:10,@Toastedfroggyheheh,THEIR GONNA JUMP HIM
0:25:11,@superarcade643,HORROR GAME?!?!?
0:25:12,@amobolos99,I JUST HIT THE JEKPOTTTTT
0:25:12,@TheThingUnderUrBed-2763,COSMO CALM DOWN..
0:25:12,@ASTR03Y3K0N,OH NO
0:25:12,@alcinaisMINE,So… cute!….
0:25:12,@064razor,Dandy has the same taste in candy as me
0:25:13,@gamertuberonmask,POWER OUTAGE
0:25:13,@GOHAN-STEAKFAN,TAMERS MAKE A POLL WHO WOULD WIN
0:25:13,@XxZ0MB1E_K1TTYxX,Awwwww dandys is so cute
0:25:14,@superarcade643,RUN
0:25:15,@JSbuildsOfficial,SEEES
0:25:16,@DanqRami,ASTRO RUN
0:25:16,@XxZ0MB1E_K1TTYxX,NO
0:25:16,@064razor,sour gummies galore
0:25:16,@MillerTheDarkTransPrince,I love comso
0:25:17,@Shivery,I'm scared!
0:25:17,@superarcade643,COSMO RUN
0:25:19,@alcinaisMINE,Ref do something 
0:25:20,@qwwwwwwweeeeeee,im so fucking scared.
0:25:20,@Dalekoverhauls,Uh oh 
0:25:21,@XxZ0MB1E_K1TTYxX,RUNNNNN
0:25:21,@Tiki2970,PTSD Flashbacks to Sonic Underground Best Sleepover Ever episode
0:25:22,@sakitoast,HELP
0:25:22,@lovetrain-xx,yeah astro ur done buddy
0:25:22,@Toastedfroggyheheh,NO
0:25:24,@SpadedAcey,freddy fazboar
0:25:25,@gamertuberonmask,*Insert Freddy here and the music*
0:25:26,@XxZ0MB1E_K1TTYxX,PLEASE RUNNNNN
0:25:27,@inatropolis,ASTRO
0:25:27,@cookielover-iloveyatta35,NOOO
0:25:27,@Sillymia838,Aye aye aye aye aye
0:25:27,@MilanMartinez-r1w1y,I :grapes: astro
0:25:27,@Kipkat13,FEAR
0:25:27,@NuhuhhUmeannie,AW OMG ASTRO. IS SO.CJTE
0:25:28,@superarcade643,ASTROOO
0:25:29,@shrimpkuuu,Astro is about to get sent to hell
0:25:30,@r4d1sh89,I THINK IM GONNA DIE IN THIS HOOUUUUSEEEE
0:25:30,@NuhuhhUmeannie,CUTIE
0:25:30,@Shivery,:cookie:
0:25:31,@superarcade643,NOOOOOOOOOO
0:25:31,@LUXE-DX,NO ASTRO 
0:25:31,@DarelizOrtiz,COSMO GET HUM
0:25:31,@CeruleanArcadia,ASTRO NOOO
0:25:31,@cookielover-iloveyatta35,ASTRO
0:25:31,@Chicken_Leg_yes,dont do my boy astro like that
0:25:32,@XxZ0MB1E_K1TTYxX,NOOOOOO
0:25:32,@064razor,Spooky cookie
0:25:32,@Angelilockedaway,.
0:25:33,@sweekxuuuu,OHHHH
0:25:33,@qwwwwwwweeeeeee,DONT GO
0:25:34,@Nugget20101,shoulda stayed on the toilet
0:25:34,@Tiki2970,OH NO
0:25:35,@The_Silly_Patootie,Cookie
0:25:35,@Toastedfroggyheheh,ASTRO RUNRUN
0:25:35,@Veezroom,FUH
0:25:35,@supx7228,rip astro
0:25:37,@alcinaisMINE,I’m shitting bricks rn 
0:25:37,@ZoombaPumba,oh shit
0:25:37,@bouncywoo,whats happening.
0:25:39,@Heylooren,COSMOOO
0:25:39,@muggz7752,Spooookyhy
0:25:39,@Toastedfroggyheheh,NO
0:25:39,@AaliyahYouguysarealreadyma-y5t,No.
0:25:39,@gamertuberonmask,COOKIE — Cookie Monster
0:25:40,@Angelilockedaway,milan your disgusting
0:25:40,@dumsanihlatshwayo3185,nooooo
0:25:41,@DandysWxForsakenFan,WHAT
0:25:41,@Shivery,Hold me
0:25:42,@abread369,ASTRO
0:25:43,@jennythebean9117,Brutal 
0:25:43,@Toastedfroggyheheh,RUN
0:25:43,@veelee9808,YAYYY
0:25:44,@vanveleca,woah
0:25:44,@ZoombaPumba,NO WAY
0:25:44,@MilanMartinez-r1w1y,Guys I :grapes: sprout 
0:25:45,@inatropolis,aSTRO NO PLEASE NO NO NO OH MY GOD
0:25:45,@CeruleanArcadia,HES GONNA GET MURDERD
0:25:45,@gamertuberonmask,DAMN
0:25:45,@Cindysidd,MLOO
0:25:46,@DarelizOrtiz,YOOO
0:25:46,@Tiki2970,PSYCHO COSMO
0:25:46,@Hyloaf,shit
0:25:46,@Saily-e2g,Shitt
0:25:47,@muggz7752,Damn
0:25:47,@CeruleanArcadia,NOOO
0:25:47,@NubMcMoofin,:face_holding_back_tears::face_holding_back_tears:
0:25:48,@Shivery,Damn Cosmo
0:25:48,@superarcade643,WHAT?!??!
0:25:48,@sweekxuuuu,MY BOY
0:25:48,@bouncywoo,OH MY GOD??
0:25:49,@ASTR03Y3K0N,OH
0:25:49,@sakitoast,jesus man
0:25:49,@superarcade643,WHAT
0:25:49,@TIREDARTIST2000,Holy shit
0:25:49,@Sillymia838,..... -.-.-..-.-
0:25:49,@shrimpkuuu,OH MY GOD
0:25:49,@ShellyFossilianMM,NOOOOO!!!!!
0:25:50,@DanqRami,COSMO
0:25:50,@alcinaisMINE,JEEZ LOUISE
0:25:51,@XxZ0MB1E_K1TTYxX,ASTRO PLEASE
0:25:51,@muggz7752,DAMNNNNN
0:25:51,@LabrittxDdd,COSMO?!!?
0:25:51,@DandysWxForsakenFan,DONT DO THAT SPROUT
0:25:51,@qwwwwwwweeeeeee,THEYRE MURDERING HIM??
0:25:52,@pokefreak2112,HOLY SHIT
0:25:52,@Angelilockedaway,MILAN SHUT UP
0:25:52,@Toastedfroggyheheh,NOOOO
0:25:53,@shrimpkuuu,STOP STOP STOP
0:25:53,@Kipkat13,RUN
0:25:53,@Cindysidd,STUPID FRUITCAKE
0:25:53,@superarcade643,BOOOO
0:25:54,@Freakypebble,MILAN WTF
0:25:54,@CeruleanArcadia,GOONSMOOOO
0:25:54,@The_Silly_Patootie,NOOO ASTRO
0:25:54,@NuhuhhUmeannie,NOO CUTIE STOP HES ADORABLE MY BABY NO
0:25:54,@superarcade643,NOOOO
0:25:55,@064razor,Finish him Sprout!
0:25:56,@DarelizOrtiz,OH SHIY
0:25:56,@Chicken_Leg_yes,NO
0:25:57,@DandysWxForsakenFan,PLS NOOOO
0:25:57,@poppymain-r2b,ASTRO NO
0:25:58,@qwwwwwwweeeeeee,SHAT???
0:25:59,@ZoombaPumba,HOLY FUCK
0:25:59,@JSbuildsOfficial,HIDE ASTRO
0:25:59,@XxZ0MB1E_K1TTYxX,NOOOO
0:25:59,@superarcade643,COSMO IS MESSED UP HOLY FCK
0:26:00,@Solums,no
0:26:00,@064razor,Finish it!
0:26:01,@superarcade643,COSMO
0:26:01,@jennythebean9117,Nooooooo
0:26:01,@pokefreak2112,wtfwtfwtf
0:26:02,@DanqRami,NO
0:26:03,@superarcade643,NOOO
0:26:03,@inatropolis,COSMO JS EVIL???
0:26:03,@JSbuildsOfficial,NOOOOO
0:26:03,@LUXE-DX,GET HIM
0:26:04,@RANDOMX_Aikø,𝐔𝐇𝐌?!...
0:26:04,@NuhuhhUmeannie,ASTRO NO
0:26:04,@scoopsofstardust,DAMN
0:26:04,@DanqRami,NO
0:26:05,@Shivery,WOAH
0:26:06,@superarcade643,NOOOOOOOOOOOOOOOOOOOOOOOOOOOOOOOOOOOOOOOO
0:26:07,@alcinaisMINE,DANG
0:26:07,@Giovanna_la_loca,"Damn, Cosmo's voice is so :flushed_face::fire:"
0:26:07,@vdn2468,NOOOOOOOOOOO
0:26:07,@Toastedfroggyheheh,GODDAMN IT
0:26:08,@qwwwwwwweeeeeee,HELP
0:26:08,@ASTR03Y3K0N,NOOOO
0:26:08,@MurielRojasRuiz,noooioi
0:26:08,@Cindysidd,STOP
0:26:09,@INeedYouSeaSaltOnTT,Jesus christ
0:26:10,@Tiki2970,MANGEKYO SHARINGAN
0:26:10,@qwwwwwwweeeeeee,WHAT
0:26:10,@GOHAN-STEAKFAN,no...
0:26:10,@AaliyahYouguysarealreadyma-y5t,NOO
0:26:10,@LUXE-DX,RIP BOZO ASTRO
0:26:11,@brittanydavis1771,NOOOOO
0:26:11,@Toastedfroggyheheh,STOP
0:26:11,@jo3a548,DAYUM
0:26:11,@superarcade643,RUN
0:26:11,@shrimpkuuu,ASTRO
0:26:11,@jo3a548,OH FUCK
0:26:12,@applebloom2307,I knew Cosmo was messed up!!!
0:26:12,@richietrejo-ramos2252,Noooooooo!
0:26:12,@gamertuberonmask,DAMN
0:26:12,@sweekxuuuu,WHAT THE HELL
0:26:12,@FaithLeguias,NOOO
0:26:13,@XxZ0MB1E_K1TTYxX,RUNN
0:26:13,@DandysWxForsakenFan,BRO WHY
0:26:14,@inatropolis,ASTRO NO
0:26:14,@MillerTheDarkTransPrince,nooo
0:26:15,@LUXE-DX,THEY TWISTED
0:26:16,@muggz7752,All this because of a pool party 
0:26:17,@Toastedfroggyheheh,NO
0:26:17,@gamertuberonmask,ELBOWED IN THE EYE
0:26:18,@NuhuhhUmeannie,NO
0:26:19,@Shivery,OMG
0:26:20,@amobolos99,COSMO YOU ARE A PISHICOPAT
0:26:20,@alcinaisMINE,He’s a twister 
0:26:21,@Skidum1,git him
0:26:22,@Saily-e2g,NOO@
0:26:22,@VeronicaNina-s7h,nooooo
0:26:22,@shrimpkuuu,HE TWISTEDS
0:26:22,@gamertuberonmask,TWISTED COSMO
0:26:23,@Angelilockedaway,ASTRO
0:26:23,@LUXE-DX,Rip Astro
0:26:23,@Toastedfroggyheheh,PLEASE 
0:26:23,@SuperCaptainFail,dont these guys have super powers or what
0:26:24,@veelee9808,he deserves
0:26:24,@superarcade643,DANDY
0:26:24,@Saily-e2g,Astrooo
0:26:24,@richietrejo-ramos2252,NOOOOO
0:26:25,@Chilibleu,RIPPP
0:26:25,@The_Silly_Patootie,NOOOOO
0:26:26,@064razor,Finish him!
0:26:26,@Itsyourgirl33,NOOOOOOOOOOO
0:26:26,@superarcade643,PLEASE
0:26:26,@veelee9808,he deserves
0:26:26,@scoopsofstardust,omg he twisted
0:26:26,@Xzonza1,Astro is too cute to deserve it
0:26:26,@NuhuhhUmeannie,MY BABY DOESN'T DISERVE IT
0:26:27,@ASTR03Y3K0N,oh shit I misclicked
0:26:29,@beepbeepok,COSMOS TWISED
0:26:29,@superarcade643,ASTRO
0:26:29,@alcinaisMINE,LAZY ASS
0:26:29,@XxZ0MB1E_K1TTYxX,DANDY PLEASE
0:26:30,@vdn2468,ASTROOO NOOO
0:26:30,@NubMcMoofin,:disappointed_face:
0:26:31,@shrimpkuuu,HE JUST TWISTED OH MY GOD
0:26:32,@scoopsofstardust,why did he twist
0:26:32,@ShellyFossilianMM,IS HE ACTUALLY “…..
0:26:32,@superarcade643,PLEASE OMG
0:26:32,@Veezroom,OH MY GLOB
0:26:32,@ilovearinos,NO ASTRO MY BABYGIRL
0:26:33,@DanqRami,COSMO NO
0:26:33,@galaxywolfart2443,Noo not my astro 
0:26:33,@maxbear027,deserved
0:26:33,@Toastedfroggyheheh,MY BABY
0:26:34,@theo6t7,Cosmo? What happened?
0:26:34,@DandysWxForsakenFan,BRO POOR ASTRO
0:26:34,@jo3a548,OH FUCK
0:26:35,@Chilibleu,nah bro i would do the same
0:26:35,@gamertuberonmask,TWISTED COSMO
0:26:36,@thedarknessinthelight9824,L Dandy
0:26:36,@064razor,That's what you get Astro
0:26:36,@NuhuhhUmeannie,NOOOOOO.ASTRO
0:26:37,@CosmosInsanity,NOOOOOO
0:26:37,@ShellyFossilianMM,NOOO NO NO KONO NO
0:26:38,@Shivery,TWISTEDS
0:26:38,@veelee9808,YESSS
0:26:38,@qwwwwwwweeeeeee,WHAT EVEN WHERE THE RED BITS:loudly_crying_face::loudly_crying_face:
0:26:38,@Lunarshellhole,KISS
0:26:38,@ZoombaPumba,what
0:26:39,@ZoombaPumba,WHAT
0:26:39,@GOHAN-STEAKFAN,...
0:26:40,@richietrejo-ramos2252,:loudly_crying_face::loudly_crying_face::loudly_crying_face::loudly_crying_face::loudly_crying_face:
0:26:40,@alcinaisMINE,HES A TWISTER
0:26:40,@ZoombaPumba,WHAT
0:26:40,@Chicken_Leg_yes,DONT DO IT
0:26:40,@beepbeepok,damn astro cooked
0:26:41,@Heylooren,OH MY LORD
0:26:41,@Shivery,OMG THE TWISTEDS ARE HERE
0:26:42,@AaliyahYouguysarealreadyma-y5t,oh
0:26:42,@cosmodww,YAOI
0:26:42,@bouncywoo,WHAT.
0:26:42,@Tiki2970,"Cosmo's possesed by Soarin's interdimensional, omniversal powers"
0:26:42,@sara17_animation,oh no
0:26:42,@XxZ0MB1E_K1TTYxX,DAMN
0:26:43,@cosmodww,yAOI
0:26:43,@shrimpkuuu,PELASE STOP
0:26:43,@Nanz_Cureton,WTH
0:26:43,@Toastedfroggyheheh,SAVE HIM YOU IDIOT 
0:26:43,@cosmodww,YOAI
0:26:43,@Tamers12345MLP,The amount of people saying no is sickening
0:26:43,@DanqRami,HOLY SHIT
0:26:44,@dumsanihlatshwayo3185,noooo
0:26:44,@poppymain-r2b,Yes he's dead
0:26:44,@cosmodww,YOAI
0:26:44,@muggz7752,OH SNAP
0:26:44,@The_Silly_Patootie,OMG HES TWISTED
0:26:44,@gamertuberonmask,OH GOSH
0:26:45,@cosmodww,yAOIY
0:26:45,@LUXE-DX,Friendly FIRE
0:26:45,@CeruleanArcadia,IS THIS THE TWISTED ARC????
0:26:45,@MurielRojasRuiz,Nooooooooooo
0:26:46,@cosmodww,TYEA
0:26:46,@cosmodww,hi
0:26:47,@LabrittxDdd,TWISTED COSMOOOO :wilted_flower::wilted_flower::folded_hands::folded_hands:
0:26:47,@sakitoast,OH MY
0:26:47,@cosmodww,HI
0:26:47,@poppymain-r2b,Cosmos dead yesss
0:26:48,@cosmodww,HI
0:26:48,@Heylooren,OHHHH
0:26:48,@JSbuildsOfficial,RUN SPROUT
0:26:48,@jo3a548,AIEEEEEEEEEEEEEEEEE
0:26:49,@cosmodww,HLLO
0:26:49,@FaithLeguias,Oh god 
0:26:50,@Nanz_Cureton,YOOO
0:26:50,@cosmodww,HELLO
0:26:50,@mikeparker4993,POOR ATRSO:loudly_crying_face::loudly_crying_face:
0:26:50,@Shivery,COSMO
0:26:51,@dumsanihlatshwayo3185,noooooo
0:26:51,@Dalekoverhauls,Damn
0:26:51,@064razor,Yeay!
0:26:51,@ShellyFossilianMM,Omg…
0:26:52,@NubMcMoofin,:loudly_crying_face:
0:26:52,@ZoombaPumba,WHAT
0:26:52,@supx7228,NO ASTRO
0:26:52,@scoopsofstardust,HELO
0:26:52,@applebloom2307,oh dam
0:26:52,@The_Silly_Patootie,YOOOOOO
0:26:52,@gamertuberonmask,COSMO STAWP
0:26:52,@P3BBL3-u8q,TWISTED COSMO??
0:26:53,@inatropolis,no wait 
0:26:53,@poppymain-r2b,What
0:26:53,@cosmodww,HOT
0:26:53,@Toastedfroggyheheh,.
0:26:53,@064razor,He did it
0:26:53,@ZoombaPumba,WHAT
0:26:54,@ellahall7451,....
0:26:54,@XxZ0MB1E_K1TTYxX,OH MY GOD
0:26:54,@veelee9808,YAYYAAYYAYAYA
0:26:54,@ZoombaPumba,HOLY MOLY
0:26:55,@sakitoast,YAOI
0:26:55,@alcinaisMINE,HES A TWISTER
0:26:55,@poppymain-r2b,NOOOOo
0:26:55,@shrimpkuuu,OH MY GOD ASTRO
0:26:55,@Kipkat13,no bc I like him but yes really
0:26:55,@DanqRami,WOAH BRO
0:26:56,@Angelilockedaway,DANDY YOUR EVIL
0:26:56,@Chilibleu,ASTROEO
0:26:58,@DandysWxForsakenFan,AYOO WHAT
0:26:58,@bouncywoo,OH MY GOODNESS
0:26:58,@MillerTheDarkTransPrince,omg
0:26:58,@ミソサザイmisothesoup,omg ts just got serious
0:26:59,@Heylooren,YESSSSS
0:26:59,@theo6t7,"Cosmo, what do you mean?"
0:26:59,@Toastedfroggyheheh,NOOOOOOOOOOOO
0:27:00,@beepbeepok,THIS IS A MURDER MOVIE
0:27:01,@shrimpkuuu,NO NO NO
0:27:01,@ミソサザイmisothesoup,OMG 
0:27:01,@amobolos99,nooooo
0:27:01,@vanveleca,WOAAAAAAAAAAH
0:27:01,@Chilibleu,OHH GODD
0:27:02,@Tiki2970,DANDY'S WORLD: INFECTION - THE MOVIE
0:27:02,@thedarknessinthelight9824,The amount of people saying yes is sickening
0:27:02,@Shivery,PERSPECTIVE
0:27:02,@scoopsofstardust,twist
0:27:02,@inatropolis,oh my god
0:27:03,@gamertuberonmask,OH MY GOSH
0:27:03,@applebloom2307,oh no
0:27:03,@XxZ0MB1E_K1TTYxX,YAOI
0:27:03,@The_Silly_Patootie,WHAT THE FREAK
0:27:03,@LUXE-DX,HOLY MOLY
0:27:03,@Veezroom,VOSMO YOU YANDERE
0:27:04,@bouncywoo,HELLOOOOO??????
0:27:04,@VexxiPVP,holy over kill
0:27:04,@beepbeepok,oh fos
0:27:04,@veelee9808,this is the most coolest thing
0:27:04,@richietrejo-ramos2252,NOOOOO
0:27:05,@ASTR03Y3K0N,SPROUT RUN
0:27:05,@Chilibleu,HOLYY
0:27:06,@veelee9808,this is the most coolest thing
0:27:06,@SuperCaptainFail,tamers wtf is this lol
0:27:07,@064razor,Keep that energy
0:27:07,@gamertuberonmask,TWISTED SPROUT
0:27:07,@sweekxuuuu,WHAAAAATTTTTT
0:27:07,@VexxiPVP,brutality
0:27:07,@Heylooren,MY GOODDDD
0:27:07,@shrimpkuuu,SPROUT
0:27:07,@ZoombaPumba,LETS GOOOOOOOOOOOOOOOOOO
0:27:07,@ShellyFossilianMM,OMG???&!!!
0:27:08,@ミソサザイmisothesoup,THEY'RE GETTING FREAKY
0:27:08,@Bowquetthethird,This thing deserves it
0:27:08,@NuhuhhUmeannie,:red_circle::red_circle::raised_hand:
0:27:09,@DanqRami,WOAH
0:27:09,@WhiteDreamerWorking,NOOOO
0:27:09,@muggz7752,Fuck OFFFFDFFF
0:27:09,@XxZ0MB1E_K1TTYxX,KISS
0:27:09,@abread369,WHAT IS GOING ON
0:27:09,@Cindysidd,what
0:27:09,@shrimpkuuu,OH MY GOD
0:27:10,@beepbeepok,whats going on
0:27:10,@Chilibleu,NOOBOBOBOBOB
0:27:10,@Kipkat13,OHNOE
0:27:10,@qwwwwwwweeeeeee,???
0:27:10,@alcinaisMINE,YANDERE COSMO LMAO
0:27:11,@inatropolis, HP SHIT
0:27:11,@AaliyahYouguysarealreadyma-y5t,.
0:27:11,@heyy.alexz7,HEAR ME OUTTT
0:27:11,@jaminator8000,oh my god
0:27:12,@Cindysidd,bl
0:27:13,@Veezroom,OH MY GLOB
0:27:13,@r4d1sh89,YES
0:27:13,@sakitoast,OHHHMMYYYGOFF
0:27:13,@Shivery,UGH
0:27:14,@XxZ0MB1E_K1TTYxX,YESSSSSS
0:27:14,@r4d1sh89,YESSSS
0:27:14,@haileykitty6993,all because of strawberry cannibalism btw
0:27:15,@MurielRojasRuiz,xddd
0:27:15,@LUXE-DX,THEY SMOCCHIN
0:27:15,@The_Silly_Patootie,OMG
0:27:15,@dribvox,oh my lawd
0:27:16,@r4d1sh89,YESSSSSS
0:27:16,@gamertuberonmask,OMG
0:27:16,@ミソサザイmisothesoup,OMGGGGG
0:27:16,@Heylooren,YESSSS
0:27:16,@Chilibleu,HOLY SHAT
0:27:17,@catalina-h5o6q,EWWW
0:27:17,@Toastedfroggyheheh,I HATE YOU COSMO
0:27:18,@P3BBL3-u8q,WHAT??
0:27:18,@bouncywoo,OH MY GOD
0:27:18,@muggz7752,Dude
0:27:18,@veelee9808,uhm
0:27:19,@Angelilockedaway,COSMO WE'RE GETTING A DIVORCE.
0:27:19,@creamsouda3338,OH MY TOID
0:27:20,@alcinaisMINE,Ok there’s the kiss scene for this episode
0:27:20,@Veezroom,HOWLY
0:27:20,@DandysWxForsakenFan,Zamn
0:27:20,@maxbear027,me and who?
0:27:21,@WhiteDreamerWorking,NOT IN MY YOUTUBE
0:27:21,@creamsouda3338,HO;Y SHIT
0:27:21,@Yesfromtiktok,PAY GORN
0:27:21,@scoopsofstardust,DAMN HE TWISRED
0:27:22,@annenvy,Oh
0:27:22,@richietrejo-ramos2252,OH MY GOD!!!
0:27:22,@KUNNYKING-s9t,COSMOS MY YANDRES KIND
0:27:22,@DarelizOrtiz,OH SHÍT
0:27:23,@qwwwwwwweeeeeee,YO
0:27:23,@sara17_animation,HOLY SHIT
0:27:23,@064razor,The yaoi that was promised to us
0:27:23,@Tiki2970,Uhhhhhh
0:27:23,@creamsouda3338,HOOOLY SHIT
0:27:24,@Itsyourgirl33,NOOOOOOOOOOOOOOOO
0:27:24,@shrimpkuuu,I CANT BRWATHE
0:27:25,@alcinaisMINE,Omg… they’re twisters
0:27:25,@bouncywoo,NYAHHHHHHHHHH
0:27:25,@XxZ0MB1E_K1TTYxX,YESSSSSS
0:27:26,@gamertuberonmask,OH
0:27:26,@Vagab0ndify,"Oh, goodness."
0:27:26,@LUXE-DX,OH CRAP
0:27:27,@MurielRojasRuiz,lol
0:27:28,@NuhuhhUmeannie,wow
0:27:28,@gamertuberonmask,MY
0:27:29,@KUNNYKING-s9t,YEAHH
0:27:29,@DandysWxForsakenFan,WHAT IS THAT LOO
0:27:29,@ShellyFossilianMM,0/0/0/0/0/
0:27:29,@Cindysidd,HAJAJSJSH
0:27:30,@DanqRami,WOAH
0:27:30,@XxZ0MB1E_K1TTYxX,PET????
0:27:31,@bouncywoo,OH HELL YES
0:27:31,@shrimpkuuu,IM HAVING HEART PALPTIIDNGNGMNGNG
0:27:31,@qwwwwwwweeeeeee,OHH LYRICALLY 
0:27:31,@creamsouda3338,HOOOOOOOOLY SHITTTTTTT
0:27:31,@ASTR03Y3K0N,YAOIII
0:27:31,@beepbeepok,i thought this was not pg13
0:27:31,@Chilibleu,DAWG THAT WAS NOT THE WINDD
0:27:32,@gamertuberonmask,HEAVENS
0:27:32,@Shivery,OHHHHHHHHHHH
0:27:32,@064razor,Yay
0:27:33,@JSbuildsOfficial,TWISTED SPROUT
0:27:33,@SPROUTANDCOSMO2014,OHHH MY
0:27:33,@ilovechristmasforever,ok what
0:27:33,@abread369,WOW
0:27:33,@sakitoast,WHAT
0:27:33,@Skidum1,freaky
0:27:34,@SpadedAcey,TWISTEDS EXISTR?!?!?!
0:27:34,@scoopsofstardust,TWISTED SORKJT
0:27:34,@veelee9808,yay?.
0:27:34,@Heylooren,MYYYY
0:27:34,@SuperCaptainFail,this is just applit split/care package TAMERS
0:27:34,@qwwwwwwweeeeeee,oh my god 
0:27:35,@NuhuhhUmeannie,Wow
0:27:35,@Nanz_Cureton,HOLY SH
0:27:36,@ミソサザイmisothesoup,WTFFFFFF
0:27:36,@Cindysidd,WHAT THE
0:27:36,@bouncywoo,WHOAAAAAAAAA
0:27:36,@LabrittxDdd,dude.
0:27:36,@alcinaisMINE,Infront of the dead body :loudly_crying_face::loudly_crying_face:
0:27:36,@KUNNYKING-s9t,THIER TWSITING
0:27:37,@supx7228,what the fah
0:27:37,@Shivery,YAOI
0:27:37,@r4d1sh89,YESSSSSS
0:27:37,@AnonHluv,Yo
0:27:37,@geoshadow4545,LMFAOOOOOOOOOOOOOOOOOOOOOOOOO
0:27:38,@KingofRascals,YO
0:27:38,@JSbuildsOfficial,AYOOOOOOOOO
0:27:38,@cosmodww,MORE
0:27:38,@The_Silly_Patootie,YOOOOOO IM SCARED
0:27:38,@LUXE-DX,OMG YESSSSS
0:27:40,@muggz7752,INSANE
0:27:40,@richietrejo-ramos2252,HOLY SHIT!!
0:27:41,@SeriouslySodium,bruh
0:27:42,@Heylooren,HELLL YESSSS
0:27:42,@amobolos99,noooo astrooo
0:27:42,@Chilibleu,SONNN:loudly_crying_face::loudly_crying_face::loudly_crying_face::loudly_crying_face::loudly_crying_face::loudly_crying_face::loudly_crying_face::loudly_crying_face:
0:27:42,@KingofRascals,ITS ALL OVER THE SCREEN
0:27:43,@beepbeepok,AYOOOOOOOOOOOOOOOOOOOOOOOOOOOOOOOOOOOOOOOOOOOOOOOOOOOOOOOOOO
0:27:43,@inatropolis,OH M Y GOD
0:27:44,@WhiteDreamerWorking,what did i watched bro.
0:27:44,@MurielRojasRuiz,: v
0:27:44,@XxZ0MB1E_K1TTYxX,YEAHHHHHHHHHHHH
0:27:44,@creamsouda3338,LOOOL?
0:27:44,@scoopsofstardust,TWISTED SPROUT GIVE ME A CHANCE
0:27:45,@Giovanna_la_loca,oh my...
0:27:45,@Cattle.ink.3,OH MY GOD
0:27:45,@nonten4,oh
0:27:45,@alcinaisMINE,LMAO DANG THEY FREAKY
0:27:45,@Toastedfroggyheheh,IN HIS HOUSE TOO?
0:27:45,@shrimpkuuu,UNNFFFFF
0:27:45,@dumsanihlatshwayo3185,WTF
0:27:46,@annenvy,OMGGGG
0:27:46,@qwwwwwwweeeeeee,MY YAOISLOP:purple_heart::purple_heart::purple_heart::purple_heart:
0:27:46,@Veezroom,OK IS THIS IS WHAT COSMO SOUNDED LIKE IF BANG HIM
0:27:46,@sweekxuuuu,IN FRONT OF ASTRO???
0:27:46,@thedarknessinthelight9824,ARE WE FR??
0:27:47,@sakitoast,LMAOOOOO
0:27:47,@veelee9808,what
0:27:48,@MillerTheDarkTransPrince,so peak
0:27:49,@misakayy1911,ASTRO NOOOOOOOOOO
0:27:49,@The_Silly_Patootie,HELPPPP
0:27:49,@nesslerest,BRO
0:27:49,@coolesttranny,SAY GEX
0:27:49,@Heylooren,YEAAASSSSS
0:27:51,@shrimpkuuu,UNNNFNFFFFFF
0:27:51,@MurielRojasRuiz,yess
0:27:51,@Chilibleu,YAOI YAOI
0:27:52,@veelee9808,WHAT...
0:27:52,@Code_monkey_like_you,What is happening???
0:27:53,@XxZ0MB1E_K1TTYxX,FUCK YEASSSS
0:27:53,@poppymain-r2b,Fr*itcake noo
0:27:53,@MaraKoruSky,Yoooo
0:27:53,@DandysWxForsakenFan,LOOL IM SOBBING
0:27:54,@supx7228,ASTRO I HATE YOU COSMO
0:27:54,@sakitoast,I CANTTTT PMFAOOOO
0:27:54,@Christopher_bluhh,WJATFUK
0:27:55,@sweekxuuuu,HELL NAAAHHH
0:27:55,@superarcade643,HOLY BASED
0:27:55,@Alex6-k8y,WHAT 
0:27:56,@Shivery,This is like Carepackage all over again
0:27:56,@Bays_world_Official,YESS
0:27:56,@NuhuhhUmeannie,:loudly_crying_face:
0:27:56,@inatropolis,YAOI 
0:27:56,@BridgettePatterson-e1n,peak
0:27:56,@Giovanna_la_loca,i JUST leave for 5 seconds
0:27:56,@KaylaniToledo-c4b,and then they made out the end
0:27:58,@bouncywoo,HELL YES
0:27:58,@scoopsofstardust,oh their normal now
0:27:58,@MinioMicha09,Praying toodles is there
0:27:58,@Coolferretonaskateboard,did that just happen?:anxious_face_with_sweat:
0:27:59,@MillerTheDarkTransPrince,yaoi
0:27:59,@Alex6-k8y,NOOO
0:27:59,@ASTR03Y3K0N,is the ep over? 
0:28:00,@Veezroom,nvm
0:28:00,@Nanz_Cureton,Son:loudly_crying_face::loudly_crying_face::loudly_crying_face::loudly_crying_face::loudly_crying_face::loudly_crying_face:
0:28:00,@maxbear027,lol
0:28:01,@Angelilockedaway,COSMO BRO.
0:28:01,@Chilibleu,STIPP TAMERRSS IM BUSTINGGG
0:28:01,@richietrejo-ramos2252,WTF!!!
0:28:01,@LUXE-DX,OH DAMN
0:28:01,@vanveleca,phatty
0:28:02,@veelee9808,uhm
0:28:02,@hellswhite383,"lol, pec ripple"
0:28:02,@superarcade643,TAMERS 10/10 PEAK EP
0:28:02,@Toastedfroggyheheh,:(
0:28:02,@Alex6-k8y,NOOO
0:28:03,@PPPPPPPPPUUIIQSV,:yt::yt::yt::yt::yt::thanksdoc::thanksdoc::thanksdoc::oops::videocall::buffering::buffering::buffering::buffering::buffering:
0:28:03,@gamertuberonmask,WHY IS COSMO CASEOH AGAIN
0:28:04,@superarcade643,ONCE AGAIN
0:28:04,@brittanydavis1771,Well shit...
0:28:04,@Shivery,FYATT
0:28:04,@VexxiPVP,YOOOO
0:28:05,@muggz7752,Oh myyy
0:28:06,@creamsouda3338,Does this mean Sprout x Dandy is out the question now :broken_heart::broken_heart:
0:28:06,@MurielRojasRuiz,noooo astro
0:28:06,@bouncywoo,SCREAMS
0:28:06,@Heylooren,PEAK YAOIIII
0:28:07,@Alex6-k8y,Ok
0:28:08,@XxZ0MB1E_K1TTYxX,:drooling_face::drooling_face::drooling_face::drooling_face:
0:28:10,@shrimpkuuu,I’m gonnapiss muself out of jou 
0:28:10,@amobolos99,DANDY HELP ASTRO PLS!
0:28:11,@Saily-e2g,HOLY WOHh
0:28:11,@alcinaisMINE,they’re gonna pull an applesplit and mail pony 
0:28:12,@abread369,oh thank god
0:28:12,@JSbuildsOfficial,HOW
0:28:13,@Beavcoon,YOAIS BACK ON THE MENU BOYS
0:28:13,@veelee9808,WHAT THE HELL
0:28:13,@TIREDARTIST2000,OH
0:28:14,@Saily-e2g,AHHH
0:28:14,@Toastedfroggyheheh,My poor baby..
0:28:15,@veelee9808,WHAT THE HELL
0:28:17,@qwwwwwwweeeeeee,oh my go
0:28:17,@Veezroom,thank gosh
0:28:17,@PPPPPPPPPUUIIQSV,:stayhome::yougotthis::stayhome::stayhome::stayhome::stopwatch-blue-hand-timer::stopwatch-blue-hand-timer::goodvibes:
0:28:18,@Tiki2970,Lmao dandy
0:28:18,@064razor,Cosmo and Sprout are frauds. They didn't finish the job
0:28:19,@Alex6-k8y,No astro
0:28:19,@theo6t7,"That's so cute, man! I love this couple, they're great!"
0:28:19,@DandysWxForsakenFan,I NEED FULL SCENE
0:28:20,@XxZ0MB1E_K1TTYxX,VEEE AND SHLLYYYY
0:28:20,@Toastedfroggyheheh,NO
0:28:21,@LUXE-DX,No crap
0:28:22,@shrimpkuuu,I’m shaking
0:28:22,@richietrejo-ramos2252,Alive Astro??
0:28:23,@Chicken_Leg_yes,oh his alive
0:28:24,@jo3a548,LM<SFDOSDG
0:28:24,@PPPPPPPPPUUIIQSV,Mmmm
0:28:24,@Kookiethekitty,um i kinda wanna animate what happened the night before <3
0:28:25,@JSbuildsOfficial,ASTRO ALIVE
0:28:27,@scoopsofstardust,no please twist again
0:28:27,@ASTR03Y3K0N,i thought he was dead
0:28:28,@dumsanihlatshwayo3185,oh ok
0:28:29,@CocoaBonbonington,FREAKY SPROUTTTT
0:28:29,@JasmineRichardson-p6e,Tf
0:28:30,@shrimpkuuu,I’m shaking I’m shaking imshakin 
0:28:34,@Kipkat13,lmao
0:28:34,@Shivery,When Fruitcake gets healthy and yet this happened :loudly_crying_face:
0:28:34,@ilovechristmasforever,wait why did you add me expect other christmas toons
0:28:36,@Tamers12345MLP,Astro's fine because he has jello
0:28:37,@Toastedfroggyheheh,YES HES ALIVE
0:28:38,@scoopsofstardust,Kookie do it
0:28:39,@XxZ0MB1E_K1TTYxX,HES OK!!!!!
0:28:40,@jennythebean9117,Me too 
0:28:40,@B00-s2y,WTF JUST HAPPENED 
0:28:41,@shrimpkuuu,I just started crying out of joy
0:28:43,@Heylooren,GOODD
0:28:44,@Veezroom,ok someone pull Astros cord
0:28:45,@alcinaisMINE,They just cracking in Astro’s house :loudly_crying_face:
0:28:45,@haileykitty6993,what flavor is the jello?
0:28:50,@LUXE-DX,Oh
0:28:50,@DanqRami,Are we gonna see them make out again
0:28:53,@Skidum1,why am I bricked?
0:28:53,@alcinaisMINE,Woah lesbians
0:28:54,@064razor,Get astro again
0:28:55,@qwwwwwwweeeeeee,ASTRO 
0:28:55,@LUXE-DX,FRUITCAKE
0:28:57,@muggz7752,Period flavored
0:28:57,@064razor,Please
0:28:58,@Tamers12345MLP,@haileykitty6993 Strawberry
0:28:58,@Hexen_4444,Cinema
0:28:58,@r4d1sh89,I CAME
0:28:58,@Chilibleu,i would be fine with my sweet tea
0:28:58,@Toastedfroggyheheh,NO
0:29:03,@Plaznox75Globemon,Gay Astro and gay Cosmo 
0:29:04,@Tiki2970,DANDY KNEW
0:29:04,@Toastedfroggyheheh,ITS NOT NICE 
0:29:04,@theo6t7,"That's right, Cosmo Sprout is yours alone, nobody can take what's yours."
0:29:06,@LUXE-DX,I hope so Dana
0:29:06,@ASTR03Y3K0N,OH
0:29:08,@Veezroom,idk why but I'm fully against astro
0:29:08,@r4d1sh89,NGH
0:29:10,@ミソサザイmisothesoup,D':
0:29:10,@064razor,Finish it!
0:29:10,@XxZ0MB1E_K1TTYxX,HUHHHH
0:29:10,@creamsouda3338,ICHOR COOKIES???
0:29:12,@Shivery,"""Best friend"" "
0:29:12,@DandysWxForsakenFan,I think something is wrong
0:29:12,@Itsyourgirl33,COMSO I HATE YOU
0:29:13,@EmiliaMadisonVillaluz-wg6ox,lol
0:29:14,@sakitoast,HELP
0:29:14,@MurielRojasRuiz,cosmo ?
0:29:15,@Lemon_11007,pls is astro still alive
0:29:15,@Toastedfroggyheheh,.
0:29:15,@jennythebean9117,He heard it all
0:29:16,@Hyloaf,uh oh
0:29:16,@Shivery,Was that Vee? 
0:29:16,@Heylooren,OH
0:29:16,@Tiki2970,OH MY GOD THIS EP'S PLOT WAS 11/10
0:29:16,@ellahall7451,dandy get them
0:29:17,@gamertuberonmask,Dandy music?
0:29:17,@FaithLeguias,OOO
0:29:18,@sara17_animation,yessss
0:29:18,@creamsouda3338,oh my god he knows.
0:29:19,@shrimpkuuu,I’m shakign 
0:29:19,@KaylaniToledo-c4b,I need another make out scenery right now
0:29:20,@Alex6-k8y,YO
0:29:20,@NubMcMoofin,:exploding_head:
0:29:20,@alcinaisMINE,THEYRE PULLING AN APPLESPLIT AND MAIL PONY
0:29:20,@cosmodww,hi guys
0:29:20,@DandysWxForsakenFan,really wrong
0:29:20,@NuhuhhUmeannie,OH MY GOD
0:29:21,@Lunarshellhole,OOOHEMAD
0:29:21,@qwwwwwwweeeeeee,uo
0:29:21,@Nanz_Cureton,WHAT
0:29:21,@richietrejo-ramos2252,Wait two Astro??
0:29:21,@supx7228,rip cosmo
0:29:22,@ZoombaPumba,FLASH
0:29:22,@JSbuildsOfficial,COSMO PMO
0:29:23,@ShellyFossilianMM,THE ZOOM IN-
0:29:23,@Angelilockedaway,COSMO I'M DIVORCING YOU HO
0:29:23,@Saily-e2g,OH SHOTT
0:29:23,@cosmodww,how are we
0:29:24,@AaliyahYouguysarealreadyma-y5t,"Oh, my God."
0:29:24,@Dalekoverhauls,Uh oh man 
0:29:24,@sara17_animation,dandy dandy
0:29:24,@creamsouda3338,HOLY SHIT
0:29:25,@Heylooren,AYOOOO
0:29:25,@Veezroom,R-RUH ROH
0:29:26,@alcinaisMINE,Oh he’s PISSED
0:29:26,@MillerTheDarkTransPrince,wow
0:29:26,@maxbear027,pt2 when?
0:29:26,@nonten4,shit getting real
0:29:26,@sakitoast,LMAAAOOOO
0:29:26,@CocoaBonbonington,IS THERE MORE?????
0:29:26,@gamertuberonmask,Dandy is gonna turn into Twisted Daddy
0:29:26,@DanqRami,I wanted more ngl
0:29:26,@Toastedfroggyheheh,HE HEARD EVERYTHING 
0:29:27,@DandysWxForsakenFan,WAIT IS THAT THE END???
0:29:27,@LUXE-DX,PLS LET THEM KISS AGAIN THAT SHIT WAS HOT AS FUCK
0:29:27,@shrimpkuuu,I need a beer
0:29:28,@muggz7752,This was a CRAZY leap
0:29:28,@Chilibleu,COME ONN BROO
0:29:28,@osuasheuatl,bravo
0:29:29,@sakitoast,WHAT IS HAPPENING
0:29:29,@jennythebean9117,Dandy get your revenge!
0:29:30,@cosmodww,gulp
0:29:30,@thedarknessinthelight9824,Dandy bouta crashout??
0:29:30,@ミソサザイmisothesoup,PLS TELL ME TS GETS CARRIED OVER TO THE NEXT EPISODE
0:29:30,@Shivery,Creepy Sprout
0:29:30,@CocoaBonbonington,PLEASE???
0:29:30,@nonten4,strawbery 
0:29:31,@Icannotthinkofagoodusername,I WIN
0:29:31,@The_Silly_Patootie,OHH
0:29:31,@GOHAN-STEAKFAN,NOOO
0:29:31,@brittanydavis1771,Dandy is pissed
0:29:31,@JSbuildsOfficial,SEES
0:29:31,@SPROUTANDCOSMO2014,Dandy about to start his villain
0:29:31,@creamsouda3338,OH MY GOD
0:29:32,@gamertuberonmask,DANDY ONG AUTOCOREECT
0:29:32,@bp5814,OOOOOOO LETS GOOOOOOOO
0:29:32,@DandysWxForsakenFan,NOOOO NOOOOOOOOO
0:29:32,@hellswhite383,BASED
0:29:32,@richietrejo-ramos2252,WHAT!!
0:29:32,@Nanz_Cureton,SPROUT
0:29:32,@beepbeepok,PEAK
0:29:33,@Mimio-p8o,OM LLL
0:29:33,@SproutTheStrawberry,COSMO IS SOO DEAD
0:29:33,@LUXE-DX,OH 
0:29:33,@Tiki2970,"""mail pony"" His name. Is Carepackage."
0:29:33,@sara17_animation,WOW
0:29:33,@galaxywolfart2443,W video 
0:29:33,@064razor,You can't do this to me
0:29:34,@alcinaisMINE,AHHH
0:29:35,@Sashimipom,aw cosmo
0:29:35,@Heylooren,OMG
0:29:36,@Spookieween,yeahhhhhhh
0:29:36,@VeronicaNina-s7h,omg
0:29:36,@XxZ0MB1E_K1TTYxX,PEAKKKKK
0:29:36,@DandysWxForsakenFan,MORE PLSSSSS
0:29:36,@The_Silly_Patootie,BYE GUYSSSSS
0:29:36,@GOHAN-STEAKFAN,noooo
0:29:37,@MillerTheDarkTransPrince,so peak
0:29:37,@JSbuildsOfficial,It’s over
0:29:37,@applebloom2307,"OOOO, Its getting intense!!"
0:29:37,@Chilibleu,NOOO
0:29:37,@scoopsofstardust,NOOOO
0:29:37,@richietrejo-ramos2252,NOOOOOO!
0:29:37,@qwwwwwwweeeeeee,YAY
0:29:38,@Dalekoverhauls,What was that last part
0:29:38,@vanveleca,Sopranos if it was good
0:29:39,@beepbeepok,PEAAAKKKK
0:29:39,@GlimmyGOD,this episode was crazy as shit
0:29:39,@064razor,You can't just end it like this
0:29:40,@maxbear027,:face-red-heart-shape::face-red-heart-shape::face-red-heart-shape:
0:29:40,@Shivery,IT WAS BITCHINJ
0:29:40,@Chicken_Leg_yes,anyone see that last picture of sprout
0:29:40,@AxalAndAxel2024,Good 
0:29:41,@LUXE-DX,OH NAH
0:29:42,@rockyroad2256,I MISSED IT!?
0:29:42,@EmiliaMadisonVillaluz-wg6ox,:face_screaming_in_fear::face_screaming_in_fear::face_screaming_in_fear::face_screaming_in_fear::face_screaming_in_fear::face_screaming_in_fear::face_screaming_in_fear::loudly_crying_face:CRY
0:29:42,@XxZ0MB1E_K1TTYxX,SOOOO PEAKKKKK
0:29:42,@bouncywoo,PEAK EPISODE AMAZING
0:29:42,@vdn2468,good episode
0:29:43,@Mimio-p8o,NOOOOOOO
0:29:43,@MurielRojasRuiz,peak
0:29:43,@alcinaisMINE,Atleast I get a little nibble of gourdy and soulvester 
0:29:44,@sara17_animation,MOREEEE
0:29:44,@ShellyFossilianMM,CLIFF HANGER FUCK
0:29:44,@maxbear027,:face-red-heart-shape::face-red-heart-shape::face-red-heart-shape::face-red-heart-shape::face-red-heart-shape:
0:29:44,@FaithLeguias,Woah!!
0:29:45,@Toastedfroggyheheh,I HATE COSMO
0:29:45,@BridgettePatterson-e1n,peakk
0:29:46,@XxZ0MB1E_K1TTYxX,10/10
0:29:46,@CoolGuy-d1b,:clapping_hands::clapping_hands::clapping_hands::clapping_hands::clapping_hands::clapping_hands::clapping_hands::clapping_hands:
0:29:46,@mikeparker4993,LOL THE FACES
0:29:46,@Chilibleu,HOLLYYY CLIFFFF HANGERRRR
0:29:46,@beepbeepok,PEAKKKKKKKKKKKK
0:29:46,@qwwwwwwweeeeeee,PEAKKK
0:29:46,@CosmosInsanity,NOOOOO
0:29:46,@Saily-e2g,NOOOO
0:29:47,@maxbear027,:face-red-heart-shape::face-red-heart-shape::face-red-heart-shape::face-red-heart-shape:
0:29:48,@veelee9808,YESSS
0:29:48,@abread369,SORRY SPROUT HAHA GUILTY
0:29:48,@deprisehoule8561,NOOO
0:29:49,@AxalAndAxel2024,No
0:29:50,@Cattle.ink.3,holy shit
0:29:50,@Kipkat13,YES
0:29:50,@maxbear027,:face-red-heart-shape::face-red-heart-shape::face-red-heart-shape:
0:29:50,@SigmaRizz-du1cc,PEAKKK
0:29:51,@Skidum1,it was bit'ch'n
0:29:52,@Saily-e2g,MY GOSHH
0:29:52,@jaminator8000,it was so bitchin
0:29:53,@maxbear027,:face-red-heart-shape:
0:29:53,@richietrejo-ramos2252,:face-purple-crying::face-purple-crying::face-purple-crying::face-purple-crying:
0:29:53,@MillerTheDarkTransPrince,it was bitching
0:29:54,@deprisehoule8561,:shelterin::shelterin::shelterin::shelterin::shelterin::shelterin::shelterin::shelterin::shelterin::shelterin::shelterin::shelterin::shelterin::shelterin::shelterin::shelterin::shelterin::shelterin::shelterin::shelterin:
0:29:54,@Toastedfroggyheheh,UGHHHHH
0:29:54,@Shivery,:clapping_hands::clapping_hands::clapping_hands::clapping_hands::clapping_hands::clapping_hands::clapping_hands:
0:29:55,@inatropolis,OHH MEIN GOT
0:29:55,@starberry_milk,"so like, the rest of the cosmo sprout scene is on patreon.. right? right???"
0:29:56,@The_Silly_Patootie,RAHHHH
0:29:56,@FaithLeguias,Dude-
0:29:57,@maxbear027,:face-red-heart-shape::face-red-heart-shape::face-red-heart-shape:
0:29:57,@AnaveyaRamos,No 
0:29:57,@gamertuberonmask,BUT WHAT HAPPENED TO COSMO’S VOICE THO
0:29:57,@Saily-e2g,SO PEAKKKK
0:29:59,@creamsouda3338,oh het im there
0:29:59,@beepbeepok,THE BEST THING I HAVE EVER SAW
0:29:59,@SigmaRizz-du1cc,DUDE I WAS LITERALLY ASTRO IRL
0:30:00,@qwwwwwwweeeeeee,PEAK
0:30:00,@The_Silly_Patootie,Bye guys!!!
0:30:00,@Chilibleu,JUST LIKE FUCKING TADCCC:loudly_crying_face::loudly_crying_face::loudly_crying_face::loudly_crying_face::loudly_crying_face::loudly_crying_face::loudly_crying_face:
0:30:01,@vdn2468,:face-red-heart-shape:
0:30:01,@KEVlNSPENCER,NOOOOOOO OOONOOOONOOONOOONOO
0:30:02,@dwaynereid8166,hcgucyg
0:30:02,@FaithLeguias,:face-fuchsia-poop-shape:
0:30:02,@catalina-h5o6q,i sub
0:30:03,@Kipkat13,I CAN?
0:30:03,@Chicken_Leg_yes,AMAZING
0:30:06,@diachuchu,IT WAS BITCHIN INDEED
0:30:06,@sakitoast,I LOVED THIS
0:30:06,@silly_pinkstrawberrys,Me
0:30:08,@wolfwolf-tp1il,Good episode
0:30:08,@MurielRojasRuiz,yesssss
0:30:08,@sakitoast,LMAO
0:30:09,@beepbeepok,
0:30:09,@matheus12634,i forgot his was gonna be jumpscare
0:30:10,@SigmaRizz-du1cc,I WAS LITERALLY ASTRO IRL BTW
0:30:10,@alcinaisMINE,"I… I’ll consider it, sprout "
0:30:11,@064razor,True
0:30:11,@XxZ0MB1E_K1TTYxX,I LOVE YOU TAMERS12345
0:30:11,@Tiki2970,IM SORRY S-SPROUT I'M P-POOR AF
0:30:13,@EmiliaMadisonVillaluz-wg6ox,:hand-pink-waving::hand-pink-waving:we're
0:30:13,@dumsanihlatshwayo3185,Amazing
0:30:14,@ZoombaPumba,DADDY
0:30:14,@BryanaSerrato,:face-fuchsia-flower-shape::face-fuchsia-flower-shape::face-fuchsia-flower-shape::face-fuchsia-flower-shape:
0:30:15,@ZoombaPumba,DADDY
0:30:15,@Hastur99,Cant wait for next video
0:30:15,@lazykandi,This is hella good
0:30:16,@jo3a548,I ALREADY AM SPRTOUT
0:30:16,@Xzonza1,>Sprout pronounces gif wrong
0:30:17,@Toastedfroggyheheh,I HATE COSMOOOOO
0:30:17,@MurielRojasRuiz,bro
0:30:17,@deprisehoule8561,ohh
0:30:18,@JSbuildsOfficial,AYO
0:30:18,@silly_pinkstrawberrys,SHOW MY DAMN NAMEE
0:30:19,@scoopsofstardust,sprout kiss me
0:30:19,@VeronicaNina-s7h,bye guys
0:30:20,@alcinaisMINE,We roleplaying now 
0:30:20,@Shivery,SPROUT FREE ME I WILL
0:30:21,@EmiliaMadisonVillaluz-wg6ox,GOOOOOOOOOOOOOOOOOOOOOOOOO
0:30:21,@inatropolis,need cozyastro to voice cosmo again
0:30:21,@ShellyFossilianMM,IM CRINING
0:30:21,@MillerTheDarkTransPrince,omg
0:30:22,@qwwwwwwweeeeeee,ok
0:30:22,@deprisehoule8561,kk
0:30:22,@ADWLOVERANDMM2,NOO Something is wrong
0:30:23,@Yesfromtiktok,YES...
0:30:23,@SigmaRizz-du1cc,IM LIT ASTRO TYPING IN THE PREMIERE 
0:30:24,@diachuchu,Tamers become a voice actor and my life is yours
0:30:24,@XxZ0MB1E_K1TTYxX,YES SIR :pleading_face:
0:30:24,@MaraKoruSky,Chill sprout
0:30:24,@SPROUTANDCOSMO2014,DADYYDYYDYDYDYYYYYYYYY
0:30:26,@r4d1sh89,yes tamers
0:30:27,@Tiki2970,I-I'LL S-SUBSCRIBE L-LATER I PROMISE!!!! :crying_face:
0:30:27,@thedarknessinthelight9824,AY AYYY CHILLLLLL CHILLLLLLLLLLLLLLLLL
0:30:28,@FaithLeguias,Darn Cosmo 
0:30:29,@ZoombaPumba,YOOOO
0:30:29,@richietrejo-ramos2252,GOOOO
0:30:29,@r4d1sh89,I'm doing it rn
0:30:31,@sara17_animation,wait sprout
0:30:31,@xamxsu,IM SUBSCRIBED
0:30:31,@Dalekoverhauls,Please leave me alone 
0:30:31,@Chilibleu,YESSS DADDYY
0:30:31,@beepbeepok,THIS IS AMAZING 
0:30:31,@MurielRojasRuiz,bro
0:30:32,@CoolGuy-d1b,LOL
0:30:32,@jennythebean9117,No
0:30:32,@Cattle.ink.3,Cosmo voice change but it was good tbh
0:30:33,@veelee9808,IT WAS
0:30:33,@xamxsu,IM SUBSCRIIIIIIIIIIIBED
0:30:34,@EmiliaMadisonVillaluz-wg6ox,Ok
0:30:35,@DarelizOrtiz,DANDY IS gonna get reverent
0:30:35,@JSbuildsOfficial,STOP SPROUT
0:30:36,@beepbeepok,no
0:30:36,@mikeparker4993,:loudly_crying_face::loudly_crying_face::loudly_crying_face:
0:30:36,@Toastedfroggyheheh,LETS GOOO
0:30:36,@Potatogalsunite,heh
0:30:36,@applebloom2307,I'm subbed >< 
0:30:37,@ZoombaPumba,YES DADDY
0:30:39,@Chilibleu,IM GONNA DO SOO
0:30:39,@MillerTheDarkTransPrince,yes sir:pleading_face:
0:30:39,@GOHAN-STEAKFAN,FUXK 3 DOLLARS
0:30:39,@ilovechristmasforever,sprout wtf
0:30:40,@Mimio-p8o,BRO CALM DOWN I DOMT HAVE MONEY
0:30:41,@064razor,I like the way tamers draws lips
0:30:41,@beepbeepok,ayo?
0:30:41,@Tiki2970,AIEEEEEEEEE SPROUT SAMA I KNEEL
0:30:42,@alcinaisMINE,I love the Cosmo voice change 
0:30:43,@jo3a548,CUTE ed
0:30:43,@Chilibleu,YESS YESS
0:30:43,@LUXE-DX,HARDER
0:30:44,@XxZ0MB1E_K1TTYxX,OW
0:30:44,@KaylaniToledo-c4b,"Oh my God, I think I just saw my name"
0:30:44,@Cattle.ink.3,ayo
0:30:44,@Veezroom,*whimpers*
0:30:44,@Toastedfroggyheheh,BA BYE GANG
0:30:45,@shicovo,peak
0:30:45,@jennythebean9117,:face-purple-crying:
0:30:45,@alcinaisMINE,O……. Ok sprout 
0:30:47,@MILLONDOLLARBABY-q7h,NO
0:30:47,@JSbuildsOfficial,AYOOOOO
0:30:47,@Dalekoverhauls,Ow
0:30:47,@mikeparker4993,OK:grinning_face_with_big_eyes:
0:30:48,@Sillymia838,ABC if you have tiktok
0:30:48,@alcinaisMINE,NEZT WEEK?
0:30:48,@EmiliaMadisonVillaluz-wg6ox,ohhh
0:30:48,@coolesttranny,holy shit
0:30:48,@SPROUTANDCOSMO2014,DADYYDDDDYY CHILL OUT
0:30:49,@Shivery,BRO JUST PUNCHED ME
0:30:49,@Chilibleu,lol
0:30:50,@jennythebean9117,My face 
0:30:50,@sara17_animation,omg
0:30:51,@RANDOMX_Aikø,𝐌𝐘 𝐋𝐎𝐕𝐄 𝐂𝐎𝐒𝐌𝐎
0:30:52,@dribvox,!>!>!>!??!?!?!?!?!?!? WOAH
0:30:52,@creamsouda3338,@Tamers12345MLP Does this mean sprout x Dandy is out of the question
0:30:53,@poppymain-r2b,It's bitchin
0:30:53,@Chilibleu,ts was fun
0:30:54,@cosmodww,HELLO?
0:30:55,@Chicken_Leg_yes,because it was sprout i AINT gonna
0:30:55,@inatropolis,STRAWBERRYFLOWER YES
0:30:55,@sweekxuuuu,masterpiece
0:30:55,@MurielRojasRuiz,bro
0:30:56,@alcinaisMINE,NEXT WEEK????
0:30:56,@user-lf3jf5fp3f,oh no
0:30:56,@XxZ0MB1E_K1TTYxX,AWWWWWWW
0:30:57,@NuhuhhUmeannie,LKLL
0:30:57,@qwwwwwwweeeeeee,ITS OVER:broken_heart::broken_heart::broken_heart::broken_heart:
0:30:57,@ミソサザイmisothesoup,cosmo has the perfect VA
0:30:58,@beepbeepok,tamers this was peak
0:30:58,@shicovo,:money_mouth_face:
0:30:58,@DanqRami,Dandy doing his little gay dance
0:31:00,@deprisehoule8561,:face-blue-wide-eyes::face-blue-wide-eyes::face-blue-wide-eyes::face-blue-wide-eyes::face-blue-wide-eyes::face-blue-wide-eyes::face-blue-wide-eyes::face-blue-wide-eyes:
0:31:00,@jo3a548,cute gays
0:31:01,@Itsyourgirl33,WE AIN'T SCARED OF SHIT SPROUT 
0:31:02,@Kipkat13,THAT DANCE
0:31:02,@ZakkieBoi1234,I JOINED AT THE END
0:31:03,@dumsanihlatshwayo3185,what
0:31:03,@Tiki2970,Im loving this credits sequence
0:31:03,@064razor,That was a good episode
0:31:03,@cosmodww,flowercake yaoi plz
0:31:03,@beepbeepok,PEAK
0:31:04,@MaraKoruSky,Bro.
0:31:04,@The_Silly_Patootie,BYEEEEEEE
0:31:05,@supx7228,erm
0:31:06,@Chilibleu,holy fucking yaoi
0:31:06,@shicovo,:money_mouth_face:
0:31:06,@richietrejo-ramos2252,:face-blue-wide-eyes::face-blue-wide-eyes::face-blue-wide-eyes:
0:31:08,@inatropolis,floweehpur :drooling_face:
0:31:08,@alcinaisMINE,Dandy gets all the lads 
0:31:09,@MaraKoruSky,Wth?
0:31:10,@jaminator8000,another kino video from tamers-sama
0:31:10,@064razor,That was a damn good show
0:31:10,@MoneyForFriends,WHAT THE FUCK
0:31:11,@geoshadow4545,What was the timestamp for the discord dms LOL
0:31:12,@ミソサザイmisothesoup,absolute peak
0:31:12,@andreamiranda826,DANDY SHIPS
0:31:13,@ZakkieBoi1234,IM LITERALLY CRYING:loudly_crying_face:
0:31:13,@MurielRojasRuiz,yesss
0:31:13,@FkuPopp,:face_with_thermometer: I’m sick
0:31:13,@RubenAvila-g9c,I love ittt
0:31:14,@CoolGuy-d1b,Thanks for another banger
0:31:14,@NuhuhhUmeannie,whimpering I wish astro
0:31:15,@AxalAndAxel2024,Damn
0:31:17,@NuhuhhUmeannie,OH
0:31:17,@EmiliaMadisonVillaluz-wg6ox,:smiling_face_with_smiling_eyes::smiling_face_with_smiling_eyes::smiling_face_with_smiling_eyes::smiling_face_with_smiling_eyes:Mommy
0:31:17,@supx7228,WAIT SHIPS
0:31:18,@thatsw3atym3xican,Holy that was good
0:31:18,@JSbuildsOfficial,NEXT WEEK
0:31:19,@user-lf3jf5fp3f,oh nah!!!!!!!
0:31:20,@Chilibleu,god this is so cool
0:31:21,@sweekxuuuu,AWWW ASTRO
0:31:22,@hectorbaker6607,THAT WAS AMAZING
0:31:22,@NuhuhhUmeannie,ASTROSOOO
0:31:23,@LUXE-DX,GREAT JOB
0:31:23,@ShellyFossilianMM,AWWWWWW!!!3!2!/&/9:&:&2!/!/&ppwppwollllllll
0:31:25,@Gl33pyGl00rps,ABSOLUTE CINEMA
0:31:25,@Tiki2970,"ASTRO IS THE TRUE ENDGAME, FOR HE LOVES DANDICUS A LOT"
0:31:25,@Mollyxx_pl,I pissed myself so hard nyah
0:31:25,@Shivery,Thank you Tamers & Cozyastro for this ep!!! :clapping_hands::clapping_hands::clapping_hands::clapping_hands:
0:31:26,@Sashimipom,LMAO
0:31:26,@NuhuhhUmeannie,ASTROOOOOOOOO
0:31:28,@ZakkieBoi1234,Rewatching now
0:31:28,@inatropolis,PLEASE LET THEM BE HAPPY :broken_heart:
0:31:28,@XxZ0MB1E_K1TTYxX,FINNNNN
0:31:28,@alcinaisMINE,Rizzler dandy 
0:31:31,@dumsanihlatshwayo3185,nice
0:31:31,@superarcade643,10000/10 episode
0:31:31,@lyleda_dood1350,i hope moonflowers never find their happiness
0:31:32,@Tiki2970,12/10 EPISODE!!!! THANK YOU SO MUCH
0:31:33,@jo3a548,"Jesus, Dandy, leave sopme for the rest of us"
0:31:33,@superarcade643,tamers is peak
0:31:34,@jennythebean9117,Kiss
0:31:34,@NuhuhhUmeannie,LOOK ASTROOOOO
0:31:35,@alcinaisMINE,IM SHITTING BRICKS
0:31:35,@superarcade643,tamers is god
0:31:36,@ADWLOVERANDMM2,My brain is not burning guys
0:31:36,@NuhuhhUmeannie,oh
0:31:37,@applebloom2307,Super kyuuute animation!!
0:31:38,@Itsyourgirl33,THEY SO CUTE AWW
0:31:38,@Chilibleu,:money_mouth_face::money_mouth_face:
0:31:38,@hectorbaker6607,I LOVED THE VOICE ACTOR
0:31:39,@galaxywolfart2443,astros little dance is so cute 
0:31:39,@NuhuhhUmeannie,eewwwww
0:31:40,@poppymain-r2b,Sprout i-im sorry...!! 
0:31:41,@NubMcMoofin,:racehorse::racehorse::horse::horse::horse::racehorse::horse::horse::racehorse:
0:31:44,@KaylaniToledo-c4b,it was infinite out of infinite
0:31:44,@thedarknessinthelight9824,EVERYONE X DANDY
0:31:45,@MillerTheDarkTransPrince,1000/10
0:31:45,@misakayy1911,EVIL AHH COSMO
0:31:45,@user-lf3jf5fp3f,wth
0:31:46,@sweekxuuuu,hell nah
0:31:47,@mikeparker4993,I LOVE IT
0:31:48,@KUNNYKING-s9t,STOP BSHITTONH
0:31:48,@alcinaisMINE,Can someone slime them all please 
0:31:49,@EmiliaMadisonVillaluz-wg6ox,:smiling_face_with_smiling_eyes::smiling_face_with_smiling_eyes::smiling_face_with_smiling_eyes::smiling_face_with_smiling_eyes::smiling_face_with_smiling_eyes:
0:31:49,@The_Silly_Patootie,THIS IS PEAK
0:31:50,@richietrejo-ramos2252,:hand-purple-blue-peace::hand-purple-blue-peace::hand-purple-blue-peace::hand-purple-blue-peace::hand-purple-blue-peace:
0:31:50,@NuhuhhUmeannie,I WANT TO SEE ASTRO AGAIN
0:31:52,@roberthoelting3430,Loved it Tamers
0:31:52,@Giovanna_la_loca,i LOVE you tam
0:31:53,@MillerTheDarkTransPrince,so peak
0:31:56,@AnimeGames16,Please don't use voice actors ever again Tamers LMAO.
0:31:56,@AxalAndAxel2024,Good ass outro
0:31:56,@beepbeepok,spam peak in chat bruh
0:31:58,@GOHAN-STEAKFAN,BOXTE ENENENENENENE
0:31:59,@Giovanna_la_loca,omg
0:31:59,@beepbeepok,this beautiful 
0:32:00,@MoneyForFriends,cosmo will be destroyed 
0:32:00,@NuhuhhUmeannie,ASTRO
0:32:00,@sakitoast,i love this need more.
0:32:01,@MurielRojasRuiz,ships dandy
0:32:03,@The_Silly_Patootie,BYE CHATTTT
0:32:03,@SPROUTANDCOSMO2014,Holy this feels like a end of the movie
0:32:04,@rose_gamer100,OMG YESS
0:32:05,@MillerTheDarkTransPrince,this is so peak
0:32:05,@Veezroom,I agree with the dude who said moonflower never find happiness
0:32:06,@jennythebean9117,Yandere
0:32:06,@KUNNYKING-s9t,ILL DO IT @alcinaisMINE 
0:32:07,@jinghua4391,USE MORE VOICE ACTORS!!
0:32:07,@Tiki2970,Shrimpo got dandy on the edge
0:32:07,@Chicken_Leg_yes,astro could kill a toon he still be my favorite
0:32:11,@Pokerface_Spades,"IM CRYING, ALL OVER A MILKSHAKE :broken_heart:"
0:32:11,@Saily-e2g,FLOWERcAKE!! 
0:32:12,@064razor,I don't know how Tamers gets these episode ideas but I'm just proud he spoils us with these episodes
0:32:12,@JSbuildsOfficial,W VIDEO
0:32:12,@EmiliaMadisonVillaluz-wg6ox,9000000000/10
0:32:14,@ZoombaPumba,GOOOB
0:32:14,@Shivery,Cozyastro does a good job!
0:32:15,@Nugget20101,why boxten so fuckin cool bro
0:32:15,@alcinaisMINE,boiii:face_with_tears_of_joy::face_with_tears_of_joy:
0:32:15,@Itsyourgirl33,OMGGGG BOXEN MY MAN
0:32:15,@Kipkat13,I loved it thank you Tamers!
0:32:16,@inatropolis,evil ships
0:32:17,@poppymain-r2b,I think tamer is a multishipper
0:32:19,@cabbzinator,TAMERS!! YOU DELIVER PEAK AGAIN
0:32:21,@alcinaisMINE,pls kunnyking I need this 
0:32:23,@misakayy1911,GOOB
0:32:23,@Giovanna_la_loca,NOO
0:32:24,@Shivery,I can't wait fo rmore DW!!!
0:32:25,@alcinaisMINE,GOOB
0:32:26,@Veezroom,I hope astro croaks so moonflower can't happen
0:32:27,@alcinaisMINE,GOOB WE LOVE YOU
0:32:31,@Tiki2970,UNCLE RODGER :black_heart: :sparkles:
0:32:33,@NubMcMoofin,:face_savoring_food:
0:32:33,@jennythebean9117,Damn 
0:32:35,@jo3a548,RODGER
0:32:35,@alcinaisMINE,Soulvester appear please
0:32:36,@misakayy1911,GO RODGER
0:32:36,@JSbuildsOfficial,RODGER
0:32:37,@Hyloaf,YEAH GO RODGER
0:32:38,@NuhuhhUmeannie,I WANT ASTRO ON SCREEN AGAIN
0:32:38,@064razor,Shake it Roger
0:32:38,@lazykandi,I’m yuri
0:32:38,@Tiki2970,:black_circle: :black_circle: :waving_hand:
0:32:38,@XxZ0MB1E_K1TTYxX,OHH MOOO
0:32:39,@alcinaisMINE,OUGHHH
0:32:40,@CeruleanArcadia,SHAKE IT
0:32:41,@Shivery,GO RODGER
0:32:41,@veelee9808,this was so sassy
0:32:41,@NubMcMoofin,:saluting_face::saluting_face::saluting_face:
0:32:41,@BunnyCatRoblox,rodddgerrr
0:32:41,@Chilibleu,TODGGERRF
0:32:41,@abread369,GO RODGER
0:32:41,@osuasheuatl,rad
0:32:42,@JSbuildsOfficial,AYOOO
0:32:42,@user-lf3jf5fp3f,.
0:32:42,@EmiliaMadisonVillaluz-wg6ox,:face_savoring_food::smiling_face_with_smiling_eyes::smiling_face_with_smiling_eyes:please
0:32:43,@alcinaisMINE,SHAKE IT
0:32:43,@XxZ0MB1E_K1TTYxX,YESHHHHHH
0:32:44,@LUXE-DX,GO RODGER
0:32:45,@MillerTheDarkTransPrince,go robger
0:32:45,@FkuPopp,Ggogog
0:32:46,@Chilibleu,HOLYY CAKEEE
0:32:46,@DanqRami,Dandy doing his gay little dance again
0:32:46,@jaminator8000,GO RODGER
0:32:46,@alcinaisMINE,SHAKE IT KING
0:32:46,@muggz7752,KINOOOO
0:32:47,@Tiki2970,Secret phone call post credits
0:32:47,@SPROUTANDCOSMO2014,BYEEEEE YALLLLL
0:32:47,@FkuPopp,Go
0:32:47,@inatropolis,GO RODGER
0:32:48,@Cattle.ink.3,GO RODGER
0:32:49,@EmiliaMadisonVillaluz-wg6ox,please:smiling_face_with_smiling_eyes::smiling_face_with_smiling_eyes::smiling_face_with_smiling_eyes::smiling_face_with_smiling_eyes:
0:32:49,@Kipkat13,LET'S GOOOOOO
0:32:50,@Chicken_Leg_yes,marry me tamers:smiling_face_with_heart_eyes:
0:32:50,@sara17_animation,Go rodger
0:32:50,@muggz7752,BUH BYEEEEE
0:32:50,@alcinaisMINE,SLURPSLYRP
0:32:51,@Boyfriend9074,goo rodgerrr
0:32:52,@shrimpkuuu,I can’t breathe after that ending ohmy god I’m so geeked
0:32:53,@Chilibleu,SHAKE IT BOHHJ
0:32:54,@r4d1sh89,im gay
0:32:54,@lazykandi,I love this ep it’s my new fav
0:32:54,@064razor,Goodbye
0:32:54,@XxZ0MB1E_K1TTYxX,YESSSS
0:32:54,@alcinaisMINE,YUMM
0:32:55,@Itsyourgirl33,Awwwwwww
0:32:55,@jihoonchu2010,w roder
