timestamp,author,message
0:00:00,@Cherrylitzx,LETS GO
0:00:00,@S1MPLE_ST4R,:hand-orange-covering-eyes::hand-orange-covering-eyes::hand-orange-covering-eyes::hand-orange-covering-eyes::hand-orange-covering-eyes::hand-orange-covering-eyes:
0:00:00,@SpyFireAnim,:face-orange-biting-nails::face-orange-biting-nails::face-orange-biting-nails::face-orange-biting-nails:
0:00:00,@magicalbubbles-g9i,YESD
0:00:00,@applebloom2307,0
0:00:01,@alcinaisMINE,Mama tamers I’m hungry feed me
0:00:02,@BassieAkku,Ooohh
0:00:02,@SpyFireAnim,:face-orange-biting-nails::face-orange-biting-nails::face-orange-biting-nails::face-orange-biting-nails:
0:00:02,@kloudscringe,:warning::warning::warning::warning::warning:
0:00:02,@shrimpkuuu,oh my god
0:00:02,@gamertuberonmask,321
0:00:03,@moisessalvatierra3537,omg
0:00:03,@Blu3b1rd._.sk1es,OH
0:00:03,@Angelilockedaway,GSGSSJAJAAAAA
0:00:03,@Peejaylew,COSMO
0:00:04,@Courtneythebestest,OMG
0:00:04,@SpyFireAnim,:face-orange-biting-nails::face-orange-biting-nails::face-orange-biting-nails::face-orange-biting-nails:
0:00:04,@kamila_12000,NOO ASTRO
0:00:04,@IHATEMYFUHINGUSERNAME,HELLO YEAH
0:00:05,@Hearts4Ivy0,OPMG COSMO LOOKS SO TUFF
0:00:05,@The_Silly_Patootie,NOOO ASTRO
0:00:06,@KohJhonesItula,sick animation daamn
0:00:06,@kloudscringe,SPEOUT
0:00:06,@D0LLYVRPL4YZ,DID SOMEONE JUST SAY HARLEQUIN X PIERROT ?-
0:00:06,@ShellyFossilianMM,OOP
0:00:07,@AlphaTheKoolKid17,:blue_circle::blue_circle::waving_hand:
0:00:08,@Peejaylew,ASTRO
0:00:08,@HMZeroTwo,COSMO JUMP SCARE
0:00:08,@shrimpkuuu,OH MY GOD?
0:00:08,@SpyFireAnim,:face-green-smiling::face-green-smiling::face-green-smiling:
0:00:08,@lotuslikesfufu,HOLY ANIMATION
0:00:08,@ASTR03Y3K0N,YESSS
0:00:09,@umaberriqualquer,YESSSSSS
0:00:09,@Stormy_Tornado23,YAYYY
0:00:09,@NubMcMoofin,:disappointed_face:
0:00:09,@Hyloaf,oh shit
0:00:10,@theREELfinn1,HOLY PEAK
0:00:10,@kloudscringe,:warning:
0:00:10,@Igotbannedtoomanytimes,SPROUTTRT
0:00:10,@vee-x2w,THERE IS STILL 10 SECONDS FOR ME
0:00:10,@liviasuzana8283,cosmo :broken_heart:
0:00:11,@kevinspencerbassie,CANTVWAIT
0:00:11,@eranekahield5793,1!!!!!!!!
0:00:11,@Jamzandjelly,IM SO READY
0:00:11,@estomesto,wth
0:00:11,@yeo8392,MY FEMBOY COSMO
0:00:11,@kamila_12000,HAHAHHAA
0:00:11,@shrimpkuuu,ASTRO
0:00:12,@1Goob.fan123,OH NOOOOOOOOOO ASTRO
0:02:11,@aranatoutsaint1824,OMG
0:02:11,@Kualxek,YESSSSS
0:02:11,@xamxsu,thats so messed up.
0:02:12,@ZoinZitop,OMG..
0:02:12,@Urburnttoast,LMAOOO
0:02:12,@TBB_productions,dam
0:02:12,@SpyFireAnim,:face-red-heart-shape::face-red-heart-shape:
0:02:12,@kst25iggy,LMAO ASTRO
0:02:12,@mimi-j9j9e,NOOOO ASTRO
0:02:12,@itstime2relaxx72,:face-blue-wide-eyes::face-blue-wide-eyes::face-blue-wide-eyes::face-blue-wide-eyes:
0:02:12,@jazzy_jays1,ASTRO NOOOOO!!!!!!
0:02:12,@saidahbruno-p5h,OOP
0:02:12,@Angelilockedaway,ASTRO NOOOO
0:02:13,@vee-x2w,AHAGFF
0:02:13,@Puffu_13,Um
0:02:13,@superarcade643,PTSD
0:02:13,@BassieAkku,HUH
0:02:13,@Peejaylew,OH
0:02:13,@Ilovefruitcake12736,HOLY SHIT
0:02:13,@Reintenofwhat,oh god NOOOOO MY POOOKOE ASTROKIII
0:02:13,@Kualxek,awww
0:02:14,@VelvetBonbon-eu9oz,HELLL YEAH :smiling_face_with_heart_eyes::smiling_face_with_heart_eyes:
0:02:14,@ShellyFossilianMM,MY POOR BABy!!$
0:02:14,@TBB_productions,dam
0:02:14,@RicardoHanna-n3t,It’s happening
0:02:15,@Veledate,OH
0:02:15,@kamila_12000,JAJAJAJA
0:02:15,@sondrabradley1615,RECAPPPP
0:02:15,@GRIMEY_SIN,the monogamy is very important
0:02:16,@HMZeroTwo,FRUITCAKE DOING ASTRO LIKE A GHOSTFACE VICTIM
0:02:16,@Oxivon-l7f,OMG
0:02:16,@Prismabom,THATW AS SO COOL
0:02:16,@gamertuberonmask,Ah this is part 2 from that pool episodd
0:02:16,@jennythebean9117,Nooooooooo
0:02:17,@Blu3b1rd._.sk1es,OMG DANDYS UNDERWEAR
0:02:17,@kamila_12000,STOPPP
0:02:17,@Hyloaf,woah
0:02:17,@Stormy_Tornado23,BRO DANDY
0:02:17,@mr.bananaman9805,why his lil dandy out
0:02:17,@alcinaisMINE,WOAHHHHH:flushed_face:
0:02:17,@theREELfinn1,HOLY SHIT
0:02:17,@purpleegg09,LESS GO
0:02:17,@1Goob.fan123,DANDY WHAT THE HELL
0:02:18,@D0LLYVRPL4YZ,ASTRO THE FEMBOY
0:02:18,@alcinaisMINE,dandAYYYYYY
0:02:18,@DarelizOrtiz,OOOH
0:02:18,@yumyumyumyumyummmmy,a
0:02:18,@kavama81,AYOOOOOOOOOO
0:02:18,@Esotilinbailatilinwuautilin,lol
0:02:18,@beepbopmop,DANDYS BUILDDDD <33
0:02:19,@liviasuzana8283,dandy :face_blowing_a_kiss:
0:02:19,@ADWLOVERANDMM2,WHAT THE FUCK
0:02:19,@D0LLYVRPL4YZ,WTF
0:02:19,@estomesto,I KISSED MY SISTER
0:02:19,@jo3a548,whiute tightes
0:02:20,@iamboomer7805,what did he just say
0:02:20,@BassieAkku,HUH
0:02:20,@Dandicus-j9x,it hasn’t stared for me
0:02:20,@UngulaPropriaRQ,i too have this nightmare i enjoy it every time 
0:02:20,@jennythebean9117,He remembers 
0:02:20,@Zac-l7c,WOAHHH
0:02:21,@yumiyummy123,my my@
0:02:21,@sondrabradley1615,HIS ASS SHOWING HELO???
0:02:21,@Reintenofwhat,ayo
0:02:21,@Oxivon-l7f,WOW DANDYS EXCITED
0:02:22,@Hearts4Ivy0,ASTROS CHEEKS
0:02:22,@eranekahield5793,IT MY BABY BOY DANDY
0:02:22,@Puffu_13,:chillwcat:
0:02:22,@Kipkat13,AWOOOO
0:02:22,@Peejaylew,SPORUT AND COSMO
0:02:22,@churritototi,:fearful_face::fearful_face::fearful_face:
0:02:23,@aranatoutsaint1824,OH FUCK
0:02:23,@lulaaamooon,:chillwdog:
0:02:24,@Angelilockedaway,DANDY??
0:02:24,@RicardoHanna-n3t,I hope this episode is good
0:02:24,@jazzy_jays1,DANDY PUT THAT AWAY
0:02:24,@CheeseQueen101,DOES DANDY HAS A DINGLE??
0:02:25,@Reintenofwhat,what's the buldge dandy
0:02:26,@Averie-k7d4p,Poor Astro :(
0:02:26,@moisessalvatierra3537,Dios mio
0:02:26,@The_Silly_Patootie,THE FREAK
0:02:26,@jennythebean9117,Underwear 
0:02:26,@Hexen_4444,Astro is blind
0:02:26,@P35T,yummy
0:02:26,@eranekahield5793,IT MY BABY BOY DANDYIT MY BABY BOY DANDYIT MY BABY BOY DANDYIT MY BABY BOY DANDY
0:02:28,@Esotilinbailatilinwuautilin,NO
0:02:28,@Kualxek,This is shit bro
0:02:28,@silykat35,lel
0:02:28,@kamila_12000,WHAT
0:02:28,@jo3a548,cute
0:02:29,@jazzy_jays1,ASTRO
0:02:29,@Jamzandjelly,DANDYYYYY
0:02:29,@Blu3b1rd._.sk1es,Astro….
0:02:29,@shrimpkuuu,oh my god astro no
0:02:30,@alcinaisMINE,Dandy actually caring about Astro 
0:02:30,@yumiyummy123,gasp!
0:02:30,@Alayna_is_slay244,dandy what the
0:02:31,@Hyloaf,aww
0:02:31,@theREELfinn1,WAIT WHY DOES ASTRO NOT HAVE ANY PANTS
0:02:31,@kloudscringe,BRO
0:02:31,@Angelilockedaway,ASTRO NO
0:02:31,@tiffanyd4581,AHAHAHAHAHAH NOT ASTRO NOOOO
0:02:31,@jazzy_jays1,NOOOO
0:02:32,@Brushalover,Dandy Daddy 
0:02:32,@StupidCupidPanda,His ball bag
0:02:32,@shrimpkuuu,no no no
0:02:32,@Oxivon-l7f,Wow astro
0:02:32,@purpleegg09,I KISSED MY HOMEWORK
0:02:33,@eranekahield5793,IT MY BABY BOY DANDYIT MY BABY BOY DANDYIT MY BABY BOY DANDYIT MY BABY BOY DANDYIT MY BABY BOY DANDYIT MY BABY BOY DANDY
0:02:33,@VioletPuppets,DAMNN
0:02:33,@sondrabradley1615,POOR ASTRO
0:02:33,@Prismabom,little baby dandy
0:02:33,@Peejaylew,YOO
0:02:33,@D0LLYVRPL4YZ,LOLLL
0:02:34,@HMZeroTwo,I was watching scream before this so this is definitely giving me scream vibes
0:02:34,@Goocat33,Moonflowers 
0:02:34,@Feojsshsyydud,3
0:02:34,@Kipkat13,:crying_face::crying_face::crying_face::crying_face:
0:02:34,@SonataDidIt,disgusting 
0:02:34,@Hearts4Ivy0,ASTRO DONT
0:02:35,@Jamzandjelly,ASTRO NOO
0:02:35,@shrimpkuuu,awwwwwEW
0:02:35,@kavama81,UWUUUUUUUUUUUUUUUUUUUUUUUUUU
0:02:35,@Feojsshsyydud,2
0:02:35,@estomesto,EW IS THAT CUTS?!
0:02:35,@shrimpkuuu,EW
0:02:35,@Blu3b1rd._.sk1es,I’m so sorry for Astro…
0:02:35,@Angelilockedaway,ASTRO MY BABY
0:02:36,@ilovechristmasforever,ASTRO
0:02:36,@Dandicus-j9x,aster no cry
0:02:36,@shrimpkuuu,EW
0:02:36,@lulaaamooon,:chillwcat:
0:02:36,@sondrabradley1615,I FEEL SO BAD
0:02:37,@Courtneythebestest,Oh wow
0:02:37,@oborodzuka,BASSIE
0:02:37,@Feojsshsyydud,1
0:02:38,@mimi-j9j9e,LOL
0:02:38,@Blu3b1rd._.sk1es,OH
0:02:38,@theREELfinn1,RARE MOMENT OF DANDY BEING JICE
0:02:39,@gamertuberonmask,Yo
0:02:39,@silykat35,BEANS ON TOASY
0:02:39,@raimapper3367,GOATSSON GOATSONNNN
0:02:39,@Kualxek,BASIE
0:02:39,@dribvox,dude I'm eatin that rn
0:02:39,@UngulaPropriaRQ,BEANS ON TOAST YEAHHHHHHHH
0:02:40,@Blu3b1rd._.sk1es,LOL
0:02:40,@silykat35,WHAT
0:02:40,@Veledate,beans on toast
0:02:41,@Igotbannedtoomanytimes,EE
0:02:41,@jazzy_jays1,NOT MY BABY ASTRO
0:02:41,@DarelizOrtiz,TAKEEE ITT
0:02:41,@jennythebean9117,Don’t cut
0:02:41,@RicardoHanna-n3t,"Eternal, what are you doing here?"
0:02:41,@Veledate,OH
0:02:41,@kloudscringe,FLYTE
0:02:42,@xamxsu,:loudly_crying_face:
0:02:42,@gamertuberonmask,Easter Toons
0:02:42,@Hyloaf,BASSIE
0:02:42,@Esotilinbailatilinwuautilin,FLYTE MENTION
0:02:43,@tiffanyd4581,Poor baby
0:02:44,@purpleegg09,LOL
0:02:44,@Igotbannedtoomanytimes,DISGUSTING
0:02:45,@silykat35,DOSGUSTING
0:02:46,@The_Silly_Patootie,Flutter :loudly_crying_face:
0:02:46,@Peejaylew,EASTER TOONS
0:02:46,@kamila_12000,HAHAHHAHA
0:02:47,@Ili.The.Raccoon1457,nooooo astroo
0:02:47,@SharkDoggy,EW
0:02:47,@beepbopmop,OMGGGGG
0:02:47,@Shivery,Flutter
0:02:48,@D0LLYVRPL4YZ,BEANS ON TOAST
0:02:48,@doge_boi__,Dandy’s lick the ichor from his arm
0:02:49,@Courtneythebestest,Astro ARMS NOW
0:02:49,@Zac-l7c,Mmm beans on toast 
0:02:49,@mimi-j9j9e,OMG FLUTTER
0:02:49,@Esotilinbailatilinwuautilin,COCOAAAA
0:02:49,@xamxsu,YAHOOOO
0:02:49,@NadguiAngeGuerrier-c6t1n,damn
0:02:51,@ADWLOVERANDMM2,LOL
0:02:51,@gamertuberonmask,FLYTE FACE REVEl
0:02:52,@sondrabradley1615,POOR FLUTTER
0:02:52,@Igotbannedtoomanytimes,EWWWWWW
0:02:52,@Oxivon-l7f,Son dandy doswnt even care:loudly_crying_face::loudly_crying_face:
0:02:53,@alcinaisMINE,woah didn’t know they were British like that
0:02:53,@jo3a548,LASMDFASFOASFK<ASFO
0:02:53,@Shivery,Fluttershy?
0:02:54,@gamertuberonmask,OMG
0:02:55,@Jamzandjelly,WOW
0:02:55,@RC-tc8go,BEANS
0:02:55,@Kualxek,OMGG FLUTTER
0:02:56,@DylanPinosPlat,Dang
0:02:56,@Goocat33,Its cool
0:02:56,@Jamzandjelly,LOLL
0:02:56,@Igotbannedtoomanytimes,DISGUSTING
0:02:57,@tiffanyd4581,YESSSSSSSSsSS
0:02:59,@ShellyFossilianMM,FUCK YESSSS
0:02:59,@churritototi,OMGGG
0:03:00,@Dalekoverhauls,True British 
0:03:00,@Angelilockedaway,COCOA!!
0:03:00,@Zac-l7c,ITS GOOD 
0:03:01,@estomesto,yoo thank tamers for adding bassie
0:03:01,@MOOSTACHE_Official,OMG Soarin??
0:03:01,@gamertuberonmask,FIRST TIME WE SEE COCOA?
0:03:02,@HMZeroTwo,flyte and cocoa my babyes
0:03:03,@Peejaylew,COCOA FACE LOL
0:03:03,@alcinaisMINE,Lourenz look!!!!!1!1!2!!2
0:03:03,@jennythebean9117,Fr fr
0:03:03,@Goocat33,Wtf
0:03:04,@mimi-j9j9e,OMG FLYTE SO FINE
0:03:05,@MaraKoruSky,Beeeans
0:03:05,@Shivery,BEANS
0:03:05,@haileykitty6993,beans on toast is pretty gross
0:03:05,@Frostyfoxy565,DANDY
0:03:05,@Kipkat13,eggson when????
0:03:05,@Astrinhostar,;]]
0:03:05,@maxbear027,yesssss
0:03:05,@Angelilockedaway,Bassieee!!
0:03:06,@shrimpkuuu,BASSIE AWWWW
0:03:06,@ChloeAnderson-f8i,two ads noo
0:03:06,@RicardoHanna-n3t,Did anybody else see turn off for a second day?
0:03:07,@DarelizOrtiz,HAHAHAHAH!!
0:03:07,@jennythebean9117,>:3
0:03:08,@theREELfinn1,YAYAYAAYAYAY
0:03:08,@Kualxek,BASSIE
0:03:09,@shrimpkuuu,BASSIE HIIII
0:03:10,@raimapper3367,BASSIEE RAHHHHJ
0:03:10,@Kualxek,AWWWW
0:03:10,@ethanaragon5957,Lol
0:03:10,@ADWLOVERANDMM2,LOL
0:03:10,@sondrabradley1615,POOR ASTRO
0:03:11,@The_Silly_Patootie,WOOOO
0:03:11,@gummy8440,wait why did the halloween toons not let all the seasonal toons free
0:03:11,@HMZeroTwo,BASSIE GET OUTTA HERE
0:03:12,@D0LLYVRPL4YZ,WTF COCOA-
0:03:12,@gamertuberonmask,WAIT FLYTE WITH A MOUTH I JUST REALIZ
0:03:13,@Oxivon-l7f,does this mean astro hit beans hah..
0:03:13,@Star_shellyforever,LMAO
0:03:14,@Cat-exe1,GUYS IM LATE :loudly_crying_face: 
0:03:14,@tiffanyd4581,HA STOP COCOA
0:03:15,@Kualxek,I LOV YUUU
0:03:15,@Reintenofwhat,BASSIEBASSIEBASSIE
0:03:15,@Hexen_4444,i love those Butterflies
0:03:15,@DylanPinosPlat,This is Dylan’s world
0:03:15,@Blu3b1rd._.sk1es,WHAT DID FLYTE DO TO FLUTTER?? flutter is a b
0:03:16,@jazzy_jays1,BASSIEEEE
0:03:16,@diegozavala7776,been
0:03:16,@UngulaPropriaRQ,we love some beans on toast 
0:03:16,@shrimpkuuu,where's eggson
0:03:16,@kst25iggy,beans
0:03:16,@theREELfinn1,DANDY LOOKS SO CUTW
0:03:16,@CatcatcatCATbrrriii,@igotbannedtoomanytimes I DONT CARE
0:03:16,@gamertuberonmask,BASSIE VOICE REVEAL RIWHWRLJSBWDJSBAJGENSLS
0:03:17,@AngelynG-jg5xk,Omg
0:03:17,@haileykitty6993,crunchy peanut butter is better
0:03:17,@sondrabradley1615,I FEEL SO BAD
0:03:18,@Ikoda_kun,flossbaskit
0:03:19,@jennythebean9117,Free my toons
0:03:19,@Zac-l7c,A MAGIC SHOW 
0:03:19,@The_Silly_Patootie,OH
0:03:19,@LULU_SIGMABEAR,.
0:03:19,@ilovechristmasforever,at least no eggson
0:03:19,@beepbopmop,WHERE'S EGGSON
0:03:20,@CheeseQueen101,Astro looks so cute ngl XDD
0:03:20,@Dandy__Dandicus-s5k,ughhhh so cute
0:03:20,@LULU_SIGMABEAR,Daddy
0:03:20,@Velvette-sp4rk,I love bassie 
0:03:21,@Tamers12345MLP,Toons love beans on toast
0:03:21,@alcinaisMINE,The Halloween toons are both oppressed and the oppressors 
0:03:21,@jo3a548,CUTE
0:03:21,@Angelilockedaway,DANDY'S SO CUTE
0:03:22,@eranekahield5793,IT MY BABY BOY DANDY
0:03:22,@RileyPorter-g2s,I need looey
0:03:22,@theREELfinn1,AHHHHH
0:03:22,@Reintenofwhat,BASSIEIEIEIEIEI
0:03:22,@purpleegg09,Does this use astros beans?
0:03:23,@dribvox,oh my lawrd
0:03:23,@HMZeroTwo,The magic show is how to KILL COSMO
0:03:23,@shrimpkuuu,FINN
0:03:23,@kloudscringe,Where sproYAY
0:03:24,@Peejaylew,SPROUT
0:03:24,@SonataDidIt,Dandy Sparklemoon
0:03:24,@yumiyummy123,awwpoor asstoke
0:03:24,@theREELfinn1,IM PISSING
0:03:24,@agoatheadbaby3512,I thought Dandy released all the holiday toons from the basement. Why is he still keeping a few of them in there?
0:03:24,@RicardoHanna-n3t,Yo hey
0:03:25,@D0LLYVRPL4YZ,LOLL
0:03:25,@theREELfinn1,AND COMIGN
0:03:25,@sondrabradley1615,OMG
0:03:25,@HMZeroTwo,RAGEBAIT SPOTED
0:03:25,@gamertuberonmask,Why is Flutter acting childish tho
0:03:26,@liviasuzana8283,finn?
0:03:26,@Peejaylew,WHY IS HE IN A COLLAR
0:03:26,@teto_is_supreme,Finn holy
0:03:26,@alcinaisMINE,Dandy and Cosmo cannot be rolling up to his house after allat 
0:03:26,@bpositive4805,canción break give me zombies
0:03:26,@Zaiikai,FINN
0:03:27,@franzhilari4040,finn? :loudly_crying_face:
0:03:27,@Shivery,Seafood
0:03:28,@theREELfinn1,FINN AHHHHHHHH
0:03:28,@kloudscringe,FINB
0:03:28,@itstime2relaxx72,astro: yummmy
0:03:28,@Reintenofwhat,omg
0:03:28,@witkif,"Fruitcake, but at what cost :loudly_crying_face:"
0:03:29,@ADWLOVERANDMM2,ASTRO: NUMNUMNUMNUM
0:03:29,@vazquezzavaladarielaalejan6147,Bean on toast is goated
0:03:30,@gamertuberonmask,WAIT WHY DOES FINN HAVE A COLLAR
0:03:30,@shrimpkuuu,awwww
0:03:31,@tiffanyd4581,UMMMMM
0:03:32,@The_Silly_Patootie,Gulp
0:03:32,@sudanielennon569,:body-green-covering-eyes::body-green-covering-eyes::body-green-covering-eyes:67
0:03:33,@RicardoHanna-n3t,You’re the owner is actually here this video
0:03:33,@MOOSTACHE_Official,
0:03:34,@Hyloaf,Dandy Lulamoon
0:03:34,@Courtneythebestest,Why is Finn on a leash
0:03:34,@Star_shellyforever,DAMN SPROUT
0:03:34,@silykat35,Why are people pissing :loudly_crying_face: 
0:03:34,@sondrabradley1615,POOR GUY
0:03:35,@jazzy_jays1,FINNN!?!?!?
0:03:34,@Esotilinbailatilinwuautilin,FINNN
0:03:35,@haileykitty6993,Finn is wearing a collar
0:03:36,@ShellyFossilianMM,MOONFLOWER
0:03:36,@Peejaylew,SPROUT
0:03:36,@jennythebean9117,>:3
0:03:36,@tiffanyd4581,SLAYY
0:03:37,@certafan,Reasonable Dandy crash out
0:03:37,@Astrinhostar,FIINNN MSNTION
0:03:37,@theo6t7,"I love cocoa, it's my favorite."
0:03:38,@theREELfinn1,FINN MENTIONED
0:03:39,@Reintenofwhat,Finn turned into shrimpos pet
0:03:40,@HMZeroTwo,Cosmo smiling knowing what he did
0:03:40,@gamertuberonmask,WHERE’S FINN’S PANTS?
0:03:40,@theREELfinn1,FINN MENTIONED
0:03:40,@sondrabradley1615,FINN SHRIMPO'S PET NOW???
0:03:41,@misakayy1911,RODGER
0:03:41,@Puffu_13,Why is Finn wearing a collar
0:03:42,@Goocat33,Ooops
0:03:42,@raimapper3367,shitting myself rn
0:03:42,@lulaaamooon,:chillwcat:
0:03:42,@Peejaylew,RODGE
0:03:43,@RicardoHanna-n3t,So I kind of forgot your name
0:03:43,@alcinaisMINE,That’s soooo not cool
0:03:43,@MOOSTACHE_Official,YESS
0:03:43,@theREELfinn1,CINN MENTIOEND
0:03:44,@Peejaylew,R
0:03:45,@jennythebean9117,Astro is a special boy
0:03:45,@IHATEMYFUHINGUSERNAME,RODGERRNSBSJDBSS
0:03:45,@Hyloaf,NOT THE SWITCH
0:03:45,@beepbopmop,rodgerr
0:03:45,@alcinaisMINE,RODGER :red_heart:
0:03:46,@Peejaylew,NINTENDO
0:03:46,@ADWLOVERANDMM2,WHAT 
0:03:47,@beepbopmop,RODGSHFD
0:03:47,@purpleegg09,Cosmos gonna die
0:03:47,@MaraKoruSky,Rodger
0:03:47,@RileyPorter-g2s,Astro sleep
0:03:47,@tiffanyd4581,NAHHHHHHHHHHH
0:03:48,@kst25iggy,big rodger
0:03:48,@UngulaPropriaRQ,DAMN RODGER
0:03:48,@kavama81,ROOOODDGERRRRRRR
0:03:49,@liviasuzana8283,:face_screaming_in_fear:
0:03:49,@The_Silly_Patootie,HELP HELP
0:03:49,@InvisibleInk-h1e,gelp why is finn wearing a collar
0:03:49,@theREELfinn1,FINN MENFIOEND
0:03:50,@Goocat33,OPPS
0:03:51,@Zac-l7c,It tell stories better 
0:03:51,@IHATEMYFUHINGUSERNAME,RODGER ONE MORE CHANCE.
0:03:51,@beepbopmop,OMGGGGGG
0:03:52,@sondrabradley1615,HOW IS RODGER EATING
0:03:52,@purpleegg09,I already know I
0:03:52,@purpleegg09,T
0:03:54,@applebloom2307,Does sprout remember? He wasnt twisted right?
0:03:54,@HMZeroTwo,"""I don't know"" He knows."
0:03:54,@Kualxek,i cry
0:03:55,@Peejaylew,RODGER 
0:03:55,@RicardoHanna-n3t,I can’t wait to watch this
0:03:56,@spee828,THEY STOLE THE NINTENDO SWITCH
0:03:56,@Gaalnr,probably cosmo
0:03:58,@tiffanyd4581,NAHHHHHHHHH
0:03:59,@jazzy_jays1,BIG RODGER
0:03:59,@Blu3b1rd._.sk1es,Dandy’s gonna find out that it was Cosmo trust
0:04:00,@ADWLOVERANDMM2,ANAHAHAAHAAHAHHAHAHAHA
0:04:01,@jennythebean9117,Fr fr
0:04:01,@shrimpkuuu,daaaaaamn i need taht
0:04:01,@haileykitty6993,NOT THE SWITCH! THE BASTARDS!
0:04:02,@beepbopmop,RODGERRRRRR
0:04:02,@NubMcMoofin,:face_savoring_food:
0:04:03,@sondrabradley1615,HOW IS BRO EVEN EATING
0:04:03,@maxbear027,where's goob
0:04:04,@Angelilockedaway,LAZY ASS
0:04:04,@Star_shellyforever,LOL
0:04:05,@JorArg-c7s,roger downfall
0:04:05,@D0LLYVRPL4YZ,LOLL
0:04:05,@Potemerxparlofan-forlife,Rodger is a Discord mod
0:04:06,@Igotbannedtoomanytimes,:face-red-heart-shape::face-red-heart-shape::face-red-heart-shape::face-red-heart-shape::face-red-heart-shape::face-red-heart-shape:
0:04:06,@silliesBalloon,HOLY MOLY DID IT JUST STARTED DID I MISS SOMETHING
0:04:07,@Tamers12345MLP,"Sprout and Cosmo provide food for the whole town of Gardenview, but when they're lazy and don't wanna cook all the toons have to eat is beans on toast and macaroni salad"
0:04:07,@mr.bananaman9805,bro farted
0:04:08,@xamxsu,macaroni salad is so nasty
0:04:08,@beepbopmop,RODGERR
0:04:09,@gamertuberonmask,Why is Rodger chubby? (No fat shame intended)
0:04:09,@The_Silly_Patootie,LMAO
0:04:09,@Veledate,LMAO
0:04:09,@misakayy1911,GO RODGER
0:04:09,@ADWLOVERANDMM2,AHHAHAHAHA
0:04:11,@RicardoHanna-n3t,I’m gonna stop talking I’mma just watch
0:04:11,@beepbopmop,AWWWWWWW
0:04:12,@00_miayattaGay367,Omg I love this 
0:04:12,@jo3a548,OH hell yeah
0:04:13,@IHATEMYFUHINGUSERNAME,RODGER GIVE ME ONE MORE CHANCE :loudly_crying_face::loudly_crying_face::loudly_crying_face::loudly_crying_face::loudly_crying_face::broken_heart::broken_heart::broken_heart::broken_heart::broken_heart:
0:04:13,@Jamzandjelly,IT WAS PROBABLY COSMO AND SPROUT…
0:04:15,@gamertuberonmask,Who farted?
0:04:15,@HMZeroTwo,BHM RODGER
0:04:16,@tiffanyd4581,MAN WHERE DID HE COME FROM 
0:04:17,@Igotbannedtoomanytimes,:person-blue-eating-spaghetti::person-blue-eating-spaghetti::person-blue-eating-spaghetti::person-blue-eating-spaghetti::person-blue-eating-spaghetti::person-blue-eating-spaghetti::person-blue-eating-spaghetti::person-blue-eating-spaghetti::person-blue-eating-spaghetti:
0:04:17,@MOOSTACHE_Official,The goat Rodger.
0:04:17,@Yunilyseternalparadise,lmaoo
0:04:17,@RileyPorter-g2s,Why is Astro sitting on the floor:fearful_face:
0:04:18,@DarelizOrtiz,DANDY KNOWS IT WAS COSMO AND SPROIT
0:04:19,@umaberriqualquer,LMAO
0:04:19,@shrimpkuuu,"@applebloom2307 i'm pretty sure he remembers, but he was twisted"
0:04:19,@Tamers12345MLP,@sondrabradley1615 With his mouth
0:04:19,@moonlunayt907,tf
0:04:20,@Dalary523,LOL WHAT:broken_heart:
0:04:21,@jennythebean9117,Fr fr
0:04:21,@TvorYT,F
0:04:21,@teto_is_supreme,plz use Rodger pj skin
0:04:21,@ShellyFossilianMM,BYE???
0:04:22,@TvorYT,F
0:04:22,@bpositive4805,canción de twist give me some Boys
0:04:22,@Blu3b1rd._.sk1es,OH?
0:04:22,@D0LLYVRPL4YZ,BEANZZZ
0:04:23,@Peejaylew,VUTCHEECKS
0:04:24,@tiffanyd4581,FAHHHHHHH
0:04:24,@jennythebean9117,So true 
0:04:24,@theREELfinn1,I WONDER HOW RODGER EATS
0:04:24,@Shivery,NEED RESEARCH
0:04:25,@lorddioo8872,oh hell nah
0:04:25,@maxbear027,Go Roger Go Roger Go Roger
0:04:26,@ilovechristmasforever,"what ""LAZY ASS"""
0:04:26,@Igotbannedtoomanytimes,:popcorn-yellow-striped-smile::popcorn-yellow-striped-smile::popcorn-yellow-striped-smile::popcorn-yellow-striped-smile::popcorn-yellow-striped-smile::popcorn-yellow-striped-smile::popcorn-yellow-striped-smile::popcorn-yellow-striped-smile:
0:04:26,@Syxsh.Kas1,no way he‘s eating the cookie
0:04:26,@kittycatyummy,LOLL
0:04:27,@Goocat33,NOoooo
0:04:27,@alcinaisMINE,Let him cook…
0:04:29,@sondrabradley1615,IM A FEMALE
0:04:30,@Peejaylew,RODGER COOKIE
0:04:31,@Feojsshsyydud,It has went downhill
0:04:33,@raimapper3367,HOW
0:04:34,@UngulaPropriaRQ,oh shit he's actually a competent detective 
0:04:35,@sondrabradley1615,LOL
0:04:36,@tiffanyd4581,FAHHHHH
0:04:36,@Goocat33,NOOOOOOOOOOOO
0:04:36,@certafan,"Macaroni salad slaps, this is acceptable"
0:04:36,@jo3a548,CSI ROIDGER
0:04:36,@liviasuzana8283,:yougotthis:
0:04:37,@Veledate,VRFO-
0:04:38,@Gaalnr,oh wait no we already know who did it from the last episode. I'm a dummy
0:04:38,@Yunilyseternalparadise,damn
0:04:39,@raimapper3367,what
0:04:39,@kavama81,HOLY
0:04:39,@tiffanyd4581,FAHHHHH
0:04:39,@kamila_12000,NOOOO
0:04:39,@Peejaylew,YO CHILL
0:04:39,@theREELfinn1,HES ACRUSLLY DOING GOOD
0:04:39,@shrimpkuuu,astro...
0:04:40,@sondrabradley1615,BTW WHERES HIS MOUTH-
0:04:41,@jennythebean9117,True detective work 
0:04:41,@Reintenofwhat,AYO
0:04:42,@purpleegg09,YO
0:04:43,@Peejaylew,BRO
0:04:43,@silykat35,WOOHOO RODG-
0:04:43,@maxbear027,hawt
0:04:43,@jo3a548,gross
0:04:44,@shrimpkuuu,bro
0:04:44,@sondrabradley1615,WAIT
0:04:44,@umaberriqualquer,WTF
0:04:44,@alcinaisMINE,That was necessary 
0:04:44,@Kualxek,can you make another ep of astro dying
0:04:44,@The_Silly_Patootie,RODGER WTH
0:04:44,@franzhilari4040,LOL
0:04:45,@applebloom2307,@shrimpkuuu okay!! I actaully dpnt know how being twisted works much aaaaaa ><
0:04:45,@liviasuzana8283,oh-
0:04:45,@Zac-l7c,Ok uhhh 
0:04:45,@Astrinhostar,Akak
0:04:45,@Whitelilycookie-y4w,RODGER CLOCK IT
0:04:46,@Shivery,Ewww
0:04:46,@kloudscringe,:warning:
0:04:47,@gamertuberonmask,AH
0:04:47,@Star_shellyforever,OH I KNOW
0:04:47,@HMZeroTwo,This is straight up a ghostface attempted murder
0:04:48,@haileykitty6993,kinda funny that bro just grabbed that cookie and ate it
0:04:49,@AndreRuramira,Yessssss
0:04:49,@HMZeroTwo,RODGER SPITTIN THO
0:04:50,@Kualxek,im begging
0:04:50,@gamertuberonmask,RODGER ATE ICHOR
0:04:50,@Yunilyseternalparadise,asstro
0:04:51,@Feojsshsyydud,WYAT
0:04:51,@Star_shellyforever,COSMOS COOKED
0:04:51,@ADWLOVERANDMM2,WTF
0:04:52,@Jamzandjelly,WOAH
0:04:52,@silykat35,WHY DID YOU DO THAT
0:04:53,@churritototi,lo malo de no saber inglés:wilted_flower:
0:04:53,@sondrabradley1615,WRONG TYPING 
0:04:53,@aranatoutsaint1824,MY GoSh
0:04:54,@theREELfinn1,FINN
0:04:54,@kamila_12000,FINN WHAT
0:04:55,@Kipkat13,oooooooooo
0:04:55,@Prismabom,gone twisted ooo
0:04:55,@theREELfinn1,FINN
0:04:56,@alcinaisMINE,Goob is lucky holy 
0:04:56,@HMZeroTwo,But why did he taste the ichor. Don't tell me he's twisted
0:04:57,@Jamzandjelly,IM CORNE
0:04:58,@GiaDelRosario,Holy moly
0:04:59,@sondrabradley1615,I WAS TYPING TO FAST BTW
0:04:59,@theREELfinn1,IM FINNING IT
0:04:59,@kst25iggy,greedy sprout as normal
0:04:59,@ADWLOVERANDMM2,WWWWWWWWW
0:05:00,@raimapper3367,cosmo is thinking rn
0:05:00,@applebloom2307,bro dont even care 
0:05:00,@Nanaw8888,Why is Finn on a leash?
0:05:01,@tiffanyd4581,NAHHHHHH
0:05:01,@Veledate,they should've had pink fluffy handcuffs...
0:05:01,@franzhilari4040,pongan subtítulos :loudly_crying_face::broken_heart:
0:05:02,@theREELfinn1,IM FINNING IT
0:05:02,@liviasuzana8283,cosmo=:eye::mouth::eye:
0:05:03,@beepbopmop,RODGER MY THROATGOAT!!!!!
0:05:03,@sondrabradley1615,I MEANT HOW IS HE EVEN DOING THAT
0:05:04,@Peejaylew,HANDCUFF
0:05:04,@Reintenofwhat,okay and DO THAT TO MY DINGLE RODGER
0:05:05,@The_Silly_Patootie,LMAO
0:05:05,@alcinaisMINE,Sure man 
0:05:05,@Santaman3,Rodger missed his target lol
0:05:06,@GiaDelRosario,FINNNNNNNN
0:05:06,@ADWLOVERANDMM2,AHAHAHAHAHAHAHA
0:05:06,@jo3a548,GAAAAAAAAAAY
0:05:07,@sondrabradley1615,LOL
0:05:07,@raimapper3367,KDBFKFLNFNR BERRYFLOW-
0:05:07,@Urburnttoast,YAYY GAYYY
0:05:08,@TvorYT,10f
0:05:09,@AJ4good,COSMO IS OUT OF IT LMAOO
0:05:09,@kamila_12000,LITT
0:05:10,@Tamers12345MLP,@Nanaw8888 Finn is on a leash because he's gay
0:05:10,@Blu3b1rd._.sk1es,Sprout the enemy is closer than you think….
0:05:10,@Hexen_4444,Finn's okay with it
0:05:10,@1Goob.fan123,Toes
0:05:11,@theREELfinn1,FINN IS FINNING
0:05:11,@Zaiikai,cute
0:05:11,@Urburnttoast,YAYYY GAYYY
0:05:12,@jennythebean9117,Do the saw
0:05:13,@Shivery,Death Note ref?
0:05:14,@Iwowkan,Cosmo is spacing out
0:05:14,@ADWLOVERANDMM2,LAMFO
0:05:14,@kamila_12000,PONGAN SUBTITULOS XD
0:05:15,@haileykitty6993,they in the same room with the criminals :grinning_squinting_face:
0:05:16,@theREELfinn1,HES GAY FOR ME
0:05:17,@kavama81,. 
0:05:17,@Yunilyseternalparadise,damn
0:05:18,@Halloween_isbetter,OMG YES
0:05:18,@ShellyFossilianMM,HELP
0:05:18,@Imgonnatickleyou12,:face-turquoise-covering-eyes:
0:05:19,@HMZeroTwo,"""Keep your enemies closer"""
0:05:20,@kavama81,HE'S GAY
0:05:20,@Jamzandjelly,Dandy so cuteeeeeee
0:05:21,@ADWLOVERANDMM2,LOL
0:05:21,@Sylvester-o7q,Please tell me flyte gets into a beautiful gay couple with another toon:red_heart::red_heart::red_heart::red_heart: 
0:05:21,@musashi-f4n,oH MAH GOSH
0:05:21,@AmyrahChavez,I NEED RESEARCH 
0:05:23,@Imgonnatickleyou12,It’s gay magic
0:05:23,@kamila_12000,SUBTITULOS WEY
0:05:24,@sondrabradley1615,OMG
0:05:25,@GiaDelRosario,What did I miss????
0:05:25,@Halloween_isbetter,IVE BEEN SO HUNGRY
0:05:26,@Tamers12345MLP,@AJ4good Cosmo's just there to have a good time is all
0:05:26,@raimapper3367,WYM THAT HURT
0:05:26,@Veledate,OMG THE VOICE LOL
0:05:26,@Blu3b1rd._.sk1es,SPROUT…
0:05:29,@alcinaisMINE,R we ever gonna get heteroslop in gardenview 
0:05:30,@applebloom2307,Finn is less than a pet
0:05:31,@BinGusBooop,Cosmo on a leash when Tamers
0:05:31,@theREELfinn1,FINN LOOKS ADORABLE
0:05:31,@misakayy1911,YOOOO
0:05:31,@itstime2relaxx72,finn shrimpo and sprout my babys
0:05:32,@raimapper3367,YOU MASOCHISTTT
0:05:33,@jo3a548,NO WAY
0:05:33,@Peejaylew,HOLY SHIT LOL
0:05:34,@HMZeroTwo,NO WAY
0:05:34,@The_Silly_Patootie,WOAH WOAH WOAH
0:05:35,@Star_shellyforever,LOL
0:05:36,@sondrabradley1615,I FEEL BAD FOR THEM
0:05:36,@iamboomer7805,why is sprout always pooping on dandy's parade
0:05:37,@HMZeroTwo,YO HOLY SHIT
0:05:38,@lulaaamooon,:chillwdog:
0:05:38,@franzhilari4040,Y MIS SUBTITULOS?
0:05:38,@Imgonnatickleyou12,WOAHHHH
0:05:39,@alcinaisMINE,EXPLODES
0:05:39,@shrimpkuuu,"@applebloom2307 in canon some twisteds are conscious but most aren't, sprout is one of the few who has some consciousness"
0:05:40,@theREELfinn1,FINN MENTIOEND
0:05:40,@haileykitty6993,how strong is he? he broke that key!
0:05:40,@AmyrahChavez,WHY IS FINN WEARING A COLLAR 
0:05:40,@gamertuberonmask,HOLY
0:05:40,@Iwowkan,WOAHH
0:05:41,@Shivery,Gasp
0:05:41,@ShellyFossilianMM,BE AMAZED BITCHES:double_exclamation_mark::double_exclamation_mark:
0:05:42,@Halloween_isbetter,LET BOBETTE SPEAK TAMER
0:05:42,@kst25iggy,LMAO
0:05:42,@kloudscringe,I guess bro 
0:05:43,@SuperCaptainFail,DANDY NOOOOOO
0:05:43,@NubMcMoofin,:face_holding_back_tears:
0:05:43,@Moon_wolfpawz,Sprout ur stupid:loudly_crying_face::broken_heart:
0:05:43,@gamertuberonmask,THE OEY DISAPPEAR
0:05:45,@applebloom2307,awwww
0:05:45,@myoaungable, 
0:05:46,@gamertuberonmask,OH
0:05:46,@musashi-f4n,LOL
0:05:47,@Oxivon-l7f,are they gonna pee
0:05:47,@xamxsu,:loudly_crying_face:
0:05:48,@Angelilockedaway,NOOOO
0:05:48,@Kipkat13,awwww
0:05:48,@Veledate,OH
0:05:49,@sondrabradley1615,/POOR ASTRO AND DANDY OR ANYONE ELSE
0:05:49,@Zac-l7c,Oh shit 
0:05:50,@DarelizOrtiz,“YO HOLU SIY”
0:05:51,@Peejaylew,GOFFY GOOBER
0:05:51,@jo3a548,goofy goobetr
0:05:52,@Imgonnatickleyou12,He’s bald
0:05:52,@ADWLOVERANDMM2,AHAHAHAHAAHA
0:05:53,@Himmelschenk,Tamers make a Squirm episode I love him
0:05:53,@Oxivon-l7f,are they gonna piss
0:05:54,@liviasuzana8283,;-;
0:05:55,@aranatoutsaint1824,LOL
0:05:55,@gamertuberonmask,DADDY IS CRYING
0:05:55,@Veledate,vro his bellay-
0:05:56,@DylanPinosPlat,Dangggg
0:05:57,@jennythebean9117,Yo holy shit
0:05:58,@Santaman3,The face dude
0:05:59,@Star_shellyforever,IM CRYING
0:06:02,@Shivery,Goofy Goober
0:06:03,@alcinaisMINE,Sprout you’re always a goofy goober 
0:06:03,@agoatheadbaby3512,:(
0:06:06,@sondrabradley1615,I FEEL SO BAD
0:06:07,@theREELfinn1,IM FINNING IT
0:06:07,@IHATEMYFUHINGUSERNAME,SPROUT I HATE YOU /j
0:06:07,@gamertuberonmask,DANDY*
0:06:08,@Kualxek,a goofy what
0:06:08,@Danger_luvu12,late
0:06:08,@Yunilyseternalparadise,lmaooo
0:06:09,@MaraKoruSky,Goofy goober
0:06:10,@Jamzandjelly,NOO 
0:06:10,@HMZeroTwo,This is giving dandy more reason to kill cosmo
0:06:13,@ilovechristmasforever,what is sprout head
0:06:13,@applebloom2307,"@shrimpkuuu Ohhh, okay!! "
0:06:13,@theREELfinn1,FINN MENTIONED
0:06:13,@kamila_12000,WHAT
0:06:15,@sondrabradley1615,POOR DANDY
0:06:15,@kst25iggy,WHAT
0:06:15,@certafan,LMAOOOO
0:06:15,@Peejaylew,WHAT
0:06:17,@myoaungable, 
0:06:18,@The_Silly_Patootie,HELPPPPP
0:06:18,@cozyclovelyz,FINN PETPLAY
0:06:18,@theREELfinn1,FINNNNN
0:06:18,@Halloween_isbetter,#FREETHECHRISTMASTOOBS
0:06:19,@ADWLOVERANDMM2,YOOOOOOO
0:06:19,@HMZeroTwo,Because cosmo is gay
0:06:19,@jo3a548,AFDSLASFMASFOASFMASF
0:06:20,@Jamzandjelly,poor dandy
0:06:20,@Gaalnr,damn
0:06:21,@liviasuzana8283,noo baby dandy+
0:06:21,@UngulaPropriaRQ,i'm sure he uses that for good reasons only 
0:06:21,@Star_shellyforever,LOL
0:06:21,@Kualxek,FINN
0:06:23,@jennythebean9117,GOOFY GOOBER YEAH
0:06:24,@mr.bananaman9805,I'M A GOOFY GOOBER
0:06:26,@NubMcMoofin,:smiling_face_with_hearts:
0:06:26,@Courtneythebestest,WHAT HAPPENED
0:06:29,@Dalekoverhauls,Why the hell has he been doing to that fishbowl man
0:06:29,@applebloom2307,Poor Dandy is like a widdle baby
0:06:31,@beepbopmop,RODGERRRR
0:06:31,@Nanaw8888,Why was Roger licking that?
0:06:31,@Imgonnatickleyou12,Oh!
0:06:32,@Reintenofwhat,NOOO FIN
0:06:33,@myoaungable, 
0:06:33,@eranekahield5793,NOOOO DANDYYY
0:06:33,@Hexen_4444,that's specific
0:06:34,@theREELfinn1,FINN AHHHHH
0:06:34,@sondrabradley1615,/WHERE DID THE LEASH GO??
0:06:36,@Iwowkan,WHY'S FINN BEING BBEATEN
0:06:37,@Brushalover,Fucking poopy crybaby
0:06:38,@sunchip_90171,wth
0:06:38,@Shivery,Finn
0:06:39,@beepbopmop,he so so so cuteeeee
0:06:40,@umaberriqualquer,POOR FINN-
0:06:40,@ADWLOVERANDMM2,WHAT 
0:06:41,@shrimpkuuu,finn is being abused awwwww
0:06:42,@myoaungable, 
0:06:42,@Veledate,why is pebble on the counter
0:06:42,@liviasuzana8283,finn OMGGGGG
0:06:43,@sondrabradley1615,OMG
0:06:45,@applebloom2307,Finn is a doggy woofwoof
0:06:45,@Yunilyseternalparadise,fin.
0:06:45,@shrimpkuuu,so cute
0:06:48,@haileykitty6993,toxic yaoi :smiling_face_with_hearts:
0:06:48,@KikoStarlight,DANDY MY BABY :loudly_crying_face:
0:06:51,@Halloween_isbetter,#FREETHECHRISTMASTOONS
0:06:51,@silykat35,Dandy has such a fragile go
0:06:51,@D0LLYVRPL4YZ,WHAT
0:06:53,@Binary_Forever,finn : (
0:06:53,@silykat35,Ego*
0:06:54,@Ch0coMCtfc,Im giggling 
0:06:54,@kloudscringe,THEYRESFUCK BRK
0:06:54,@churritototi,:loudly_crying_face::loudly_crying_face: finn
0:06:54,@musashi-f4n,tammers why does Rodger look like that
0:06:54,@purpleegg09,Poopy cry baby dandy
0:06:55,@franzhilari4040,pebble?
0:06:55,@Jamzandjelly,MOVE SHRIMPO 
0:06:55,@agoatheadbaby3512,Why is Shrimpo like that?
0:06:55,@beepbopmop,THE DOG IS ON THE TABLE
0:06:55,@Molly-w4n,a
0:06:56,@silykat35,:face-pink-tears:
0:06:56,@1Goob.fan123,Toes TOES TOES TOES TOES TOES TOES TOES TOES TOES TOES TOES TOES TOES TOES TOES TOES TOES TOES TOES TOES TOES TOES TOES TOES TOES TOES TOES TOES TOES
0:06:56,@Peejaylew,PEBBLE
0:06:56,@Jamzandjelly,LET HIM GO
0:06:56,@shrimpkuuu,why is pebble on the table get off
0:06:56,@mimi-j9j9e,PEBBLE
0:06:56,@Reintenofwhat,Pebble!!!
0:06:57,@helloryber0,YO YO
0:06:57,@jennythebean9117,Finn is dog
0:06:59,@cricket_gaming_hd9439,Dandicus better have a good shop next run
0:06:59,@Angelilockedaway,ahhdjw
0:06:59,@Imgonnatickleyou12,Daddy:wilted_flower:
0:07:00,@sondrabradley1615,"MY BABY DANDY, IS HE OK??"
0:07:01,@shrimpkuuu,GET OFF THE FUCKING TABLE
0:07:01,@applebloom2307,OH its like death note!!!!
0:07:02,@MinioMicha09,YAY
0:07:02,@theREELfinn1,FINN YAYAYAYAYAYAAY
0:07:02,@Veledate,OH
0:07:02,@Prismabom,pebble!
0:07:04,@Star_shellyforever,:face-red-droopy-eyes:
0:07:04,@The_Silly_Patootie,LMAO
0:07:04,@Danger_luvu12,DADDY?
0:07:04,@jennythebean9117,Kiss
0:07:05,@Shivery,Daddy Sprout
0:07:05,@Veledate,WHAT IS SPROUT DOING
0:07:05,@alcinaisMINE,the cow 
0:07:06,@Star_shellyforever,:hand-orange-covering-eyes::hand-orange-covering-eyes::hand-orange-covering-eyes::hand-orange-covering-eyes::hand-orange-covering-eyes:
0:07:06,@maxbear027,teach fin a lesson shrimpo
0:07:07,@jo3a548,oh no 
0:07:07,@liviasuzana8283,png-
0:07:08,@Halloween_isbetter,#FREETHECHRISTMASTOONS
0:07:08,@Astrinhostar,PEBBLE
0:07:08,@SCR4T2H,HII GUYS
0:07:09,@Tamers12345MLP,Ain't no way there's actually bitches in here who are pretending to care about Finn's well being lmao
0:07:09,@raimapper3367,HATERS TO LOVERS HATERS TO LOVERSSSSSSSS
0:07:09,@kst25iggy,ok
0:07:09,@Iwowkan,WHAT
0:07:10,@kamila_12000,WHAT
0:07:10,@helloryber0,OMG PEBBLE HELP
0:07:11,@purpleegg09,Uhh
0:07:11,@kamila_12000,QUEE
0:07:11,@SCR4T2H,GUYS
0:07:11,@musashi-f4n,DADDY WHATRRTR
0:07:11,@TvorYT,.
0:07:11,@SharkDoggy,PEBBLE MY SON
0:07:11,@Puffu_13,Erm
0:07:12,@Peejaylew,ATO
0:07:13,@ShellyFossilianMM,UHM
0:07:13,@The_Silly_Patootie,YOOOOO
0:07:14,@Imgonnatickleyou12,…
0:07:15,@agoatheadbaby3512,Cosmo is going to flip his lid.
0:07:15,@silykat35,AYO WHAY
0:07:15,@UngulaPropriaRQ,DAMN 
0:07:16,@Peejaylew,YOOO
0:07:17,@beepbopmop,goob is loving rodger 
0:07:17,@NubMcMoofin,:face_savoring_food:
0:07:18,@kavama81,EWWWWWWWWWWWWWW
0:07:18,@Esotilinbailatilinwuautilin,.
0:07:18,@Puffu_13,Tf
0:07:19,@Reintenofwhat,AYO DANDY
0:07:19,@franzhilari4040,LOl
0:07:19,@beepbopmop,OH MY GOD
0:07:19,@HMZeroTwo,AYO
0:07:20,@theREELfinn1,I NEED FINN
0:07:20,@shrimpkuuu,EWWWW
0:07:20,@ADWLOVERANDMM2,UHHH
0:07:20,@purpleegg09,EEEYUCK
0:07:20,@gamertuberonmask,HUH
0:07:20,@Blu3b1rd._.sk1es,LOLOL
0:07:21,@silykat35,IM GONNA BE SICK
0:07:21,@xamxsu,:loudly_crying_face:
0:07:22,@The_Silly_Patootie,WHAT THE
0:07:22,@kamila_12000,EWWW LOL
0:07:22,@Star_shellyforever,WOAJ
0:07:22,@mimi-j9j9e,AYO
0:07:23,@Blu3b1rd._.sk1es,WTF
0:07:24,@Courtneythebestest,OMG
0:07:24,@Danger_luvu12,DADDY?
0:07:24,@00_miayattaGay367,Oh
0:07:24,@Santaman3,What just happened 
0:07:25,@liviasuzana8283,sprout :broken_heart::broken_heart:
0:07:25,@AnaveyaRamos,Ew
0:07:25,@Halloween_isbetter,OH GOD
0:07:26,@shrimpkuuu,yuck!
0:07:26,@myoaungable, 
0:07:26,@haileykitty6993,well he did break that key with his bare hands
0:07:26,@MaraKoruSky,Ewww
0:07:27,@Shivery,lol
0:07:27,@agoatheadbaby3512,Eeeeewwwggh.
0:07:28,@Jamzandjelly,OMG
0:07:28,@Brushalover,EWWW
0:07:29,@gamertuberonmask,WHAT DID SPROUT DO
0:07:29,@Kualxek,im crying WHAT
0:07:29,@Puffu_13,:skull::skull:
0:07:31,@yumiyummy123,lol
0:07:31,@ADWLOVERANDMM2,AYO
0:07:31,@musashi-f4n,aEwwww
0:07:31,@applebloom2307,LOL
0:07:31,@Juter-h9x,EWWW SPROUT EWW
0:07:32,@victorv5774,:face-blue-wide-eyes::face-blue-wide-eyes::face-blue-wide-eyes::face-blue-wide-eyes::face-blue-wide-eyes::face-blue-wide-eyes:
0:07:32,@Hexen_4444,yes they can
0:07:32,@Zaiikai,:face_savoring_food:
0:07:32,@Kipkat13,and that's why we love ya tamers
0:07:33,@MinioMicha09,Wow there..
0:07:33,@alcinaisMINE,boiii gimme my scat fan service 
0:07:33,@UngulaPropriaRQ,yeah quel said that 
0:07:33,@IHATEMYFUHINGUSERNAME,scat mentioned
0:07:34,@silykat35,SPROUT WHAT THE HELL
0:07:35,@SedaBorzoi,This hits too close to home
0:07:36,@HMZeroTwo,DANDY I THOUGHT YOU WERE INTO IT
0:07:36,@DarelizOrtiz,ewww
0:07:37,@Kualxek,DADDY
0:07:37,@myoaungable, 
0:07:38,@Igotbannedtoomanytimes,YUMMY
0:07:38,@jennythebean9117,Stinky
0:07:38,@Jamzandjelly,SOMEONE SAVE DANDY
0:07:38,@Santaman3,A shittrain
0:07:38,@Moon_wolfpawz,EWWW
0:07:40,@AlaynaBuffington-rk9dr,:face-purple-sweating:the fuck
0:07:41,@DarelizOrtiz,EWWW
0:07:41,@myoaungable, 
0:07:42,@purpleegg09,I would eat
0:07:42,@moonlunayt907,the the hell-
0:07:42,@Iwowkan,HE BETTER POOP QUICK
0:07:43,@Yunilyseternalparadise,yuck
0:07:43,@bug_under,i can't believe this shit is live
0:07:45,@MOOSTACHE_Official,Hey he was coughing right
0:07:45,@certafan,I bet it was really stinky in there haha
0:07:46,@Angelilockedaway,EW
0:07:46,@Peejaylew,.
0:07:47,@liviasuzana8283,astro posto??
0:07:47,@theREELfinn1,IHOW DID DANDY USE BOTH OF HIS HANDS
0:07:48,@gamertuberonmask,I HATE DANDY BUT IM CONCERNED FOR WHAT SPROUT DID—
0:07:48,@ADWLOVERANDMM2,WHAT THE ACTUAL FUCK
0:07:48,@HMZeroTwo,Are they uncuffed now
0:07:48,@kamila_12000,WHAT
0:07:48,@makotoikari4854,:roll_of_paper:
0:07:49,@estomesto,I gotta vomit
0:07:49,@Brushalover,gay strawberry
0:07:49,@purpleegg09,Yummy sprout poopies
0:07:49,@liviasuzana8283,post?
0:07:49,@sondrabradley1615,I ACTUALLY FEEL BAD FOR FINN BEING ABUSED
0:07:50,@jo3a548,LAFSOSAFLASFOASLFO
0:07:50,@Nugget20101,where shelly at?
0:07:52,@myoaungable, 
0:07:54,@forestkidsplay335,bro dandy
0:07:55,@itstime2relaxx72,...
0:07:55,@Jamzandjelly,SAVE DANDY
0:07:55,@applebloom2307,Something similar happened in a game i played
0:07:55,@Halloween_isbetter,LOL DANDY GOT FERTILIZER
0:07:56,@Iwowkan,awh
0:07:56,@sondrabradley1615,OMG
0:07:56,@franzhilari4040,LOL
0:07:57,@The_Silly_Patootie,This is scary
0:07:57,@Yunilyseternalparadise,gross
0:07:58,@Peejaylew,BRO
0:07:59,@purpleegg09,:fish-orange-wide-eyes::fish-orange-wide-eyes:
0:07:59,@D0LLYVRPL4YZ,WTFFF
0:08:00,@franzhilari4040,What-
0:08:01,@victorv5774,:face-fuchsia-poop-shape::face-fuchsia-poop-shape::face-fuchsia-poop-shape::face-fuchsia-poop-shape::face-fuchsia-poop-shape:
0:08:01,@Juter-h9x,OH
0:08:01,@silykat35,DISGUSTING SPROUT
0:08:01,@ADWLOVERANDMM2,AYOOOOOOOOOO
0:08:01,@jennythebean9117,Run!
0:08:01,@Jenny_jellyfan23665,Wha
0:08:01,@Veledate,holy yap\
0:08:01,@The_Silly_Patootie,LMAO
0:08:02,@liviasuzana8283,f
0:08:02,@kamila_12000,SPROUT LOL
0:08:03,@alcinaisMINE,Shelly is busy kissing vee bc them 2 are always together yeah 
0:08:03,@ZoinZitop,rip finn..
0:08:03,@S1MPLE_ST4R,:penguin-blue-waving-tear::penguin-blue-waving-tear:
0:08:03,@Igotbannedtoomanytimes,OMG SPROUT YUMMY
0:08:04,@DylanPinosPlat,What did bro eat?!
0:08:04,@theREELfinn1,FINN NEEDS ME TO SAVE GIM
0:08:04,@Shivery,:pile_of_poo:
0:08:05,@ShellyFossilianMM,:loudly_crying_face::loudly_crying_face::loudly_crying_face:
0:08:05,@MrSun-q2s,Doesn’t sprout not wipe
0:08:06,@Iwowkan,CRUEL AS HELL
0:08:06,@iamboomer7805,who is dandy even talking to
0:08:06,@Halloween_isbetter,YUMMY
0:08:06,@Juter-h9x,SPROUT STOP
0:08:06,@musashi-f4n,SPROUT
0:08:07,@bug_under,this is so fucking hype
0:08:07,@jo3a548,IM DYING
0:08:07,@Jamzandjelly,DISGUSTING BERRY
0:08:07,@mimi-j9j9e,AYOOOOOOOOOOOOOOOOOO
0:08:07,@beepbopmop,he poops red
0:08:07,@AaliyahMarin-p2v,:face-red-droopy-eyes::face-red-droopy-eyes:
0:08:07,@shrimpkuuu,the holiday toons are getting locked back up again?
0:08:08,@Moon_wolfpawz,SPROUT JUST TAKE HOW MUCH YOU NEED TO
0:08:08,@Brushalover,What tf Sprout ear
0:08:08,@MaraKoruSky,Wtf
0:08:08,@theREELfinn1,NEXT EPISODE FINN WILL BE SAVED BY ME TRUST
0:08:08,@ChloeAnderson-f8i,yap
0:08:09,@SCR4T2H,:face-fuchsia-poop-shape::face-fuchsia-poop-shape::face-fuchsia-poop-shape::face-fuchsia-poop-shape::face-fuchsia-poop-shape::face-fuchsia-poop-shape::face-fuchsia-poop-shape::face-fuchsia-poop-shape::face-fuchsia-poop-shape::face-fuchsia-poop-shape::face-fuchsia-poop-shape::face-fuchsia-poop-shape::face-fuchsia-poop-shape::face-fuchsia-poop-shape::face-fuchsia-poop-shape::face-fuchsia-poop-shape::face-fuchsia-poop-shape::face-fuchsia-poop-shape:
0:08:11,@Imgonnatickleyou12,Him taking all the toilet paper
0:08:12,@Tamers12345MLP,What's happening to Sprout is what happens if you eat Dandy's macaroni salad
0:08:12,@coolgamer_wow,sorry i didn’t get that
0:08:12,@kst25iggy,gay
0:08:13,@D0LLYVRPL4YZ,LOLL
0:08:13,@00_miayattaGay367,Wow
0:08:13,@sondrabradley1615,THIS IS A RLLY GOOD ANIMATION TAMERS GOOD JOB
0:08:13,@Star_shellyforever,:face-red-droopy-eyes::face-red-droopy-eyes::face-red-droopy-eyes:
0:08:13,@Blu3b1rd._.sk1es,OMG DANDYS FACE LOL
0:08:14,@jo3a548,CUTE
0:08:14,@Hexen_4444,Dandy = :nerd_face:
0:08:14,@Halloween_isbetter,SPROUT ASMR
0:08:14,@haileykitty6993,"man, Dandy is cruel"
0:08:14,@jennythebean9117,Free my toons Dandy!
0:08:14,@BinGusBooop,Damn Sprout using all the to
0:08:14,@MinioMicha09,I’m so scared
0:08:15,@Star_shellyforever,Oop
0:08:15,@AlaynaBuffington-rk9dr,Why’s sprout useing the toilet :face-purple-sweating::face-purple-sweating:
0:08:15,@HMZeroTwo,Dandy speaking straight yapanese
0:08:15,@Yunilyseternalparadise,that's pretty gay lmao
0:08:15,@The_Silly_Patootie,Hehehe
0:08:16,@GAMERB0YJ03Y,Tamers I love you
0:08:16,@Angelilockedaway,ajshajkaasaa
0:08:16,@Star_shellyforever,Woah
0:08:17,@certafan,that's the real tragedy
0:08:17,@HMZeroTwo,BAHHH SEE
0:08:17,@Jamzandjelly,im crine
0:08:17,@Juter-h9x,FLOWERBERRY CANON
0:08:17,@Tamers12345MLP,@theREELfinn1 Finn doesn't deserve to be saved
0:08:18,@DylanPinosPlat,…
0:08:18,@moonlunayt907,sprout x dandy
0:08:18,@Zac-l7c,Hmmm yea 
0:08:18,@Star_shellyforever,Why so close
0:08:19,@SalouaDribi-o5k,OMG
0:08:19,@Sylvester-o7q,That’s pretty badass sprout :flushed_face::flushed_face:
0:08:19,@myoaungable,:honeybee:
0:08:19,@raimapper3367,WOAH DANDY
0:08:20,@jo3a548,cuuuuutew
0:08:21,@MrSun-q2s,SPROUT DOESN’T WIPE YOU FORGOT THE IT
0:08:21,@CaisenMoMo,:thanksdoc:
0:08:21,@Angelilockedaway,HELP HAHAHA
0:08:21,@NubMcMoofin,:smiling_face_with_hearts:
0:08:22,@Kualxek,eww dandy's macaroni salad
0:08:23,@theREELfinn1,YES HE DOES DUDE
0:08:23,@ADWLOVERANDMM2,W RISS
0:08:23,@musashi-f4n,awww bestie time
0:08:23,@kamila_12000,HAHAHA
0:08:24,@MrSun-q2s,SPROUT DOESN’T WIPE YOU FORGOT THE IT
0:08:24,@D0LLYVRPL4YZ,GAY
0:08:25,@The_Silly_Patootie,LOL
0:08:25,@Peejaylew,BLUSHING
0:08:26,@purpleegg09,TSUNFERE DANDY
0:08:26,@jo3a548,kiss
0:08:26,@Urburnttoast,DANDY IS A TSUNDERE
0:08:27,@MrSun-q2s,SPROUT DOESN’T WIPE YOU FORGOT THE ITSPROUT DOESN’T WIPE YOU FORGOT THE ITSPROUT DOESN’T WIPE YOU FORGOT THE IT
0:08:28,@Iwowkan,BERRYFLOWER??
0:08:28,@Blu3b1rd._.sk1es,closeted gays
0:08:28,@MrSun-q2s,SPROUT DOESN’T WIPE YOU FORGOT THE ITSPROUT DOESN’T WIPE YOU FORGOT THE ITSPROUT DOESN’T WIPE YOU FORGOT THE IT
0:08:30,@MrSun-q2s,SPROUT DOESN’T WIPE YOU FORGOT THE ITSPROUT DOESN’T WIPE YOU FORGOT THE ITSPROUT DOESN’T WIPE YOU FORGOT THE IT
0:08:30,@IHATEMYFUHINGUSERNAME,FLOWERBERRY
0:08:31,@Reintenofwhat,HAHAHAHAHAHAHA SOROUTS BALD SPOT
0:08:31,@MrSun-q2s,SPROUT DOESN’T WIPE YOU FORGOT THE ITSPROUT DOESN’T WIPE YOU FORGOT THE IT
0:08:32,@MrSun-q2s,SPROUT DOESN’T WIPE YOU FORGOT THE ITSPROUT DOESN’T WIPE YOU FORGOT THE ITSPROUT DOESN’T WIPE YOU FORGOT THE IT
0:08:32,@MrSun-q2s,SPROUT DOESN’T WIPE YOU FORGOT THE IT
0:08:33,@gamertuberonmask,Small face sprout
0:08:34,@liviasuzana8283,nooo finn
0:08:35,@maxbear027,tsundere
0:08:35,@shrimpkuuu,AWWW BASSIE
0:08:35,@Oxivon-l7f,Tsundere ahh dandy
0:08:36,@ShellyFossilianMM,Wuh oh
0:08:36,@SigmaRizz-du1cc,TSUDERE DANDY
0:08:36,@jo3a548,CUUUUUUUUUUUUUUUTE
0:08:37,@ChloeAnderson-f8i,tsudere?
0:08:38,@applebloom2307,tsundere moe
0:08:38,@sondrabradley1615,REMEBER THE STRAWBERRY MILKSHAKE??
0:08:38,@raimapper3367,THATS SOMEONES PET U CANT GRAB HIM
0:08:38,@Prismabom,tsundere dandy
0:08:39,@Jenny_jellyfan23665,We all know that sprout and Cosmo did it to him
0:08:40,@certafan,Aww he's a tsundere
0:08:42,@Angelilockedaway,BASSIE'S SO CUTE
0:08:42,@cricket_gaming_hd9439,finns ability doesnt warent him being treated with kindness
0:08:44,@jennythebean9117,:O
0:08:44,@Veledate,WJAT
0:08:45,@alcinaisMINE,He’s not a dere a tsun-tsundere 
0:08:45,@Halloween_isbetter,TAMERS FREE THE CHRISTMAS TOONS
0:08:45,@Shivery,Bassie Cocoa
0:08:46,@shrimpkuuu,AWWWW
0:08:47,@Igotbannedtoomanytimes,yummy sprout
0:08:47,@Kipkat13,CUTE!!!
0:08:48,@MrSun-q2s,SPROUT DOESN’T WIPE YOU FORGOT THE IT
0:08:48,@maxbear027,TSUNDERE AF
0:08:48,@theREELfinn1,I NEED FINN
0:08:48,@franzhilari4040,YAY BASSIE
0:08:49,@Moon_wolfpawz,It..it not like I like you..!>\\<
0:08:50,@BinGusBooop,Dandy secretly put laxatives in the macaroni
0:08:50,@lulaaamooon,BASSIE
0:08:50,@agoatheadbaby3512,Freedom for the Easter Toons.
0:08:50,@Veledate,OH-
0:08:50,@Zac-l7c,WHAT THE HELL BASSIE 
0:08:52,@Veledate,EGGSONS EGGS VRO
0:08:52,@Juter-h9x,FLOWERBERRY OUYEA
0:08:53,@sondrabradley1615,THIS IS SO CUTE
0:08:53,@HMZeroTwo,"Dandy just has a million reasons to kill cosmo, so sprout will be all his"
0:08:53,@kst25iggy,what
0:08:53,@Courtneythebestest,I thought cocoa was patting bassies back
0:08:55,@AngelynG-jg5xk,:face-blue-smiling:
0:08:55,@bug_under,EGGSON
0:08:55,@Blu3b1rd._.sk1es,OH
0:08:55,@Danger_luvu12,LUV THE BASSIES ART STYLE!!
0:08:55,@raimapper3367,EGGSONS AHSHHSHSHD EGGSON EGGSOOOOONNN
0:08:56,@silykat35,SPROUT WHY DID YOU JUST
0:08:56,@beepbopmop,thoughtful for hem 
0:08:56,@Reintenofwhat,BASSIE BASSIE BASSIE
0:08:57,@Halloween_isbetter,FREE THE CHRISTMAS TOONS
0:08:58,@kamila_12000,EGGSON IS SO CUTEEE
0:08:58,@theREELfinn1,WHAT
0:08:58,@Tamers12345MLP,@MrSun-q2s He was only wiping for show in front of Dandy
0:08:58,@GRIMEY_SIN,oh lort.
0:08:59,@IHATEMYFUHINGUSERNAME,HELL YEAH
0:09:00,@Jamzandjelly,TSUNDERE DANDY AWWW
0:09:00,@sondrabradley1615,POOR EGGSON
0:09:00,@gamertuberonmask,Where’s Bassies socks?
0:09:01,@jo3a548,oh fuck
0:09:01,@The_Silly_Patootie,EGGSON WHAT
0:09:02,@superarcade643,cute :3
0:09:02,@AJ4good,LMAOOO
0:09:02,@Yunilyseternalparadise,lmaooooo
0:09:02,@liviasuzana8283,bassie :smiling_face_with_hearts:
0:09:03,@victorv5774,:face-purple-wide-eyes::face-purple-wide-eyes::face-purple-wide-eyes::face-purple-wide-eyes:
0:09:05,@beepbopmop,EGGSONNNN
0:09:05,@bug_under,EGGSON
0:09:06,@agoatheadbaby3512,Okay.
0:09:07,@D0LLYVRPL4YZ,WHAT
0:09:08,@silykat35,.
0:09:09,@TheJackManArt,xddddd
0:09:09,@Hyloaf,oh
0:09:09,@sondrabradley1615,OMG
0:09:09,@JorArg-c7s,NOOO
0:09:10,@UngulaPropriaRQ,LMAO
0:09:11,@vazquezzavaladarielaalejan6147,HELP
0:09:11,@mimi-j9j9e,WIOOAHAH
0:09:13,@alcinaisMINE,Eggson birth
0:09:13,@Goocat33,Uhhhh
0:09:14,@Blu3b1rd._.sk1es,LOL
0:09:14,@kst25iggy,i want some
0:09:14,@HMZeroTwo,EGGSON LAYING EGGS
0:09:15,@raimapper3367,RAHHH EGGSOOOONNN
0:09:15,@purpleegg09,OWAH
0:09:16,@Kipkat13,EGGSON MY GOAT WHAT ARE YOU DOING
0:09:16,@Jenny_jellyfan23665,Dang why daddy had to talk about him like that
0:09:16,@jennythebean9117,Mmmm eggs 
0:09:17,@ADWLOVERANDMM2,AYOOO
0:09:17,@silykat35,EGGSON WHAT THE FUCL
0:09:17,@00_miayattaGay367,What 
0:09:18,@Star_shellyforever,WHAT
0:09:18,@Iwowkan,HES LAYING EGGS??
0:09:19,@ɲiquee-l5y,EGGSON WHAT
0:09:19,@UngulaPropriaRQ,thanks eggson
0:09:20,@shrimpkuuu,EVERYONE MOVE I NEED THAT
0:09:20,@gamertuberonmask,HUH
0:09:21,@kamila_12000,cuteee :D
0:09:21,@Prismabom,LOLLL
0:09:22,@Astrinhostar,What???
0:09:22,@HMZeroTwo,I thought it was dandy ngl
0:09:22,@Shivery,EGGSON
0:09:23,@liviasuzana8283,oh
0:09:23,@theREELfinn1,I NEED FINN
0:09:23,@Solums,eggson what
0:09:23,@forestkidsplay335,BASSIE wtf
0:09:24,@Shivery,:egg2:
0:09:24,@Angelilockedaway,BAHAHAH
0:09:24,@Danger_luvu12,PFT
0:09:24,@bug_under,this is so satisfying
0:09:24,@D0LLYVRPL4YZ,LOLLL
0:09:25,@ADWLOVERANDMM2,AYOOOOOOOO
0:09:25,@Brushalover,EWWW
0:09:25,@Tamers12345MLP,Eggason canonically lays eggs btw
0:09:25,@jennythebean9117,Bro is preggers 
0:09:26,@Jamzandjelly,EGGSON SHAT TYEM OUT
0:09:26,@Kipkat13,MPREGGSON
0:09:26,@silykat35,I DID NOT NEED TO SEE THAT
0:09:26,@gamertuberonmask,EGGSON IS LAYING EGGS?!?!?!?!?!!?
0:09:27,@cornballygooner,EGGSON MENTIONED EGGSON MENTIONEDEGGSON MENTIONED EGGSON MENTIONED EGGSON MENTIONED EGGSON MENTIONEDEGGSON MENTIONED EGGSON MENTIONED EGGSON MENTIONED EGGSON MENTIONEDEGGSON MENTIONED EGGSON MENTIONED
0:09:28,@theo6t7,I love cocoa
0:09:28,@applebloom2307,OHMG Thats such a cute idea tho!!!
0:09:28,@riski-fly6119,ha
0:09:28,@Nanaw8888,Why was pebble on the table? :face_with_tears_of_joy::face_with_tears_of_joy::face_with_monocle:
0:09:29,@musashi-f4n,tammers WHAT IS WRONG WITH EGGSON
0:09:29,@Igotbannedtoomanytimes,.
0:09:29,@Prismabom,daw thats so cute 
0:09:30,@roy-h6o6q,rip finn..:disappointed_face::disappointed_face::disappointed_face:
0:09:30,@myoaungable,:honeybee::headstone:
0:09:30,@purpleegg09,YUMMY EGGSON EGGS WITH SPROUT POOPIES
0:09:30,@BinGusBooop,Is Bassie gonna go BPD on Cocoa
0:09:30,@beepbopmop,kind of them to give gardensview nutrience because they can't all afford it <3
0:09:30,@theREELfinn1,WHAT IS THAT TRUE
0:09:31,@Halloween_isbetter,DADDY GAVE BIRTH
0:09:32,@Angelilockedaway,EGGSON WHAT??
0:09:32,@Yunilyseternalparadise,ew
0:09:33,@Tamers12345MLP,*eggson
0:09:34,@yumyumyumyumyummmmy,Now that I think about it we need more vee and Shelly screen time 
0:09:34,@raimapper3367,EVERYONE MOVE THAT GOATS MINE
0:09:34,@kloudscringe,7 AM BRO
0:09:35,@silykat35,oh.
0:09:36,@Jamzandjelly,EGGSON IS A CHICKEN 
0:09:36,@purpleegg09,YUMMY EGGSON EGGS WITH SPROUTS POOPIES
0:09:36,@alcinaisMINE,I thought this was gonna be an angsty episode 
0:09:36,@theREELfinn1,THERES NO WAY THATS TRUE
0:09:37,@Shivery,I'm eating eggs right now. 
0:09:37,@The_Silly_Patootie,Gulp
0:09:37,@Zaiikai,it's early AF
0:09:37,@bug_under,this is so beautiful
0:09:38,@Reintenofwhat,WHAT EGGS ON LAYS EGGS...!?
0:09:38,@myoaungable, 
0:09:38,@D0LLYVRPL4YZ,LOLLL
0:09:39,@makotoikari4854,what
0:09:40,@mr.bananaman9805,TRUE
0:09:40,@gamertuberonmask,EGGMAN WTF
0:09:41,@purpleegg09,EGGSONS EGGS WITH SPRPUTS POOPIES
0:09:43,@superarcade643,OMG
0:09:43,@KvVuld,yewah
0:09:44,@raimapper3367,WHAT
0:09:44,@shrimpkuuu,WOOOO
0:09:44,@UngulaPropriaRQ,hell yeah
0:09:44,@superarcade643,WOOHOOO
0:09:44,@Veledate,OMG THEY PULLED UP
0:09:45,@gamertuberonmask,EGGSON*
0:09:46,@kst25iggy,ok
0:09:47,@jo3a548,COOOL
0:09:47,@SigmaOhio-c1t,WERES BASSSIES PANTS
0:09:47,@HMZeroTwo,Wait if eggson's name means he's an egg son was he also laid out
0:09:47,@silykat35,So thats canon :frowning_face:
0:09:47,@Shivery,Swiss Roll Twink
0:09:47,@Hyloaf,sick
0:09:47,@Iwowkan,FLYTE
0:09:48,@kamila_12000,WHAT
0:09:48,@witkif,Eggason
0:09:48,@D0LLYVRPL4YZ,EGGSON
0:09:48,@alcinaisMINE,woah sick skateboard flight 
0:09:48,@theREELfinn1,FWHAT THE 
0:09:49,@The_Silly_Patootie,UHM
0:09:49,@Star_shellyforever,Wait let me see cosmo
0:09:49,@bug_under,slap
0:09:49,@Prismabom,yoooo
0:09:49,@ShellyFossilianMM,OH
0:09:49,@HMZeroTwo,COOL TRICK FLYTE
0:09:49,@Peejaylew,AHH
0:09:50,@Blu3b1rd._.sk1es,OH??
0:09:50,@UngulaPropriaRQ,WAIT WHAT 
0:09:50,@applebloom2307,wait fr
0:09:50,@sondrabradley1615,BTW GOOD JOB ON THE ANIMATIONS TAMER KEEP DOIN WHAT YOU DO
0:09:50,@makotoikari4854,RIP
0:09:51,@jo3a548,WTF
0:09:51,@iamboomer7805,WHAT
0:09:51,@gamertuberonmask,FLYTE IN A SKATEBOARD
0:09:52,@jennythebean9117,True 
0:09:52,@superarcade643,GOURDYYYY
0:09:52,@HMZeroTwo,DAYUM
0:09:52,@SpookyAmmo,You can pee now
0:09:52,@kloudscringe,ICSNT 
0:09:52,@NubMcMoofin,:exploding_head::exploding_head::exploding_head::exploding_head:
0:09:52,@liviasuzana8283,oh :eyes::eyes::eyes:
0:09:53,@Reintenofwhat,"""EGGMAN"""
0:09:53,@raimapper3367,GOATVESTER OH MY FUCKINH HODDD
0:09:53,@alcinaisMINE,My gang
0:09:54,@theREELfinn1,GOURDY YIPPIEE
0:09:54,@superarcade643,SOULVESTERRR
0:09:55,@gamertuberonmask,OH MY
0:09:55,@shrimpkuuu,OG MY GOD
0:09:56,@Kualxek,I CRYING
0:09:56,@kamila_12000,GOURDYYY
0:09:57,@superarcade643,LETS GOOO
0:09:57,@VeronicaNina-s7h,lmaooo
0:09:57,@Zaiikai,OH SHOOT
0:09:57,@ADWLOVERANDMM2,WHAT 
0:09:57,@adoredbelle,Oh okay 
0:09:57,@Danger_luvu12,I'M CRNE
0:09:57,@Peejaylew,HOLLOWEEN
0:09:58,@Gaalnr,oh
0:09:58,@jo3a548,FUUUUUUUUUUUUUUUUCK
0:09:58,@IHATEMYFUHINGUSERNAME,HELL YEAHHHH
0:09:59,@cricket_gaming_hd9439,ultrakill music?
0:09:59,@HMZeroTwo,THE HALLOWEENIES
0:09:59,@myoaungable, 
0:09:59,@alcinaisMINE,my gang
0:09:59,@Blu3b1rd._.sk1es,LOL
0:10:00,@misakayy1911,NOOOOOOOOOOOOOO
0:10:02,@kloudscringe,BRO 
0:10:02,@purpleegg09,Oh shit it’s the Halloween toons
0:10:02,@Courtneythebestest,NOT THE DRIVE BY
0:10:02,@shrimpkuuu,COCOA
0:10:03,@superarcade643,GOURDY SOULESTER GAANG
0:10:04,@Veledate,OMG???
0:10:05,@bug_under,HSHAHAHAH
0:10:05,@Moon_wolfpawz,HWAT THE HELL
0:10:05,@sondrabradley1615,OMG
0:10:07,@liviasuzana8283,omg :weary_cat::weary_cat:
0:10:07,@shrimpkuuu,NOOOOOOO
0:10:07,@certafan,YO! YO HOLY SHIT SHE DEAD
0:10:08,@beepbopmop,COCOANOOOOO
0:10:08,@vazquezzavaladarielaalejan6147,OMG
0:10:08,@ShellyFossilianMM,NOOOO
0:10:09,@Peejaylew,COCOA
0:10:09,@geycerharo7235,COCOA NO
0:10:09,@Solums,noo
0:10:09,@mimi-j9j9e,NOOOOOOOOOO
0:10:10,@Blu3b1rd._.sk1es,OH NO
0:10:11,@gamertuberonmask,HALLOWEEN TOONS
0:10:12,@beepbopmop,NOOOOOOO
0:10:12,@moonlunayt907,flyte cool trick
0:10:13,@superarcade643,NOOOOOOOOOOOOOOOO
0:10:13,@purpleegg09,RIP COCOA
0:10:13,@franzhilari4040,NOOOOO COCOA
0:10:13,@theREELfinn1,I HATE COCOA ANYWAY HAHAHAHA
0:10:14,@duolingo-chantheannoyinggr5007,lmao
0:10:15,@shrimpkuuu,NOOOOOOOOO COCOA
0:10:15,@Kipkat13,COCOA NOOOOOOO
0:10:16,@kamila_12000,HAHHAHA SOULVESTER
0:10:16,@HMZeroTwo,NOOO COCOA
0:10:16,@alcinaisMINE,SRgoppp!!!!
0:10:17,@agoatheadbaby3512,COCO HAS FALLEN
0:10:17,@Reintenofwhat,cocoa
0:10:18,@JackMoon_Fan,Poor Flytr
0:10:19,@vazquezzavaladarielaalejan6147,HELP
0:10:19,@gamertuberonmask,OH
0:10:20,@dribvox,YESSSSSSSSSSSSSSSSSSSS
0:10:20,@silykat35,COCOA NOOOOOOO
0:10:20,@mimi-j9j9e,COCOA NOOOOOOOOOOOOOOOOOOOOOOOOOO
0:10:21,@kamila_12000,WHAT
0:10:22,@jennythebean9117,Oh shit
0:10:22,@Shivery,NO COACOA
0:10:23,@Jevil-d6l,SOULVESTER
0:10:24,@gamertuberonmask,NO
0:10:25,@Y0lki390,NAHHHH
0:10:26,@dribvox,YESSSSSSSSSSS
0:10:26,@beepbopmop,OMGGG
0:10:26,@purpleegg09,CRINE SOULBESTER
0:10:28,@kloudscringe,SOULBESTER
0:10:29,@Kualxek,HAT ARE THEY DOING BRO
0:10:29,@blackholeTPOTFAN1111,WHAT
0:10:29,@kamila_12000,QUE
0:10:30,@Danger_luvu12,THIS IS SO FUNNY
0:10:30,@sondrabradley1615,???
0:10:31,@HMZeroTwo,SOULVESTER
0:10:31,@kst25iggy,YOOOOO
0:10:31,@raimapper3367,WOAH WOAY WOAYDJSJSKS
0:10:31,@musashi-f4n,OH MAH FU*Cking gosh
0:10:31,@mr.bananaman9805,67
0:10:31,@applebloom2307,people be peein
0:10:32,@Peejaylew,67
0:10:32,@Hexen_4444,GTA type shit
0:10:32,@franzhilari4040,WHAT
0:10:33,@Blu3b1rd._.sk1es,OH
0:10:33,@shrimpkuuu,B
0:10:34,@SuperCaptainFail,67
0:10:34,@maxbear027,coco deserved it
0:10:34,@The_Silly_Patootie,YOOOOOO
0:10:34,@vazquezzavaladarielaalejan6147,OMG??
0:10:35,@Juter-h9x,OH
0:10:35,@gamertuberonmask,DAMN SOULVESTER
0:10:35,@kst25iggy,YOO
0:10:35,@haileykitty6993,Baby Pumpkin has a glock!
0:10:36,@Blu3b1rd._.sk1es,WHAT
0:10:35,@blackholeTPOTFAN1111,WHATTTTTTTTTTTTTT
0:10:36,@NubMcMoofin,:exploding_head::exploding_head:
0:10:36,@IHATEMYFUHINGUSERNAME,HELL YEAAHAHAHHHDHSJD
0:10:37,@Blu3b1rd._.sk1es,OMG
0:10:37,@gamertuberonmask,WHAT
0:10:37,@kst25iggy,YOOOOO
0:10:37,@shrimpkuuu,oh my god?
0:10:37,@vazquezzavaladarielaalejan6147,YES
0:10:38,@Blu3b1rd._.sk1es,OMG
0:10:39,@Oxivon-l7f,HELP ME
0:10:39,@Danger_luvu12,PFT
0:10:39,@Veledate,OMG IS THIS ROMEO AND JULIET
0:10:39,@victorv5774,WOAAAAAAAAH
0:10:39,@alcinaisMINE,WOAHHHHH
0:10:39,@JackMoon_Fan,COCOA
0:10:40,@jo3a548,HOOOOOOOOOOOOOOOY
0:10:40,@vazquezzavaladarielaalejan6147,YES
0:10:40,@Astrinhostar,WHAAAAAT????
0:10:41,@beepbopmop,OH GOD
0:10:41,@liviasuzana8283,OMG
0:10:41,@ShellyFossilianMM,GAY?
0:10:41,@churritototi,XDDDD
0:10:41,@Kualxek,IM CRYOING
0:10:41,@vazquezzavaladarielaalejan6147,YES
0:10:42,@ADWLOVERANDMM2,Ayoooooooooo
0:10:42,@agoatheadbaby3512,Huh
0:10:42,@The_Silly_Patootie,STOP IM CRYING
0:10:42,@myoaungable,my bee died
0:10:43,@Shivery,OTP
0:10:43,@theREELfinn1,WAIT FIRE SHIP
0:10:43,@vazquezzavaladarielaalejan6147,YES
0:10:43,@NotQTpie,YAOI
0:10:43,@Jamzandjelly,NOOOOOOO
0:10:43,@Oxivon-l7f,IM PISING
0:10:44,@silykat35,RWEEHHHRNNNAGAGGHH
0:10:44,@Star_shellyforever,WHATWHAT
0:10:44,@Karlieyemeowtaco19,GAY
0:10:44,@Solums,Bara Yaoi?!
0:10:44,@Juter-h9x,WHAT THE FUCK
0:10:45,@Esotilinbailatilinwuautilin,COCOAAAAA
0:10:45,@mimi-j9j9e,SHIP
0:10:45,@forestkidsplay335,yoooooooooooo
0:10:45,@jennythebean9117,Grindr
0:10:45,@JackMoon_Fan,Damn
0:10:46,@kamila_12000,LMAOOOO
0:10:46,@Jamzandjelly,OH MY GOD
0:10:46,@alcinaisMINE,OHHHH FREAKS
0:10:47,@cornballygooner,SOULVESTERR
0:10:47,@Santanaj08,SHIP SHIP SHIP
0:10:47,@eranekahield5793,67
0:10:47,@Blu3b1rd._.sk1es,HAHAHAHHAHAHAHAHHAAHAHAHAHAHAHAHA
0:10:47,@estomesto,NOO
0:10:48,@franzhilari4040,HELP
0:10:48,@maxbear027,:face-fuchsia-wide-eyes::face-fuchsia-wide-eyes::face-fuchsia-wide-eyes:
0:10:48,@00_miayattaGay367,GAY
0:10:48,@Iwowkan,THEY'RE GAY??
0:10:48,@RC-tc8go,OMG
0:10:49,@mimi-j9j9e,YAOIIIIIIIIIIIIIIIII
0:10:49,@kamila_12000,lol
0:10:49,@Zac-l7c,WHAT 
0:10:50,@Igotbannedtoomanytimes,YEYAAAA
0:10:50,@IHATEMYFUHINGUSERNAME,OHHH I'M COMING.
0:10:50,@shrimpkuuu,holy peak?
0:10:50,@Dandicuslol,YESS SOULVESTER X FLYTE YEAHHH
0:10:50,@eranekahield5793,67
0:10:50,@The_Silly_Patootie,HELPPPPP
0:10:51,@roy-h6o6q,WHAT-
0:10:51,@musashi-f4n,NOOAOOAOAOSOOSOSD
0:10:51,@Jamzandjelly,?????
0:10:51,@bug_under,FLYTE RUN
0:10:51,@forestkidsplay335,gayyyy
0:10:51,@gamertuberonmask,OH MY GOSH THE BROTHERS
0:10:52,@Gaalnr,how could he betray gourdy like this
0:10:52,@Sylvester-o7q,YESS IT CAME TRUE
0:10:52,@Kualxek,I LOVETHIS SHIP U CRO
0:10:52,@kamila_12000,6777
0:10:52,@kst25iggy,YOOOOO 
0:10:52,@P35T,full yaoi
0:10:53,@shrimpkuuu,EVERYONE MOVE
0:10:53,@victorv5774,:face-orange-biting-nails::face-orange-biting-nails::face-orange-biting-nails: IM TREMBLING
0:10:53,@C0DY_RH0D3S,Molly uhh
0:10:54,@moonlunayt907,BRUH SOULVESTER X FLYTE
0:10:54,@coolgamer_wow,sirmeowsalot
0:10:54,@pxrple..,NO WAY
0:10:54,@Star_shellyforever,:hand-orange-covering-eyes::hand-orange-covering-eyes::hand-orange-covering-eyes::hand-orange-covering-eyes::hand-orange-covering-eyes::hand-orange-covering-eyes:
0:10:55,@ɲiquee-l5y,SOLVESTER X FLYTE YEAH
0:10:54,@mimi-j9j9e,AHHHHHHHHHHHHHHHHHH@!!!!!!
0:10:55,@NotQTpie,YOIIIIII
0:10:55,@pokefreak2112,gourdyyy <3<3
0:10:56,@theo6t7,I'm dying. lol
0:10:56,@Kualxek,IC RY//
0:10:56,@vazquezzavaladarielaalejan6147,OMG
0:10:56,@forestkidsplay335,wtf
0:10:57,@Jenny_jellyfan23665,Why did Halloween
0:10:57,@alcinaisMINE,Soulvester hooks up with literally everyone he’s a lads man 
0:10:57,@JackMoon_Fan,NOOO
0:10:57,@Angelilockedaway,SOULVESTER CHOSE SOMEONE ELSE
0:10:57,@Reintenofwhat,YAHHAHAHAHAHAHA
0:10:57,@kst25iggy,LMAO
0:10:57,@silykat35,SOULVESTER BRO
0:10:58,@Peejaylew,AYOO
0:10:58,@HMZeroTwo,Unless flyte is also a kid
0:10:58,@kloudscringe,Where the Christmas toons at bro 
0:10:58,@franzhilari4040,MIS PAPISS
0:10:58,@ADWLOVERANDMM2,GAY
0:10:58,@Iwowkan,WELL FINALLY HE'S ACTUALLY GOING FOR SOMEONE LEGAL
0:10:58,@Halloween_isbetter,MOMMY NO
0:10:58,@IHATEMYFUHINGUSERNAME,SOULFLY. SOULFLY.
0:10:58,@The_Silly_Patootie,YO WHAT WHAT
0:10:59,@CocoasWife_Mocktailii,yaoi:thinking_face:
0:10:59,@sondrabradley1615,DID RUDIE AND SOULVESTER BREAKUP AND NOW ITS FLYT
0:10:59,@theREELfinn1,FLYTE X SOLVESTER YAYYYY
0:10:59,@mimi-j9j9e,RIZZ
0:10:59,@Danger_luvu12,THEY GOT CAUGHT
0:10:59,@jo3a548,OH GUVK
0:11:00,@Juter-h9x,67
0:11:00,@Jamzandjelly,SOMEONE RELEASE DANDY
0:11:00,@mimi-j9j9e,GAY
0:11:01,@Blu3b1rd._.sk1es,OH
0:11:01,@MurphyCarver,gayyyyy
0:11:01,@Juter-h9x,67
0:11:02,@NubMcMoofin,:face_savoring_food:
0:11:02,@haileykitty6993,thank god bro isn't flirting with a pumpkin baby again
0:11:02,@Jenny_jellyfan23665,The Halloween 
0:11:02,@raimapper3367,HAUNTEDINSECRTT RAHSHDHHS
0:11:02,@theREELfinn1,I HATE COCOA
0:11:03,@liviasuzana8283,:hand-orange-covering-eyes::hand-orange-covering-eyes::hand-orange-covering-eyes::hand-orange-covering-eyes::face-orange-biting-nails::face-red-heart-shape::face-red-heart-shape:
0:11:03,@Kipkat13,SAVE HER
0:11:03,@carabarabonanza,YEYEYEEYYEEYS
0:11:03,@agoatheadbaby3512,I love shipping trash.
0:11:04,@Yunilyseternalparadise,damn
0:11:04,@gamertuberonmask,SO HE CHEATED WITH GOURDY?
0:11:04,@xamxsu,gg
0:11:04,@Reintenofwhat,Yatta
0:11:04,@Shivery,Let Cocoa go
0:11:05,@sondrabradley1615,YES
0:11:05,@The_Silly_Patootie,UHM
0:11:05,@jo3a548,OH SHIT
0:11:05,@Danger_luvu12,WHAT
0:11:05,@JackMoon_Fan,FLYTE CHANGE SEATS WITH BASSIE
0:11:05,@Angelilockedaway,AAAA
0:11:06,@alcinaisMINE,Tamers Soulvester my love 
0:11:06,@beepbopmop,YATTA???? LMAOOOOO
0:11:06,@Dandicus-j9x,god damn 
0:11:06,@Jamzandjelly,DANDY IS STILL THERE
0:11:06,@HMZeroTwo,DRUNK YATTA
0:11:06,@Prismabom,death isnt real
0:11:06,@clunker6712,Woahhh
0:11:07,@TvorYT,P
0:11:07,@Peejaylew,WHYIS YATTA HOMLESSS
0:11:07,@MillerTheDarkTransPrince,omg
0:11:07,@estomesto,NOO BRING COCOA
0:11:08,@jo3a548,THUG HUNTERS
0:11:08,@ADWLOVERANDMM2,I FEEL SORRY FOR DANDY
0:11:09,@silykat35,BRING COCOA BACKK
0:11:09,@sondrabradley1615,OMG
0:11:10,@jennythebean9117,Bring coco bun left
0:11:11,@MurphyCarver,gayyyyy
0:11:11,@Veledate,why is yatta druknk on the floor
0:11:11,@fleeciaswife,WHAT IS HAPPENING
0:11:11,@The_Silly_Patootie,WHAT THE
0:11:11,@Dandicus-j9x,YES I LOVE THIS SHIP
0:11:12,@ShellyFossilianMM,IM SHITTING
0:11:12,@falnazor0001,LMAO!
0:11:13,@Yunilyseternalparadise,damn
0:11:13,@shrimpkuuu,bro
0:11:13,@Oxivon-l7f,MAKW COCOA GET REVENGE
0:11:13,@kamila_12000,YATTA
0:11:13,@alcinaisMINE,Him n gourdy r freaky like that guys they’re polyamorous 
0:11:13,@Veledate,OMG>?? FLYTE
0:11:13,@Kipkat13,WHAT LMAO
0:11:13,@MillerTheDarkTransPrince,:flushed_face::flushed_face::flushed_face:
0:11:14,@certafan,So true king
0:11:14,@shrimpkuuu,YATTA
0:11:14,@Jevil-d6l,KEEP COCOA DEAD
0:11:14,@Hexen_4444,it's against the law
0:11:14,@Jenny_jellyfan23665,"Oh my God, Sylvester is gay and"
0:11:14,@theREELfinn1,GUREY UP
0:11:15,@oborodzuka,YATTa
0:11:15,@mimi-j9j9e,OMG YATTA
0:11:15,@sondrabradley1615,OMG YATTA
0:11:15,@purpleegg09,It’s Easter cocoa can be jesus
0:11:16,@Angelilockedaway,Yatta??
0:11:16,@pokefreak2112,he's cheating on gourdy?? :o
0:11:17,@JackMoon_Fan,TF 
0:11:17,@Blu3b1rd._.sk1es,OH….
0:11:17,@Oxivon-l7f,MAKW COCOA GET REVENGE
0:11:18,@bug_under,this is so fun
0:11:18,@Danger_luvu12,YATTA
0:11:18,@The_Silly_Patootie,YATTA
0:11:18,@theREELfinn1,DO IT
0:11:19,@jennythebean9117,Let Dandy go!
0:11:19,@KvVuld,based yatta
0:11:19,@shrimpkuuu,HEHEEHEHE
0:11:19,@NubMcMoofin,:smiling_face_with_hearts:
0:11:19,@liviasuzana8283,yatta?!?
0:11:20,@UngulaPropriaRQ,it's true 
0:11:20,@dribvox,HOLY PEAKKK
0:11:20,@Hyloaf,What's goin on Yatta
0:11:20,@IHATEMYFUHINGUSERNAME,YEAHHHHH
0:11:21,@Tamers12345MLP,Why are you guys talking about Yatta? She's not here?
0:11:21,@P35T,Soulvester changed and now likes femboys
0:11:21,@sondrabradley1615,OMG
0:11:21,@JorArg-c7s,cope
0:11:21,@agoatheadbaby3512,Pinata thing okay?
0:11:21,@theREELfinn1,CRACK SOLVESTER
0:11:22,@moonlunayt907,oop
0:11:22,@myoaungable, 
0:11:23,@AbsoluteHacks-e5c,Noooooooo
0:11:23,@UngulaPropriaRQ,blessed by god to be a gay
0:11:24,@mimi-j9j9e,OMG W FLYTE
0:11:24,@Zaiikai,i love him
0:11:24,@silykat35,Dandy why are ypu$
0:11:24,@HMZeroTwo,Flyte is such a...good boy
0:11:25,@kst25iggy,type shi
0:11:25,@Zac-l7c,Oh look YATTAS DRUNK 
0:11:25,@Marigold_Sunseed_q9v,yay gays :smiling_face_with_hearts:
0:11:25,@Reintenofwhat,I accidentally picked let her go guys I'm sorry :disappointed_face:
0:11:26,@musashi-f4n,YATTA NO MY BESTIE
0:11:26,@Danger_luvu12,WHERE IS DANDYS TOUCHING
0:11:26,@sondrabradley1615,SHE WAS
0:11:26,@liviasuzana8283,oh dandy:eye::mouth::eye:
0:11:26,@Santaman3,Sure flyte 
0:11:27,@Angelilockedaway,YATTA-
0:11:27,@HMZeroTwo,A good christian butterfly
0:11:27,@theREELfinn1,YESSS
0:11:27,@dribvox,THEY'RE SO CUTEEEEE
0:11:27,@jennythebean9117,OwO 
0:11:28,@coolgamer_wow,Tamers you are stupid
0:11:28,@sondrabradley1615,WITH A BEER BOTTLE
0:11:28,@Igotbannedtoomanytimes,LMAO YAYTA
0:11:28,@certafan,Is the yatta in the room with us?
0:11:28,@shrimpkuuu,yuuuum
0:11:28,@UngulaPropriaRQ,REINVENT THE VIBE 
0:11:29,@myoaungable, 
0:11:30,@Prismabom,i love flytes voice!
0:11:30,@Iwowkan,WHAT
0:11:30,@Yunilyseternalparadise,yeah that's pretty gay
0:11:30,@JackMoon_Fan,She’s literally there
0:11:31,@Kualxek,PIÑATA THING IS NOT OKAY
0:11:32,@KohJhonesItula,wow
0:11:32,@franzhilari4040,:frowning_face_with_open_mouth:
0:11:33,@P35T,hmm
0:11:33,@Shivery,Flyte has that Christian girl vibe from ghost stories
0:11:34,@Juter-h9x,Yatta is a ghost
0:11:35,@fleeciaswife,Is this yaoi
0:11:35,@sammy2kiss,@tamers12345MLP is goob gonna be here?
0:11:36,@haileykitty6993,"God did let people be born gay, that's why I'm BI :grinning_squinting_face:"
0:11:36,@kamila_12000,LOL
0:11:37,@theo6t7,"Too bad, solvent won't stick with gourdy anymore."
0:11:38,@The_Silly_Patootie,UHM
0:11:38,@Gaalnr,dandy has a good grip
0:11:38,@theREELfinn1,WOAHH
0:11:38,@I_CollectFandomsLikePokemon,Ts peak
0:11:39,@misakayy1911,DAMN
0:11:39,@AnaveyaRamos,That is a SIN
0:11:40,@bug_under,flyte is a victim
0:11:40,@shrimpkuuu,FUCK THIS IS SO GOOD
0:11:40,@Danger_luvu12,CAUGHT 4K
0:11:40,@GRIMEY_SIN,WHY'D HE GROWL LMFAOOOO
0:11:41,@Peejaylew,FLYTW CHILLL
0:11:42,@Sh3llyF0ssili4nExpert,Wth
0:11:42,@Solums,What a bara x yaoi
0:11:42,@xamxsu,i fyck wih this so BADDDDDDD
0:11:42,@okuriinu8489,AYO
0:11:43,@applebloom2307,UNF
0:11:43,@NubMcMoofin,:face_savoring_food::face_savoring_food:
0:11:43,@Tamers12345MLP,"Stop talking about Yatta, this isn't about her"
0:11:43,@mimi-j9j9e,WOAAAAAAAAAAAAAAAAAAAAAAAAHHHHHHHHHHHHHHHH
0:11:43,@Blu3b1rd._.sk1es,HAHAHAHAHAHA
0:11:44,@Goocat33,Tamers my dad 
0:11:44,@shrimpkuuu,YEEEEEEEUP
0:11:46,@fleeciaswife,Woah
0:11:47,@theREELfinn1,WOAH
0:11:47,@musashi-f4n,:!
0:11:47,@jennythebean9117,OwO 
0:11:47,@Jenny_jellyfan23665,Why did the Halloween toons kill Coco that is literally so sad
0:11:48,@ShellyFossilianMM,WHYRE THEY CUTE
0:11:49,@Reintenofwhat,ayo chill out flyte
0:11:50,@alcinaisMINE,grrrr
0:11:49,@applebloom2307,UNFFFF
0:11:50,@The_Silly_Patootie,OHHHHH
0:11:50,@Veledate,it's so funny how they're still chained
0:11:51,@Astrinhostar,YEYEYEYEY
0:11:52,@Zaiikai,HIS VOICE CHANGED
0:11:52,@HMZeroTwo,FLYTE YOU TEMPTRESS
0:11:54,@Angelilockedaway,OH-
0:11:54,@Jevil-d6l,WHAT THE FUCK
0:11:55,@usernotfound-g8c,gay
0:11:55,@superarcade643,HOLY
0:11:55,@Halloween_isbetter,SOULWINGS SAY GEX AASSMMRR
0:11:55,@Sylvester-o7q,Omg…:eyes:
0:11:56,@sondrabradley1615,OMG
0:11:56,@Igotbannedtoomanytimes,HIS HEAD :loudly_crying_face:
0:11:56,@purpleegg09,WHY DID HE GROWL
0:11:57,@JackMoon_Fan,AYO
0:11:57,@silykat35,OH YEAHH
0:11:57,@beepbopmop,WOAHHHH??????
0:11:58,@agoatheadbaby3512,Eeeerrr
0:11:58,@liviasuzana8283,:hand-orange-covering-eyes::hand-orange-covering-eyes:
0:11:58,@P35T,yatta
0:11:59,@00_miayattaGay367,YES
0:11:59,@okuriinu8489,HELP Y DID HE GROWL
0:11:59,@Star_shellyforever,HOLT SHI
0:11:59,@shrimpkuuu,bro DANDY MOVE
0:11:59,@Feojsshsyydud,Goons
0:12:00,@gamertuberonmask,Oh dear
0:12:00,@beepbopmop,THAT VOICE?????
0:12:01,@Kipkat13,GAHDAMN
0:12:01,@Igotbannedtoomanytimes,AAAAA
0:12:01,@Santanaj08,YATTA
0:12:01,@Mynameisnouse,What the fack
0:12:03,@kst25iggy,dandy gotta shut up for a moment 
0:12:03,@sondrabradley1615,OMG
0:12:04,@Blu3b1rd._.sk1es,atleast soulvester doesn’t like gourdy anymore
0:12:04,@musashi-f4n,WHY DID HE GRRRR
0:12:04,@alcinaisMINE,Why are we pulling another Applebottom im sobbing
0:12:04,@Jamzandjelly,Crying 
0:12:04,@bug_under,flyte are you deadass
0:12:05,@JackMoon_Fan,WHAT THE HECK
0:12:05,@kloudscringe,BRO
0:12:05,@NubMcMoofin,:disappointed_face:
0:12:06,@ADWLOVERANDMM2,YATTA
0:12:06,@Angelilockedaway,FLYTE YOU TURNED HIM OUT.
0:12:06,@falnazor0001,"Yeah, Dandy!"
0:12:06,@makotoikari4854,lmao
0:12:07,@certafan,Wow Dandy is so inconsiderate
0:12:07,@theREELfinn1,FLYTE IS SO REEL !!/J
0:12:10,@The_Moon_Nighty,GAY ALERT :speaking_head::fire::fire::fire::fire::fire:
0:12:11,@gamertuberonmask,Imagine Flutter and Connie see them like this…
0:12:11,@P35T,Dandy?
0:12:11,@raimapper3367,yooo
0:12:11,@Oxivon-l7f,yatta does NOT care
0:12:12,@jennythebean9117,OwO 
0:12:12,@Hexen_4444,Dominate Femboy
0:12:12,@Lucario4thewin,ok
0:12:12,@kamila_12000,what
0:12:14,@theREELfinn1,YEAH
0:12:15,@shrimpkuuu,SOEMONE GET THIS FUCKING BABY MAN OUT OF HERE SO I CAN GET MY YAOI UN
0:12:15,@Blu3b1rd._.sk1es,OH
0:12:16,@Feojsshsyydud,What happened to yatta
0:12:17,@Shinymirrorglisten,OMG NO I WENT AWAY FOR TO OONT
0:12:17,@cosmo-i1r,OMG I JUST CAME WHAT HAPPENED YO COMSO:loudly_crying_face::loudly_crying_face::loudly_crying_face:
0:12:17,@Peejaylew,WHAT
0:12:18,@Igotbannedtoomanytimes,THAT GRRR AAA IMA CREAM
0:12:17,@maxbear027,same
0:12:18,@Iwowkan,SO REAL
0:12:19,@mimi-j9j9e,OMGG
0:12:20,@jo3a548,OH FUCK
0:12:21,@purpleegg09,Oh
0:12:21,@Angelilockedaway,OH!
0:12:21,@The_Silly_Patootie,GHOST WHAT NOW?
0:12:22,@applebloom2307,yo
0:12:22,@Jevil-d6l,WHAT
0:12:22,@Astrinhostar,OI????
0:12:23,@UngulaPropriaRQ,VALID CRASHOUT 
0:12:23,@GAMERB0YJ03Y,OH OKAY
0:12:23,@fleeciaswife,OH
0:12:24,@Reintenofwhat,ayo
0:12:24,@liviasuzana8283,oh
0:12:24,@agoatheadbaby3512,why doesn't Dandy just leave?
0:12:24,@cricket_gaming_hd9439,flyte has ruined too many of my runs to make me care about him
0:12:24,@Zaiikai,SAMEEE
0:12:24,@emosprout,LOLLLL
0:12:25,@Kipkat13,go
0:12:25,@kloudscringe,That’s nice sweetie 
0:12:25,@Yunilyseternalparadise,vroo
0:12:26,@alcinaisMINE,That’s going in a museum
0:12:26,@roy-h6o6q,NAH
0:12:26,@shrimpkuuu,WOOOOOOOOOOOOOOOOO
0:12:27,@fleeciaswife,IM CRYING
0:12:27,@estomesto,Broo
0:12:27,@usernotfound-g8c,how is Yatta's business
0:12:27,@Puffu_13,WHAT the
0:12:28,@HMZeroTwo,FLYTE MY GOAT BEING REAL WITH DANDY
0:12:28,@Tamers12345MLP,Unfortunately people want Cocoa to be brought back to life despite her being a bitch
0:12:29,@Peejaylew,WTF FLYTE
0:12:29,@jo3a548,oh fuck
0:12:30,@bug_under,did soulvester go to therapy and become normal
0:12:30,@Dandicuslol,Is YATTA drunk?
0:12:30,@shrimpkuuu,GET IT FLYTE
0:12:30,@Sm0gMuff1n,:pensive_face:wow pop off flyte
0:12:31,@ShellyFossilianMM,IM HOWLING! 
0:12:31,@Veledate,HE WANTS THAT GHOSTUSSY
0:12:31,@Star_shellyforever,OH
0:12:32,@Jamzandjelly,Oh
0:12:32,@Vicky-k6g6i,ABUBU
0:12:32,@BobFromSlapBattles23,GHOST WHAT
0:12:32,@Kualxek,Oh my GOD
0:12:32,@Iwowkan,JUST FUCK ALREADY
0:12:32,@HMZeroTwo,HE WANTS GHOST CHICKEN
0:12:33,@Peejaylew,WTF
0:12:33,@SENTINELOFABYBSS12,GHOST WHAT 
0:12:34,@usernotfound-g8c,how is Yatta's business
0:12:34,@misakayy1911,LMAO
0:12:34,@musashi-f4n,HAHAHAHAHAHAH
0:12:35,@cosmo-i1r,WHAT HAPPENED TO COSMO
0:12:35,@sondrabradley1615,ERM....ACTUALLY ITS 3 MONTHS
0:12:35,@Solums,I mean he say true
0:12:35,@JackMoon_Fan,Ghost wut?
0:12:35,@alcinaisMINE,I WANT GHOST COOOOOCK!!!!!!!!!
0:12:36,@usernotfound-g8c,how is Yatta's business
0:12:36,@silykat35,Please dont make this happen
0:12:36,@Jenny_jellyfan23665,"Honestly, why?"
0:12:36,@The_Silly_Patootie,OHHHH
0:12:36,@Kualxek,HELP
0:12:36,@Shivery,Flyte you ok?
0:12:37,@RC-tc8go,W crashout
0:12:37,@raimapper3367,NOO DONT DO IT TAMERS NONE WANTS HER
0:12:37,@HMZeroTwo,Dandy we don't care
0:12:37,@Nanaw8888,Cocoa is cooked
0:12:37,@franzhilari4040,LOL
0:12:38,@shrimpkuuu,FLYTEEEEEEE GET IN THERE
0:12:39,@Halloween_isbetter,SLURP NOW
0:12:40,@Iwowkan,HAHA
0:12:40,@Gaalnr,lol
0:12:40,@gamertuberonmask,I wonder how Flutter and Connie would react to Flyte and Soulvester’s relationship
0:12:40,@P35T,I WANT IT
0:12:40,@Kipkat13,SO TRUE
0:12:41,@Juter-h9x,I DONT UNDERSTAND NOTHING I AM A LATINO
0:12:41,@Santaman3,Pls Dandy I need this Im kinda homeless. Ahhh Yatta.
0:12:41,@sondrabradley1615,OMG
0:12:41,@kitty_.7916,omg
0:12:42,@theREELfinn1,FLYTE JUST CRACK SOLVESTER
0:12:42,@haileykitty6993,ghost wieners are probably good
0:12:43,@Kualxek,NO SHUT UPO BRO
0:12:43,@shrimpkuuu,bro dandy please shut up and move
0:12:43,@Oxivon-l7f,Cocoa had like 4 seconds of screentime
0:12:44,@theREELfinn1,HURRY UP
0:12:45,@Yunilyseternalparadise,oh shi
0:12:45,@estomesto,EW
0:12:45,@Angelilockedaway,CHRISTIAN DANDY??
0:12:45,@Nanaw8888,What does
0:12:46,@kamila_12000,WHAT
0:12:46,@Jenny_jellyfan23665,"Those two boys are gay, but that’s cool. I don’t care."
0:12:47,@Iwowkan,FINALLY
0:12:47,@kst25iggy,YOO YES
0:12:47,@theREELfinn1,WOAHHH
0:12:47,@sondrabradley1615,OMG
0:12:48,@Zaiikai,OMG
0:12:49,@Lucario4thewin,these angles
0:12:49,@fleeciaswife,Whyd he grow lips
0:12:49,@The_Silly_Patootie,YO
0:12:50,@jo3a548,OH FUCK
0:12:50,@ADWLOVERANDMM2,THE FUCK
0:12:50,@purpleegg09,Oooh
0:12:51,@vazquezzavaladarielaalejan6147,AYOOOO
0:12:53,@estomesto,WHY HE HAS MOUTY
0:12:54,@Zac-l7c,CLOSE YIUR LEGD AND OPEN A BIBLE HAHA 
0:12:55,@Peejaylew,YOOO
0:12:56,@Hyloaf,got em
0:12:56,@franzhilari4040,WHAT
0:12:56,@agoatheadbaby3512,DAAAAAAMN
0:12:57,@theREELfinn1,PEAK
0:12:57,@Nanaw8888,The
0:12:57,@silykat35,DANDY:0
0:12:58,@kloudscringe,:warning:
0:12:59,@gamertuberonmask,FLYTE WITH A MOUTH 
0:12:59,@alcinaisMINE,There she is
0:13:00,@KohJhonesItula,LOL
0:13:00,@shrimpkuuu,YES PLEASEEEE
0:13:00,@vazquezzavaladarielaalejan6147,YES
0:13:00,@HMZeroTwo,His mouth is out that's why he's serious
0:13:01,@sondrabradley1615,YATTA THERE AGAIN
0:13:01,@Veledate,oml not the cottage home-
0:13:01,@kamila_12000,LOL
0:13:01,@Tamers12345MLP,@Oxivon-l7f She made those 4 seconds work though
0:13:01,@gamertuberonmask,OH MY GOSH
0:13:02,@dribvox,OH MY GAWDDDDDDD I WISH I WAS FLYTE
0:13:02,@estomesto,LOL
0:13:02,@sondrabradley1615,YATTA
0:13:03,@kamila_12000,JAJAJAJAJA
0:13:03,@kitty_.7916,OMGGGG
0:13:04,@IHATEMYFUHINGUSERNAME,SHIP SHIP
0:13:04,@NubMcMoofin,:smiling_face_with_hearts:
0:13:04,@Angelilockedaway,OH-
0:13:04,@Kualxek,DAMN
0:13:04,@nvomis,hi 
0:13:04,@liviasuzana8283,:eyes-pink-heart-shape::eyes-pink-heart-shape:
0:13:05,@Astrinhostar,AYOOOOO
0:13:05,@raimapper3367,WOAH
0:13:05,@Puffu_13,omg
0:13:05,@Danger_luvu12,DAYUM
0:13:05,@MillerTheDarkTransPrince,yatta
0:13:06,@estomesto,HROO
0:13:06,@beepbopmop,IS DANDY FORCED TO WATCH????
0:13:06,@00_miayattaGay367,OH
0:13:06,@franzhilari4040,MIS PAPISSS
0:13:06,@misakayy1911,LMAO
0:13:07,@The_Silly_Patootie,STOPPPPPP
0:13:07,@Yunilyseternalparadise,lmaoooo
0:13:07,@jennythebean9117,He ain’t going to heaven 
0:13:07,@musashi-f4n,WOAHHHHHHH
0:13:08,@gamertuberonmask,I KEEP PAUSING MY COMMENTS
0:13:08,@silykat35,OH GOD NO
0:13:10,@NotQTpie,OOOOOHHH
0:13:10,@jo3a548,SALFSAOLDFLSAFOSALFO
0:13:10,@VelvetBonbon-eu9oz,WOW :fearful_face:
0:13:10,@Halloween_isbetter,PREACH DADDY FLYTE
0:13:10,@UngulaPropriaRQ,holy fucking shit new ship unlocked 
0:13:11,@Solums,Bara
0:13:11,@kloudscringe,WHAT OS THIS
0:13:11,@theREELfinn1,BAHAHAHAHHAHAHAHA
0:13:12,@Nanaw8888,What the hell is the picture?
0:13:12,@KohJhonesItula,XDDDDDDDDDDDDDDDDDDDDDDDDDD
0:13:12,@kamila_12000,WOAHHHH LOLLLL
0:13:12,@ɲiquee-l5y,YO
0:13:13,@shrimpkuuu,YAAAAAAAAAAAY
0:13:13,@haileykitty6993,"damn, he jacked"
0:13:13,@Veledate,literally imagining their whole life together fr
0:13:14,@mimi-j9j9e,OMGGGGGGGGGGGG
0:13:15,@Jamzandjelly,Oh shit
0:13:16,@applebloom2307,wait this music
0:13:16,@gamertuberonmask,SOULVESTER SHIRTLESS
0:13:16,@agoatheadbaby3512,YOOOOOO
0:13:17,@sondrabradley1615,OMG
0:13:18,@Angelilockedaway,BAHAHHAHA
0:13:18,@witkif,He's the alpha wolf??
0:13:19,@Veledate,VRO
0:13:20,@silykat35,AAA
0:13:20,@maxbear027,:face-fuchsia-wide-eyes::face-fuchsia-wide-eyes::face-fuchsia-wide-eyes::face-fuchsia-wide-eyes:
0:13:21,@Karlieyemeowtaco19,I’m crine what 
0:13:22,@Shivery,Big Mac Bareburn??
0:13:22,@fleeciaswife,Holy shit
0:13:23,@Blu3b1rd._.sk1es,OH
0:13:23,@Igotbannedtoomanytimes,WOWHHHH
0:13:24,@Iwowkan,123 I WANT YAOI
0:13:25,@estomesto,AYOO
0:13:26,@Esotilinbailatilinwuautilin,BYE
0:13:26,@kst25iggy,BROO
0:13:27,@bug_under,CHAT IS THIS REAL??
0:13:27,@alcinaisMINE,BIG MAC AND BRSYBURN
0:13:28,@vazquezzavaladarielaalejan6147,GASP
0:13:28,@HMZeroTwo,See soulvester doesn't care cuz he already died and is barred from the afterlife
0:13:28,@ShellyFossilianMM,AWWW
0:13:28,@musashi-f4n,GAYYYYYYY6
0:13:29,@Angelilockedaway,AYO
0:13:29,@gamertuberonmask,OH
0:13:30,@misakayy1911,ZAMN
0:13:30,@Blu3b1rd._.sk1es,YAYYYYYY
0:13:31,@xamxsu,YOOOOOOOOOOO
0:13:31,@raimapper3367,BRO IT SHOULD BE ME NOT FLYTE MOVE OVER
0:13:31,@NubMcMoofin,:face_savoring_food:
0:13:32,@GRIMEY_SIN,MPREG???
0:13:35,@Veledate,IS HE GIVING BIRTH
0:13:36,@kamila_12000,WHATTTTT
0:13:36,@shrimpkuuu,hbnh/
0:13:37,@The_Silly_Patootie,YO YO YO
0:13:37,@shrimpkuuu,nyh
0:13:38,@Igotbannedtoomanytimes,WOAHHHH
0:13:38,@okuriinu8489,this ship right here
0:13:39,@TvorYT,.
0:13:39,@shrimpkuuu,n
0:13:40,@Astrinhostar,OMKHHAHAHA
0:13:40,@shrimpkuuu,nh6n
0:13:41,@juanbanuelos1014,YES YES YES
0:13:41,@gamertuberonmask,MY
0:13:42,@Peejaylew,AYOO
0:13:42,@beepbopmop,WOAHHAWHHHAHHD
0:13:42,@agoatheadbaby3512,BABAHAHAHAHHAA
0:13:42,@JackMoon_Fan,IM IMPRESSED NOW 
0:13:42,@franzhilari4040,WHAT
0:13:42,@alcinaisMINE,SURE BUDDY THIS IS NECESSAYR
0:13:43,@theREELfinn1,STOP WHAT
0:13:43,@GAMERB0YJ03Y,OH
0:13:44,@gamertuberonmask,GOSH
0:13:44,@HMZeroTwo,WHAT IS THIS FRAME
0:13:45,@Kualxek,Woah
0:13:45,@vazquezzavaladarielaalejan6147,HELP
0:13:45,@estomesto,CENSORE
0:13:45,@Zhia.artz09,BAHAHAHAAA
0:13:45,@UngulaPropriaRQ,MPREGGGGG
0:13:46,@Shivery,WOAAAHHH
0:13:46,@Zaiikai,A Star Is Born...
0:13:46,@Danger_luvu12,GAY EVENT TOONS
0:13:47,@silykat35,WHAT
0:13:47,@Veledate,THE BAIBES
0:13:47,@kamila_12000,QUE ES ESTOOOOO
0:13:47,@FurryBayo,THE BRAEBURN MUSIC!!
0:13:47,@vazquezzavaladarielaalejan6147,WHAT
0:13:48,@misakayy1911,WHAT
0:13:48,@Solums,what
0:13:49,@estomesto,NAJWKWK
0:13:49,@shrimpkuuu,WHAT?
0:13:49,@theREELfinn1,MPREG ???
0:13:49,@Blu3b1rd._.sk1es,OMG??
0:13:49,@The_Silly_Patootie,WHATTTTTTTT
0:13:50,@xamxsu,:loudly_crying_face:
0:13:50,@Kualxek,MPREG
0:13:50,@IHATEMYFUHINGUSERNAME,HE'S PREGNANT.
0:13:50,@alcinaisMINE,MPREG???
0:13:51,@Karlieyemeowtaco19,what
0:13:51,@AngelynG-jg5xk,Wth
0:13:51,@Kualxek,IM CRUYING
0:13:51,@Shivery,BELLY
0:13:52,@Zhia.artz09,HAHAHAAA
0:13:52,@Star_shellyforever,:fish-orange-wide-eyes::fish-orange-wide-eyes::fish-orange-wide-eyes::fish-orange-wide-eyes:
0:13:52,@alcinaisMINE,BUAHAHAHH
0:13:52,@JorArg-c7s,STOOOP
0:13:52,@vazquezzavaladarielaalejan6147,OMG
0:13:52,@JackMoon_Fan,WOOAAAHHH 
0:13:52,@pxrple..,WOAH
0:13:52,@churritototi,XDDDDD
0:13:53,@applebloom2307,WAITWHAT
0:13:53,@ADWLOVERANDMM2,YOOOOOO
0:13:53,@purpleegg09,Uhhhhoh
0:13:53,@Santaman3,WHAT
0:13:54,@NubMcMoofin,:smiling_face_with_hearts:
0:13:54,@The_Silly_Patootie,WHAT THE HECK
0:13:55,@Jamzandjelly,YOAI
0:13:55,@Jevil-d6l,WHAT
0:13:55,@juanbanuelos1014,YEEEEEEEEEEEEEES
0:13:55,@Gaalnr,:nauseated_face:
0:13:56,@applebloom2307,YES
0:13:56,@Igotbannedtoomanytimes,WHATTT
0:13:56,@clunker6712,Dandy isn’t even handcuffed to them he can leave
0:13:57,@Solums,new toons
0:13:57,@AngelynG-jg5xk,Yo
0:13:57,@alcinaisMINE,THEYRE BEAUTIFULLLLLL
0:13:58,@applebloom2307,YES
0:13:59,@TheJackManArt,what
0:13:59,@FurryBayo,PREGANTN!!!
0:13:59,@silykat35,WHAT THE HELL IS THE CONTEXT
0:13:59,@Tamers12345MLP,This is canonically what Qwel wants
0:13:59,@SENTINELOFABYBSS12,wtf
0:13:59,@applebloom2307,YES
0:13:59,@Lucario4thewin,this the plot of Hoppers
0:13:59,@jo3a548,OMEGAVERSE
0:14:00,@Zhia.artz09,I SO PROUD
0:14:00,@ADWLOVERANDMM2,YO
0:14:00,@Zac-l7c,Oh god at least it’s not gourdy 
0:14:00,@Goocat33,Really speed
0:14:00,@Shivery,THE KIDS
0:14:00,@JackMoon_Fan,AYO
0:14:00,@Blu3b1rd._.sk1es,:O
0:14:01,@theREELfinn1,THE KDIS WERE SO UFLY
0:14:01,@Igotbannedtoomanytimes,OMG
0:14:02,@MOOSTACHE_Official,lmao
0:14:02,@gamertuberonmask,She blocked 
0:14:02,@Juter-h9x,Omg
0:14:02,@Halloween_isbetter,SOULWINGS ASMRRR
0:14:02,@ɲiquee-l5y,I SHOULD NOT BE WATCHING THIS BUT I CANT RESIST ITS TOO FUNNY-
0:14:02,@UngulaPropriaRQ,10/10 
0:14:02,@Veledate,oml-
0:14:02,@Brushalover,WTFFFF
0:14:03,@HMZeroTwo,DID HE GIVE BIRTH TO FLUTTER
0:14:03,@gamertuberonmask,OH MY GOSH
0:14:03,@sondrabradley1615,PREGNANT IN 5 SECS AND GIVING BIRTH IS ALSO 5 SECS???
0:14:03,@Kipkat13,so true
0:14:04,@Jamzandjelly,YAHOO
0:14:04,@Whitelilycookie-y4w,Uh wth
0:14:05,@Nanaw8888,Is yatta drunk
0:14:05,@AngelynG-jg5xk,:loudly_crying_face::loudly_crying_face:
0:14:05,@Y0lki390,wtf
0:14:05,@vazquezzavaladarielaalejan6147,YES
0:14:05,@alcinaisMINE,THEY ARE BEAUTIFUL BABIES
0:14:05,@Jevil-d6l,FLYTE WHAT WAS THAT DREAM
0:14:05,@UngulaPropriaRQ,THIS IS WHAT QUEL WANTS
0:14:05,@drunkserval,They were so adorable WTF
0:14:05,@musashi-f4n,OH MY GOSH
0:14:06,@okuriinu8489,TAMERS IS MAKING MPREG JOKES NOW
0:14:06,@JackMoon_Fan,WHAT THE HECK 
0:14:06,@jennythebean9117,MPREG ON MY YOUTUBE 
0:14:06,@Dalary523,HELP IM CRYING:broken_heart::broken_heart:
0:14:06,@Y0lki390,WTF
0:14:06,@Yunilyseternalparadise,nahhh
0:14:06,@Halloween_isbetter,OMG PAPI GOT LIPS
0:14:06,@bug_under,WHY IS DANDY THERE??
0:14:06,@The_Silly_Patootie,HELP
0:14:06,@yumyumyumyumyummmmy,lore drop:face_screaming_in_fear::face_screaming_in_fear::face_screaming_in_fear::face_screaming_in_fear::face_screaming_in_fear::face_screaming_in_fear:
0:14:06,@theo6t7,solvente x gourdy.
0:14:07,@Puffu_13,:fearful_face::fearful_face:
0:14:07,@Angelilockedaway,POOR DANDY BAHAHHAA
0:14:07,@liviasuzana8283,OMG
0:14:07,@raimapper3367,CUUUCKKK
0:14:07,@purpleegg09,Dandy has the watching seat
0:14:07,@Zhia.artz09,NAH...THATS CRAZY
0:14:07,@shrimpkuuu,this fucking dude
0:14:07,@sondrabradley1615,WHAT THE HELL DANDY
0:14:08,@superarcade643,HOT
0:14:09,@coolgamer_wow,PREGENT
0:14:09,@Hexen_4444,I have a crush on Yatta
0:14:09,@purpleegg09,Earn this throne
0:14:09,@theREELfinn1,STOP
0:14:09,@alcinaisMINE,whys dandy being cucked im sobbing 
0:14:09,@mimi-j9j9e,WHY IS DANDY THERE
0:14:10,@Danger_luvu12,I'M CRINE
0:14:10,@JackMoon_Fan,AYO
0:14:10,@Astrinhostar,HELP??
0:14:11,@AlaynaBuffington-rk9dr,I’m babysitting a child right now!!
0:14:11,@Jevil-d6l,QWEL WILL WATCH THIS BTW:broken_heart::victory_hand:
0:14:11,@Veledate,hell0???
0:14:11,@kamila_12000,soulvester x flyte
0:14:12,@Tamers12345MLP,@bug_under Dandy can't leave because he's handcuffed to Flyte
0:14:12,@The_Silly_Patootie,UHM
0:14:12,@Halloween_isbetter,LOLLLL
0:14:12,@jo3a548,oh fuck
0:14:12,@shrimpkuuu,i m sick
0:14:12,@Jenny_jellyfan23665,Not the autobiography I learned this at school I don’t wanna hear about it again
0:14:13,@vazquezzavaladarielaalejan6147,OMG
0:14:13,@ADWLOVERANDMM2,THE FUCK
0:14:13,@theREELfinn1,STOP
0:14:13,@Veledate,WHU
0:14:13,@Yunilyseternalparadise,lmaooooo
0:14:13,@Jamzandjelly,IM CRINE
0:14:13,@dashisms,HELPPPPPP
0:14:14,@coolgamer_wow,Tamers you need therapy
0:14:14,@Zhia.artz09,DANDY LMFAO.
0:14:14,@MurphyCarver,soulfliy
0:14:14,@Angelilockedaway,DANDY SAVE YOURSELF
0:14:14,@Veledate,WUAH
0:14:14,@makotoikari4854,:crying_face:
0:14:15,@kitty_.7916,OMG
0:14:16,@silykat35,DANDY GET OUT OF THERE 
0:14:16,@Kipkat13,LMAO
0:14:16,@gamertuberonmask,OH MY GOSH SO MANY HORRIFYING AND TRAUMATIZING STUFF IN UNDER A MINUTE
0:14:17,@Sylvester-o7q,THATS AWESOME 
0:14:17,@theREELfinn1,DANDY CLOSE UR EYES
0:14:17,@sondrabradley1615,OH YEAH
0:14:18,@Zaiikai,DFGSDSG
0:14:18,@HMZeroTwo,Thank you sprout
0:14:19,@Peejaylew,.
0:14:19,@Halloween_isbetter,OMG YESSS
0:14:19,@The_Silly_Patootie,STOP
0:14:19,@dashisms,AHAHAHAHHAHAH
0:14:19,@misakayy1911,:(
0:14:19,@agoatheadbaby3512,IT'S JUST ATTACHED TO HIS BUTT DANDY JUST WALK AWAY
0:14:19,@vazquezzavaladarielaalejan6147,noooooo
0:14:20,@alcinaisMINE,LMAO
0:14:20,@kamila_12000,it's so hot
0:14:20,@dashisms,WHAT
0:14:20,@jo3a548,NOOOOOOOOOOOOOOO
0:14:21,@Juter-h9x,dandy run
0:14:21,@vazquezzavaladarielaalejan6147,NO
0:14:21,@Halloween_isbetter,SOULWINGS
0:14:21,@silykat35,GET OUT OF THERE WHILE YOU STILL CAN
0:14:21,@Jamzandjelly,DANDY
0:14:21,@maxbear027,soulvester bara
0:14:21,@JackMoon_Fan,ILL KMS
0:14:21,@JorArg-c7s,ITS OVER
0:14:22,@kloudscringe,SON
0:14:22,@kamila_12000,argh
0:14:22,@shrimpkuuu,he's crying im dead
0:14:22,@musashi-f4n,WHAT
0:14:22,@dashisms,JJDAJDAHDHAHHDHDAH
0:14:22,@Shivery,:sad_but_relieved_face:
0:14:22,@flimingfrontiers,The tape can’t be invincible :face_holding_back_tears:
0:14:22,@UngulaPropriaRQ,awwwww
0:14:23,@FurryBayo,NOOOO!!!
0:14:23,@Lucario4thewin,heart shattering
0:14:24,@sondrabradley1615,OMGGGGGG
0:14:24,@Kipkat13,k
0:14:24,@kitty_.7916,"Dandy, get out of there"
0:14:24,@Goocat33,Oh no
0:14:24,@xamxsu,bro 
0:14:24,@alcinaisMINE,gourdy please.
0:14:24,@The_Silly_Patootie,UHM
0:14:25,@purpleegg09,What
0:14:26,@Binary_Forever,lol
0:14:26,@theREELfinn1,DO IT
0:14:26,@FurryBayo,I WANT MORE!!!
0:14:26,@estomesto,eww
0:14:26,@connornevitt,"oh yeah, drunk and just happen to be here"
0:14:27,@Angelilockedaway,Bahhaha-
0:14:28,@Zhia.artz09,BABAHAHHAHAHAAAAAAAA
0:14:29,@kittycatyummy,Is he gonna be 6 or 7 hours long
0:14:30,@jo3a548,This is a very emotional episode
0:14:30,@IHATEMYFUHINGUSERNAME,damn
0:14:30,@alcinaisMINE,Gourdy.
0:14:30,@AaliyahMarin-p2v,:face-red-droopy-eyes::face-red-droopy-eyes::face-red-droopy-eyes:
0:14:30,@Jenny_jellyfan23665, Where did Sylvester shirt go?
0:14:32,@Kipkat13,I am DYING
0:14:32,@jennythebean9117,Damn
0:14:32,@HMZeroTwo,You opened up to gourdy soulvester stop the cap
0:14:33,@gamertuberonmask,.
0:14:34,@Jamzandjelly,why is he cryin 
0:14:34,@theREELfinn1,BRO JSUT CRACK
0:14:34,@shrimpkuuu,BRO THIS IS A HOOKUP WHY IS HE WEEPING
0:14:34,@blackholeTPOTFAN1111,WHAT IS THS
0:14:34,@raimapper3367,NOT GOURDY
0:14:36,@purpleegg09,poor soulbester
0:14:36,@bug_under,depressing
0:14:36,@Zhia.artz09,IM CRYING SO HARD.
0:14:36,@alcinaisMINE,GOIRDY LOVES YOU SOULVEGSER HE LOOOOVES U
0:14:38,@Juter-h9x,WHAT
0:14:39,@P35T,Hmmmmmmmmm
0:14:42,@Igotbannedtoomanytimes,:loudly_crying_face::loudly_crying_face::loudly_crying_face::loudly_crying_face:
0:14:42,@sondrabradley1615,BREAKING MY HEART
0:14:44,@Veledate,oh
0:14:44,@Iwowkan,ouch
0:14:45,@Jenny_jellyfan23665,A.k.a. his vest
0:14:45,@kitty_.7916,HAHAHAHAHA
0:14:45,@Jamzandjelly,IM CRINE
0:14:47,@vazquezzavaladarielaalejan6147,THIS SHOULD BE THE MAIN SHIP
0:14:47,@Ilovefruitcake12736,WHAT THE FUCK
0:14:48,@Kualxek,are we getting yaoi
0:14:48,@jsaenz96,arrest the dude who said he's babysitting I'm so serious
0:14:48,@alcinaisMINE,GOURDY LOOOOOVES U
0:14:49,@Reintenofwhat,NOOO FREAK YOU ADDS
0:14:50,@makotoikari4854,"""Okay"""
0:14:50,@AaliyahMarin-p2v,:face-red-droopy-eyes::face-red-droopy-eyes::face-red-droopy-eyes:
0:14:51,@The_Silly_Patootie,CRYING
0:14:51,@yumyumyumyumyummmmy,Where is the part where cosmo gets punished :broken_heart:
0:14:51,@kst25iggy,broooo
0:14:52,@Kualxek,a yaoi scene
0:14:53,@Veledate,GOURDYT
0:14:53,@Lucario4thewin,men suffer in silence
0:14:53,@certafan,Ok
0:14:54,@Shivery,Yaoi drama
0:14:54,@silykat35,What a love story
0:14:54,@Angelilockedaway,shits
0:14:55,@bug_under,soulvester stop making this weird with your gay feelings
0:14:55,@jo3a548,oh no
0:14:56,@Veledate,HELLO??
0:14:57,@choc0xbao,What's going on
0:14:57,@sondrabradley1615,BRO GOT CUT OFF-
0:14:58,@xamxsu,Okay :loudly_crying_face:
0:14:59,@purpleegg09,lol
0:14:59,@JackMoon_Fan,DW YAOI
0:15:00,@MurphyCarver,:face-purple-crying::face-purple-crying::face-purple-crying::face-purple-crying:
0:15:01,@Igotbannedtoomanytimes,:clock-turquoise-looking-up::clock-turquoise-looking-up::clock-turquoise-looking-up::clock-turquoise-looking-up::clock-turquoise-looking-up::clock-turquoise-looking-up:
0:15:01,@kamila_12000,RIBECCA
0:15:01,@jennythebean9117,:loudly_crying_face::loudly_crying_face::loudly_crying_face::loudly_crying_face::loudly_crying_face::loudly_crying_face:
0:15:02,@alcinaisMINE,So we just loredumping now
0:15:02,@ShellyFossilianMM,“Okay.”
0:15:03,@HMZeroTwo,DIDN'T YOU HIT HER
0:15:03,@AaliyahMarin-p2v,:face-red-droopy-eyes::face-red-droopy-eyes::face-red-droopy-eyes:
0:15:03,@raimapper3367,GOURDYYY :loudly_crying_face::loudly_crying_face::loudly_crying_face:
0:15:03,@Shivery,Connie is ded btw
0:15:03,@FurryBayo,didn't Connie die?
0:15:03,@NubMcMoofin,:exploding_head::exploding_head:
0:15:05,@superarcade643,BASED
0:15:05,@Yunilyseternalparadise,damn
0:15:06,@sondrabradley1615,DIDNT CONNIE DIE?????
0:15:06,@alcinaisMINE,GOURDY LOOK
0:15:07,@Puffu_13,:loudly_crying_face:
0:15:07,@Jamzandjelly,WHAT
0:15:08,@jennythebean9117,Noooooo
0:15:08,@Halloween_isbetter,PLZ TWIST FOR FLYTES EGGS SOUL
0:15:08,@Veledate,HELLO
0:15:09,@vazquezzavaladarielaalejan6147,HELP???
0:15:10,@kamila_12000,XD
0:15:10,@liviasuzana8283,nooooo
0:15:10,@Kualxek,WQGHAT
0:15:10,@xamxsu,HELPP
0:15:11,@jo3a548,CHEATER
0:15:12,@Angelilockedaway,OH MY GOD
0:15:13,@alcinaisMINE,CHEATER
0:15:13,@Blu3b1rd._.sk1es,WHAT
0:15:13,@theo6t7,Soulvester x Gourdy. always
0:15:13,@The_Silly_Patootie,UH OH
0:15:14,@kitty_.7916,HAHAHAHHHA
0:15:14,@Y0lki390,wtf
0:15:14,@superarcade643,BASED BASED BASED BASED BASED BASED
0:15:15,@Veledate,NOT THE THREATENING
0:15:15,@beepbopmop,GET AWAY FROM HIM GOURDY
0:15:15,@HMZeroTwo,CHEATER
0:15:15,@shrimpkuuu,?
0:15:15,@Juter-h9x,WHAT
0:15:16,@JackMoon_Fan,IM CRYING 
0:15:17,@gamertuberonmask,CONNIE HITS SOULVESTER?!
0:15:17,@Reintenofwhat,rebbeccaaaaaaaaaaaaaa
0:15:17,@misakayy1911,OH NO
0:15:18,@vazquezzavaladarielaalejan6147,GOURDY
0:15:18,@purpleegg09,EHATATATATSYSHJSS
0:15:19,@kloudscringe,BROLMFAO
0:15:19,@Peejaylew,WHA
0:15:19,@beepbopmop,RUNNNNNNN
0:15:20,@remyrambless,GOURDY NOOOOO
0:15:21,@HerreZC,OH NO...
0:15:22,@Tamers12345MLP,Soulvestor put a picture frame of himself on the wall to remind himself every morning whos the badest bitch
0:15:22,@vazquezzavaladarielaalejan6147,???
0:15:22,@Shivery,CHEATER
0:15:23,@alcinaisMINE,I’m sobbing
0:15:23,@Blu3b1rd._.sk1es,I WAS WRONG
0:15:23,@NubMcMoofin,:face_holding_back_tears::loudly_crying_face::loudly_crying_face:
0:15:23,@ShellyFossilianMM,BROOOOOOo&282&2
0:15:24,@connornevitt,killed by a Glock 19
0:15:26,@RC-tc8go,Ok
0:15:26,@Danger_luvu12,HAHAHAHAHAHAHA
0:15:26,@Juter-h9x,HELP
0:15:27,@beepbopmop,RUN
0:15:27,@Astrinhostar,OI????
0:15:27,@kloudscringe,CHEATER
0:15:28,@agoatheadbaby3512,Hhuuughh
0:15:28,@alcinaisMINE,DUDE
0:15:28,@purpleegg09,WHATATATATATATATATA
0:15:29,@beepbopmop,RUN FROM HIM
0:15:29,@Oxivon-l7f,IM CRYING 
0:15:30,@gamertuberonmask,WHAT?!
0:15:30,@Jamzandjelly,OH SHIT
0:15:30,@SonataDidIt,LOL
0:15:30,@Kualxek,ESO KE 
0:15:30,@Igotbannedtoomanytimes,OMG
0:15:31,@tiffanyd4581,NAHHHHHHHHH 
0:15:31,@P35T,i see gourdy's family
0:15:31,@iamboomer7805,OHNONONONONON
0:15:31,@Iwowkan,what
0:15:32,@agoatheadbaby3512,BAHAHAHAHAHA
0:15:32,@Zhia.artz09,:skull: OH HELLLLL NAH
0:15:33,@shrimpkuuu,BRO
0:15:33,@silykat35,OH MY GOSH
0:15:34,@Veledate,not them in jail-
0:15:34,@beepbopmop,GOOO
0:15:34,@The_Silly_Patootie,YOOOO
0:15:35,@Jenny_jellyfan23665,"Hey yo, wtf is they doing?"
0:15:35,@Jamzandjelly,WHAT
0:15:36,@Igotbannedtoomanytimes,WHAT
0:15:36,@jennythebean9117,Gourdy noooooooo
0:15:36,@liviasuzana8283,NOO OMG
0:15:37,@Jamzandjelly,EW
0:15:37,@gamertuberonmask,GOURDY?!
0:15:39,@Angelilockedaway,I'M CRYING
0:15:39,@TheJackManArt,OMG VOLVIERON DEL INFIERNO
0:15:39,@Y0lki390,so good
0:15:39,@yumyumyumyumyummmmy,lore drop
0:15:39,@Juter-h9x,GOURDY NO
0:15:39,@HMZeroTwo,GOURDY IS GONNA KILL HIM
0:15:40,@Reintenofwhat,Oh nahhhh
0:15:41,@Kualxek,OH MY GOSD
0:15:41,@Igotbannedtoomanytimes,WHAT THE FUCK
0:15:44,@tiffanyd4581,OH FUCK
0:15:45,@fleeciaswife,SPRORUTYTU
0:15:45,@Kualxek,NOT AGAIN
0:15:45,@fleeciaswife,SPEOUT
0:15:45,@Solums,what the
0:15:45,@kitty_.7916,ew
0:15:46,@fleeciaswife,ITS SPROUUT
0:15:46,@Zac-l7c,NAHHHH 
0:15:47,@Y0lki390,it's funny
0:15:47,@maxbear027,lol
0:15:48,@JackMoon_Fan,CHEATERRR
0:15:47,@silykat35,WOWOWOOWOWOHHH
0:15:48,@gamertuberonmask,YO
0:15:48,@fleeciaswife,SPROUT
0:15:48,@Cherrylitzx,not the gourdy shit man
0:15:48,@theREELfinn1,AWWW ASTRO LOOKS SO CUTE
0:15:49,@Santaman3,GIGI ALIVE
0:15:50,@Yuirlover,LOL
0:15:51,@Shivery,OMG THEY LIVE
0:15:51,@Whitelilycookie-y4w,GOURDY NO.
0:15:51,@sondrabradley1615,DIDNT CONNIE DIE??? HOW IS SHE THERE???
0:15:52,@MillerTheDarkTransPrince,XD
0:15:53,@beepbopmop,GIGI???????
0:15:53,@Tamers12345MLP,Soulvestor will go to jail don't worry
0:15:54,@agoatheadbaby3512,THIS IS THE GREATEST THING EVER
0:15:56,@ilovechristmasforever,Razzle n Dazzle
0:15:56,@Y0lki390,WTF
0:15:56,@Hexen_4444,HIS CHILD BRIDE CAUGHT HIM!
0:15:56,@vazquezzavaladarielaalejan6147,JAJAJAJAA
0:15:57,@fleeciaswife,SPROUT
0:15:57,@sondrabradley1615,/THEY DIED
0:15:58,@SharkDoggy,THEYRE ALIVE
0:15:58,@iamboomer7805,FREE THEM
0:15:58,@P35T,sprout seedly eat cake
0:15:58,@Peejaylew,JAIL
0:15:58,@maxbear027,:face-green-smiling::face-green-smiling::face-green-smiling:
0:15:58,@gamertuberonmask,THE 4 ARE STILL ALIVE
0:15:59,@Jamzandjelly,EWWW
0:15:59,@Yunilyseternalparadise,LMAOOOOO
0:15:59,@Halloween_isbetter,GOURDY IS SO LUCKY
0:15:59,@jennythebean9117,The cages
0:16:00,@Veledate,THEY STILL LIVE??/
0:16:00,@Zac-l7c,Mmm carrot cake 
0:16:00,@gold_13920,am crying
0:16:00,@gamertuberonmask,WAIT WHERE IS TOODLES?!
0:16:00,@UngulaPropriaRQ,I SO QUICKLY FORGOT SOULVESTER IS IN THE EPSTIEN FILES
0:16:00,@Veledate,WHERES TOODLES
0:16:00,@Jevil-d6l,LET THE CRIMINALS FREE
0:16:00,@tiffanyd4581, NAHHHHHHHHH 
0:16:01,@raimapper3367,SPROTURJ SPROTUS SPROUT ZPTOUT SHAHHSHS dprout
0:16:01,@kamila_12000,HAHHAHA
0:16:02,@liviasuzana8283,omg connie
0:16:02,@pokefreak2112,cheater cheater!!
0:16:02,@sondrabradley1615,NOOOOOO
0:16:02,@The_Silly_Patootie,HUH
0:16:02,@xTWISTEDTREATSx,PEAKK
0:16:02,@kloudscringe,Plot armor I guess bro
0:16:02,@Jenny_jellyfan23665,"OK, how did they get kids in the in the future I don’t even think that’s going to happen."
0:16:03,@Peejaylew,ALIVE
0:16:03,@haileykitty6993,I tried a carrot cupcake and it was kinda tasty.
0:16:03,@Reintenofwhat,what the hell Connie and end AND GIGI!?
0:16:03,@Kualxek,Can I cry
0:16:04,@Jevil-d6l,LET THEM FREE
0:16:04,@gamertuberonmask,I KNOW TOODLES WAS THERE IN THAT BEACH EPISODE
0:16:05,@sondrabradley1615,NOT MY BABY SOULVESTER
0:16:05,@Veledate,oh therres toodles
0:16:05,@jo3a548,OH FUCK
0:16:05,@koboldpilled,wtf is a dand world
0:16:05,@JackMoon_Fan,What r they doing 
0:16:06,@bug_under,@Tamers12345 thank god
0:16:06,@cricket_gaming_hd9439,wheremst super sayan dandicus so he cant kiss astro without it being gay
0:16:06,@shrimpkuuu,@Tamers12345MLP is he going to jail this episode or in the future
0:16:06,@silykat35,oh
0:16:06,@yumyumyumyumyummmmy,WHERES TOODLES
0:16:06,@alcinaisMINE,Can gigi and toodles crack if they’re in the same cell 
0:16:06,@theo6t7,"Gourdy, finish off that damned butterfly!"
0:16:06,@AmyrahChavez,:skull::skull::skull::skull::skull::skull:
0:16:07,@Astrinhostar,yes
0:16:07,@AaliyahMarin-p2v,:face-red-droopy-eyes::face-red-droopy-eyes::face-red-droopy-eyes:
0:16:07,@theREELfinn1,ASTRO LOOKS CUTE
0:16:07,@patrickbouchard5486,OMG 
0:16:07,@Peejaylew,WHERES TOODLES
0:16:07,@Kipkat13,hawk tuah
0:16:07,@witkif,WHO SAID GOURDY IS LUCKY IM ACTUALLY CRYING
0:16:08,@Yunilyseternalparadise,damn.
0:16:08,@Lucario4thewin,toons cant die?
0:16:09,@luci-leafyang,wow
0:16:09,@HMZeroTwo,MY FAVES ARE STILL ALIVE
0:16:09,@shrimpkuuu,TOODLEESSSSS
0:16:10,@tiffanyd4581,How they alive
0:16:10,@kamila_12000,TOODLES
0:16:11,@jennythebean9117,Yeah prison 
0:16:11,@MOOSTACHE_Official,rodgerrrr
0:16:11,@ethanaragon5957,Tap 67
0:16:11,@jo3a548,Oh fuck
0:16:11,@rayisbayblade,YESSSSSSSSSSSS
0:16:11,@shrimpkuuu,TOOTOO
0:16:11,@HMZeroTwo,HIII TOODLES
0:16:11,@Feojsshsyydud,TOODLES
0:16:11,@sondrabradley1615,DIDNT THEY DIE??? HOW R THEY TALKING TAMER
0:16:12,@KvVuld,classic monster town
0:16:12,@gamertuberonmask,YO
0:16:12,@Kualxek,Why did you change Razzle's voice bro
0:16:12,@Prismabom,TOODLES
0:16:13,@Shivery,Toodles
0:16:14,@Gaalnr,we should have this kind of justice system
0:16:14,@ADWLOVERANDMM2,I now wear will this going
0:16:15,@gamertuberonmask,TOODLES
0:16:15,@kitty_.7916,omgg Rodger
0:16:16,@Veledate,she looks so cutee omgg
0:16:16,@Reintenofwhat,poor Little Birdie
0:16:16,@alcinaisMINE,TOODLES FOCUS OMG
0:16:16,@Prismabom,LITTLE BABY
0:16:17,@jennythebean9117,Never 
0:16:17,@Angelilockedaway,TOODLES YAYY
0:16:18,@shrimpkuuu,AWWWW TOODLES
0:16:18,@tiffanyd4581,Danggggg
0:16:18,@sondrabradley1615,TOODLES
0:16:18,@JackMoon_Fan,WHY IA TOODLES NOT HERE
0:16:19,@Hexen_4444,Is Slavery legal here?
0:16:19,@AaliyahMarin-p2v,:face-red-droopy-eyes::face-red-droopy-eyes::face-red-droopy-eyes:
0:16:20,@spee828,bro does the police even exist there??
0:16:20,@raimapper3367,SPIT FACTS QUEEN
0:16:21,@gamertuberonmask,AND RAZZLE’S VOICE IS DIFFERENT
0:16:21,@Puffu_13,Toodles so cute
0:16:22,@JackMoon_Fan,Ooohh
0:16:22,@Reintenofwhat,TOODLES MAH BABEH
0:16:22,@The_Silly_Patootie,Uhhhh
0:16:23,@beepbopmop,ARCH UR SHITTER RODGER!!!!!!!!
0:16:23,@Esotilinbailatilinwuautilin,OH GOD
0:16:23,@theREELfinn1,DO IT
0:16:23,@bug_under,little baby
0:16:23,@fleeciaswife,Btw im the one spamming the :flushed_face:
0:16:23,@blackholeTPOTFAN1111,HER VOICE
0:16:23,@Yunilyseternalparadise,woah
0:16:23,@Esotilinbailatilinwuautilin,SHE FREEE
0:16:24,@SPACE_BUGGYS,Toodles smart fr
0:16:24,@alcinaisMINE,Toodles ur doing such a good job ur soooo good 
0:16:25,@Tamers12345MLP,Toodles is really good at math
0:16:25,@Veledate,oop-
0:16:25,@Oxivon-l7f,toofles looks a bit off hmm
0:16:25,@beepbopmop,ARCH IT RODGRER!!!!!
0:16:25,@spee828,WHERES THE POLICE??
0:16:25,@certafan,Cosmo!
0:16:26,@Danger_luvu12,THE TOODLES VOICE
0:16:27,@gamertuberonmask,TOODLES VOICE REVEAL
0:16:27,@The_Silly_Patootie,Toodles is smart
0:16:27,@Y0lki390,yesssss
0:16:27,@applebloom2307,LOL
0:16:28,@misakayy1911,OH NO
0:16:28,@Angelilockedaway,HER VOICE AWWW
0:16:28,@xamxsu,:loudly_crying_face:
0:16:28,@shrimpkuuu,AWWWW AWWW MY BABY she's so cute
0:16:29,@MillerTheDarkTransPrince,toddler is adorable
0:16:29,@kitty_.7916,OMG
0:16:29,@jennythebean9117,Uh oh 
0:16:29,@mimi-j9j9e,WOW TOODLE
0:16:30,@HMZeroTwo,Toodles sounds so cute
0:16:30,@alcinaisMINE,Toodles u r ur so good 
0:16:30,@kst25iggy,w toodles lol
0:16:31,@purpleegg09,OWAHHHHH
0:16:32,@cricket_gaming_hd9439,toodles is adorable
0:16:33,@theREELfinn1,WHAT
0:16:33,@Lucario4thewin,helpful
0:16:34,@Iwowkan,WHAT
0:16:34,@Peejaylew,W TOODLES
0:16:34,@kitty_.7916,LOL
0:16:34,@kloudscringe,:warning:
0:16:34,@Treekotrouble,Smart
0:16:35,@Veledate,toodles got that dumpy math on lockdown frfr
0:16:36,@Y0lki390,TOODLES YESSS
0:16:36,@Astrinhostar,:0
0:16:37,@iamboomer7805,OH NO SPROUT BROS
0:16:38,@SPACE_BUGGYS,Yes
0:16:39,@HMZeroTwo,THIS IS NOT A VOICE REVEAL SHE SPOKE BEFORE
0:16:40,@vazquezzavaladarielaalejan6147,OMG TOODLES SUCH A TALENTED BABY
0:16:41,@theREELfinn1,W TOODLEs
0:16:41,@raimapper3367,M A B O I
0:16:41,@DarelizOrtiz,LOH
0:16:41,@Iwowkan,NO THEYRE CAUGHT
0:16:42,@ShellyFossilianMM,We heard her voice before
0:16:43,@Igotbannedtoomanytimes,OMG
0:16:43,@Veledate,OH
0:16:43,@shrimpkuuu,GET HIM
0:16:43,@Kualxek,I CRYIN
0:16:44,@jennythebean9117,:O
0:16:44,@jo3a548,oh fuck
0:16:44,@raimapper3367,OH
0:16:45,@Jamzandjelly,YES 
0:16:45,@IHATEMYFUHINGUSERNAME,GET HIM RODGER
0:16:47,@tiffanyd4581,FAHHHHH 
0:16:47,@HMZeroTwo,CHAT IS FULL OF FAKE FANS
0:16:48,@kst25iggy,YOOO
0:16:49,@kitty_.7916,YESSSS
0:16:50,@dashisms,TOODLESSS
0:16:50,@raimapper3367,OH
0:16:50,@Shivery,THE VOICE IS BACK
0:16:50,@SilentNightEclipse,aye cuz what's that paperclip talking about in the chat
0:16:50,@jo3a548,PRESS IT RODGERE
0:16:51,@kloudscringe,MY BOY LMFAO
0:16:52,@vazquezzavaladarielaalejan6147,W TOODLES
0:16:52,@kamila_12000,WHAT
0:16:53,@bug_under,oh shit
0:16:54,@AaliyahMarin-p2v,:face-red-droopy-eyes::face-red-droopy-eyes::face-red-droopy-eyes:
0:16:54,@SPACE_BUGGYS,.
0:16:54,@theREELfinn1,HOLY FUCK
0:16:54,@yumyumyumyumyummmmy,where is the part where cosmo lowkey gets slimed
0:16:55,@JackMoon_Fan,The only normal character is Toodles
0:16:55,@vazquezzavaladarielaalejan6147,WHAT
0:16:56,@misakayy1911,UHHHHHHHHHHHHHHHHH
0:16:57,@Kualxek,OMG GG
0:16:57,@Angelilockedaway,.
0:16:57,@xamxsu,NOOOOOOOOOOOOOOOOOOOOO
0:16:57,@fleeciaswife,Woah
0:16:58,@Peejaylew,AHO
0:16:58,@superarcade643,PEAK
0:16:58,@purpleegg09,TEINK COSMO
0:16:59,@IHATEMYFUHINGUSERNAME,RODGER NOO
0:16:59,@Zaiikai,OHHHHHHHHHHHHHH
0:16:59,@The_Silly_Patootie,COSMO WHAT
0:17:00,@kloudscringe,COSMO
0:17:00,@HMZeroTwo,NOOOO COSMO
0:17:01,@JorArg-c7s,gay
0:17:01,@Oxivon-l7f,YAOI TAOU 
0:17:02,@Kualxek,COSMO
0:17:02,@Astrinhostar,OMIVAQQ???
0:17:03,@applebloom2307,EEEEE HES HERE
0:17:03,@Reintenofwhat,ayo
0:17:03,@fleeciaswife,GET OUT
0:17:04,@Juter-h9x,cosmo
0:17:05,@shrimpkuuu,THE VOICE IS BAAAAAAACK
0:17:06,@Blu3b1rd._.sk1es,OH NO
0:17:06,@ShellyFossilianMM,UHM
0:17:06,@theREELfinn1,THAT SCARED ME SO BAD
0:17:07,@mimi-j9j9e,WOAAAAAAAAAAAAAH
0:17:07,@Oxivon-l7f,omg
0:17:07,@Veledate,OH
0:17:07,@haileykitty6993,Rodger has one too
0:17:07,@NubMcMoofin,:disappointed_face:
0:17:10,@franzhilari4040,WHAT
0:17:11,@superarcade643,10/10 WRITING
0:17:11,@agoatheadbaby3512,NOOOOOO ROGER
0:17:12,@Prismabom,saying every damn thing but boyfriends
0:17:13,@silykat35,OH NOE
0:17:13,@lyleda_dood1350,thats lame
0:17:14,@Puffu_13,:fearful_face::fearful_face:
0:17:14,@estomesto,rip
0:17:14,@MillerTheDarkTransPrince,oh no
0:17:14,@Kualxek,IWANTYOU
0:17:15,@superarcade643,STORY SO GOOD
0:17:16,@CeruleanArcadia,NOT INFRONT OF THE CHILD
0:17:16,@bug_under,@HMZeroTwo real
0:17:17,@silykat35,RODGE RRUN
0:17:18,@Ili.The.Raccoon1457,MY BOI LOLLLLL
0:17:18,@shrimpkuuu,EVERYONE REJOICE
0:17:19,@moriorinvictus69,VOICE
0:17:19,@kamila_12000,WHATTTT
0:17:19,@Astrinhostar,O NOOOO
0:17:22,@Jamzandjelly,NOOOO
0:17:22,@churritototi,OMGGGG
0:17:22,@Kipkat13,:smiling_face_with_heart_eyes::smiling_face_with_heart_eyes::smiling_face_with_heart_eyes::smiling_face_with_heart_eyes::smiling_face_with_heart_eyes::smiling_face_with_heart_eyes::smiling_face_with_heart_eyes::smiling_face_with_heart_eyes::smiling_face_with_heart_eyes::smiling_face_with_heart_eyes::smiling_face_with_heart_eyes::smiling_face_with_heart_eyes::smiling_face_with_heart_eyes::smiling_face_with_heart_eyes::smiling_face_with_heart_eyes::smiling_face_with_heart_eyes::smiling_face_with_heart_eyes::smiling_face_with_heart_eyes::smiling_face_with_heart_eyes:
0:17:22,@tiffanyd4581,FAHHHHH 
0:17:23,@Igotbannedtoomanytimes,AAAAAAA
0:17:23,@ADWLOVERANDMM2,Ewwwwwwwww
0:17:23,@applebloom2307,DONT HURT RODGERRR
0:17:23,@vazquezzavaladarielaalejan6147,WHAT
0:17:25,@sondrabradley1615,omg his gay voice is back
0:17:25,@purpleegg09,TWINK COSMO
0:17:25,@silykat35,SAVE RODGER TOODLES
0:17:26,@yumyumyumyumyummmmy,TOODLES
0:17:26,@beepbopmop,COSMO VA IS BACK!!! YEAHHHH
0:17:27,@Shivery,TOODLES
0:17:27,@rayisbayblade,toodles smart ad now
0:17:27,@Reintenofwhat,Femboy Cosmo Confirmed?
0:17:27,@IHATEMYFUHINGUSERNAME,RODGER I'M GOING TO SAVE YOU BABY GIRL
0:17:28,@Veledate,OH
0:17:29,@SPACE_BUGGYS,GOOD LUCK
0:17:29,@Cat-exe1,Oh
0:17:30,@superarcade643,ROGER DONT
0:17:31,@sondrabradley1615,omg
0:17:31,@liviasuzana8283,noo Roger run Run!!
0:17:31,@mimi-j9j9e,TOODLES-
0:17:31,@bp5814,YOOOOOOOOO VOICE ACTOR IS BACK
0:17:32,@sondrabradley1615,omg
0:17:32,@Igotbannedtoomanytimes,IM SO SCARED
0:17:32,@HMZeroTwo,GET OUTTA THERE RODGER
0:17:32,@sondrabradley1615,omg
0:17:33,@Jamzandjelly,OMG ITS COZY ASTRO
0:17:33,@RC-tc8go,WHAT
0:17:33,@Veledate,OKAY THEN
0:17:34,@agoatheadbaby3512,ROGER RUUUNN!!!!
0:17:35,@Lucario4thewin,:warning::warning::warning::warning:
0:17:35,@Santaman3,All Roads lead to ROMEEE:classical_building::classical_building::classical_building::classical_building::classical_building::classical_building::classical_building::classical_building::classical_building::classical_building::classical_building::classical_building:
0:17:36,@SalouaDribi-o5k,Zzzzzz
0:17:37,@Hexen_4444,Goddamn...
0:17:37,@Nanaw8888,Bruh is Flyt and Sylvester gay now!?
0:17:39,@superarcade643,W ROGER
0:17:39,@Feojsshsyydud,:face-orange-biting-nails::face-orange-biting-nails::face-orange-biting-nails::face-orange-biting-nails:
0:17:39,@kloudscringe,THEREFERENCD LMFAO
0:17:39,@raimapper3367,NOO TOODLES
0:17:40,@gamertuberonmask,OH NO
0:17:40,@JackMoon_Fan,COSMO NOO
0:17:40,@CeruleanArcadia,HE SAID THE LINE
0:17:41,@Yunilyseternalparadise,damn
0:17:42,@yeo8392,YOOOO HES HOT
0:17:42,@SPACE_BUGGYS,.
0:17:42,@superarcade643,AAAAAAAAAAA
0:17:42,@Igotbannedtoomanytimes,IM SO UNCOMFORTABLE
0:17:42,@shrimpkuuu,NO
0:17:43,@alcinaisMINE,Dialogue for
0:17:43,@Solums,i like cosmo voice actor make good job
0:17:44,@sondrabradley1615,COSMO GAY VOICE BACK
0:17:45,@theREELfinn1,GUYS MY SISER WONT PEAVE ME ALONE
0:17:45,@gamertuberonmask,RODGER IS TRAPPED
0:17:45,@Angelilockedaway,It's TURNING ME- I'M SORRY :broken_heart:
0:17:46,@Danger_luvu12,RUN RODGER
0:17:47,@Peejaylew,LOL
0:17:47,@NubMcMoofin,:disappointed_face:
0:17:47,@alcinaisMINE,THR BABY
0:17:47,@mimi-j9j9e,NOOOOOOOOOOOOO
0:17:48,@shrimpkuuu,TOODLES 
0:17:48,@purpleegg09,NO THE BABY
0:17:48,@fleeciaswife,DAMN
0:17:48,@kst25iggy,POOR TOODLES
0:17:48,@Marigold_Sunseed_q9v,cosm9s scaring lately :grinning_face_with_sweat:
0:17:49,@silykat35,Toodles NOOO
0:17:49,@Jamzandjelly,DANDY PULLUPP
0:17:49,@The_Silly_Patootie,NO TOODLES
0:17:49,@mimi-j9j9e,TOODLESSSSSSSSSSSS
0:17:49,@Feojsshsyydud,Noo
0:17:50,@gamertuberonmask,THAT DOOKIE BROWNIE
0:17:50,@Veledate,he put it back on-
0:17:50,@HMZeroTwo,DO NOT HURT TOODLES
0:17:51,@cricket_gaming_hd9439,rodger has 2 stars in speed he cant outrun anything
0:17:51,@gamertuberonmask,NO
0:17:51,@Cat-exe1,Arf
0:17:52,@Jevil-d6l,TOODLES
0:17:52,@Reintenofwhat,NOOOOOO TOODLES
0:17:52,@kitty_.7916,NOOOO
0:17:52,@roy-h6o6q,NOOOOOO
0:17:52,@miss.white_red4948,OMGGGG
0:17:52,@jo3a548,OH FUCM<
0:17:52,@alcinaisMINE,Gigi do something your girlfriend….
0:17:52,@gamertuberonmask,NOT TOODLES
0:17:52,@sondrabradley1615,TAMERRRR
0:17:52,@Oxivon-l7f,TS SOS HOT
0:17:53,@Kipkat13,I am bricked the FUCK up
0:17:53,@Esotilinbailatilinwuautilin,NOOOOOOOOO
0:17:53,@spee828,WHERES THE POLICE??
0:17:53,@jennythebean9117,Roger you can do it!
0:17:53,@Cat-exe1,RIP TOOFLRS
0:17:53,@Veledate,BRO
0:17:53,@fleeciaswife,YOAI
0:17:53,@kitty_.7916,TOODLES NOOOOO
0:17:53,@bug_under,tamers i like ur version of the toons more than canon tbh
0:17:54,@gamertuberonmask,I never even liked Toodles BUT STILL
0:17:54,@fleeciaswife,DLOWERBERRY
0:17:54,@NubMcMoofin,:saluting_face:
0:17:55,@fleeciaswife,FLOWERBYERR
0:17:55,@Sm0gMuff1n,NOOOO TOODLES
0:17:55,@JackMoon_Fan,HOW DARE U
0:17:56,@AaliyahMarin-p2v,:face-red-droopy-eyes::face-red-droopy-eyes::face-red-droopy-eyes::face-red-droopy-eyes:
0:17:56,@Veledate,his wrist...
0:17:56,@Yunilyseternalparadise,damn
0:17:56,@HMZeroTwo,SHUT UP
0:17:57,@shrimpkuuu,it took them 13 minutes to hook up???
0:17:57,@certafan,13 minutes is practically eternity
0:17:57,@mimi-j9j9e,BAHAHHAH GIGI
0:17:58,@Astrinhostar,KAKAMAKAM
0:17:58,@Tamers12345MLP,@bug_under This is how they are all in canon though
0:17:58,@cricket_gaming_hd9439,it really has been 13 minutes
0:17:58,@musashi-f4n,why does toodles sound like that
0:17:58,@alcinaisMINE,Nearly 13 minutes worth of Soulvester and flyte flirting 
0:17:58,@UngulaPropriaRQ,HE WASNT WEARING IT 
0:17:59,@Jamzandjelly,WHY DID HE PUT IT BACK ON
0:18:00,@jennythebean9117,Yippee 
0:18:00,@Angelilockedaway,TOODLESSSS NOOO
0:18:00,@The_Silly_Patootie,OH WHAT
0:18:00,@Peejaylew,YES
0:18:00,@rayisbayblade,oop
0:18:01,@Jevil-d6l,Tamers give flyte arms
0:18:01,@purpleegg09,Is cosmo gonna die
0:18:01,@theREELfinn1,ASTRO I NEED YOU AND FINN TO CRACK
0:18:02,@shrimpkuuu,yaaaaay
0:18:02,@jo3a548,YASY
0:18:02,@tiffanyd4581,NOOOOOOOOOOOOOOOOOOOOOOOOOOOOOOOOOOOOOOOOOOOOOOOOOOOOOOOOOOOOOOOOOOOOOOOOOOOOOOOOOOOOOOOOOOOOOOOOOOOOOOOOOOOOOOOOOOOOOOOOOOOOOOOOOOOOOOOOOOOOOOOOOO
0:18:02,@Jenny_jellyfan23665,Hold on hold on how was Gordy? Is Sylvester going to be together? He’s a kid and what is he? What does he mean? Future marriage?
0:18:02,@Iwowkan,YEYY
0:18:02,@gamertuberonmask,FREE THE FIVE OF THE SLAVES AT LEAST
0:18:03,@Feojsshsyydud,Where is squirm
0:18:02,@IHATEMYFUHINGUSERNAME,GET HIM DANDY
0:18:03,@cricket_gaming_hd9439,just gonna leave toodles there?
0:18:03,@Veledate,OMG WAIT
0:18:03,@Shivery,Here we go
0:18:03,@Moon_wolfpawz,SPROUT THERE WAS NO REASON FOR THAT
0:18:03,@Tamers12345MLP,@shrimpkuuu tbh that's just gay relationships
0:18:04,@raimapper3367,NOOOO
0:18:04,@SonictheSpeedyeditz,hi
0:18:04,@alcinaisMINE,He just witnessed his daughter being locked up he don’t give a shit
0:18:04,@rayisbayblade,THE BABY
0:18:04,@fleeciaswife,Wheres the part where cosmo gets his ass beat
0:18:04,@gamertuberonmask,THOSE FIVE ARE MY GOATS
0:18:05,@Lucario4thewin,:rolling_on_the_floor_laughing::face_with_tears_of_joy::rolling_on_the_floor_laughing::face_with_tears_of_joy:
0:18:05,@Binary_Forever,and now for death
0:18:05,@Veledate,IS IT GONNA HAPPEN
0:18:05,@Kipkat13,o.o
0:18:06,@bug_under,@Tamers12345MLP i fucking hope so
0:18:06,@roy-h6o6q,oh
0:18:06,@raimapper3367,Leave him aloneee
0:18:06,@Shivery,HIS PUNISHMENT
0:18:06,@IHATEMYFUHINGUSERNAME,DANDY GET HIM
0:18:07,@jo3a548,OH GFUVK
0:18:07,@kloudscringe,OHNO
0:18:08,@jennythebean9117,I love one :3
0:18:08,@HMZeroTwo,OH NO
0:18:09,@theREELfinn1,I LOVE HIS VOICE
0:18:09,@Reintenofwhat,they left Toodles
0:18:09,@HMZeroTwo,COSMO IS GONNA DIE
0:18:09,@raimapper3367,LEAVE HIM ALONE
0:18:10,@Veledate,omg his worried face
0:18:10,@fleeciaswife,DANDY
0:18:11,@kloudscringe,CONFEONTATION
0:18:12,@pxrple..,it’s gonna happen
0:18:12,@Avery-q6m,OMGG
0:18:12,@superarcade643,HE KNOW?!?!?
0:18:13,@Angelilockedaway,DANDY DO IT
0:18:13,@coolgamer_wow,Tamers you need therapy
0:18:13,@The_Silly_Patootie,He’s about to find out
0:18:13,@Tamers12345MLP,@fleeciaswife You're asking right on time
0:18:14,@Veledate,oop-
0:18:14,@sondrabradley1615,BTW THE LAST TIME U FAKE TALKED TO QWEL HOW DID U MAKE THAT @Tamers12345MLP 
0:18:14,@superarcade643,DOES HE KNOW??????
0:18:14,@Peejaylew,HE IS COOKED
0:18:14,@Nanaw8888,The Halloween toon is gonna kill flyt
0:18:14,@shrimpkuuu,oooh
0:18:15,@fleeciaswife,IM BEGGING
0:18:15,@mimi-j9j9e,DANDY IS GONNA LOCK IN
0:18:16,@kst25iggy,ok dandy
0:18:16,@Reintenofwhat,Cosmo's dying tonight
0:18:16,@kitty_.7916,OMH
0:18:17,@Juter-h9x,oh.
0:18:17,@leafofkanto04,YESSSSSSSS
0:18:18,@bug_under,does cosmo have a voice actor
0:18:18,@Shivery,OHHHHHHHHH
0:18:18,@Lucario4thewin,i want cookies
0:18:18,@raimapper3367,COSMOOOOOOOoo
0:18:19,@Astrinhostar,OMGG
0:18:19,@IHATEMYFUHINGUSERNAME,DANDY GET HIS FUNKASS
0:18:19,@SPACE_BUGGYS,.
0:18:19,@roy-h6o6q,ohhhhhhhhhh
0:18:19,@The_Silly_Patootie,OH
0:18:21,@Ayyukki.01,HOLY SHITT
0:18:21,@jo3a548,oh fuck
0:18:22,@shrimpkuuu,OOOH
0:18:22,@Kualxek,LLORO
0:18:22,@superarcade643,OH SHIT
0:18:22,@mimi-j9j9e,BAHAHAHA
0:18:22,@Santaman3,ITS OVERRRRRRR
0:18:22,@Angelilockedaway,OH.
0:18:23,@Zaiikai,OMG TWISTED DANDY INC
0:18:23,@Peejaylew,LOL
0:18:23,@purpleegg09,LOL
0:18:24,@Danger_luvu12,whoever voice acting cosmo is not good
0:18:25,@agoatheadbaby3512,*gulp*
0:18:25,@Iwowkan,..
0:18:26,@Reintenofwhat,yooooo
0:18:26,@cricket_gaming_hd9439,HES TRANSFORMING
0:18:28,@UngulaPropriaRQ,OH SNAP
0:18:28,@Taminaaa-ig1yc,OH
0:18:30,@alcinaisMINE,Gourdy isn’t doing shit he’s like 7
0:18:30,@SPACE_BUGGYS,600??
0:18:31,@kitty_.7916,YESSSSS
0:18:31,@mimi-j9j9e,OOOH ROASTED
0:18:31,@NubMcMoofin,:exploding_head:
0:18:31,@vazquezzavaladarielaalejan6147,600???
0:18:31,@Hexen_4444,I bet Soulvester loves Cupcakes
0:18:32,@Kipkat13,his voice is absolutely nuking my straightness
0:18:33,@superarcade643,NIGHTMARE DANDY
0:18:34,@theREELfinn1,COSMO HURRY UP
0:18:35,@HMZeroTwo,THE BLACKOUT????
0:18:36,@estomesto,YESS
0:18:37,@kloudscringe,LMFAOOOOOOOOO
0:18:38,@okuriinu8489,hes going twisted
0:18:40,@Shivery,Cosmo gonna have his punishment
0:18:40,@jo3a548,SHITE
0:18:41,@Esotilinbailatilinwuautilin,YES
0:18:42,@ShellyFossilianMM,OH SHIIII
0:18:42,@fleeciaswife,YES
0:18:43,@IHATEMYFUHINGUSERNAME,DANDY YESSHSHSHSHSH
0:18:44,@xamxsu,FNAF....
0:18:45,@Avery-q6m,KMCEINE
0:18:46,@The_Silly_Patootie,HES GONNA GO EVIL
0:18:46,@Iwowkan,HE KNOWS
0:18:46,@estomesto,MOAMAMW
0:18:46,@Santaman3,9000
0:18:47,@alcinaisMINE,Woah.. thumbnail time 
0:18:48,@Feojsshsyydud,W
0:18:49,@Peejaylew,BROS COLLED
0:18:51,@gamertuberonmask,OH
0:18:51,@ADWLOVERANDMM2,Lamp
0:18:53,@theREELfinn1,DANDY DO IT
0:18:53,@silykat35,they BOTH WEIGH 600 POUNDS
0:18:54,@purpleegg09,Big backs
0:18:54,@Hyloaf,here we go
0:18:55,@SonictheSpeedyeditz,UH OH
0:18:56,@Veledate,it a h orror move in here rn
0:18:56,@agoatheadbaby3512,*gulp*
0:18:59,@Jamzandjelly,YES DANDY
0:18:59,@haileykitty6993,"Cosmo, how could you eat them all?!"
0:19:00,@Reintenofwhat,Mhmmm That boo-
0:19:01,@Kualxek,NOO
0:19:03,@Solums,blackout
0:19:04,@kitty_.7916,HAHAHAHAHA
0:19:04,@kamila_12000,...
0:19:04,@Prismabom,HERE WE GOOO
0:19:04,@Moon_wolfpawz,COSMO RUN
0:19:04,@HMZeroTwo,Cosmo. It's over
0:19:04,@jo3a548,AAAAAAAAAAAAAAAAAAAAAA
0:19:05,@Feojsshsyydud,Aura moments
0:19:05,@kloudscringe,VOSMONO BRO
0:19:05,@Kualxek,STOPO
0:19:06,@00_miayattaGay367,Oh no
0:19:07,@Juter-h9x,COSMO RUN
0:19:08,@Jamzandjelly,OH SHITTT
0:19:08,@beepbopmop,YEAAAHHH
0:19:09,@JackMoon_Fan,Will u add AngryHugs in future epsoides?
0:19:09,@Shivery,Ohhh noo
0:19:10,@MillerTheDarkTransPrince,fight
0:19:10,@gamertuberonmask,THAT POOPY DOOKIE BROWNIE TWINK GOT CAUGHT
0:19:10,@SPACE_BUGGYS,HE MADD
0:19:11,@ShellyFossilianMM,oMG
0:19:11,@Lucario4thewin,:cookie::cookie::cookie:
0:19:13,@CeruleanArcadia,TWIST DANDY
0:19:13,@the-world-is-on-fire-xd9rz,cosmo cooked
0:19:13,@jennythebean9117,Dandy knows 
0:19:14,@kitty_.7916,OMG YESSSSS
0:19:15,@mimi-j9j9e,OMG
0:19:15,@Shivery,TWISTED DANDY
0:19:16,@unknownshelly,yesss
0:19:17,@Peejaylew,RIP COSMO
0:19:17,@Kualxek,ASTRO DESERVES IT
0:19:18,@Santaman3,ITS OVER 9000
0:19:18,@IHATEMYFUHINGUSERNAME,DANDY GET HIMMMMMMM
0:19:19,@Angelilockedaway,DANDY IS ALPHA
0:19:19,@CeruleanArcadia,TWISTTT
0:19:19,@purpleegg09,OOOOH COSMO GONNA GET BEAT!
0:19:20,@Veledate,OH HERE WE GO
0:19:20,@Shivery,OMG
0:19:21,@gamertuberonmask,KARMA
0:19:21,@Oxivon-l7f,THEY ARE GONNA TURN TWITSED 
0:19:21,@agoatheadbaby3512,Mama-Mia
0:19:22,@The_Silly_Patootie,HELP 
0:19:22,@UngulaPropriaRQ,here we FUCKING GOOOOOOO
0:19:24,@Jamzandjelly,GO DANDY
0:19:25,@okuriinu8489,dont run cosmo
0:19:25,@jennythebean9117,:O
0:19:26,@Juter-h9x,COSMO RUNNN
0:19:27,@HMZeroTwo,COSMO IS GONNA DIE
0:19:27,@bug_under,HOOOLY SHOTT
0:19:27,@fleeciaswife,YES
0:19:28,@ptfoxylady,RIP COSMO
0:19:28,@Veledate,THE THUMBNAIL
0:19:28,@Reintenofwhat,DANDY LOCKED IN
0:19:29,@kitty_.7916,YEAHHHHHH
0:19:29,@shrimpkuuu,FIGHT FIGHT FIGHT
0:19:30,@Shivery,OH NO COSMOOOO
0:19:30,@Ikoda_kun,Holy shit
0:19:30,@raimapper3367,HAR HAR HAR HAR
0:19:31,@Puffu_13,Uh
0:19:32,@Kualxek,WHY DO YOU WANT TO 
0:19:32,@The_Silly_Patootie,OH
0:19:32,@gamertuberonmask,GET EM DADDY
0:19:33,@Kipkat13,FEAR
0:19:33,@Jamzandjelly,OH 
0:19:33,@certafan,"Oh he's like, Him"
0:19:34,@Iwowkan,OHNO
0:19:34,@Kualxek,OHMYGOD
0:19:34,@IHATEMYFUHINGUSERNAME,YEAH DANDYYYY
0:19:34,@Peejaylew,BLACKOUT
0:19:34,@kamila_12000,WHAT
0:19:35,@xamxsu,OHHHHHHHHHHHHHHHHH
0:19:35,@theREELfinn1,FIRE ANIMATION
0:19:35,@misakayy1911,HAPPENING
0:19:35,@ShellyFossilianMM,NAHHHH
0:19:36,@okuriinu8489,TAKE IT LIKE A GUD BOY
0:19:36,@bp5814,The greater crime was rage missing cookies
0:19:36,@alcinaisMINE,U know somethings up when the art gets good
0:19:36,@snailke777,GAY FIGHT! GAY FIGHT!
0:19:36,@estomesto,KWJAK
0:19:37,@yumyumyumyumyummmmy,Dandy protecting his “friend”
0:19:37,@mimi-j9j9e,omg
0:19:37,@Puffu_13,:fearful_face::fearful_face::fearful_face:
0:19:37,@Peejaylew,YOOO
0:19:37,@fleeciaswife,YESSSSSS
0:19:37,@NubMcMoofin,:exploding_head::exploding_head:
0:19:37,@shrimpkuuu,YEEEEEEEES
0:19:37,@Jamzandjelly,OHHHHHHHHHH SHITTTTYY
0:19:38,@Angelilockedaway,DANDY YES
0:19:38,@bug_under,predator
0:19:38,@The_CEO_of_MOONSHELL67,\ ° v ° /
0:19:38,@makotoikari4854,:crescent_moon:
0:19:39,@adoredbelle,Cosmo death reveal bye 
0:19:39,@Jevil-d6l,FIGHT
0:19:39,@gamertuberonmask,I MEAN DANDY
0:19:39,@kitty_.7916,YEAHHHHHH
0:19:40,@mimi-j9j9e,OH MY
0:19:40,@The_Silly_Patootie,HES EVIL
0:19:40,@sondrabradley1615,@Tamers12345MLP BTW HOW DID U MAKE THAT FAKE DISCORD MESSAGES
0:19:40,@Danger_luvu12,DANDY'S REVENGE
0:19:40,@Juter-h9x,FEEAARRR
0:19:41,@ptfoxylady,COSMO OH NO
0:19:41,@SonictheSpeedyeditz,NOOOOOO
0:19:41,@Y0lki390,OMG
0:19:41,@ShellyFossilianMM,OOOO
0:19:42,@Prismabom,YEAAAA
0:19:42,@coolgamer_wow,"someone said ""FNAF"""
0:19:42,@theREELfinn1,THIS IS SO FIRE
0:19:42,@applebloom2307,yo he scaryttttttyyyyyy
0:19:42,@Juter-h9x,I HAVE FEAR
0:19:42,@Shivery,OHHHHHHHHHHHHH
0:19:43,@Jamzandjelly,OH HOLY MOLY
0:19:43,@Jevil-d6l,DANDY KILL COSMO
0:19:43,@SharkDoggy,YESSS
0:19:43,@Moon_wolfpawz,AHHHH
0:19:43,@00_miayattaGay367,Oh no
0:19:44,@Feojsshsyydud,Punishment time
0:19:45,@mimi-j9j9e,OMGGGGGGGGGGGGGGGGGGGG
0:19:46,@Oxivon-l7f,GO DADDY
0:19:46,@Avery-q6m,RHLP
0:19:46,@alcinaisMINE,What the dawg doing
0:19:46,@Jamzandjelly,OHHHHH
0:19:46,@HMZeroTwo,THE JUMPSCARE STRAIGHT FROM FNAF
0:19:47,@roy-h6o6q,oh
0:19:47,@churritototi,OH OMG
0:19:47,@sondrabradley1615,OM
0:19:47,@applebloom2307,scaryyy
0:19:48,@theo6t7,cosmooooo
0:19:48,@KvVuld,yay gymnopiede
0:19:49,@DylanPinosPlat,O cosmos done
0:19:49,@spee828,damn
0:19:49,@BassieAkku,OH MY FUCKING GOD
0:19:49,@Puffu_13,bye bye cosmo
0:19:49,@Jamzandjelly,OHHHHHHHHHHH
0:19:50,@Iwowkan,He's so dead
0:19:50,@Star_kit_back,R.i.p
0:19:50,@gamertuberonmask,DANDY*
0:19:50,@Jevil-d6l,YEAHHHHHHHH
0:19:51,@Reintenofwhat,COSMOOOOOO
0:19:51,@SonictheSpeedyeditz,DONT DO THAt
0:19:51,@shrimpkuuu,GET HIM GET HUM GET HIM
0:19:51,@Shivery,HIS CLOTHES
0:19:51,@jennythebean9117,Oh shit
0:19:52,@Jamzandjelly,OHHHHHHHHHHHHHHH
0:19:52,@ɲiquee-l5y,GET HI.
0:19:52,@The_Silly_Patootie,UHM
0:19:52,@sondrabradley1615,THE THUMBNAIL
0:19:52,@ADWLOVERANDMM2,You pet
0:19:53,@kitty_.7916,YEAHHHHH FINALLY
0:19:53,@beepbopmop,FIREEEEE
0:19:53,@shrimpkuuu,PLEAAAAASE
0:19:53,@Jenny_jellyfan23665,There is no way that dandy called Cosmo fat if he’s fat too
0:19:53,@jo3a548,AAAAAAAAAAAAAAAAAAAAAAAA
0:19:54,@purpleegg09,DANDY GET HIM!
0:19:54,@agoatheadbaby3512,DUUUHNN DUUHN DUUUUUHHNNN
0:19:55,@SonictheSpeedyeditz,I LOVE COSMO
0:19:55,@beepbopmop,OMGGGGGGG
0:19:55,@mimi-j9j9e,OMG DANDY
0:19:55,@Peejaylew,YO 
0:19:55,@theREELfinn1,SO PEAK
0:19:56,@Coolen_van,KISS
0:19:56,@Peejaylew,RUN
0:19:56,@SuperCaptainFail,UNHAND HIM
0:19:56,@Shivery,OH GOD
0:19:57,@Zaiikai,YEAHHHHHHHHHHHHHHHHHHHH
0:19:57,@shrimpkuuu,YUM
0:19:57,@tiffanyd4581,OHHHHHh SHITTT
0:19:58,@sondrabradley1615,OMG
0:19:58,@The_Silly_Patootie,YOOOOOO WHAT
0:19:58,@beepbopmop,BROOOOOO
0:19:59,@Angelilockedaway,OH
0:20:00,@Peejaylew,AYO
0:20:00,@SPACE_BUGGYS,.
0:20:00,@Blu3b1rd._.sk1es,OH
0:20:00,@Veledate,umm
0:20:00,@Shivery,WHAT
0:20:00,@Cherrylitzx,WTF IS GOING ON 
0:20:00,@purpleegg09,Yo
0:20:00,@bug_under,OH GOD
0:20:02,@cricket_gaming_hd9439,you know tamers is proud of a frame when it lingers for more than half a second
0:20:02,@kamila_12000,WHAT
0:20:02,@Jamzandjelly,DESR GOD OH MY GOD
0:20:02,@SonictheSpeedyeditz,NOOOOOOOOOOO
0:20:02,@applebloom2307,UNF
0:20:03,@vazquezzavaladarielaalejan6147,LOWK HOT
0:20:03,@ShellyFossilianMM,Wait…
0:20:04,@IHATEMYFUHINGUSERNAME,DANDY GET HIM
0:20:04,@fleeciaswife,Woah
0:20:04,@raimapper3367,O H
0:20:04,@Veledate,OH
0:20:04,@HMZeroTwo,OH HELL NO
0:20:05,@Oxivon-l7f,YAOAU
0:20:05,@MillerTheDarkTransPrince,run
0:20:05,@JorArg-c7s,OH NO
0:20:05,@purpleegg09,UHHHH
0:20:06,@applebloom2307,YES NONCON TIME
0:20:05,@Moon_wolfpawz,COSMO 
0:20:06,@Ayyukki.01,DANDY
0:20:06,@gamertuberonmask,OH
0:20:06,@Reintenofwhat,yo ayo
0:20:06,@kst25iggy,OOOOOIUUU
0:20:06,@Esotilinbailatilinwuautilin,OMG
0:20:06,@Blu3b1rd._.sk1es,OH?
0:20:06,@ShellyFossilianMM,Are they…
0:20:06,@theREELfinn1,DO IT DO IT DO IT
0:20:06,@Oxivon-l7f,YAOI
0:20:06,@kloudscringe,BACK OFFFFF
0:20:07,@Avery-q6m,?
0:20:07,@The_Silly_Patootie,-
0:20:07,@wigglesbee,wao
0:20:08,@silykat35,DANDY NO
0:20:08,@Danger_luvu12,REST IN PEACE COS
0:20:08,@Prismabom,ooo
0:20:08,@Juter-h9x,WHAT
0:20:08,@fleeciaswife,Wait what
0:20:08,@Puffu_13,:fearful_face::fearful_face:
0:20:08,@gamertuberonmask,OH
0:20:09,@jennythebean9117,Oh no 
0:20:09,@Coolen_van,AYO
0:20:09,@silykat35,DONT DO ITTT
0:20:10,@agoatheadbaby3512,DANDY NO
0:20:10,@estomesto,LOL
0:20:11,@vazquezzavaladarielaalejan6147,:fire:
0:20:12,@Lucario4thewin,:frowning_face_with_open_mouth::frowning_face_with_open_mouth::frowning_face_with_open_mouth:
0:20:12,@jo3a548,RAAAAAAAAAAAAAAAPE
0:20:12,@SENTINELOFABYBSS12,WTF
0:20:12,@Halloween_isbetter,FLOWERCAKES 
0:20:12,@liviasuzana8283,fight!!
0:20:12,@Oxivon-l7f,OH MY GOD
0:20:13,@Jevil-d6l,DANDY TOO FAR
0:20:13,@ShellyFossilianMM,OH MY SHIT
0:20:13,@Iwowkan,WHOA WHAT
0:20:14,@sondrabradley1615,WHAT IS HE GOING TO DO???
0:20:14,@Jamzandjelly,OH
0:20:15,@The_CEO_of_MOONSHELL67,i just pooped :pile_of_poo:
0:20:15,@Peejaylew,DANDY CHILL
0:20:15,@gamertuberonmask,MY
0:20:15,@theREELfinn1,STOP THE SOUND EFFECTS
0:20:15,@Reintenofwhat,WOAH WOAH WOAH
0:20:15,@HMZeroTwo,NAHHHHHHHHHHHHHHHHHHHHHHH
0:20:15,@Jamzandjelly,oh
0:20:15,@StupidCupidPanda,Bruhhh
0:20:15,@sondrabradley1615,OMG
0:20:15,@Avery-q6m,???
0:20:15,@haileykitty6993,"oh god, Dandy, what you doing?!"
0:20:15,@kitty_.7916,THIS IS ON FIREEEEE:fire: :fire: :fire: :fire:
0:20:16,@Shivery,UGH 
0:20:16,@Oxivon-l7f,OH MY GOD
0:20:16,@The_Silly_Patootie,WHAT THE
0:20:17,@gamertuberonmask,GOSH
0:20:17,@kamila_12000,WTF
0:20:17,@xamxsu,:loudly_crying_face:
0:20:18,@SonictheSpeedyeditz,AYOOO
0:20:18,@purpleegg09,YESS DANDY
0:20:18,@Moon_wolfpawz,UMMM
0:20:18,@IHATEMYFUHINGUSERNAME,DANDYYYGHHHSHSHSHSHSHSHSHD
0:20:18,@Angelilockedaway,OH
0:20:19,@Iwowkan,RIP
0:20:19,@Peejaylew,STABBED
0:20:19,@Veledate,IS HE JUST GONNA KEEP DOING THAT??
0:20:19,@Y0lki390,WTF
0:20:21,@fleeciaswife,YES
0:20:21,@Blu3b1rd._.sk1es,.
0:20:21,@Jamzandjelly,OH
0:20:22,@makotoikari4854,:skull:
0:20:22,@ShellyFossilianMM,OH
0:20:23,@applebloom2307,oopp
0:20:23,@NubMcMoofin,:face_savoring_food::face_savoring_food:
0:20:23,@Nana._.PB-i3w,HELLO DANDY?
0:20:23,@purpleegg09,OH
0:20:23,@silykat35,WHAT
0:20:23,@Puffu_13,Fight 
0:20:23,@vazquezzavaladarielaalejan6147,OMG
0:20:24,@Peejaylew,YO RIP COSMO
0:20:24,@liviasuzana8283,omg dandy nooooo
0:20:24,@gamertuberonmask,OH
0:20:25,@Halloween_isbetter,EAT 
0:20:25,@shrimpkuuu,oh mygdo THANK YOU LORD
0:20:25,@yourboi3729,brah
0:20:25,@Moon_wolfpawz,COSMKOI
0:20:26,@Astrinhostar,eita crlj
0:20:27,@ptfoxylady,DANDY DON’T KILL COSMO
0:20:27,@purpleegg09,UHH
0:20:28,@Jamzandjelly,DSNDY DONT DO THAT
0:20:29,@HerreZC,O_O
0:20:29,@agoatheadbaby3512,EEEEWWWW
0:20:29,@kitty_.7916,YEAHHHHHH
0:20:29,@SonictheSpeedyeditz,NOAooooo
0:20:30,@JackMoon_Fan,DANDY
0:20:30,@sondrabradley1615,MY BABY
0:20:30,@Juter-h9x,STOP THIS NOO
0:20:30,@purpleegg09,UHHHHHH
0:20:30,@ɲiquee-l5y,..
0:20:30,@Avery-q6m,WTFF
0:20:30,@MOOSTACHE_Official,NOOOOOOOOO NOOOOOOOO
0:20:30,@Jevil-d6l,YEAH
0:20:30,@vazquezzavaladarielaalejan6147,THIS IS SO
0:20:30,@gamertuberonmask,I FELT THAT
0:20:30,@Brushalover,I'm gonna pee
0:20:30,@IHATEMYFUHINGUSERNAME,DANDY NOT LIKE THAT.
0:20:31,@Blu3b1rd._.sk1es,Oh…..
0:20:31,@Popi-e4p-c2z,CHAT DOES THIS COUNT AS COSMO X DANDY?
0:20:31,@Angelilockedaway,DANDY NO-
0:20:31,@BassiesbiggestfanXD,.
0:20:31,@jennythebean9117,Soft
0:20:31,@Peejaylew,BRO IS KILLING EM
0:20:31,@bojackatron7797,LMAOOO
0:20:32,@HMZeroTwo,I'M GOONIN TO THIS
0:20:32,@liviasuzana8283,again noooooooo
0:20:33,@wixenabbie,BRO WHAT IS THIS
0:20:34,@theREELfinn1,STOP THE SOUND EFFEVTS
0:20:35,@remyrambless,COSMO NO
0:20:35,@00_miayattaGay367,NO
0:20:35,@shrimpkuuu,GOD THANK YOU THANK UOU THANK UPI
0:20:35,@fleeciaswife,YESSS
0:20:35,@vazquezzavaladarielaalejan6147,:heart_on_fire::heart_on_fire::heart_on_fire::heart_on_fire:
0:20:35,@mwa_008,believe me this is not sane flowercake
0:20:35,@jsaenz96,omg???!!
0:20:35,@kitty_.7916,WAIT NOOOO
0:20:35,@purpleegg09,YES COSMOS DESD!
0:20:35,@Veledate,OH
0:20:35,@Tiffany-kat09,Oh uhh
0:20:35,@maxbear027,:face-fuchsia-wide-eyes::face-fuchsia-wide-eyes::face-fuchsia-wide-eyes::face-fuchsia-wide-eyes:
0:20:36,@JackMoon_Fan,CHILL 
0:20:36,@Jenny_jellyfan23665,OMG tooldles got her skin on
0:20:36,@UngulaPropriaRQ,TRULY IT HAS BEEN A DANDYS WORLD 
0:20:37,@bug_under,WOAH HOLY SHITTN
0:20:37,@kitty_.7916,NOOOOO
0:20:37,@Peejaylew,AYO
0:20:37,@The_Silly_Patootie,YOOOOO
0:20:37,@Shivery,TWISTED ASTRO
0:20:38,@Igotbannedtoomanytimes,STOP
0:20:38,@haileykitty6993,that's worst then being killed
0:20:38,@IM9A6BERRY_FUNNY5BALLOON,:0
0:20:38,@Santaman3,HES STABBING THE HEART
0:20:39,@Jamzandjelly,WOAH
0:20:39,@Juter-h9x,AUUUCHHH
0:20:39,@Blu3b1rd._.sk1es,AHHHHHHHHHHHH
0:20:40,@Sm0gMuff1n,:flushed_face:
0:20:40,@jennythebean9117,Stop the foreplay 
0:20:40,@purpleegg09,W DANDY
0:20:41,@Coolen_van,:face-purple-crying::face-purple-crying::face-purple-crying::face-purple-crying::face-purple-crying:
0:20:41,@Iwowkan,NOO
0:20:41,@mimi-j9j9e,FREAKY
0:20:41,@Astrinhostar,NOSAA
0:20:41,@SedaBorzoi,It twitched
0:20:41,@shrimpkuuu,HUUUUUUUNNNNNGNHHHHG
0:20:41,@C00L_GUY578,No toodle
0:20:41,@raimapper3367,OH FUCK
0:20:41,@churritototi,:fearful_face::fearful_face::fearful_face::fearful_face:
0:20:42,@sondrabradley1615,TAMERRR
0:20:42,@Reintenofwhat,ayo
0:20:42,@alcinaisMINE,can’t imagine tamers asking the va to just moan for the recording 
0:20:42,@kitty_.7916,wtffffff
0:20:42,@Veledate,OH SHIT
0:20:42,@DarelizOrtiz,FLOWERCAKE GAHH
0:20:42,@Poptart_124,COSMO!!
0:20:43,@gamertuberonmask,COSMO NO
0:20:43,@Rand0mma,WHY IS HE STABBING HIM!?
0:20:43,@wigglesbee,a baked good
0:20:44,@IHATEMYFUHINGUSERNAME,NOOOOOO
0:20:44,@raimapper3367,ASTROKE
0:20:45,@IM9A6BERRY_FUNNY5BALLOON,he's gonna beat his ass
0:20:45,@kamila_12000,ASTRO
0:20:45,@maxbear027,:cat-orange-whistling::cat-orange-whistling::cat-orange-whistling:
0:20:45,@AaliyahMarin-p2v,:face-blue-wide-eyes::face-blue-wide-eyes::face-blue-wide-eyes:
0:20:45,@Hmon160,o
0:20:45,@ShellyFossilianMM,OMG
0:20:45,@fleeciaswife,EWT HUM
0:20:45,@NubMcMoofin,:exploding_head::exploding_head:
0:20:45,@SPACE_BUGGYS,HOLY
0:20:46,@misakayy1911,OH MY GOOOOOOOOOOOOOOOOOOOOOOOOOOOOOOD
0:20:46,@Peejaylew,ASTRO
0:20:46,@kamila_12000,JAJAJAJAJ
0:20:46,@cricket_gaming_hd9439,take that cosmo il never forgive you stealing that bandage right infront of my eyes
0:20:46,@theREELfinn1,WOWH
0:20:46,@UngulaPropriaRQ,YO WHAT 
0:20:46,@Tamers12345MLP,"@IHATEMYFUHINGUSERNAME Dandy literally takes Dyle's pay, his is 100% like this what do you mean"
0:20:46,@SalouaDribi-o5k,YESSSSSS
0:20:47,@kst25iggy,ASTROOO
0:20:47,@shrimpkuuu,Astro?
0:20:47,@kittycatyummy,YOOO
0:20:48,@Peejaylew,YOOL
0:20:48,@The_Silly_Patootie,ASTRO
0:20:48,@kloudscringe,ASTRO
0:20:48,@estomesto,WHAT
0:20:48,@Veledate,oh dang
0:20:48,@Jenny_jellyfan23665,"Bro, why would sprout do that to her? I hate you sprout."
0:20:48,@ShellyFossilianMM,ASTRO
0:20:49,@vazquezzavaladarielaalejan6147,WHAT
0:20:49,@mimi-j9j9e,OMG
0:20:49,@Peejaylew,ASTRO
0:20:50,@Ayyukki.01,Ew its astro
0:20:50,@theREELfinn1,AWWW ASTRO IS SO CUTE
0:20:50,@shrimpkuuu,OH Y GOD
0:20:50,@Avery-q6m,OMG
0:20:50,@helloryber0,YOOOOO
0:20:50,@Prismabom,OWHa
0:20:50,@iamboomer7805,WHAT THE
0:20:50,@silykat35,ASTRO
0:20:51,@Astrinhostar,AS5ROOOO
0:20:51,@Cindysidd,WHATTTTYTYY
0:20:51,@Shivery,WHAT'S GOING ON
0:20:51,@alcinaisMINE,Astro femboy form
0:20:52,@gamertuberonmask,ASTRO
0:20:52,@Juter-h9x,OMG YESSS
0:20:52,@beepbopmop,OWAHAHHHHH
0:20:53,@remyrambless,WHT
0:20:54,@sondrabradley1615,MY POOKIE
0:20:54,@kloudscringe,SAVE HIM
0:20:54,@Santaman3,ASTRO
0:20:54,@JackMoon_Fan,DANDY CALM
0:20:54,@GRIMEY_SIN,KITTY PURR??? EUEUEU
0:20:54,@BassiesbiggestfanXD,YOO
0:20:54,@kitty_.7916,ASTRO
0:20:54,@SedaBorzoi,GOOSEBUMPS
0:20:55,@Blu3b1rd._.sk1es,OH
0:20:55,@silykat35,WHY DID YOU HAVE HAIR
0:20:55,@Danger_luvu12,NOT LIKE ASTRO THAT VID
0:20:57,@Angelilockedaway,OH GOD HE'S HOT.
0:20:57,@Reintenofwhat,ASTRO TO THE RESQUE
0:20:57,@estomesto,WHATATATAT
0:20:58,@HMZeroTwo,ASTRO COMING IN CLUTCH
0:20:58,@shrimpkuuu,ASYRO?
0:20:58,@gamertuberonmask,ASTRO SAVED COSMO
0:20:58,@Peejaylew,LOL
0:20:59,@kitty_.7916,OMG
0:20:59,@The_Silly_Patootie,OH WHAT
0:20:59,@roy-h6o6q,YOOOOOOOOOOO
0:21:00,@bug_under,aww purr
0:21:00,@fleeciaswife,ASTRO GO AWAY
0:21:00,@theREELfinn1,AAWWWWW
0:21:00,@silykat35,wha
0:21:01,@fleeciaswife,NO
0:21:01,@Iwowkan,WHY'D HE SAVE HIM
0:21:01,@RC-tc8go,ASTRO
0:21:01,@JackMoon_Fan,Omfg
0:21:02,@Potatogalsunite,wait that's so cute
0:21:02,@SPACE_BUGGYS,THE ICHOR ON HIM
0:21:02,@purpleegg09,Cool
0:21:03,@UngulaPropriaRQ,that's crazy
0:21:03,@BassieAkku,ASTRO WAS LOWKEY TUFF
0:21:04,@estomesto,Tamers rip my skin off
0:21:04,@Sylvester-o7q,:eyes-purple-crying:
0:21:04,@Astrinhostar,KAAKAKAK
0:21:05,@theREELfinn1,HOW CUTE
0:21:05,@Veledate,O dang
0:21:05,@fleeciaswife,HE WAS GOING TO DIE WHY THE HELL
0:21:05,@cozyclovelyz,oh CUTENESS
0:21:05,@alcinaisMINE,What da fuuuuuck
0:21:06,@Brushalover,Astro is here to save the day 
0:21:06,@dashisms,WTH
0:21:06,@Hexen_4444,???
0:21:06,@Peejaylew,ASTRO IS GOKU
0:21:07,@gamertuberonmask,ASTRO MY GOAT
0:21:07,@MillerTheDarkTransPrince,yayyy astro
0:21:08,@kloudscringe,WHWRE COSMO
0:21:08,@tiffanyd4581,NAHHHHHHHHHHHHHHHHHHHHHH
0:21:08,@The_Silly_Patootie,ASTROOOO
0:21:08,@BassiesbiggestfanXD,oml
0:21:09,@liviasuzana8283,ASTRO.. OMG
0:21:09,@UngulaPropriaRQ,what are the odds of that 
0:21:09,@fleeciaswife,DUMBASS MOON
0:21:09,@purpleegg09,Is cosmo dead
0:21:09,@mimi-j9j9e,OMGGGGG
0:21:09,@Jamzandjelly,AW KITTY DANDY
0:21:09,@AnaveyaRamos,Cat dandy awwwwww
0:21:09,@ɲiquee-l5y,ASTRO NO HE WAS TRYING TO BE GOOD
0:21:09,@Kualxek,This is shit
0:21:10,@kitty_.7916,omg
0:21:10,@Danger_luvu12,WTH
0:21:10,@Veledate,vro just fixed him
0:21:10,@haileykitty6993,Dandy is a flower cat?
0:21:11,@Peejaylew,GOKU ASTRO
0:21:12,@silykat35,DANDY WHEN DID YOU GET HAIR
0:21:12,@tiffanyd4581,HE CHANGED 
0:21:12,@Kipkat13,THAT ARTWORK WAS FUCKING I N C R E D I B L E
0:21:13,@Angelilockedaway,ASTRO'S HOT OH MY
0:21:13,@mimi-j9j9e,MOONN FLOWER
0:21:13,@jennythebean9117,I’m pogging 
0:21:13,@Moon_wolfpawz,So like we’re leaving cosmo?
0:21:13,@Zhia.artz09,GOSH DARNN..
0:21:14,@Prismabom,astros fluffy!??!?!
0:21:14,@bug_under,HAHAHAHA
0:21:14,@Esotilinbailatilinwuautilin,COSMO
0:21:14,@fleeciaswife,HAHAH
0:21:14,@Jamzandjelly,HE GOT WAHT HE DESERVED 
0:21:14,@JackMoon_Fan,HES SO CUTE
0:21:15,@symphonydawn3,twisted astro
0:21:15,@IHATEMYFUHINGUSERNAME,ASTRO WHYHHH
0:21:15,@leafofkanto04,I should play Dandy's World.
0:21:15,@Veledate,not the dollar store frosting-
0:21:15,@KvVuld,hahahaha
0:21:15,@Puffu_13,So cute kitty dandy
0:21:15,@Lucario4thewin,what is the power scaling here?
0:21:15,@bug_under,BURSTCHESTWR
0:21:15,@Danger_luvu12,YALL ARE CORRECT
0:21:16,@alcinaisMINE,Astro our goat 
0:21:16,@theREELfinn1,ASTRO IS SO ADORABLE
0:21:16,@Garrett.does.stuf_lol,astro looks hot im sorry
0:21:16,@bratini-p7o,dylo gogogogo
0:21:16,@Tamers12345MLP,"@silykat35 Astro gets hair when he's twisted because he has control over reality, and he's insecure about his balled head. so he gives himself hair to feel good about himself."
0:21:16,@Nanaw8888,Why was Cosmo being?
0:21:17,@raimapper3367,THANK YOU ASTRO I LOVE YOU
0:21:17,@shrimpkuuu,dude
0:21:17,@Kualxek,w astro saved cosmo
0:21:18,@sondrabradley1615,ASTRO REDESIGN METIONED???
0:21:18,@XxZ0MB1E_K1TTYxX,OMH
0:21:18,@Peejaylew,ASTRO IS GOKU
0:21:18,@alcinaisMINE,Astro ur so selfless…
0:21:18,@Jenny_jellyfan23665,Twisted dandy
0:21:19,@Shivery,Astro looks so gourgeous
0:21:19,@HMZeroTwo,Astro is too forgiving that's why I love him
0:21:19,@UniquieNewsome,HELPPPP LAUGH ME
0:21:19,@jennythebean9117,Astro becomes gay
0:21:20,@SonictheSpeedyeditz,W ASTRO
0:21:20,@Hexen_4444,how handy
0:21:20,@bug_under,CHESTBURSTER
0:21:21,@Ili.The.Raccoon1457,ASTRO IS SOOOO CUTEEE
0:21:21,@pokefreak2112,awwwww
0:21:21,@Jamzandjelly,DAMDNIT
0:21:21,@RC-tc8go,W Astro
0:21:21,@remyrambless,ASTRO TY
0:21:21,@Jevil-d6l,50k animation ahh chain
0:21:21,@SPACE_BUGGYS,BALD HEADEDDD
0:21:21,@XxZ0MB1E_K1TTYxX,IM LATE
0:21:21,@theREELfinn1,ASTRO IS GORGEOUS
0:21:22,@Nanaw8888,SUS
0:21:22,@MOOSTACHE_Official,:face_without_mouth:
0:21:22,@bratini-p7o,nono
0:21:22,@Angelilockedaway,AWWW
0:21:23,@fleeciaswife,ASTRO YOU BUM
0:21:23,@The_Silly_Patootie,Oh my goodness 
0:21:23,@MaraKoruSky,W Astro
0:21:23,@theREELfinn1,HES SO ADORABLE
0:21:23,@Avery-q6m,:pleading_face::pleading_face::pleading_face:
0:21:23,@kitty_.7916,astro is so cute omg
0:21:24,@Oxivon-l7f,now hes a furry
0:21:24,@Veledate,NOOOOOOP
0:21:25,@JackMoon_Fan,Will you add AngryHugs in the future epsoides 
0:21:25,@Poptart_124,BALDY
0:21:25,@Kipkat13,adorable!!
0:21:26,@alcinaisMINE,Astro has no spine dude 
0:21:26,@HMZeroTwo,Thisi s actually peak omg
0:21:26,@Feojsshsyydud,Dandy so cute
0:21:26,@Shivery,AWWW MOONFLOWER
0:21:27,@purpleegg09,Cutesy as stroke
0:21:27,@maxbear027,:face-fuchsia-wide-eyes::face-fuchsia-wide-eyes::face-fuchsia-wide-eyes:
0:21:27,@Veledate,AWWWW
0:21:28,@Peejaylew,GOKU
0:21:28,@coolgamer_wow,stop saying ahh
0:21:28,@UngulaPropriaRQ,it was an honest mistake
0:21:29,@Oxivon-l7f,get him bullied for being a furry
0:21:29,@Veledate,IT'S SO CUTE
0:21:29,@mimi-j9j9e,BALD
0:21:30,@lorddioo8872,why is his eyes purple tho?
0:21:30,@theREELfinn1,IM GONNA KISS GIM
0:21:30,@Zaiikai,DANDY
0:21:31,@bug_under,tamers will you ever do a q&a i have a lotta stuff i'm curous..
0:21:31,@S3AOFS4LT,BRO WHAT THE FUCK
0:21:32,@Puffu_13,Astro looks so cute
0:21:32,@kitty_.7916,awwwwwww
0:21:33,@Shivery,CUTE
0:21:33,@Jamzandjelly,ASTRO HE TRIED TO GET REVENGE FOR YOU
0:21:33,@The_Silly_Patootie,AWWWWWW
0:21:33,@IHATEMYFUHINGUSERNAME,OHH
0:21:33,@RileyPorter-g2s,I think I fell in love is cosmos voice 
0:21:34,@Avery-q6m,AWWW OMG
0:21:34,@vazquezzavaladarielaalejan6147,WHAT
0:21:34,@Blu3b1rd._.sk1es,AWWWWWWW
0:21:34,@SPACE_BUGGYS,Aww so cute!
0:21:34,@kloudscringe,GAY
0:21:34,@misakayy1911,OOOOOOOOOOOOOOOOOOOOOOOOO MY GOOOOOOOOOOOOOOOOOD
0:21:35,@Peejaylew,W
0:21:35,@Coolen_van,:face-purple-crying::face-purple-crying::face-purple-crying::face-purple-crying::face-purple-crying:so sad:seedling:
0:21:35,@shrimpkuuu,awwwww
0:21:35,@ShellyFossilianMM,AWWWW!!!!!&
0:21:36,@DylanPinosPlat,Mmm
0:21:36,@vazquezzavaladarielaalejan6147,OMG
0:21:36,@XxZ0MB1E_K1TTYxX,Awwwwww
0:21:36,@HMZeroTwo,OMGGGG
0:21:37,@applebloom2307,ooooooooooooooooooooooooo
0:21:37,@Lucario4thewin,:red_heart::red_heart::red_heart:
0:21:37,@mimi-j9j9e,WHAAAAAAAAAAAAAAAAAAT
0:21:38,@remyrambless,WHAT
0:21:39,@UngulaPropriaRQ,AWWWWWW
0:21:39,@Angelilockedaway,AWWW WAIT
0:21:40,@shrimpkuuu,dandy awwwwwww
0:21:40,@Iwowkan,AWWWJ
0:21:40,@Peejaylew,YES KISS
0:21:40,@cricket_gaming_hd9439,KISS
0:21:41,@sondrabradley1615,OMG
0:21:41,@Puffu_13,:face_screaming_in_fear::face_screaming_in_fear:
0:21:41,@Peejaylew,KISS
0:21:41,@beepbopmop,WOAHAWOH
0:21:41,@pxrple..,FINALLY
0:21:42,@fleeciaswife,Wow
0:21:43,@mimi-j9j9e,OMGGGGGGGGGGGGGGGGG
0:21:43,@Astrinhostar,Aaaa
0:21:43,@ADWLOVERANDMM2,Awwwwwwwwwwwww
0:21:44,@Jamzandjelly,YOU IN FAVT SRE DANDY
0:21:44,@theREELfinn1,AAAWWWW
0:21:45,@kitty_.7916,MY CUTIES
0:21:45,@Popi-e4p-c2z,YES KISSS NOW
0:21:46,@Moon_wolfpawz,ONGG
0:21:47,@Solums,Kiss
0:21:47,@UniquieNewsome,aw
0:21:47,@Juter-h9x,OMGGGG
0:21:47,@purpleegg09,Yap I
0:21:48,@applebloom2307,awwwwwwwwwwwwww
0:21:48,@jo3a548,CUUUUUUUUTE
0:21:49,@Feojsshsyydud,:face-red-heart-shape::face-red-heart-shape::face-red-heart-shape::face-red-heart-shape::face-red-heart-shape:
0:21:49,@Zac-l7c,Awwww 
0:21:50,@purpleegg09,Yaoi
0:21:50,@P35T,owwwwwwww
0:21:50,@HMZeroTwo,NAWWWWW
0:21:50,@certafan,Awwwww
0:21:50,@silykat35,Aww :3
0:21:52,@xamxsu,:pleading_face:
0:21:52,@raimapper3367,KISS KISS KISS
0:21:53,@beepbopmop,YESSSSSSS
0:21:54,@SPACE_BUGGYS,not him tryna accept the being freinds
0:21:55,@agoatheadbaby3512,:<
0:21:56,@Avery-q6m,MOONFLOWER
0:21:56,@shrimpkuuu,AWWWWWW
0:21:56,@moriorinvictus69,picked him up like a small dog
0:21:57,@bratini-p7o,oh
0:21:58,@fleeciaswife,Stop
0:21:58,@Astrinhostar,KISSS
0:21:58,@Peejaylew,HUGS
0:21:59,@Angelilockedaway,I'M GONNA CRY
0:22:00,@mimi-j9j9e,MOOOOOOOOOOOOOON FLOOOOOOOOOOOOOOOOOOOOOOOOWERRRRRRRRR
0:22:01,@Blu3b1rd._.sk1es,AWWWWWWWWWWWWWW
0:22:02,@cozyclovelyz,OH SO BEAUTIFLUL
0:22:02,@purpleegg09,Yap I
0:22:02,@XxZ0MB1E_K1TTYxX,HES SOOO CUTE
0:22:02,@Shivery,YES
0:22:03,@kitty_.7916,OMGGGG
0:22:03,@Reintenofwhat,awhhhhhhhhhh moonflower:face-blue-smiling:
0:22:03,@beepbopmop,CUTEEEEE
0:22:04,@AngemarTV,awwwwwwwww
0:22:05,@DaScorbill,FINALLY
0:22:05,@X_B00MX,:partying_face::partying_face::partying_face:
0:22:06,@Blu3b1rd._.sk1es,AWWWWSWWWWW
0:22:06,@Zac-l7c,AWWWWW OMG 
0:22:07,@Treekotrouble,KISS THE FOOL!!!
0:22:07,@JackMoon_Fan,YEAH KISS
0:22:07,@ADWLOVERANDMM2,Awwwwwwwwwww
0:22:10,@theREELfinn1,ASTRO IS SO CUTE
0:22:10,@maxbear027,:face-red-heart-shape::face-red-heart-shape::face-red-heart-shape::face-red-heart-shape:
0:22:11,@Juter-h9x,OMG SI BEBA
0:22:12,@Kipkat13,OH MY GOD IM FUCKING CRYING NOW
0:22:16,@Jamzandjelly,KISSS
0:22:16,@Shivery,:loudly_crying_face:
0:22:16,@Blu3b1rd._.sk1es,SO SWEET
0:22:18,@Y0lki390,KISS
0:22:19,@Poptart_124,AWWWW
0:22:19,@KikoStarlight,OMG MY BABIES
0:22:19,@P35T,happy ending
0:22:20,@Santaman3,LOVE MOMENT 
0:22:20,@agoatheadbaby3512,:<
0:22:20,@Nana._.PB-i3w,OWOWOWOWOWOOWOWOOWOWOW
0:22:21,@NubMcMoofin,:smiling_face_with_hearts:
0:22:21,@coolgamer_wow,@Jevil-d6l stop saying ahh
0:22:21,@maxbear027,:face-red-heart-shape::face-red-heart-shape::face-red-heart-shape::face-red-heart-shape:
0:22:22,@jennythebean9117,Kiss!
0:22:22,@X_B00MX,YES
0:22:22,@bug_under,please make them canon!!!
0:22:23,@Puffu_13,SO CUTETERTTEETTEETTETETETE
0:22:24,@spee828,so gay
0:22:24,@beepbopmop,CT
0:22:25,@Peejaylew,KISS
0:22:25,@kloudscringe,KISS
0:22:26,@Jevil-d6l,KISS
0:22:26,@00_miayattaGay367,Awwwww
0:22:27,@HMZeroTwo,OMG THIS IS TOO SWEET
0:22:27,@ShellyFossilianMM,KISSSSS
0:22:27,@SPACE_BUGGYS,KISSS
0:22:28,@kittycatyummy,MOONFLOWER
0:22:28,@estomesto,Rip my skin
0:22:28,@kloudscringe,KISS RN
0:22:29,@coolgamer_wow,@Jevil-d6l stop saying ahh
0:22:29,@X_B00MX,YAYYAYAYAYA
0:22:29,@spee828,awesome
0:22:29,@bratini-p7o,no cosmo
0:22:29,@theREELfinn1,HAHAAHAH HES SO SHORT
0:22:30,@SPACE_BUGGYS,PLSSS
0:22:31,@Ayyukki.01,Kiss
0:22:31,@DarelizOrtiz,MOOMFLOWERR HAHHHHH
0:22:31,@purpleegg09,UAPI
0:22:31,@Shivery,Armpit
0:22:31,@The_Silly_Patootie,THIS IS SO CUTE
0:22:31,@Moon_wolfpawz,KISS
0:22:31,@X_B00MX,I HEART TIS
0:22:31,@maxbear027,:face-red-heart-shape::face-red-heart-shape::face-red-heart-shape::face-red-heart-shape::face-red-heart-shape::face-red-heart-shape::face-red-heart-shape:
0:22:31,@bug_under,stop fumbling dandy
0:22:32,@HMZeroTwo,Astro always gives the sweetest endings
0:22:32,@jennythebean9117,:hand-orange-covering-eyes::hand-orange-covering-eyes:
0:22:32,@sondrabradley1615,KISS KISS KISS KISS
0:22:32,@Kualxek,awwwww... this is cute actually
0:22:33,@kloudscringe,PLEASEEEEE
0:22:33,@Veledate,the armpit-
0:22:33,@remyrambless,I HATE THIS WHY DO U DO THIS TO ME TAMERS GAHH <3
0:22:34,@Moon_wolfpawz,KISS HIM
0:22:34,@Igotbannedtoomanytimes,YSS MOONFLOWER
0:22:34,@Sh3llyF0ssili4nExpert,:shelterin:
0:22:34,@purpleegg09,YAPO
0:22:34,@raimapper3367,KIIISSS
0:22:34,@Danger_luvu12,I luv Astros art style
0:22:34,@applebloom2307,HEIGHT DIFFERENCE SO MOE
0:22:34,@AngemarTV,UwU
0:22:34,@Angelilockedaway,NOOOO KEEP HUGGING
0:22:34,@Coolen_van,BTW LOVE YOUR VIDEOS:face-blue-wide-eyes::face-blue-wide-eyes::face-fuchsia-poop-shape::face-fuchsia-poop-shape::thanksdoc:
0:22:35,@X_B00MX,YAAYYAYAYAYAYA
0:22:35,@kitty_.7916,KISS KISSS
0:22:35,@00_miayattaGay367,So cute 
0:22:36,@Juter-h9x,KISS KISS
0:22:36,@Ihnele,UWAAAAAAAAAAA
0:22:36,@vdn2468,aww
0:22:36,@Popi-e4p-c2z,I SAID KISSS NOW OMG
0:22:37,@HMZeroTwo,"""It's raining"""
0:22:37,@Veledate,OMG
0:22:37,@agoatheadbaby3512,Everything is fine...
0:22:37,@Peejaylew,KISS
0:22:37,@Puffu_13,:face-red-heart-shape:
0:22:37,@fleeciaswife,Oh i thiught he peed
0:22:38,@Igotbannedtoomanytimes,TES YES
0:22:38,@Peejaylew,KISS
0:22:38,@purpleegg09,YAOI
0:22:38,@Jamzandjelly,MOONFLOWER YAAAAAHOOOOOOOO
0:22:39,@CeruleanArcadia,I MISSED THE ICE CREAM TRUCK FOR THIS
0:22:39,@UniquieNewsome,OHHH
0:22:39,@bug_under,pits
0:22:40,@Peejaylew,MISS
0:22:40,@mimi-j9j9e,HHAHAHAHA YESSSS!!
0:22:40,@X_B00MX,KISS
0:22:40,@Peejaylew,KISS
0:22:40,@shrimpkuuu,armpit
0:22:40,@applebloom2307,awww
0:22:41,@beepbopmop,AWWWEEE
0:22:41,@kitty_.7916,KISS PLEASE
0:22:41,@UniquieNewsome,Ohhhh
0:22:42,@JackMoon_Fan,I SAID KISS
0:22:42,@SPACE_BUGGYS,YEAHHHH
0:22:42,@Potatogalsunite,ty tamers
0:22:42,@X_B00MX,KISS
0:22:42,@Oxivon-l7f,OMGMTK
0:22:42,@Blu3b1rd._.sk1es,YAYYYY
0:22:42,@IHATEMYFUHINGUSERNAME,EHEHHSSHSHA
0:22:42,@Peejaylew,YESSSS
0:22:42,@kittycatyummy,KISSS
0:22:42,@Puffu_13,Kiss
0:22:42,@Y0lki390,SHES LIL TWISTED
0:22:43,@SuperCaptainFail,GET PREGNANT
0:22:43,@X_B00MX,KISS
0:22:43,@CeruleanArcadia,YEAAAA
0:22:43,@shrimpkuuu,OH MY GOD
0:22:43,@NotQTpie,KISSSSS
0:22:43,@xamxsu,WOOOOOOOOOOOO
0:22:43,@Oxivon-l7f,KISS
0:22:43,@Blu3b1rd._.sk1es,OH WOW
0:22:45,@pxrple..,YESSS
0:22:45,@SPACE_BUGGYS,YWWSSS
0:22:45,@NubMcMoofin,:smiling_face_with_hearts::smiling_face_with_hearts:
0:22:45,@ShellyFossilianMM,AWWWW
0:22:46,@Iwowkan,YESS
0:22:46,@sondrabradley1615,I KNEW IT
0:22:46,@applebloom2307,OOOOOOOOOOOOOOOOOOO
0:22:46,@Coolen_van,KISS:wilted_flower:
0:22:46,@Moon_wolfpawz,KISSS
0:22:46,@Avery-q6m,OMGG
0:22:47,@beepbopmop,LOVE
0:22:47,@Nanaw8888,R.I.P kid
0:22:47,@Jamzandjelly,KISS
0:22:47,@Solums,Yes
0:22:47,@Angelilockedaway,YESSSSSS
0:22:48,@The_Silly_Patootie,AHHHH THE KISS
0:22:48,@kloudscringe,THEYKISS
0:22:49,@Juter-h9x,YESSS
0:22:49,@Jamzandjelly,KISS
0:22:49,@Peejaylew,CHAT WE WON AGAIN
0:22:49,@UngulaPropriaRQ,"thank you tamers, you truly are the master of tone "
0:22:49,@Jamzandjelly,KISS
0:22:49,@raimapper3367,WE WON MOONFLOWER NATIONNN
0:22:50,@JackMoon_Fan,KISSSS
0:22:50,@misakayy1911,WOOOOOOOOOOOOOOOOOA
0:22:50,@Oxivon-l7f,YAOI
0:22:51,@Moon_wolfpawz,HAHAHAHAH 
0:22:51,@Reintenofwhat,YES YES YES
0:22:51,@Redlemonades,HOLY FUUUCCKKK
0:22:51,@jo3a548,OH HELL YEAH
0:22:51,@Veledate,raining in broad daylight lol
0:22:51,@Jamzandjelly,KISSKISS
0:22:51,@SPACE_BUGGYS,YESSS
0:22:52,@The_Silly_Patootie,YESSSSSSS
0:22:52,@kitty_.7916,YEAHHHHH
0:22:52,@Oxivon-l7f,YAOI
0:22:52,@kloudscringe,I SCREAM
0:22:53,@sondrabradley1615,YESS
0:22:53,@Ili.The.Raccoon1457,YAYYYYYY
0:22:53,@Kipkat13,I LOVE THIS
0:22:53,@liviasuzana8283,Yessssss
0:22:53,@VelvetBonbon-eu9oz,YESSS THEY KISSED
0:22:53,@Lucario4thewin,:smiling_face_with_hearts:
0:22:54,@Coolen_van,:person-turqouise-waving:
0:22:54,@Moon_wolfpawz,LETS GOO
0:22:54,@AngemarTV,:eyes-pink-heart-shape::eyes-pink-heart-shape::eyes-pink-heart-shape::eyes-pink-heart-shape::eyes-pink-heart-shape:
0:22:55,@Angelilockedaway,KISS MOREEE
0:22:55,@Juter-h9x,WAKWAKWKAWKA
0:22:55,@Popi-e4p-c2z,KISS
0:22:56,@NotQTpie,HELLL YEAAAAHHHHH
0:22:56,@Blu3b1rd._.sk1es,I KNEW IT
0:22:56,@00_miayattaGay367,YES
0:22:57,@kamila_12000,KISS YAYYYY
0:22:57,@Fmoza,YESSSSSS
0:22:57,@Ili.The.Raccoon1457,KISS
0:22:57,@X_B00MX,PLZZZZ
0:22:57,@Puffu_13,KISSS
0:22:57,@JorArg-c7s,God would be dissapointed
0:22:58,@Oxivon-l7f,YAOI
0:22:58,@JuliusSorello-o3i,kiss him!!
0:22:58,@Blu3b1rd._.sk1es,YES
0:22:58,@JackMoon_Fan,YEESS
0:22:59,@Blu3b1rd._.sk1es,OMG
0:22:59,@Shivery,Flyte :loudly_crying_face:
0:22:59,@XxZ0MB1E_K1TTYxX,AWWWWWW
0:22:59,@jennythebean9117,KISS!!!!!
0:23:00,@SPACE_BUGGYS,HOW DO U EVEN ANIMATE THIS
0:23:00,@X_B00MX,YES
0:23:00,@Moon_wolfpawz,YAAAAA
0:23:00,@cricket_gaming_hd9439,dandy acting upon his urgers
0:23:00,@kitty_.7916,OMGGGG YEAHHHHHH
0:23:00,@Peejaylew,CHAT WE WON AGAIN
0:23:01,@Blu3b1rd._.sk1es,YESSSSSSSSS
0:23:01,@theREELfinn1,RARE DANDY W
0:23:01,@Popi-e4p-c2z,OMG
0:23:01,@X_B00MX,YES
0:23:02,@alcinaisMINE,Woah they’re being healthy for once 
0:23:02,@Zaiikai,DFGSDFA
0:23:02,@bug_under,DO IT
0:23:02,@bratini-p7o,pois a bobette
0:23:02,@nightmarefallquartz-darkch4750,moonflower
0:23:02,@SPACE_BUGGYS,LIKE WHAT ON
0:23:03,@Oxivon-l7f,Awawaw
0:23:03,@Jamzandjelly,AHHHHH YOAIIIII
0:23:03,@Coolen_van,KISS:face-fuchsia-wide-eyes::face-fuchsia-wide-eyes::face-fuchsia-wide-eyes:
0:23:04,@Blu3b1rd._.sk1es,DO IT AGAIN
0:23:04,@HMZeroTwo,Dandy can absorb the rainwater cuz he's a flower
0:23:04,@X_B00MX,KSISKISKS
0:23:04,@maxbear027,:face-red-heart-shape::face-red-heart-shape::face-red-heart-shape::face-red-heart-shape:
0:23:04,@JackMoon_Fan,LETS GOOOOO
0:23:05,@applebloom2307,kissu
0:23:05,@The_Silly_Patootie,AWWWWWHHHHHH
0:23:05,@Moon_wolfpawz,YESSSS
0:23:05,@Oxivon-l7f,AWAWAW
0:23:06,@beepbopmop,LOVE
0:23:06,@kloudscringe,KISS KISS KISS KISS KISS MORE MORE MOE MORE MRONE RMOENOR
0:23:06,@kst25iggy,BYEEE
0:23:07,@maxbear027,:face-red-heart-shape::face-red-heart-shape:
0:23:07,@shrimpkuuu,oh my god
0:23:07,@yeo8392,WOAGGHH
0:23:07,@X_B00MX,KKISSIKSISKSIAKSI
0:23:08,@purpleegg09,Hell yeah moon flower
0:23:08,@raimapper3367,LOL
0:23:08,@sondrabradley1615,MOONFLOWER METIONED?!?!?!?!?!
0:23:08,@yeo8392,KISSA
0:23:09,@Puffu_13,KISSSSSSSSSSSSS
0:23:09,@Jamzandjelly,WEEEEEEEEEEEEE WONNNNNNNNNN
0:23:10,@00_miayattaGay367,YESSS YESsSSsS
0:23:10,@maxbear027,:face-red-heart-shape:
0:23:10,@X_B00MX,KSKSSIKSIS
0:23:10,@Binary_Forever,Rain?
0:23:10,@Angelilockedaway,AWWWW
0:23:10,@Veledate,him getting smaller lol
0:23:10,@kitty_.7916,YEAHHHHHHH
0:23:10,@misakayy1911,BRAP
0:23:11,@sondrabradley1615,FLYTE??
0:23:11,@KELLY-yv7vp,we out here
0:23:11,@shrimpkuuu,FLYTE?
0:23:11,@Moon_wolfpawz,I KNEW IT
0:23:11,@HMZeroTwo,FLYTE NOOOOO
0:23:11,@kamila_12000,HAHAHAHA
0:23:11,@Veledate,NUUUUU
0:23:12,@X_B00MX,KISKSISKSSKS
0:23:12,@maxbear027,:face-red-heart-shape::face-red-heart-shape::face-red-heart-shape::face-red-heart-shape::face-red-heart-shape:
0:23:12,@liviasuzana8283,nooo my baby
0:23:12,@fleeciaswife,Poor flyte
0:23:12,@bug_under,fart
0:23:12,@Jamzandjelly,THANK YOU TAMERS
0:23:12,@Esotilinbailatilinwuautilin,LO
0:23:12,@Kipkat13,LMAO
0:23:12,@Binary_Forever,Wheres the rain?
0:23:12,@gamertuberonmask,WHY IS FLUTE CRYING
0:23:13,@Veledate,HIS BIKE </3
0:23:13,@Coolen_van,FLAT:face-blue-smiling:
0:23:13,@X_B00MX,YAYAYAYAYAY
0:23:13,@purpleegg09,ASTRO CRINE
0:23:13,@vazquezzavaladarielaalejan6147,HELP
0:23:14,@iamboomer7805,LOL
0:23:14,@sondrabradley1615,ASTRO????
0:23:15,@jo3a548,LAOSDLASDOL
0:23:15,@Popi-e4p-c2z,WE ALL WON
0:23:15,@Hexen_4444,he needs it..
0:23:16,@alcinaisMINE,FLYTE DONT CRY WE LOVR U
0:23:16,@ADWLOVERANDMM2,Akamajajajaa
0:23:16,@gamertuberonmask,FLYTE
0:23:16,@beepbopmop,AW NOW HE'S UGYL AGAIN
0:23:16,@ɲiquee-l5y,BAHHAHAHA
0:23:16,@X_B00MX,YAYAHSHSHHS
0:23:16,@theREELfinn1,AW MAN ASTRO WENT BACK TO NORMAL
0:23:16,@mimi-j9j9e,BHHAHHAHAAHHA ASTRO
0:23:17,@sondrabradley1615,HELO???
0:23:17,@XxZ0MB1E_K1TTYxX,OMGGGGG
0:23:17,@remyrambless,HIS FACE
0:23:17,@shrimpkuuu,awwww
0:23:17,@jennythebean9117,MORE KISSES!
0:23:17,@Zaiikai,I want to believe Tamers is streaming this and just pressed a fart button
0:23:17,@Danger_luvu12,MWUAH TIME
0:23:17,@Moon_wolfpawz,HEP
0:23:17,@falnazor0001,Correct
0:23:17,@franzhilari4040,ASTRO?
0:23:17,@alcinaisMINE,GIVE HIM HIS BICYCLE
0:23:18,@X_B00MX,HAHHSSHHSHAHAHAHA
0:23:19,@Veledate,THE RIDINHG I CAN'T EVEN-
0:23:19,@Shivery,Flyte talking right
0:23:20,@GaelHernandez-m1b,OMG 
0:23:20,@vdn2468,LOL
0:23:20,@churritototi,XDDDD
0:23:20,@JackMoon_Fan,KISS EVEN MOREHH
0:23:20,@ɲiquee-l5y,ASTRO
0:23:20,@Jevil-d6l,FLYTE
0:23:20,@Angelilockedaway,FLYTE NOOO
0:23:21,@Juter-h9x,SOULVERSTER LEFT HIM
0:23:21,@franzhilari4040,LOL
0:23:21,@Iwowkan,awh
0:23:21,@UniquieNewsome,HELP??
0:23:21,@Jamzandjelly,NO
0:23:21,@estomesto,EH
0:23:21,@gamertuberonmask,OH
0:23:21,@shrimpkuuu,LOL 
0:23:22,@ScrapsVidsChannel_Official,helo
0:23:22,@Goocat33,Cosmo my baby
0:23:23,@gamertuberonmask,DAMN
0:23:23,@The_Silly_Patootie,HELPPPP
0:23:24,@XxZ0MB1E_K1TTYxX,OH MY
0:23:24,@jo3a548,they are right
0:23:24,@UngulaPropriaRQ,damn it's a fair point
0:23:24,@X_B00MX,GEEHHEHEHEHEH
0:23:24,@kitty_.7916,OMG
0:23:25,@fleeciaswife,Bassie cannot be talking
0:23:25,@Jamzandjelly,ASTRO NO
0:23:25,@Kipkat13,True!
0:23:26,@raimapper3367,BRO WHY WAS THAT SO FUNNY
0:23:26,@TheKalimanMX,true
0:23:26,@Peejaylew,S
0:23:27,@Prismabom,LOLLL
0:23:27,@Tamers12345MLP,When Astro farts his twisted form can accidentally go off
0:23:27,@Angelilockedaway,THEY'RE JUST HOMOPHOBIC FLYTE DON'T WORRY
0:23:27,@certafan,LMAO
0:23:28,@Avery-q6m,IM CRK E
0:23:28,@Santaman3,Bro Farted his Power away
0:23:28,@HMZeroTwo,Makes sense but
0:23:28,@beepbopmop,makes sense the easter toons are christians 
0:23:28,@FurryBayo,MAKES SENSE!!!?
0:23:28,@Coolen_van,ASTRO ARE U OK:face-purple-crying::face-purple-crying::face-purple-crying:
0:23:28,@bratini-p7o,poia bobette
0:23:29,@Lucario4thewin,lol gay
0:23:29,@bug_under,holy dhit
0:23:29,@fleeciaswife,Oh what
0:23:29,@jennythebean9117,:loudly_crying_face::loudly_crying_face::loudly_crying_face::loudly_crying_face::loudly_crying_face::loudly_crying_face::loudly_crying_face::loudly_crying_face::loudly_crying_face::loudly_crying_face::loudly_crying_face::loudly_crying_face::loudly_crying_face::loudly_crying_face::loudly_crying_face::loudly_crying_face::loudly_crying_face::loudly_crying_face::loudly_crying_face::loudly_crying_face::loudly_crying_face::loudly_crying_face::loudly_crying_face::loudly_crying_face::loudly_crying_face::loudly_crying_face::loudly_crying_face:
0:23:30,@SPACE_BUGGYS,.
0:23:30,@kitty_.7916,LOL
0:23:30,@Veledate,OH!
0:23:30,@Peejaylew,IOG
0:23:31,@fleeciaswife,I guess bro
0:23:31,@KvVuld,its so thug
0:23:31,@Peejaylew,FARTS
0:23:31,@sondrabradley1615,WHAT???
0:23:32,@Goocat33,I really hope he alive 
0:23:32,@X_B00MX,Tamers wth
0:23:32,@Jamzandjelly,Awwww Mann
0:23:33,@bug_under,EGGSON
0:23:33,@Luna_blackcatmoon,damn
0:23:33,@Veledate,How generous-
0:23:33,@franzhilari4040,LOL
0:23:34,@shrimpkuuu,AWWWWW
0:23:34,@Nanaw8888,Dandy is turning twisted
0:23:34,@jo3a548,OH HELL YEAH
0:23:35,@Avery-q6m,S
0:23:35,@Angelilockedaway,EGGSON??
0:23:35,@bratini-p7o,namorado a ginger
0:23:35,@sondrabradley1615,LOL
0:23:36,@The_Silly_Patootie,HELPPPPPP
0:23:36,@Peejaylew,COCOA ALIVE
0:23:36,@shrimpkuuu,well
0:23:36,@bug_under,EGGSON
0:23:36,@alcinaisMINE,Flyte atleast ur not cracking a 7 year old 
0:23:36,@JackMoon_Fan,Im actually bored 
0:23:36,@Lucario4thewin,yay
0:23:37,@Tamers12345MLP,"Actually that is the case for most twisted since farting, and turning twisted takes the same about of energy"
0:23:37,@Iwowkan,He literally just kissed astro
0:23:38,@AngemarTV,poor fyte:face-pink-tears:
0:23:38,@jennythebean9117,Nooooooooooooooo
0:23:39,@makotoikari4854,:egg2:
0:23:39,@TvorYT,S
0:23:39,@IHATEMYFUHINGUSERNAME,SON :loudly_crying_face:
0:23:39,@kitty_.7916,HAHAHAHA
0:23:40,@Oxivon-l7f,Canon
0:23:40,@Blu3b1rd._.sk1es,OMG LOL
0:23:41,@UngulaPropriaRQ,it's true 
0:23:41,@The_Silly_Patootie,IM CRYING
0:23:41,@Solums,crazy Astro lore
0:23:41,@gamertuberonmask,WHY IS EGGSON CAKED
0:23:41,@Hexen_4444,no seat
0:23:41,@ElizabethAfton-f6c,:OOO
0:23:41,@Veledate,DAMN OK
0:23:41,@theREELfinn1,I NEED ASTRO IN HIS TWISTED FORM MEETING DANDY IN HIS RWISYED FORM
0:23:42,@ɲiquee-l5y,BASSIE?
0:23:43,@beepbopmop,LMAOOOOOOO
0:23:43,@Astrinhostar,HELP
0:23:43,@ShellyFossilianMM,DAMN
0:23:43,@HMZeroTwo,COCOA THIS IS WHY THEY SHOT YOU
0:23:43,@fleeciaswife,COCOOA
0:23:43,@Shivery,:egg2:
0:23:43,@fleeciaswife,COCOOA
0:23:44,@Oxivon-l7f,OH COCOA IS BACK
0:23:44,@kamila_12000,LMAOOO
0:23:44,@fleeciaswife,COCOA
0:23:45,@mimi-j9j9e,WOAAAAAAAAAAAAAAAAAAAAAAAAAAAAAAAAAAH
0:23:45,@XxZ0MB1E_K1TTYxX,BRO
0:23:45,@fleeciaswife,COOCOA
0:23:45,@kitty_.7916,OMGGGG
0:23:45,@Ayyukki.01,THE MOUTH
0:23:46,@Feojsshsyydud,NOO
0:23:47,@beepbopmop,EGGSON
0:23:47,@UniquieNewsome,wth
0:23:47,@Peejaylew,BRO EGGSON
0:23:47,@jennythebean9117,:loudly_crying_face:
0:23:47,@gamertuberonmask,OH
0:23:47,@KvVuld,canon
0:23:48,@fleeciaswife,YES COCOA
0:23:48,@Coolen_van,:wilted_flower:
0:23:48,@Dalekoverhauls,Why does eggson look like a Asian 
0:23:48,@makotoikari4854,I saw that one frame
0:23:48,@sondrabradley1615,FROM UR HOUSE TAMER BIKE??
0:23:48,@kitty_.7916,HAHAHAHAHA
0:23:49,@shrimpkuuu,DONT BE BULLIES
0:23:49,@Kualxek,WHY ARETHEY BULLYINGHIM I CRYING
0:23:49,@Avery-q6m,BASSIE MENTIOMED
0:23:50,@liviasuzana8283,nooo
0:23:50,@blackholeTPOTFAN1111,wait so did flyte and soulvestor ykw like clap
0:23:50,@sondrabradley1615,OR???
0:23:51,@Poptart_124,DAMN
0:23:51,@The_Silly_Patootie,THE EGG
0:23:51,@Veledate,THAT FRAME OF DANDY HELLO??
0:23:51,@SPACE_BUGGYS,HOWD THEY MEASURE IT??
0:23:51,@fleeciaswife,BASSIE SHUT UP
0:23:51,@jennythebean9117,Noooooooo
0:23:51,@SENTINELOFABYBSS12,WTF is that bike
0:23:52,@beepbopmop,reasonable <3
0:23:53,@Tamers12345MLP,@gamertuberonmask That's just how big Eggson's butt is in game
0:23:54,@kloudscringe,DANDY
0:23:54,@cricket_gaming_hd9439,wth was that
0:23:55,@Jamzandjelly,OH WOW
0:23:55,@Kipkat13,EGGSON ON SCREEN POG
0:23:56,@Veledate,aww
0:23:56,@ɲiquee-l5y,WHAT DID U DO TO EGGSON?
0:23:56,@shrimpkuuu,? what was that frae
0:23:56,@tiffanyd4581,NAHHHHHHHHH 
0:23:56,@yumyumyumyumyummmmy,rare footage of bassie and cocoa getting along
0:23:57,@jo3a548,OH HELL YEAH
0:23:57,@Oxivon-l7f,Cuz eggson is asian
0:23:58,@X_B00MX,:eyes:
0:23:58,@HMZeroTwo,Dandy rizz
0:23:58,@bratini-p7o,ooooo
0:23:58,@sondrabradley1615,OMG
0:23:59,@leafofkanto04,DIABOLICAL :loudly_crying_face:
0:23:59,@Nanaw8888,Now Cosmo is scared
0:24:00,@jo3a548,CUUUUUUUUUUUUUUUUUUUUUUTE
0:24:01,@mimi-j9j9e,BAHHAHHA DANDY
0:24:01,@waffelkitty,diddys world diddys world diddys world diddys world
0:24:01,@Angelilockedaway,FLYTES LASHES
0:24:02,@Danger_luvu12,DAYUM
0:24:03,@theREELfinn1,WHY DOES FLYTE HAVE EYELASHES
0:24:03,@kitty_.7916,Awwwwwwww
0:24:04,@MillerTheDarkTransPrince,this is so wholesome
0:24:04,@gamertuberonmask,THAT DANDY IMAGE
0:24:05,@lorddioo8872,when does eggson talk
0:24:06,@sondrabradley1615,HIS MOUTH NOW
0:24:06,@Poptart_124,Dandy does not want to go
0:24:07,@Veledate,OMG THEY'RE SO CUTEEE
0:24:08,@fleeciaswife,Eggson would be hispanic bruh
0:24:08,@Shivery,That Easter outfit
0:24:08,@kitty_.7916,my babyyyyyy
0:24:09,@raimapper3367,AWW AWWW
0:24:09,@alcinaisMINE,Gourdys going to go rabid 
0:24:09,@AngemarTV,oooo
0:24:10,@sondrabradley1615,OMG
0:24:11,@Tamers12345MLP,@theREELfinn1 He's gay
0:24:11,@jennythebean9117,Dandy is best friend 
0:24:13,@Zaiikai,CUTE
0:24:14,@The_Silly_Patootie,Tamers what have you made lmao :loudly_crying_face:
0:24:14,@RC-tc8go,W ASTRO
0:24:14,@GUMMY._.SH4RK_XD,EGGSON IS ASIAN???
0:24:15,@jo3a548,OH HELL YEAH
0:24:16,@Jamzandjelly,OH
0:24:17,@X_B00MX,I heart flute
0:24:17,@Veledate,Gourdy's face omg HAHA
0:24:17,@XxZ0MB1E_K1TTYxX,AWWWWWW
0:24:18,@ADWLOVERANDMM2,Ahahahahahahah
0:24:18,@Angelilockedaway,AWWWWA
0:24:19,@alcinaisMINE,HE CAME
0:24:19,@ShellyFossilianMM,AWWWW
0:24:19,@Jamzandjelly,IM CRINE
0:24:20,@Shivery,AWWWWWWWWW
0:24:20,@Blu3b1rd._.sk1es,AWWWWWWWW
0:24:20,@estomesto,Tamers i wanna question how are you did this video that fast?
0:24:20,@HMZeroTwo,GOURDY
0:24:20,@dribvox,YEAAAAAAAAAAAAAAAAAAAAAAAAAAAAAAA
0:24:21,@jo3a548,CUUUUUUUUTTE
0:24:21,@vazquezzavaladarielaalejan6147,AWWW
0:24:21,@Shivery,FRUITCAKE
0:24:23,@Veledate,oh they're free
0:24:24,@Zac-l7c,OK DANDY 
0:24:24,@beepbopmop,GOURDY RUN FROM HIM
0:24:24,@remyrambless,NOT THE SHIRTS
0:24:25,@liviasuzana8283,omg :weary_cat::weary_cat:
0:24:25,@vazquezzavaladarielaalejan6147,HEP
0:24:25,@kamila_12000,AWWW
0:24:27,@Iwowkan,HAHA
0:24:27,@Puffu_13,Gourdy so cute
0:24:27,@falnazor0001,Why are the Halloween toons not in the basement?
0:24:27,@Prismabom,awwww
0:24:28,@applebloom2307,kyuuuute!1
0:24:28,@Angelilockedaway,SO CUTEEEE
0:24:29,@fleeciaswife,Astros ugly ass outfit
0:24:29,@mimi-j9j9e,OMG YESSSSSSSSSSSSSSSSSSSSSSSSSSSSSS
0:24:29,@gamertuberonmask,OH
0:24:29,@Dalekoverhauls,Gourdy seem pissed off 
0:24:30,@SuperCaptainFail,CARROT CAKE
0:24:30,@PatriciaWimbish,im new is this normal..
0:24:30,@agoatheadbaby3512,happy ending
0:24:31,@dashisms,COCOAAA
0:24:32,@Seanflowurr,SOULVESTER AMD FPYTE LMFAO
0:24:32,@UngulaPropriaRQ,"this epsiode was real as hell tamers, thanks for sharing the same magic with the dandy's world crowd that you shared with MLP enjoyers "
0:24:32,@kamila_12000,I LOVEEE
0:24:33,@Hexen_4444,Ice Cream
0:24:33,@applebloom2307,I love this song so much ><
0:24:33,@bratini-p7o,credo
0:24:34,@sondrabradley1615,TAMERRRR
0:24:34,@HMZeroTwo,AWW THE THIEVES ARE FREE
0:24:34,@kitty_.7916,THIS IS SO CUTEEEE
0:24:34,@leafofkanto04,Keep Soulvester away from Gourdy
0:24:34,@GaelHernandez-m1b,OMG SO CUTE 
0:24:34,@dashisms,YAYYYY
0:24:34,@beepbopmop,awww 
0:24:34,@XxZ0MB1E_K1TTYxX,OMGGG AWWWWWW
0:24:35,@shrimpkuuu,YAYYY THEYRE WEARING THEIR EASTER OUTFITS
0:24:35,@JorArg-c7s,happy ending
0:24:35,@jo3a548,ALL ENDS WELL
0:24:36,@Hyloaf,gay
0:24:36,@00_miayattaGay367,SO Cute 
0:24:37,@Iwowkan,AWWH
0:24:38,@Jamzandjelly,Im Cthulhu
0:24:38,@SPACE_BUGGYS,AWWW
0:24:38,@Kipkat13,CUTE
0:24:39,@Avery-q6m,AQQWWW
0:24:39,@Solums,Skins
0:24:40,@Feojsshsyydud,CARROT
0:24:40,@kloudscringe,SOCITE
0:24:40,@symphonydawn3,omg Easter variants
0:24:40,@JackMoon_Fan,Okay bye 
0:24:40,@theREELfinn1,I GUESS I CANT SAY ANHTHING SINCE MY FINN DESIGN HAS EYELAHSES :broken_heart:
0:24:41,@KvVuld,these are real skins right
0:24:41,@fleeciaswife,AWH
0:24:41,@Coolen_van,FEMBOY DANDY
0:24:41,@bug_under,THIS CAN'T BE THE END
0:24:42,@remyrambless,ohhh my cosmo....
0:24:42,@CloverNE1006,Oooo
0:24:43,@Peejaylew,EASTER
0:24:43,@Santaman3,tHEIR FREE
0:24:45,@Veledate,oh they're all playing together!
0:24:46,@Moon_wolfpawz,YAYYY
0:24:46,@cornballygooner,EGGAON MENTIONED 
0:24:46,@kst25iggy,SO CUTEE COSMOO
0:24:46,@Lucario7280,tamers I want you to know I'm only watching you to impress my dw gf
0:24:46,@vazquezzavaladarielaalejan6147,THEY LOOK SO CUTE
0:24:47,@kloudscringe,YAY
0:24:47,@Reintenofwhat,FRUITCAKE
0:24:48,@Ayyukki.01,TAMERS I LOVE YOU
0:24:48,@Veledate,omg awwww
0:24:48,@theREELfinn1,AWWW HOW CUTE
0:24:48,@Cat-exe1,Eheh
0:24:49,@raimapper3367,YAY AWE AWWW TYEYRE FRIENDS
0:24:50,@beepbopmop,he's so gay in those outfits
0:24:50,@Nanaw8888,The twisted body form of dandy is more bigger
0:24:50,@jennythebean9117,Gourdy stole
0:24:51,@ilovechristmasforever,Easter outfit!
0:24:51,@shrimpkuuu,AWWWW
0:24:52,@mimi-j9j9e,OMGGGGGGGGGGGGGGGGGGG
0:24:52,@Iwowkan,So cute
0:24:52,@agoatheadbaby3512,Happy ending sort of kind of.
0:24:53,@alcinaisMINE,polyamorous gardenview 
0:24:53,@Hii-q7z,YAYAYAYA
0:24:53,@tiffanyd4581,AWWWWWWWWWWWWWWWWWWWWWWWWWWWWWWWWW
0:24:56,@Angelilockedaway,YAYYY
0:24:58,@Shivery,MOONFLOWER FRUITCAKE WIN
0:24:58,@Zaiikai,YAYYYYYYYYYYYYYY
0:24:58,@Lucario4thewin,i guess the real question is who isn't gay
0:25:00,@kloudscringe,OMG
0:25:00,@cozyclovelyz,W GAME
0:25:01,@kitty_.7916,OMGGGG
0:25:01,@Jamzandjelly,AWW
0:25:01,@spee828,so cute and gay
0:25:01,@jo3a548,CUUUUUUUUUUUUUUUUUUUUUUTE'
0:25:02,@theREELfinn1,THEY’RE SO CUTE
0:25:02,@Peejaylew,THEY ARE FRIENDS
0:25:03,@The_Silly_Patootie,THIS IS CUTE
0:25:03,@kamila_12000,I LOVE MOONFLOWER
0:25:03,@yourboi3729,PEAKKKKK
0:25:03,@bug_under,awwwwwww
0:25:03,@XxZ0MB1E_K1TTYxX,SOO CUTE :pleading_face::pleading_face::pleading_face:
0:25:04,@GUMMY._.SH4RK_XD,AWWWWWWW
0:25:04,@Veledate,THIS IS SO CUTE BRO
0:25:05,@SonataDidIt,Beauitful
0:25:05,@Jenny_jellyfan23665,Oh my God Astro is so cute
0:25:05,@Angelilockedaway,FRIENDSHIP!!
0:25:06,@ZoinZitop,rip cosmo...
0:25:07,@maxbear027,:face-red-heart-shape::face-red-heart-shape::face-red-heart-shape:
0:25:08,@kloudscringe,GIYS THEYRE IN LOVE
0:25:08,@bratini-p7o,pois a bobette
0:25:09,@Elly-w-zaza,WWW
0:25:09,@sondrabradley1615,SO CUTE OMGGGG
0:25:09,@Avery-q6m,GAY
0:25:09,@fleeciaswife,FLOWERBERRYMOONCAKE OR WHATEVER
0:25:09,@Veledate,OMG THE TOES
0:25:10,@Popi-e4p-c2z,OMFG YESSSSS
0:25:10,@mimi-j9j9e,MOON FLOEWER
0:25:10,@NubMcMoofin,:smiling_face_with_hearts::smiling_face_with_hearts:
0:25:10,@Danger_luvu12,THE SKINS
0:25:10,@ShellyFossilianMM,I EEEEE
0:25:11,@Peejaylew,KISS
0:25:11,@certafan,peak!
0:25:11,@kitty_.7916,YAYAYAYAYAYA
0:25:12,@Zac-l7c,AGHHHHHH 
0:25:12,@jennythebean9117,:loudly_crying_face::loudly_crying_face::loudly_crying_face::loudly_crying_face::loudly_crying_face:
0:25:13,@Poptart_124,Awww
0:25:13,@shrimpkuuu,im so geeked I
0:25:13,@ɲiquee-l5y,MOONFLOWER AHHHH
0:25:13,@X_B00MX,Im giggling
0:25:13,@maxbear027,:face-red-heart-shape::face-red-heart-shape::face-red-heart-shape::face-red-heart-shape:
0:25:13,@Shivery,GOURDY GET OUT
0:25:13,@Moon_wolfpawz,GAYYY
0:25:14,@GaelHernandez-m1b,AHHHHH
0:25:14,@gecko_slime,YAOI
0:25:14,@HMZeroTwo,This is oddly too sweet of an ending bro....
0:25:15,@kamila_12000,WHAT
0:25:15,@IHATEMYFUHINGUSERNAME,DANDY'S POLYVIEW
0:25:16,@jo3a548,CUUUTE
0:25:16,@kitty_.7916,YEAHHHHHHHH
0:25:16,@beepbopmop,MOONFLOWER CANONNNN
0:25:17,@GUMMY._.SH4RK_XD,HELP
0:25:17,@Astrinhostar,AAAAWWWWW
0:25:17,@UniquieNewsome,peak :face_holding_back_tears:
0:25:18,@The_Silly_Patootie,THE GAYS
0:25:19,@clunker6712,Hole in the sock lmao
0:25:20,@vazquezzavaladarielaalejan6147,HELP
0:25:20,@kst25iggy,BROOOO
0:25:20,@Peejaylew,EWW
0:25:20,@Veledate,GOURDY STAWPPP
0:25:20,@Kualxek,im cyrinf
0:25:21,@kitty_.7916,GAYYYYY
0:25:21,@Avery-q6m,?
0:25:21,@shrimpkuuu,ewwww toe
0:25:21,@X_B00MX,Eheheheheheheh
0:25:21,@estomesto,HAHAHAHA
0:25:22,@Angelilockedaway,HAHA
0:25:22,@Jamzandjelly,Oh
0:25:22,@Tamers12345MLP,Astro putting a flower on his head to try and look less bald during Easter lmao
0:25:22,@GummiGoo-x1b,AHHH OH MYBGOD
0:25:22,@Zac-l7c,YAYA 
0:25:23,@dribvox,FLYTE I WISH I WAS YOUUUUUUU
0:25:23,@agoatheadbaby3512,Toe.
0:25:23,@alcinaisMINE,Touches u with my Halloween socks
0:25:23,@00_miayattaGay367,AWWwWwW OMG
0:25:23,@RielWhitefish,That’s too cute! Dandy and Astro
0:25:23,@mimi-j9j9e,YAOI 
0:25:24,@X_B00MX,Ehehehehehhehehr
0:25:24,@remyrambless,THEYRE GETTING ALONG IM SO SURPRISED- SOULVESTER DOWN
0:25:25,@kitty_.7916,YEAHHHHH
0:25:25,@Reintenofwhat,uhm
0:25:26,@Lucario7280,wheres the yuri
0:25:26,@Jevil-d6l,PEAK
0:25:26,@Avery-q6m,OML GOURDY
0:25:26,@ɲiquee-l5y,IM GONNA EXPLODE
0:25:26,@kamila_12000,bruh.
0:25:26,@SPACE_BUGGYS,YAOI SO GOOD
0:25:27,@HMZeroTwo,GOURDY IS GONNA KILL THEM
0:25:27,@Hexen_4444,HUH
0:25:27,@XxZ0MB1E_K1TTYxX,AWWWWWW
0:25:27,@shrimpkuuu,SHOO GOURDY
0:25:27,@fleeciaswife,Gourdy go away
0:25:27,@gamertuberonmask,GOURDY
0:25:27,@yeo8392,MOONFLOWERRR
0:25:27,@The_Silly_Patootie,GOURDY IS MAD
0:25:27,@applebloom2307,MOE
0:25:27,@jennythebean9117,Kiss!
0:25:28,@Veledate,the gay test lol
0:25:28,@Shivery,LOWER
0:25:29,@raimapper3367,same connie
0:25:30,@Ihnele,We're so fucking back moonflowerbros
0:25:30,@misakayy1911,LMAO
0:25:31,@Coolen_van,AW:cat-orange-whistling:
0:25:31,@SuperCaptainFail,I like how soulvester is basically a main character
0:25:31,@estomesto,EWW
0:25:32,@Peejaylew,GOURDY JELOUS
0:25:32,@theREELfinn1,AAAWWWW
0:25:32,@Angelilockedaway,GOURDY WHAT
0:25:32,@NubMcMoofin,:disappointed_face:
0:25:32,@Shivery,LOSER
0:25:32,@kloudscringe,GOURDY CHILL
0:25:32,@Blu3b1rd._.sk1es,EW
0:25:32,@Avery-q6m,WTF
0:25:32,@Veledate,NUUUU
0:25:32,@Binary_Forever,Gourdy villain arc
0:25:34,@beepbopmop,GOURDY GET AWAY FROMHIM
0:25:34,@UniquieNewsome,.
0:25:34,@agoatheadbaby3512,"Gourdy, no."
0:25:34,@fleeciaswife,Nobody likes u gourdy
0:25:35,@shrimpkuuu,BRO FLYTES FACE
0:25:35,@xamxsu,LMAOO
0:25:35,@bug_under,GOURDY STOP
0:25:35,@Iwowkan,WHAT
0:25:36,@Esotilinbailatilinwuautilin,BYE
0:25:36,@alcinaisMINE,GOIRDY WANTS THET COOKIE BAD
0:25:37,@Jamzandjelly,nope
0:25:38,@Reintenofwhat,gourdy mad
0:25:38,@SPACE_BUGGYS,Ew
0:25:38,@SonataDidIt,LOSER
0:25:38,@Juter-h9x,NOOO
0:25:38,@Hyloaf,lol
0:25:39,@Moon_wolfpawz,HELP FLYTE
0:25:39,@iamboomer7805,WHY IS GOURDY LIKE THIS
0:25:39,@jo3a548,AAAAAAAAAAAAAAAAAA
0:25:39,@Iwowkan,STOPP
0:25:40,@estomesto,EWWWWWW
0:25:40,@X_B00MX,DUDE TAMERS I HEART TIS SM U ALWAYS COOK
0:25:41,@Jamzandjelly,DISGUSTING 
0:25:41,@Popi-e4p-c2z,GO AWAY GOURDY
0:25:41,@mimi-j9j9e,gay tesy
0:25:41,@Peejaylew,WHAT
0:25:41,@Danger_luvu12,BEST VID EVER
0:25:41,@GUMMY._.SH4RK_XD,OH
0:25:42,@IHATEMYFUHINGUSERNAME,Tsundere groudy
0:25:42,@gamertuberonmask,OH
0:25:42,@kst25iggy,no wonder why connie beats him
0:25:42,@alcinaisMINE,LMAO HE WANT THAT COOKIE
0:25:42,@vazquezzavaladarielaalejan6147,HELP
0:25:43,@sondrabradley1615,WHAT THE HELL????
0:25:43,@falnazor0001,lmao!
0:25:43,@Jevil-d6l,GOURDY IS MAD
0:25:43,@Esotilinbailatilinwuautilin,LOLLLL
0:25:43,@Shivery,YES I LIKE IT
0:25:43,@kamila_12000,HAHAHAHA
0:25:44,@UngulaPropriaRQ,awww dandy
0:25:44,@jennythebean9117,Nooooooo
0:25:44,@HMZeroTwo,Flutter and connie are haters fr
0:25:44,@Blu3b1rd._.sk1es,OMG
0:25:45,@NubMcMoofin,:face_holding_back_tears:
0:25:45,@jo3a548,LASDOASOFOSAFL
0:25:45,@Kualxek,YEAH
0:25:46,@SENTINELOFABYBSS12,lol
0:25:46,@The_Silly_Patootie,HELP ME
0:25:47,@sondrabradley1615,OMG POOR DANDY
0:25:47,@AmyrahChavez,Astro looks like a furry
0:25:47,@Puffu_13,:face_screaming_in_fear:
0:25:48,@tiffanyd4581,AWWW
0:25:48,@Kipkat13,:loudly_crying_face::loudly_crying_face:
0:25:48,@cozyclovelyz,OH the gay test
0:25:48,@Kualxek,YOU ARE A LOSER
0:25:49,@Cherrylitzx,DAMNNN 
0:25:49,@applebloom2307,aww bb
0:25:49,@kloudscringe,GAY
0:25:49,@Ikoda_kun,I loved it
0:25:49,@bratini-p7o,oh
0:25:50,@agoatheadbaby3512,:(
0:25:50,@Angelilockedaway,DANDY NOOO
0:25:50,@Blu3b1rd._.sk1es,NOOOO
0:25:50,@ɲiquee-l5y,SOLVESTER THATS A CHILD
0:25:51,@Zaiikai,YAYYY
0:25:51,@Oxivon-l7f,DANDY IS IN DENIAL
0:25:51,@Kualxek,YOU SHOULD
0:25:52,@JorArg-c7s,so real
0:25:52,@misakayy1911,YES
0:25:52,@gamertuberonmask,FLUTTER AND CONNIE SAW THE RELATIONSHIP
0:25:53,@Iwowkan,GOURDY FOR GOODNESS SAKE
0:25:53,@kitty_.7916,OMGGGG
0:25:53,@tiffanyd4581,DANGG
0:25:53,@NubMcMoofin,:saluting_face::saluting_face::saluting_face:
0:25:53,@superarcade643,short ;w;
0:25:54,@Blu3b1rd._.sk1es,DANDY
0:25:54,@GaelHernandez-m1b,Poor dandy
0:25:54,@jennythebean9117,lol
0:25:54,@Danger_luvu12,WHAT A ROMANTIC VID
0:25:54,@theREELfinn1,AAAWWW
0:25:55,@TheKalimanMX,yes
0:25:56,@Peejaylew,E D OF THE EPISODE
0:25:56,@AnaveyaRamos,Yes
0:25:56,@NotQTpie,WWWWWWWW
0:25:56,@vazquezzavaladarielaalejan6147,NOOOOOOO
0:25:57,@Puffu_13,Yes
0:25:57,@sammy2kiss,NO ITS THE END
0:25:57,@Peejaylew,WHATT
0:25:57,@kst25iggy,NOOO
0:25:57,@kloudscringe,NOOOOOOOOOOOOOOOOOOOOO
0:25:58,@Feojsshsyydud,LOL
0:25:58,@Tamers12345MLP,It's not over btw
0:25:59,@okuriinu8489,toodles save gourdy atleast
0:25:59,@agoatheadbaby3512,Oh hey.
0:25:59,@Astrinhostar,I LOVE ITTTT
0:26:00,@IHATEMYFUHINGUSERNAME,NOOO IT'S DONE
0:26:00,@Cherrylitzx,THAT WAS GOOD NGL
0:26:00,@shrimpkuuu,awwww that's the end of the ep nooooo
0:26:01,@SPACE_BUGGYS,LOL
0:26:01,@Alayna_is_slay244,lol
0:26:01,@The_Silly_Patootie,This is beautiful 
0:26:01,@ADWLOVERANDMM2,Yes 
0:26:01,@kitty_.7916,DANDY NOOO
0:26:01,@ɲiquee-l5y,GOURDY THATS A ADULT
0:26:01,@theREELfinn1,I FEEL BAD FOR DANDY
0:26:02,@Redlemonades,peak
0:26:02,@Oxivon-l7f,was that it
0:26:02,@VelvetBonbon-eu9oz,NOO WHY DID IT END :tired_face:
0:26:03,@Moon_wolfpawz,OMGGG
0:26:03,@Puffu_13,I’m
0:26:03,@kloudscringe,INEED MORE
0:26:03,@TvorYT,THAT WAS HOMOPHOBIC 
0:26:04,@Oxivon-l7f,OH
0:26:04,@maxbear027,:face-red-heart-shape::face-red-heart-shape::face-red-heart-shape::face-red-heart-shape::face-red-heart-shape::face-red-heart-shape::face-red-heart-shape:
0:26:04,@Juter-h9x,GOODBYE 
0:26:04,@Reintenofwhat,ITS DONE
0:26:04,@Shivery,NICE EP
0:26:05,@Cherrylitzx,NOT OVER
0:26:05,@jo3a548,LAOSFLSAFO
0:26:05,@silykat35,WIAT ITS NOT OVER??
0:26:05,@Potatogalsunite,"hes like me, depressed"
0:26:05,@Nanaw8888,Now dandy is killing Cosmo
0:26:05,@Peejaylew,OHH
0:26:05,@IHATEMYFUHINGUSERNAME,TAMERS I DON'T GOT MONEY
0:26:05,@Ayyukki.01,ME WHERE
0:26:05,@Oxivon-l7f,OK
0:26:06,@yeo8392,YESSS
0:26:06,@vdn2468,cute episode
0:26:06,@Moon_wolfpawz,WAIT WHAT
0:26:06,@mimi-j9j9e,omgggggggggggggg
0:26:07,@Avery-q6m,WGWT
0:26:07,@StupidCupidPanda,YAAAAAAAA
0:26:07,@XxZ0MB1E_K1TTYxX,I missed so much :broken_heart:
0:26:07,@DownyDuck,Thank you
0:26:09,@jennythebean9117,YES
0:26:09,@UngulaPropriaRQ,"again, thanks tamers primo stuff"
0:26:09,@shrimpkuuu,it's not over?
0:26:09,@pokefreak2112,poor gourdy :(
0:26:10,@fleeciaswife,Can i do that though
0:26:10,@Treekotrouble,thanks Tamers
0:26:10,@kitty_.7916,NOOOOOO
0:26:10,@gold_13920,bye
0:26:11,@ɲiquee-l5y,I ALREADY DID
0:26:11,@Jevil-d6l,DANDY WHY DO YOU HAVE THAT WEBSITE 
0:26:11,@Jamzandjelly,I LOVED IT THANK YOU TAMERS
0:26:11,@raimapper3367,MORE LORE?
0:26:12,@theREELfinn1,ASTRO IS SO CUT
0:26:12,@Cat-exe1,WRGSGSHYHSGSH
0:26:12,@remyrambless,IM POOR AGHH BUT PEAK EP
0:26:12,@mimi-j9j9e,W EPISODE
0:26:13,@bratini-p7o,poi A bobette
0:26:13,@Oxivon-l7f,nor over yaya
0:26:13,@Moon_wolfpawz,IT NOT OVER??
0:26:13,@Solums,why qwel is there?
0:26:13,@shamil_6767,MOONFLOWER CANON ???? IM LATE
0:26:13,@theREELfinn1,CUTE
0:26:13,@X_B00MX,Cheers
0:26:14,@Alayna_is_slay244,ok
0:26:14,@Lucario4thewin,it still is
0:26:14,@Danger_luvu12,WHAT
0:26:14,@Puffu_13,I don’t have patreon:loudly_crying_face::loudly_crying_face:
0:26:14,@kitty_.7916,omgggg
0:26:14,@Feojsshsyydud,NOT OVER
0:26:15,@Veledate,live laugh love promotion
0:26:15,@hoelt1,Peak
0:26:15,@TheKalimanMX,I WILL
0:26:15,@ShellyFossilianMM,GOODBYE MY LOVELIES!!!!
0:26:17,@shrimpkuuu,YUUUUUUM
0:26:17,@Ayyukki.01,BOXTEN?
0:26:17,@Cat-exe1,MOREEEEEEEE
0:26:17,@00_miayattaGay367,I love this video so much ok bye yall
0:26:17,@alcinaisMINE,Tamers I love you
0:26:17,@cricket_gaming_hd9439,tamers im poor i cant afford rent for your patreon this month
0:26:18,@The_Silly_Patootie,RAHHHHH
0:26:18,@noahgutierrez9017,HE SAID ITS NOT OVER YET
0:26:18,@XxZ0MB1E_K1TTYxX,:broken_heart::broken_heart:
0:26:18,@Jamzandjelly,best video yet
0:26:18,@D0GL0V1NGTH31ST,ADD ME PLS
0:26:18,@silykat35,IS NOT OBER UEY
0:26:19,@Feojsshsyydud,When does squirm appear
0:26:19,@The_Silly_Patootie,LOOEY?
0:26:19,@ShellyFossilianMM,MY TWINS
0:26:19,@vazquezzavaladarielaalejan6147,NOOOOOOO
0:26:19,@IHATEMYFUHINGUSERNAME,TAMERS MY MOM IS KINDA GARDENVIEWLEZS
0:26:20,@Shivery,EPIC
0:26:20,@SPROUTANDCOSMO2014,I WAS SO SURPRISED I WAS FALLING IN THE LOVE AND THEN I’M LAUGHING SO HARD
0:26:20,@theREELfinn1,ASTRO LOOKS SO CITE !!
0:26:21,@vazquezzavaladarielaalejan6147,PLEASE
0:26:21,@Redlemonades,thank you tamers I love you
0:26:21,@dahliaandsamy5478,PEAAAK
0:26:22,@ADWLOVERANDMM2,ASTRO
0:26:22,@estomesto,BASSIE
0:26:22,@Jevil-d6l,PEAK EPISODE:face_holding_back_tears:
0:26:23,@misakayy1911,MORE
0:26:23,@Iwowkan,Awh it's over
0:26:24,@kloudscringe,THE MUSIC
0:26:24,@adoredbelle,TAMERS!! WHEN ARE WE GETTING AN OFFICIAL DISCORD!
0:26:24,@Cherrylitzx,OMG??
0:26:24,@silykat35,ITS NOT OVER RYE
0:26:24,@ShellyFossilianMM,OH?
0:26:24,@Coolen_van,DO IT AGAIn:face-purple-wide-eyes::face-purple-wide-eyes:
0:26:25,@carabarabonanza,IT WAS SO GAY I LOVE IT
0:26:25,@SPACE_BUGGYS,Yo flutter stay away from soulvester he’s a PRED
0:26:25,@shrimpkuuu,is
0:26:25,@Shivery,:clapping_hands:
0:26:25,@Blu3b1rd._.sk1es,OH??
0:26:25,@D0GL0V1NGTH31ST,AHHH
0:26:26,@liviasuzana8283,omg
0:26:26,@Hexen_4444,that good shit
0:26:26,@Angelilockedaway,OMG YES
0:26:26,@alcinaisMINE,MNEW IT WOULD BE AN ANIMATION MEME
0:26:26,@estomesto,BASSIE
0:26:26,@ilovechristmasforever,stop with the treaking
0:26:26,@XxZ0MB1E_K1TTYxX,OMGGG????
0:26:26,@VelvetBonbon-eu9oz,WHAT THE??
0:26:27,@BinGusBooop,Thank you for the food Tamers
0:26:27,@X_B00MX,That was amazing
0:26:27,@kloudscringe,ICANT BRO
0:26:27,@emosprout,GIGI
0:26:29,@Danger_luvu12,I LOVE THIS
0:26:29,@AngemarTV,what
0:26:29,@Popi-e4p-c2z,HELP YHE MUSIC
0:26:29,@TheVampireVito,thank you tamers12345
0:26:29,@ADWLOVERANDMM2,ASTRO
0:26:29,@okuriinu8489,I HEAR ANIMATION MEME
0:26:29,@IHATEMYFUHINGUSERNAME,oh God not this song.
0:26:30,@Jamzandjelly,THE MEMORIES 
0:26:31,@fleeciaswife,THIS SONG
0:26:31,@Iwowkan,WOAH
0:26:31,@kitty_.7916,omgggg
0:26:31,@Juter-h9x,OMG
0:26:32,@Veledate,I LOVE THIS EPISODEEEE
0:26:32,@churritototi,OMGGGG
0:26:32,@HMZeroTwo,ANOTHER ZOOM MEETING?
0:26:33,@Oxivon-l7f,IM CRYING NOT H.A.y
0:26:33,@Angelilockedaway,ANIMATION TIMEEE
0:26:34,@yumyumyumyumyummmmy,ooOooOoOoO
0:26:34,@Lucario7280,YATTA
0:26:34,@Moon_wolfpawz,HELP
0:26:34,@raimapper3367,NOT THIS SONG OMG
0:26:34,@fleeciaswife,IM GETTING FLASHBACKS
0:26:34,@theREELfinn1,I NEED FINN IN THE NEXT EPISODE
0:26:34,@xamxsu,GOURDY
0:26:35,@shrimpkuuu,are we doing an animationmeme????
0:26:35,@kitty_.7916,HAHHAHAHA
0:26:35,@MoonNomLove,Omg
0:26:35,@alcinaisMINE,Gourdy ur so cute im gonna bite you
0:26:36,@kloudscringe,ANIMATION MEME ASS SHIT BRO
0:26:36,@Danger_luvu12,THIS IS MWUAH
0:26:36,@pizzakingofall,I love hiss eps
0:26:36,@kitty_.7916,OMGGGG
0:26:36,@Brushalover,HELO THE SONG
0:26:37,@Santaman3,HELLO GOOB
0:26:37,@mimi-j9j9e,I WANT IT TO BE ABOUT BOXTEN PLEEEAASEW
0:26:37,@Puffu_13,ANIMATION MEME
0:26:37,@XxZ0MB1E_K1TTYxX,ANIMATION MEME????
0:26:38,@spee828,:clapping_hands:
0:26:38,@kloudscringe,HAY
0:26:38,@Coolen_van,SKIP:eyes-purple-crying::eyes-purple-crying::eyes-purple-crying:
0:26:38,@GummiGoo-x1b,Tamers do yuri episode 
0:26:39,@Iwowkan,THE SONG??
0:26:39,@The_Silly_Patootie,NOSTALGIC SONG
0:26:39,@xamxsu,MAKE THE NEXT EPISODE ABOUT GOURDYY
0:26:39,@shrimpkuuu,THIS IS AN ANIMATION MEME???
0:26:39,@gamertuberonmask,I SWORE I SAW QWEL’S NAME
0:26:39,@ɲiquee-l5y,BOXTEN IS SOO NONTCHALONT
0:26:39,@MoonNomLove,Animation meme???
0:26:40,@Uncoolperson-2012,UEYSYEYSYSS
0:26:40,@bug_under,so cool
0:26:40,@dashisms,WOWWWWWW
0:26:40,@estomesto,tamers i love you
0:26:40,@GUMMY._.SH4RK_XD,WELP THAT WAS AMAZING
0:26:41,@bratini-p7o,poia bobette
0:26:41,@okuriinu8489,ANIMATION MEME 
0:26:41,@X_B00MX,PLZ B ABT ALL JUS BASSIE
0:26:42,@ADWLOVERANDMM2,IM REWATCHING IT
0:26:42,@jennythebean9117,:O
0:26:42,@Veledate,LOL
0:26:42,@Ayyukki.01,WAIT A MINUTE
0:26:43,@Angelilockedaway,Guys It's AN ANIMATION
0:26:43,@theREELfinn1,FINN IS ON THE SCREEN IM PISSING
0:26:44,@GaelHernandez-m1b,OH WAIT THIS IS FIRE
0:26:44,@Shivery,:clapping_hands::clapping_hands::clapping_hands::clapping_hands::clapping_hands:
0:26:44,@fleeciaswife,THE SONG IS SO NOSTALGIC 
0:26:44,@Coolen_van,YES
0:26:44,@gummy8440,I think its time for the Shrimpo episode
0:26:45,@jo3a548,CUTE
0:26:45,@alcinaisMINE,LADIES LADIES
0:26:45,@IHATEMYFUHINGUSERNAME,2018 TAMERS?!
0:26:46,@Ikoda_kun,SHRIMPO DANCE
0:26:46,@X_B00MX,I JUST WANT IT TO B ABT BASSIE
0:26:47,@fleeciaswife,AWWW SPROUT
0:26:47,@raimapper3367,oh no
0:26:48,@MoonNomLove,WWLWLWLAKALA
0:26:49,@Veledate,"shrimpo dance, cmonnn"
0:26:49,@kloudscringe,WHATIS THISSSSSSSS
0:26:50,@Angelilockedaway,HEHE
0:26:49,@SPACE_BUGGYS,NEED MORE DYLE
0:26:50,@Veledate,OH!
0:26:51,@silykat35,What is this piggy animation :loudly_crying_face: 
0:26:51,@Danger_luvu12,is this video is mama mia
0:26:52,@00_miayattaGay367,Yes
0:26:52,@Jamzandjelly,Im CRINE
0:26:52,@XxZ0MB1E_K1TTYxX,PEAKKKKKK
0:26:53,@alcinaisMINE,I predicted this guys ://:
0:26:53,@Juter-h9x,OMG YES
0:26:53,@SPACE_BUGGYS,BLOTTT
0:26:54,@mimi-j9j9e,LOL SHRIMPO
0:26:54,@Puffu_13,:face-blue-smiling::face-blue-smiling:
0:26:54,@Allontae_Romel,Are you guys ready?
0:26:54,@spee828,:dance:
0:26:54,@TheKalimanMX,SHRIMPO
0:26:55,@Kipkat13,FUCKING WOOO
0:26:55,@Coolen_van,ASTRO NO
0:26:55,@bratini-p7o,poia bobette
0:26:55,@liviasuzana8283,shrimpo :broken_heart:
0:26:55,@shrimpkuuu,shrimpo is gonna die
0:26:55,@SPACE_BUGGYS,I WNAT BLOTTT
0:26:55,@The_Silly_Patootie,RAHHHH
0:26:55,@ShellyFossilianMM,Wuh oh….
0:26:56,@raimapper3367,NOOOO
0:26:56,@Veledate,vro got slimed out-
0:26:56,@GaelHernandez-m1b,OMG
0:26:56,@Jamzandjelly,SHRIMPO DANCE
0:26:56,@Blu3b1rd._.sk1es,Oh shrimpo not dancing
0:26:56,@stephanienunn3031,COSMO PLEASE 
0:26:56,@SPACE_BUGGYS,BLOTTT
0:26:56,@Ayyukki.01,BIXTEN
0:26:57,@remyrambless,ohh the babies
0:26:57,@Iwowkan,Ofc shrimpo isn't doing anything
0:26:58,@iamboomer7805,Shrimpo...
0:26:58,@UngulaPropriaRQ,lmao shrimpo
0:26:58,@beepbopmop,holy shittt
0:26:58,@theREELfinn1,AAAWWW FINN LOOKS SO CUTE
0:26:58,@PsychoViixen,:fish-orange-wide-eyes::fish-orange-wide-eyes::fish-orange-wide-eyes::fish-orange-wide-eyes:
0:26:58,@SPACE_BUGGYS,BLOTTT
0:26:58,@Prismabom,shrimpo dgaf
0:26:58,@applebloom2307,Once agin peak!!!!
0:26:58,@Dalekoverhauls,Is it the next episode going to be who can win soulvester heart 
0:26:59,@alcinaisMINE,They’re all horrible at dancing 
0:26:59,@Ayyukki.01,OH MY GOD BOXTEN
0:26:59,@Angelilockedaway,OH
0:26:59,@SPACE_BUGGYS,BLOTTT
0:27:00,@Blu3b1rd._.sk1es,OH
0:27:00,@UngulaPropriaRQ,HAHHAHQA
0:27:00,@Ayyukki.01,BOXTEN
0:27:01,@Coolen_van,DANDY WTH
0:27:01,@bug_under,YAY
0:27:01,@shrimpkuuu,YAAAAAAY
0:27:01,@SPACE_BUGGYS,BLOTTTT
0:27:01,@Veledate,this lowk kinda peak
0:27:01,@fleeciaswife,HAHA
0:27:02,@Jamzandjelly,WOAH
0:27:02,@Blu3b1rd._.sk1es,OH
0:27:02,@Shivery,KEEP DANCING
0:27:02,@jo3a548,OH FUCK
0:27:02,@Ikoda_kun,NOT ASTRO
0:27:02,@Allontae_Romel,"OK, so they are having a dance party"
0:27:03,@jennythebean9117,DANCE SHRIMP BOY!
0:27:04,@Danger_luvu12,:volcano-green-lava-orange::volcano-green-lava-orange::volcano-green-lava-orange::volcano-green-lava-orange::volcano-green-lava-orange::volcano-green-lava-orange::volcano-green-lava-orange:
0:27:05,@haileykitty6993,Shrimpo is not gonna dance
0:27:05,@SPACE_BUGGYS,BLOTTT
0:27:05,@The_Silly_Patootie,HELP WHAT
0:27:05,@00_miayattaGay367,YEA
0:27:05,@Jamzandjelly,HAHAHAHA
0:27:05,@iamboomer7805,OH GOD
0:27:05,@kitty_.7916,OMG
0:27:06,@Kipkat13,OH MY GOD
0:27:06,@NubMcMoofin,:face_holding_back_tears::face_holding_back_tears::face_holding_back_tears::face_holding_back_tears:
0:27:07,@SPACE_BUGGYS,BLOTTTT
0:27:08,@Puffu_13,I forgot this song existed
0:27:08,@fleeciaswife,HELPMEME
0:27:08,@GUMMY._.SH4RK_XD,OH MY
0:27:08,@XxZ0MB1E_K1TTYxX,SOOO PEAKKKK
0:27:08,@Ayyukki.01,oh my god
0:27:09,@Tamers12345MLP,They're trying their best
0:27:09,@Iwowkan,I KENW IT
0:27:09,@mimi-j9j9e,OMGGG
0:27:09,@Ayyukki.01,BOXTEN
0:27:09,@Dalekoverhauls,Is it gourdy or flyte?
0:27:10,@SPACE_BUGGYS,BLOTT
0:27:10,@Santaman3,GO GOOB
0:27:10,@theREELfinn1,FINN BEING SILLY AS ALWAYS
0:27:10,@Prismabom,lol got his ass
0:27:11,@vazquezzavaladarielaalejan6147,OMG
0:27:11,@kitty_.7916,AJAJJAJAKA
0:27:11,@Ayyukki.01,BXOTEN
0:27:11,@GaelHernandez-m1b,OH NO
0:27:12,@Nanaw8888,Is that hair on astro?
0:27:12,@remyrambless,COSMO NOOO
0:27:13,@Ayyukki.01,BOXTEN
0:27:13,@haileykitty6993,because he's dead
0:27:13,@Ayyukki.01,BXOTEN
0:27:14,@SPACE_BUGGYS,I WANT TO SE EBLOT
0:27:14,@HMZeroTwo,YO WHY IS EVERYBODY DYING
0:27:14,@alcinaisMINE,LEAVE THAT CHILD ALONE
0:27:15,@Ikoda_kun,DON'T KILL ASTRO
0:27:16,@gamertuberonmask,DMAN RIP SHRIMPO
0:27:16,@franzhilari4040,NOOOOOOO COSMO
0:27:16,@Angelilockedaway,NOOOO
0:27:16,@NubMcMoofin,:loudly_crying_face:
0:27:17,@shrimpkuuu,FINN MOVE
0:27:17,@SigmaRizz-du1cc,AHHHH LOOK AT MY HUSBAND GO
0:27:17,@raimapper3367,NOOOOOO
0:27:17,@Santaman3,nOoOoOoOooOo
0:27:18,@The_Silly_Patootie,GOOB NOO
0:27:20,@Blu3b1rd._.sk1es,NOOOO
0:27:20,@Jamzandjelly,OMG
0:27:20,@bug_under,LMAO
0:27:21,@shrimpkuuu,NOOOO
0:27:21,@silykat35,OH NOE
0:27:22,@Ayyukki.01,BOXTEN
0:27:22,@applebloom2307,GOOOOOOB
0:27:22,@Kualxek,I got flashbacks of 2019
0:27:22,@jennythebean9117,Faster
0:27:23,@theREELfinn1,FINN
0:27:23,@SigmaRizz-du1cc,OH SHTO
0:27:23,@Ayyukki.01,BOXTNE
0:27:25,@gamertuberonmask,WHO ELSE 
0:27:25,@Dalekoverhauls,Just a question tamersofficial 
0:27:25,@spee828,damn
0:27:25,@Kipkat13,GOOB :loudly_crying_face::loudly_crying_face::loudly_crying_face::loudly_crying_face::loudly_crying_face::loudly_crying_face::loudly_crying_face:
0:27:25,@Ayyukki.01,MY LOVE
0:27:25,@alcinaisMINE,REF DO SMTH
0:27:25,@Allontae_Romel,"OMG, are you in the chat?"
0:27:25,@Astrinhostar,DAAAMMMM
0:27:25,@Jamzandjelly,OOOOHHHHHHHH
0:27:26,@X_B00MX,:fearful_face:
0:27:26,@HMZeroTwo,DANDY NOOOOOOOOO
0:27:26,@FurryBayo,not goob!!
0:27:26,@Juter-h9x,JJWJJWJWW
0:27:27,@kitty_.7916,NOOOO
0:27:27,@Kualxek,MY GOAT
0:27:27,@Zaiikai,GOOOD
0:27:28,@goobsworld_tr,TF DİD GOOB DO
0:27:28,@bratini-p7o,poia bobette
0:27:28,@LeslieTait,OH DAMN
0:27:29,@gamertuberonmask,OH MY GOSH
0:27:28,@shrimpkuuu,BOXTEN
0:27:29,@Avery-q6m,YEOP
0:27:29,@Kualxek,IM CRYING
0:27:30,@Puffu_13,Boxten:loudly_crying_face::loudly_crying_face::loudly_crying_face:
0:27:30,@fleeciaswife,DONT KILL SPROUT
0:27:30,@okuriinu8489,its giving poppy playtime chapter 5 with the bad toybox
0:27:30,@Shivery,NOOOOOOOOO
0:27:31,@kloudscringe,I CSNT BRO
0:27:31,@Bowquetthethird,Oh
0:27:31,@UngulaPropriaRQ,BOXTEN NOO
0:27:31,@mimi-j9j9e,OMGGGGGGGGGGGG
0:27:31,@Jamzandjelly,BOXTEN
0:27:31,@silykat35,WAAHHH
0:27:31,@Blu3b1rd._.sk1es,BOXTEN NO
0:27:32,@theREELfinn1,DAMN IT
0:27:32,@iamboomer7805,BOXY NO
0:27:32,@alcinaisMINE,GOURDAYYYH
0:27:33,@kloudscringe,LIVE SPROIT
0:27:33,@HMZeroTwo,BOXTEN'S TWEAKING OUT
0:27:33,@spee828,MOAR GORE
0:27:33,@Rand0mma,DANCE TILL YOU'RE DEAD
0:27:33,@jo3a548,AAAAAAAAAAAAAAAAAAAAA
0:27:34,@misakayy1911,AAAAAAAAAAAAAAAAA
0:27:34,@queenkiller9504,i was here
0:27:34,@vazquezzavaladarielaalejan6147,Why is boxeten lowk hot
0:27:34,@fleeciaswife,DONT KILL SPROUT BRO
0:27:35,@gamertuberonmask,IM ROOTING FOR ASTRO IG?
0:27:35,@SPACE_BUGGYS,fins dead
0:27:36,@theREELfinn1,NOOO
0:27:36,@Jamzandjelly,OH SHITT
0:27:36,@Shivery,ASTRO
0:27:36,@SigmaRizz-du1cc,.
0:27:36,@silykat35,IM SCAREDDD
0:27:37,@Angelilockedaway,ASTRO STAY ALIVE
0:27:37,@The_Silly_Patootie,GOURDY NOOOO
0:27:37,@theREELfinn1,FINN
0:27:37,@GUMMY._.SH4RK_XD,NO GPURDYYYY
0:27:37,@bug_under,this is so fun
0:27:37,@Treekotrouble,cool ass outro
0:27:38,@Kualxek,"MY GOAT DIED, NOOO"
0:27:38,@LeslieTait,NOOOOOO
0:27:38,@Sproutcosmocuteg8xcosmo,:3
0:27:38,@Blu3b1rd._.sk1es,OH NO
0:27:38,@Iwowkan,Astro will survive
0:27:39,@NubMcMoofin,:face_holding_back_tears::face_holding_back_tears:
0:27:39,@SPACE_BUGGYS,boxten
0:27:39,@X_B00MX,:fearful_face:
0:27:39,@Shivery,:clapping_hands::clapping_hands::clapping_hands::clapping_hands::clapping_hands:
0:27:39,@musashi-f4n,COSMO
0:27:39,@HMZeroTwo,GOURDY NOOOO
0:27:39,@kitty_.7916,BOXTEN NOOOO
0:27:40,@mimi-j9j9e,OMG 
0:27:40,@alcinaisMINE,THE COWEWE
0:27:40,@Blu3b1rd._.sk1es,AAAAAA
0:27:40,@estomesto,LOL
0:27:40,@GUMMY._.SH4RK_XD,GOURDY NO
0:27:41,@fleeciaswife,SPROUT KEEP DANCING
0:27:42,@The_Silly_Patootie,HELP NO
0:27:42,@Nanaw8888,And why is dandy acting like a cat?
0:27:42,@Allontae_Romel,"I love you, bro. You’re the best. Funny Dandy‘s world, youTuber ever"
0:27:42,@MillerTheDarkTransPrince,qwq
0:27:43,@okuriinu8489,its giving poppy playtime chapter 5 with the bad toybox
0:27:43,@fleeciaswife,NOOOOO
0:27:43,@mimi-j9j9e,ASTRO PLSS
0:27:44,@Oxivon-l7f,YOU GOT THIS ASTRO
0:27:44,@00_miayattaGay367,NOOOooOo
0:27:44,@Jamzandjelly,OH DAMN
0:27:44,@jo3a548,OH FUCK
0:27:44,@shrimpkuuu,? astro
0:27:44,@mimi-j9j9e,NOOOOOOOOOOOOO
0:27:45,@raimapper3367,SPPROOUUT NOOO
0:27:45,@ɲiquee-l5y,YOU GOT THIS ASTRO
0:27:45,@bratini-p7o,no astro
0:27:46,@fleeciaswife,SORP
0:27:47,@GUMMY._.SH4RK_XD,ASTRO DANCE
0:27:47,@SPACE_BUGGYS,gourdy
0:27:48,@gamertuberonmask,KNOWING DANDY I BET ASTRO WINS
0:27:48,@Avery-q6m,WHAT
0:27:48,@HMZeroTwo,It's joever.
0:27:48,@kloudscringe,ASTRO WIN GAY
0:27:49,@fleeciaswife,SPRPTU
0:27:49,@beepbopmop,Tamers is a perfect world and that's because Bassie and Cocoa are friends <3
0:27:49,@Shivery,ASTRO KEEP LIVING
0:27:50,@shrimpkuuu,ASTRO.
0:27:50,@fleeciaswife,SPROUT NO
0:27:50,@Ayyukki.01,IM SO FUCKING SCARQED
0:27:51,@mimi-j9j9e,ASTRO
0:27:51,@SPACE_BUGGYS,sprout
0:27:51,@theREELfinn1,YES ASTRO WINS
0:27:51,@ɲiquee-l5y,DANCE BRO
0:27:51,@Oxivon-l7f,HES GONNA MAKE OUT WITH ASTRO INSTEAD TRUST
0:27:51,@MaraKoruSky,Nooo Sprout
0:27:51,@kitty_.7916,OMGGGG
0:27:51,@Kipkat13,DANCE
0:27:52,@TheJackManArt, P e a k
0:27:52,@Veledate,why'd the subtitles say heat?
0:27:52,@fleeciaswife,NO SPROUT
0:27:52,@silykat35,ASTRO KEEP DANCING
0:27:53,@Oxivon-l7f,HAHA
0:27:53,@Puffu_13,Astro live plz
0:27:54,@GUMMY._.SH4RK_XD,FUCKING DANCE ASTRO
0:27:54,@Jamzandjelly,now kiss astro dandy
0:27:55,@HMZeroTwo,"Astro, you're not safe."
0:27:55,@Prismabom,he wont kill astro
0:27:55,@alcinaisMINE,Astro gets a pass bc he’s dandy’s kitten
0:27:55,@fleeciaswife,NOOOOOO
0:27:56,@user-jk5sv7sn2c,noooôooooooooooon
0:27:56,@spee828,MORE gore
0:27:56,@silykat35,KEEP DANCING
0:27:56,@tiffanyd4581,NOOOOOOO
0:27:56,@Veledate,ummm
0:27:57,@SPACE_BUGGYS,then astro
0:27:57,@GummiGoo-x1b,ASTRO NO
0:27:57,@Iwowkan,OHNO
0:27:57,@silykat35,DANC E
0:27:57,@GummiGoo-x1b,ASTRO
0:27:57,@Ikoda_kun,keep uwu dancing astro
0:27:57,@mimi-j9j9e,OMGGG
0:27:57,@Allontae_Romel,It’s about to start
0:27:57,@fleeciaswife,SPROUT:loudly_crying_face::loudly_crying_face::loudly_crying_face::loudly_crying_face::loudly_crying_face::loudly_crying_face::loudly_crying_face:
0:27:58,@GUMMY._.SH4RK_XD,YAAAAA
0:27:58,@GummiGoo-x1b, NOOO
0:27:59,@bug_under,TOYBOY
0:27:59,@forestkidsplay335, cosmo your done for
0:27:59,@vazquezzavaladarielaalejan6147,PEAAAK
0:27:59,@ShellyFossilianMM,I 
0:27:59,@Solums,Crazy new floor event
0:28:00,@The_Silly_Patootie,ASTRO YOU CAN DO THIS
0:28:01,@Veledate,astro gonna get slimed out
0:28:01,@remyrambless,sobbing
0:28:01,@Santaman3,GOoOOoOoOO
0:28:02,@Kipkat13,FEAR
0:28:02,@Jamzandjelly,Oh
0:28:02,@vazquezzavaladarielaalejan6147,W
0:28:02,@Peejaylew,WHA
0:28:02,@vazquezzavaladarielaalejan6147,W
0:28:02,@GaelHernandez-m1b,NO
0:28:03,@haileykitty6993,I think he's done for
0:28:03,@GummiGoo-x1b,ASTRO PLEASE
0:28:03,@Angelilockedaway,"astro, DANCE FOR MONEY"
0:28:03,@Juter-h9x,OMG SI BEBA
0:28:03,@Avery-q6m,HE GONNA DIE
0:28:03,@vazquezzavaladarielaalejan6147,W TAMERS
0:28:03,@IHATEMYFUHINGUSERNAME,ASTRO UR DANCING SUCKS
0:28:04,@Santaman3,PLsssss
0:28:04,@bratini-p7o,poia bobette
0:28:04,@Ili.The.Raccoon1457,YOU GOT THIS ASTRO
0:28:04,@Shivery,Dam
0:28:04,@Treekotrouble,KEEP MOVING ASTRO!!!
0:28:05,@Veledate,o dang
0:28:05,@gamertuberonmask,CLOCK IN ASTRO
0:28:05,@raimapper3367,NOOO
0:28:06,@Dalekoverhauls,Nice
0:28:06,@AngemarTV,no
0:28:06,@silykat35,ASTOR PLEASEE
0:28:06,@Shivery,:clapping_hands::clapping_hands::clapping_hands::clapping_hands::clapping_hands::clapping_hands::clapping_hands:
0:28:07,@Iwowkan,RUN
0:28:07,@Jamzandjelly,THEY ALL DEAD
0:28:08,@yumyumyumyumyummmmy,W
0:28:08,@00_miayattaGay367,No
0:28:08,@HMZeroTwo,Nah dandy gave his bf special treatment there
0:28:08,@Dalekoverhauls,I loved this
0:28:09,@kitty_.7916,WAIT
0:28:09,@fleeciaswife,REVIVE SPROUT PLEASE
0:28:09,@xamxsu,peak
0:28:10,@LeslieTait,DON'T DIE ON MEEEEEE PLEASE...
0:28:10,@SPACE_BUGGYS,lolll
0:28:10,@Lucario4thewin,dance till ur dead
0:28:11,@kloudscringe,SON
0:28:11,@alcinaisMINE,Me pulling up to the party with one single dance move
0:28:11,@jo3a548,AAAAAAAAAAAAAAAAAAAAAA
0:28:12,@theREELfinn1,LOCK IN !!!
0:28:12,@TheKalimanMX,peak
0:28:12,@bratini-p7o,pls
0:28:12,@HMZeroTwo,Nvm.
0:28:13,@kitty_.7916,NOOOOO
0:28:13,@ɲiquee-l5y,NOOOO
0:28:13,@bug_under,why don't they dance bruh it's easy
0:28:14,@Puffu_13,OH NOOO
0:28:14,@Avery-q6m,Bro
0:28:15,@mimi-j9j9e,big forehead
0:28:15,@last-act,so cute
0:28:15,@The_Silly_Patootie,NOOOO
0:28:15,@Jamzandjelly,OH DEAR
0:28:15,@NubMcMoofin,:face_holding_back_tears:
0:28:15,@kst25iggy,NOOOO
0:28:15,@Feojsshsyydud,NO
0:28:15,@yumyumyumyumyummmmy,W live stream 
0:28:16,@Halloween_isbetter,OMG
0:28:17,@superarcade643,10/10
0:28:17,@Angelilockedaway,NOOOOOO
0:28:17,@pokefreak2112,NOOOO
0:28:17,@Ikoda_kun,NOOO ASSTRO
0:28:17,@shrimpkuuu,WOOOOOOOOO
0:28:18,@alcinaisMINE,HOLY PEAK
0:28:18,@NubMcMoofin,:saluting_face::saluting_face::saluting_face::saluting_face:
0:28:18,@AngemarTV,why???
0:28:19,@bug_under,peak
0:28:19,@MillerTheDarkTransPrince,peak
0:28:19,@LeslieTait,WHAT THE..
0:28:20,@estomesto,DOO BASSIE
0:28:20,@MOOSTACHE_Official,Epic
0:28:21,@mimi-j9j9e,NOOOOOOOOOOOOOOOO
0:28:22,@misakayy1911,KINOOOOOOOOOOOOOOOOO
0:28:22,@The_Silly_Patootie,BYE GUYS
0:28:23,@yumyumyumyumyummmmy,bye people
0:28:23,@Jamzandjelly,oh….
0:28:23,@Prismabom,tasty
0:28:23,@fleeciaswife,ITS OVER NO
0:28:23,@remyrambless,</3
0:28:23,@shrimpkuuu,PEAK PEAK PEAK
0:28:23,@gamertuberonmask,NO
0:28:23,@liviasuzana8283,noooooooo
0:28:23,@Iwowkan,rip
0:28:24,@Shivery,:clapping_hands::clapping_hands::clapping_hands:
0:28:24,@KikoStarlight,NOOO MY BABY
0:28:24,@GummiGoo-x1b,ASTRO
0:28:24,@IHATEMYFUHINGUSERNAME,NAHHH IT'S OVER
0:28:24,@superarcade643,ANOTHER PEAK EPISODE BY THE GOD KING HIMSELF
0:28:24,@vazquezzavaladarielaalejan6147,THIS WAS PEAK
0:28:25,@SPROUTANDCOSMO2014,NOOO
0:28:25,@estomesto,PLS BASSIE
0:28:25,@UngulaPropriaRQ,damn wipe on dandy's floor
0:28:26,@kitty_.7916,NOOOOOO
0:28:26,@Zaiikai,PEAK
0:28:26,@kloudscringe,META
0:28:26,@haileykitty6993,RIP
0:28:27,@GummiGoo-x1b,PLS
0:28:27,@Puffu_13,100/100
0:28:28,@SENTINELOFABYBSS12,W
0:28:28,@Veledate,SUCH A GOOD EPISODE OMLLLLL
0:28:29,@Solums,peak
0:28:29,@ilovechristmasforever,what
0:28:29,@superarcade643,THANK YOU
0:28:30,@Avery-q6m,LmAOO
0:28:30,@raimapper3367,THIS WAS COOL THANK U TAMERS
0:28:30,@Kipkat13,THANK YOU TAMERS
0:28:31,@misakayy1911,KINOOOOOOOOOOOOOOOOOOOOOOOOOOOOOOOOOOOOOOOOOOOOOOOOO
0:28:32,@superarcade643,I ATE GOOD
0:28:32,@fleeciaswife,Ts was peak
0:28:32,@Astrinhostar,PEAK
0:28:32,@The_Silly_Patootie,BYEEEEEEE
0:28:32,,
0:28:33,,
0:28:33,,
0:28:33,,
0:28:33,,
0:28:33,,
0:28:34,,
0:28:34,,
0:28:34,,
0:28:34,,
0:28:34,,
0:28:34,,
0:28:34,,
0:28:35,,
0:28:35,,
0:28:35,,
0:28:36,,
0:28:36,,
0:28:37,,
0:28:38,,
0:28:38,,
0:28:38,,
0:28:38,,
0:28:38,,
0:28:38,,
0:28:38,,
0:28:39,,
0:28:39,,
0:28:39,,
0:28:40,,
0:28:40,,
0:28:40,,
0:28:40,,
0:28:41,,
0:28:41,,
0:28:42,,
0:28:42,,
0:28:42,,
0:28:42,,
0:28:42,,
0:28:42,,
0:28:43,,
0:28:43,,
0:28:43,,
0:28:43,,
0:28:44,,
0:28:44,,
0:28:44,,
0:28:45,,
0:28:45,,
0:28:46,,
0:28:46,,
0:28:46,,
0:28:46,,
0:28:46,,
0:28:46,,
0:28:46,,
0:28:46,,
0:28:47,,
0:28:47,,
0:28:47,,
0:28:47,,
0:28:47,,
0:28:47,,
0:28:47,,
0:28:48,,
0:28:48,,
0:28:48,,
0:28:48,,
0:28:48,,
0:28:48,,
0:28:49,,
0:28:49,,
0:28:50,,
0:28:50,,
0:28:50,,
0:28:50,,
0:28:50,,
0:28:51,,
0:28:51,,
0:28:51,,
0:28:51,,
0:28:51,,
0:28:52,,
0:28:52,,
0:28:52,,
0:28:52,,
0:28:52,,
0:28:52,,
0:28:52,,
0:28:53,,
0:28:53,,
0:28:54,,
0:28:54,,
0:28:54,,
0:28:54,,
0:28:55,,
0:28:54,,
0:28:55,,
0:28:55,,
0:28:55,,
0:28:55,,
0:28:55,,
0:28:55,,
0:28:55,,
0:28:55,,
0:28:55,,
0:28:55,,
0:28:55,,
0:28:55,,
0:28:55,,
0:28:56,,
0:28:56,,
0:28:56,,
0:28:56,,
0:28:57,,
0:28:57,,
0:28:57,,
0:28:57,,
0:28:58,,
