timestamp,author,message
0:00:00,@jennythebean9117,Fishy
0:00:00,@Apppleee-s3l,:medal-yellow-first-red::medal-yellow-first-red::medal-yellow-first-red::medal-yellow-first-red::medal-yellow-first-red::medal-yellow-first-red::medal-yellow-first-red::medal-yellow-first-red::medal-yellow-first-red::medal-yellow-first-red::medal-yellow-first-red::medal-yellow-first-red::medal-yellow-first-red::medal-yellow-first-red::medal-yellow-first-red::medal-yellow-first-red::medal-yellow-first-red::medal-yellow-first-red:
0:00:00,@Br1mstone98,1
0:00:01,@Dandy21234,I CANT WAIT FOR The kissing seen
0:00:01,@Not_your_local_Alyse,PLEASEEE
0:00:01,@White-g6z,.
0:00:02,@jo3a548,cute
0:00:02,@MillerTheDarkTransPrince,yayyyy
0:00:02,@Pibble_washmybelly66,YES
0:00:02,@RenaeKainoa,yayyayayaaya
0:00:03,@R0D03sV1deos,YEYSYSYEYSYSYSYEYE
0:00:03,@lyaasmoredjo6011,OMG
0:00:03,@wthque,sisisiii
0:00:03,@shellylover-2,10
0:00:04,@Amirwouldofgames,Aaaaaaaaaa
0:00:04,@GoozeyTheClown,ITS TIME
0:00:04,@luiseduardoramirezarmenta9453,yss
0:00:04,@Lukeypookie3,YESSS SLAY QUEEN
0:00:04,@Zipp665,:fire::fire::fire::fire::fire:
0:00:04,@Maxxypan,WE'RE HERE
0:00:04,@Kipkat13,FIH
0:00:05,@Not_your_local_Alyse,PMAGGAUDJEBAOAND
0:00:05,@Dandy21234,0
0:00:05,@almagallero2833,AAAAA
0:00:06,@naruytypapita,FIIINN
0:00:06,@boogie7580,:text-green-game-over:
0:00:06,@Kawaii_Lemonshark,ONE 1 UNO
0:00:06,@maricarla-1234,FINNNN
0:00:07,@SonataDidIt,oh god
0:00:07,@SuperHappydoggy,delicous
0:00:07,@theREELfinn1,AND ITS ALL OVER THE SCREEN
0:00:07,@064razor,And we're off on another Miami Heat NBA adventure
0:00:07,@Cococaa,ishshwhs
0:00:07,@r4d1sh89,YSAW
0:00:08,@kalolainepeneueta598,lets goooo
0:00:08,@xxeyx,OMGGGGGG
0:00:08,@PERROTLOVER._.official,HELLL YEAHH
0:00:08,@AidenAngel-r6j8z,hi bro
0:00:08,@jennythebean9117,NASA
0:00:09,@R0D03sV1deos,WAHTTT
0:00:09,@Not_your_local_Alyse,OMG
0:00:09,@White-g6z,fishstick-
0:00:09,@IM_PRETZYy,OMGOMGKMG
0:00:09,@sillybillyzen,IM AHEAD
0:00:09,@drewovermyer9593,YASS
0:00:10,@artisticapple1972,not the maid dress
0:00:10,@JutinCapt0r,HELP
0:00:10,@NubMcMoofin,:racehorse::racehorse::racehorse::racehorse::horse::horse::racehorse::horse::racehorse:
0:00:10,@RaYlovesSNAKES,YAYAYAYAYAA
0:00:11,@GoldenCone69,what happened to Finn??
0:00:11,@shellylover-2,YAAAAAAAAAAAAAAAAAAAASSSSSSSSSSSSSSSSSS
0:00:11,@HelloHello-x6t7l,:eyes-pink-heart-shape::eyes-pink-heart-shape::eyes-pink-heart-shape:
0:00:12,@jennythebean9117,Zamn
0:00:12,@1Frostbyte11,CEEEERO
0:00:13,@shrimpkuuu,gg
0:00:13,@shrimpkuuu,g
0:00:13,@SkribbleDraws,JESUS CJRIST
0:00:14,@sillybillyzen,SHRIMP
0:00:14,@Apppleee-s3l,AAAAHAHHHHH
0:00:14,@SuperHappydoggy,awe
0:00:14,@shrimpkuuu,gNEED
0:00:14,@MinioMicha09,FINNE
0:00:14,@DreamyAiko,Finally
0:00:15,@naruytypapita,POBRE FIN XD
0:00:15,@HMZeroTwo,shrimpo looks so fat i love him
0:00:15,@Amirwouldofgames,O
0:00:15,@Apppleee-s3l,AHAHAHHA
0:00:15,@Apppleee-s3l,A
0:00:16,@gamertuberonmask,FINN YOU THE GOAT IF U MAKING FISHSTICKS
0:00:16,@iamtakingoverthisaccount5543,why is Finn in a maid fit?
0:00:16,@jo3a548,oh hell tyeag
0:00:18,@shrimpkuuu,NEED NEED NEED
0:00:18,@Tiza_XD-123,finn
0:00:18,@SuperHappydoggy,sdibfsdf
0:00:18,@Amirwouldofgames,:text-green-game-over:
0:00:18,@IM_PRETZYy,YESSS
0:00:18,@Kakaokomanden,BADASS
0:00:18,@xxeyx,:O
0:00:19,@slowpe9693,YOOOOOO
0:00:19,@r4d1sh89,Crying
0:00:19,@Peejaylew,THIS MUSIC
0:00:19,@Zaiikai,the abuse already started...
0:00:19,@JoeYork-y1z,Goobbbbbbbbbbbb
0:00:19,@Emi_hola236,:face_with_raised_eyebrow:
0:00:20,@Kipkat13,YEAAAAAAAAH
0:00:20,@maricarla-1234,JAJAJJAAJAJAJAJAJAHAJAJAJAJAAJJAJAJAJA
0:00:20,@P33_B4LL,OMGG
0:00:20,@GoofyGuyReal2763,Shrimpo getting fish sticks feels wrong
0:00:20,@Apppleee-s3l,A
0:00:20,@MaraKoruSky,AYOOOO
0:00:20,@Shivery,shrimpo
0:00:21,@alcinaisMINE,can’t believe shrimpo has an astrology degree 
0:00:21,@breannaday5065,Yoooooo noicee maid outfit Finn
0:00:21,@Tamers12345MLP,Finnin his natural space 
0:00:22,@shellylover-2,HELLLLL YASSSSS
0:00:22,@haileykitty6993,Maid Finn
0:00:22,@Apppleee-s3l,:person-blue-holding-pencil::face-fuchsia-flower-shape::face-fuchsia-flower-shape::face-orange-tv-shape:
0:00:22,@CacaMeloni,YAYAYYAYAYAYAAY
0:00:23,@P33_B4LL,YAYAYA
0:00:23,@r4d1sh89,SHRIMPO???
0:00:23,@palmitpixels,K
0:00:23,@MinioMicha09,Erm-
0:00:23,@naruytypapita,ay diosito
0:00:23,@Apppleee-s3l,:face-blue-spam-shape::face-blue-spam-shape:
0:00:24,@Chewingcakessuh,AYO
0:00:24,@NubMcMoofin,:face_savoring_food:
0:00:24,@luiseduardoramirezarmenta9453,:skull::collision:
0:00:24,@Peejaylew,HOLY SHIT
0:00:25,@Amirwouldofgames,:eyes-purple-crying::eyes-purple-crying::eyes-purple-crying:
0:00:26,@jennythebean9117,Fluffy shrimp 
0:00:26,@xxeyx,GET IT SHRIMPOOOOO
0:00:26,@gamertuberonmask,GUATT SHRIMPO
0:00:26,@divinnity,oh
0:00:27,@palmitpixels,JAJA
0:00:27,@artisticapple1972,bro is skinny
0:00:27,@DemonPudding,lmao
0:00:28,@GoozeyTheClown,WHAT
0:00:28,@Prismabom,YEA I DIDNT MISS IT
0:00:29,@Pibble_washmybelly66,Lol
0:00:29,@shrimpkuuu,?
0:00:29,@Mmmm-b5g3n,UHHH HAHAHH
0:00:29,@wthque,DUDE
0:00:29,@Peejaylew,WHY MAID DRESS
0:00:29,@YaritzaReyes-j2c,·ࡇ·
0:00:29,@Zipp665,OH SHRIMPO :fire:
0:00:30,@catlyn_loveblot,WHAT
0:00:30,@White-g6z,why's finn had a purple eye on him
0:00:31,@sillybillyzen,WHAT
0:00:31,@dominicunderwood4911,SHRIMPO!
0:00:31,@CacaMeloni,monsta
0:00:31,@Kakaokomanden,CAKED UP TOO
0:00:31,@Zaiikai,OH :O
0:00:32,@We_all_love_berryfunnyXD,Daddy tamers feed us
0:00:32,@anderrddingus,god damn shrimpo:loudly_crying_face:
0:00:32,@theREELfinn1,WHO THE HELL DRINKS MOSNTER IN THE DHOWER
0:00:32,@doge_boi__,HELL YA
0:00:33,@kalolainepeneueta598,ayo
0:00:33,@GoozeyTheClown,PEAK
0:00:33,@Camy-jij,Haha
0:00:34,@ponytart,tuff af
0:00:34,@LUXE-DX,WAS HE JORKIN IT
0:00:35,@SkribbleDraws,NOT EVEN 30 SECONDS IN BRO :loudly_crying_face::loudly_crying_face:
0:00:35,@Hopawnixnwodnjww,Shrimpo like fish sticks?
0:00:36,@Kawaii_Lemonshark,im crying??
0:00:36,@alcinaisMINE,Agressive showering 
0:00:36,@White-g6z,dang shrimpo
0:00:36,@naruytypapita,ay wei xd
0:00:36,@shrimpkuuu,WHGY IS EVERYONE WATCHING
0:00:37,@Glitchxwolf_1,AYOOO
0:00:38,@slowpe9693,AYOOOOOO
0:00:38,@YaritzaReyes-j2c,._.
0:00:38,@Keishnorman,OHH?? 
0:00:38,@SuperHappydoggy,we all goonin to this shrimpo
0:00:38,@Lun4_St4rg4z3r,W-what
0:00:39,@luiseduardoramirezarmenta9453,yesssssss
0:00:39,@Dandy21234,FINN IN A MIAD FIT
0:00:40,@SuperHappydoggy,HELP
0:00:40,@jo3a548,cutwe
0:00:40,@Kakaokomanden,UNF
0:00:40,@Amirwouldofgames,Oh oh my
0:00:40,@Pibble_washmybelly66,SHRIMPING HAS THE WHOLE BAKERY
0:00:40,@Peejaylew,.
0:00:40,@Maxxypan,EYIPPEEE
0:00:41,@artisticapple1972,WHY ARE THEY WATCHING LMAOO
0:00:41,@HMZeroTwo,DANDY ENJOYS IT
0:00:41,@MiniPlush12,Finn maid
0:00:41,@NatureBall-j2g,hell na
0:00:42,@alcinaisMINE,OK DUDE
0:00:42,@breannaday5065,Shrimpo caked up
0:00:42,@vidjaibhoelai1152,LMAOOO
0:00:42,@NubMcMoofin,:face_savoring_food::face_savoring_food::face_savoring_food:
0:00:42,@Prismabom,I refuse to belive shrimp bathes
0:00:43,@GoldenCone69,why are they staring?!
0:00:43,@Hopawnixnwodnjww,Omg he looks so hot
0:00:43,@maricarla-1234,KEEEE
0:00:43,@LUXE-DX,HUH
0:00:43,@1Frostbyte11,we going to see how they abuse of finn
0:00:43,@Cococaa,RAGEBAITT5
0:00:44,@Peejaylew,DANDY WTF
0:00:45,@Mmmm-b5g3n,YESSSSS
0:00:45,@Yesfromtiktok,WHAT THE
0:00:45,@FlintTilt,Tamers I swear if at the end all 3 of em arent kissing im gonna flip out.
0:00:45,@the-wind-before-the-scream,...
0:00:46,@064razor,Les do it
0:00:46,@JutinCapt0r,DANDY..
0:00:47,@White-g6z,WHA-
0:00:47,@Santaman3,WHATTT
0:00:47,@乇爪丨丨卂-k5h,mischaracterizaton shrimpo woulndt wash
0:00:47,@Camy-jij,Finn?
0:00:47,@Shivery,:brown_circle::brown_circle::waving_hand:
0:00:47,@theREELfinn1,WE ALL GOONING TO FINN
0:00:47,@Cococaa,oh
0:00:47,@AmyrahChavez,He’s fluffy
0:00:48,@xxeyx,WHOA THERE DANDY
0:00:48,@naruytypapita,JAJAJAJA BRO?
0:00:48,@sugarushallday,ooooo
0:00:48,@Br1mstone98,what are they doing?
0:00:49,@Lun4_St4rg4z3r,IM CRINE
0:00:49,@maricarla-1234,JJAJAJAA
0:00:49,@RenaeKainoa,what the hell
0:00:49,@sillybillyzen,WHAT
0:00:49,@alcinaisMINE,Lore accurate dandy
0:00:50,@circuszanny,WHY ARE THEY JUST STARING
0:00:50,@gamertuberonmask,WHERE IS THE FISH STICKS
0:00:50,@Voidedguns,:hand-pink-waving::hand-pink-waving::hand-pink-waving::hand-pink-waving:
0:00:51,@Peejaylew,WHATTT
0:00:52,@JoeYork-y1z,Maid Finn
0:00:52,@BunnyRabbit-m9m,IM SHITTING BRICKS 
0:00:53,@heartlessinsect,why they all blushing
0:00:53,@MiniPlush12,Cosmo don't cheat on your pet!
0:00:54,@shrimpkuuu,gross
0:00:54,@Ribbit_Rabbit39,Notice how there in space
0:00:54,@Apppleee-s3l,YOOOO
0:00:54,@SkribbleDraws,NO CHEWING??
0:00:55,@Amirwouldofgames,:face-purple-crying::face-purple-crying::face-purple-crying::face-purple-crying:eww
0:00:56,@multi_arm,lol
0:00:56,@breannaday5065,Holy that was not the wind
0:00:56,@Zipp665,WOAH
0:00:56,@Kawaii_Lemonshark,IM CRYING WHY ARE THEWY WATCHING
0:00:57,@xxeyx,WHY U LOOKING LIKE THAT
0:00:57,@CacaMeloni,FEMBOI FINN
0:00:58,@Voidedguns,Ooooo
0:00:59,@Dandy-k4x3e,LOL
0:01:00,@Shivery,y they there?
0:01:00,@JennyIsDead,weenies
0:01:00,@theREELfinn1,I TJOUGHT HE MADE FISHSTICKS
0:01:01,@Blair_lovesbows4life,Ahh~
0:01:01,@HelloHello-x6t7l,"Yo, what the fuck?"
0:01:02,@White-g6z,yo 4 of them are watching
0:01:02,@Kakaokomanden,DAMN
0:01:02,@064razor,yum yum
0:01:02,@Tamers12345MLP,@GoldenCone69 Why wouldn't they when they got front row seats to the show?
0:01:02,@naruytypapita,AY XD
0:01:03,@Thebatplushie,Are we getting fan-service?
0:01:04,@missbloom748,OMG
0:01:05,@HMZeroTwo,MMMM KETCHUP
0:01:05,@shellylover-2,DANGGGGG
0:01:05,@White-g6z,LOL
0:01:06,@alcinaisMINE,One gulp dang 
0:01:06,@dumsanihlatshwayo3185,was he goonimg
0:01:07,@JoeYork-y1z,A oh
0:01:07,@elferrr1867,bro
0:01:07,@Amirwouldofgames,How would eat that
0:01:07,@Cococaa,AY YOO
0:01:08,@r4d1sh89,nah..~
0:01:09,@Ribbit_Rabbit39,READ THE DESCRIPTION
0:01:09,@Peejaylew,Dandy
0:01:09,@GoozeyTheClown,He doesnt even chew
0:01:10,@Mmmm-b5g3n,this is so Peak
0:01:10,@MiniPlush12,yeah you tell him shrimpo!
0:01:10,@luiseduardoramirezarmenta9453,yes sssss
0:01:11,@GoofyGuyReal2763,Sometimes I
0:01:11,@Dandy-k4x3e,FINN IS A MAID
0:01:13,@xxeyx,SPROUTT?
0:01:13,@dumsanihlatshwayo3185,yeah
0:01:14,@theREELfinn1,FINN IS SO CUTE AHHHHH
0:01:15,@Yourlocalhugger,This good
0:01:15,@the-wind-before-the-scream,fr
0:01:16,@MinioMicha09,Uhh
0:01:17,@JoeYork-y1z,Poor Finn
0:01:18,@CrystallizedCatiscool,:anxious_face_with_sweat::loudly_crying_face:
0:01:18,@leticiasteves866,:face-orange-biting-nails::face-orange-biting-nails::face-orange-biting-nails::face-orange-biting-nails:
0:01:18,@HMZeroTwo,See dandy is manipulating finn into going twisted like him
0:01:18,@Peejaylew,Sprout
0:01:18,@naruytypapita,oilo
0:01:19,@jo3a548,boy bits
0:01:19,@Cococaa,SPRIT OMH
0:01:19,@gamertuberonmask,WHY IS SANDY STANDING ON ASTRO
0:01:19,@circuszanny,EWW SPROUT LOOKS SO BALD
0:01:20,@jennythebean9117,My friends do
0:01:20,@missbloom748,SIMPOOP
0:01:21,@the-wind-before-the-scream,FINN WHAT
0:01:21,@Yourlocalhugger,Why is Finn a maid?
0:01:22,@Thebatplushie,Yeah
0:01:22,@GoofyGuyReal2763,Sometimes I forget this shit is made on ms paint
0:01:22,@dumsanihlatshwayo3185,nah
0:01:23,@White-g6z,dandy is crazy to spy
0:01:23,@maricarla-1234,finn :broken_heart: sal de ahi
0:01:23,@gamertuberonmask,DANDY*
0:01:23,@Peejaylew,.
0:01:24,@HMZeroTwo,ASTRO FOOTREST
0:01:24,@heartlessinsect,finn is spiritually spongebob
0:01:25,@SuperHappydoggy,boybits
0:01:25,@Hexen_4444,he's your pimp
0:01:25,@lyaasmoredjo6011,SO BALD-
0:01:25,@SkribbleDraws,TAMERS WATCHING THE NEW TAMERS DANDYS WORLD EPISODE :loudly_crying_face:
0:01:26,@ffelicia,ASRRO
0:01:26,@Shivery,:brown_circle::brown_circle::waving_hand:
0:01:26,@naruytypapita,ASTRO
0:01:26,@billyboy8534,He’s into it 
0:01:26,@pixelated6451,Boy bits
0:01:27,@r4d1sh89,im crying astro
0:01:27,@artisticapple1972,ASTRO LKMSO
0:01:27,@anderrddingus,TOWEL BOY LMFAOO
0:01:28,@agoatheadbaby3512,boy bits
0:01:28,@Peejaylew,Astor
0:01:28,@SproutslittleE-kitten,YES I SEE DADDY SPROUTTTTTTT
0:01:28,@catlyn_loveblot,ASTRO
0:01:28,@NatureBall-j2g,boy bits
0:01:28,@gonegonergone,astro lmao
0:01:29,@turismo3205,TAMERS YOU ARE A GENIUS I REALLY APPRECIATE YOUR WORK
0:01:30,@White-g6z,nahh
0:01:30,@luiseduardoramirezarmenta9453,:egg2:
0:01:30,@RenaeKainoa,:face-blue-wide-eyes:
0:01:30,@camillequinto6596,ASTRO
0:01:30,@shrimpkuuu,im so fucking jealous
0:01:31,@theREELfinn1,FINN MENTIONED
0:01:32,@iamtakingoverthisaccount5543,THEY HAVE GYATTSSS
0:01:32,@GoldenCone69,you know what? your Right @Tamers12345MLP
0:01:33,@1Frostbyte11,yk shit it's bad when dandy and sprout are worried about yoi
0:01:34,@breannaday5065,Finn is a femboy 
0:01:34,@lyaasmoredjo6011,:face-fuchsia-tongue-out:
0:01:34,@shrimpkuuu,UM JEALOUS
0:01:34,@Mmmm-b5g3n,this is what I call a jackpot
0:01:34,@MasonLewis-x1u,Boy bits
0:01:35,@064razor,Tamers and his undying love for the prismatic pal skin
0:01:35,@sillybillyzen,OH
0:01:35,@shellylover-2,NOT FINN BEING A MAID AND GETTING CHEATED ON
0:01:36,@gamertuberonmask,DEAR GOSH THE SPANKING
0:01:36,@jeannarivera613,what the fuck?
0:01:36,@missbloom748,I LOVE YOU FINN
0:01:36,@Ili.The.Raccoon1457,POOR ASTROOO
0:01:36,@jo3a548,AAAAAAAA
0:01:38,@theREELfinn1,HOLY FUCK
0:01:39,@JoeYork-y1z,Finn Jax maid 
0:01:39,@jennythebean9117,>:3
0:01:41,@HMZeroTwo,DAYUM
0:01:42,@jeannarivera613,AAAAA
0:01:42,@Yourlocalhugger,.
0:01:42,@Keishnorman,"Sprout looks like the Amazon plushie I'm sobbing,he's gorgeous "
0:01:42,@1Frostbyte11,WHAT
0:01:43,@Tamers12345MLP,Finn is dressed like a maid cuase he's Shrimpo's bitch obviously
0:01:43,@Peejaylew,YOO
0:01:43,@Dandy-k4x3e,WOAH
0:01:43,@maricarla-1234,JAKSOSNSOD
0:01:44,@Peejaylew,WHAT
0:01:44,@Ribbit_Rabbit39,DIDYALL READ DESCRIPTION???
0:01:44,@Pibble_washmybelly66,. 
0:01:44,@HMZeroTwo,GYAAAAATTTT
0:01:44,@NubMcMoofin,:face_savoring_food:
0:01:45,@naruytypapita,XD
0:01:45,@alcinaisMINE,Yoooo he has the find on his head nice
0:01:45,@catlyn_loveblot,DUDUEEE
0:01:46,@the-wind-before-the-scream,NO
0:01:46,@theREELfinn1,AAAWWWWW HES SO CURE
0:01:46,@Shivery,oof
0:01:47,@maricarla-1234,////
0:01:47,@LUXE-DX,HAHAH
0:01:48,@Cococaa,OMFG
0:01:48,@cherryblossom-g2p,wtf-
0:01:48,@MasonLewis-x1u,Finn is sooooooooo lucky 
0:01:49,@Santaman3,WHAtT
0:01:49,@dominicunderwood4911,"He likes it,don't he?"
0:01:49,@jeannarivera613,holy shit
0:01:51,@wthque,WHY
0:01:52,@The_Silly_Patootie,OH
0:01:52,@RenaeKainoa,I feel bad for finn ngl:face-purple-crying:
0:01:52,@Dandy-k4x3e,HAHAHWHAT
0:01:52,@naruytypapita,ostia
0:01:53,@GoozeyTheClown,HELL YEAH
0:01:53,@QuadellSabawu,shrimpo the abusive dad
0:01:54,@SuperHappydoggy,queers
0:01:54,@theREELfinn1,FINN LOOKS SO CUTE
0:01:54,@LUXE-DX,D’Aww
0:01:55,@CacaMeloni,MWEHEHEHEHEHE
0:01:55,@PennyFletcher-g6g,GOOOOOOOOOOOOOOOOOOOOOOOOOOOOOOOOOOOOO9OOOOOOOOOOOOOOOOOOB
0:01:55,@ponytart,"wow, good turn tamie"
0:01:55,@MiniPlush12,the best example of a toxic relationship
0:01:55,@Peejaylew,WHAT JUST HAPPEND
0:01:55,@Kawaii_Lemonshark,"im dead, son"
0:01:56,@jennythebean9117,:smiling_face_with_horns:
0:01:56,@White-g6z,dandy is short so he needs help from astro
0:01:56,@Kakaokomanden,I wonder what shrimpo's job is
0:01:56,@R0D03sV1deos,I’M CRIME
0:01:57,@Camy-jij,:face-orange-raised-eyebrow::face-orange-raised-eyebrow::face-orange-raised-eyebrow::face-orange-raised-eyebrow::face-orange-raised-eyebrow::face-orange-raised-eyebrow:
0:01:59,@theREELfinn1,FINN MARRY ME
0:01:59,@agoatheadbaby3512,THE DYNAMIC CAMERA TURN
0:02:00,@JennyIsDead,he's so fluffy
0:02:01,@SkribbleDraws,BRO WHY WAS THAT ANIMATED WELL :broken_heart::broken_heart:
0:02:01,@jo3a548,space trip
0:02:02,@NatureBall-j2g,the animation for that smack
0:02:03,@maricarla-1234,:>>>>>>>>>>>>>>
0:02:04,@White-g6z,nahh
0:02:05,@circuszanny,"BETTER QUESTION, WHY IS THERE WINDOWS IN HIS BATHROOM??"
0:02:06,@boogie7580,:face-orange-raised-eyebrow::face-blue-wide-eyes:
0:02:06,@naruytypapita,OOOOOOHH SO CUTE
0:02:07,@YaritzaReyes-j2c,. _.
0:02:08,@slowpe9693,W SHRIMPO
0:02:09,@Kakaokomanden,Space trip DAMN
0:02:09,@Camy-jij,:face-fuchsia-poop-shape:
0:02:10,@jo3a548,cute
0:02:11,@M4R_L4TT3,FINN MARRY ME PLSSSS
0:02:12,@shellylover-2,FINN IS GETTING CHEATED
0:02:13,@Kawaii_Lemonshark,SPROUT LOOKS SO CUTE AAAWWWW
0:02:13,@Tiza_XD-123,cosmo my shayla
0:02:15,@Glitchxwolf_1,The budget is getting peak
0:02:16,@064razor,W shrimpo
0:02:16,@shrimpkuuu,GLISTENNNNN
0:02:17,@boogie7580,:face-red-heart-shape::face-purple-wide-eyes:
0:02:17,@BackRoomsGal,y he so fluffyyy
0:02:18,@shrimpkuuu,AWWWWWWW
0:02:18,@gonegonergone,Shrimp in Space
0:02:19,@Thebatplushie,Oh
0:02:20,@catlyn_loveblot,ANGRYHUG
0:02:21,@M4R_L4TT3,Lemme just recover... (I just watched house of puso.)
0:02:21,@shrimpkuuu,GLISTY
0:02:22,@Dandy-k4x3e,OOOOOOO
0:02:22,@DANDY_GANG,:smiling_face_with_heart_eyes::smiling_face_with_heart_eyes::smiling_face_with_heart_eyes::smiling_face_with_heart_eyes::smiling_face_with_heart_eyes::smiling_face_with_heart_eyes::smiling_face_with_heart_eyes::beaming_face_with_smiling_eyes::beaming_face_with_smiling_eyes::beaming_face_with_smiling_eyes::beaming_face_with_smiling_eyes::beaming_face_with_smiling_eyes::beaming_face_with_smiling_eyes::beaming_face_with_smiling_eyes::beaming_face_with_smiling_eyes::beaming_face_with_smiling_eyes::beaming_face_with_smiling_eyes::face_holding_back_tears::face_holding_back_tears::face_holding_back_tears:
0:02:23,@HMZeroTwo,He's always on about goob i'm crine
0:02:23,@naruytypapita,GOOOB
0:02:24,@luiseduardoramirezarmenta9453,raaaaaaaaa
0:02:24,@PennyFletcher-g6g,GOOOOOOOOOOOOOOOOOOOOOOOOOOOOOOOOOOOOOOOOOOOOOOOOOOOOOOB
0:02:24,@boogie7580,:face-orange-raised-eyebrow::face-orange-raised-eyebrow::face-orange-raised-eyebrow:
0:02:24,@Shivery,Poor Finn
0:02:24,@Chewingcakessuh,JOYRIDE 
0:02:25,@GoldenCone69,@Tamers12345MLP is Shrimpo an alien?
0:02:25,@GoofyGuyReal2763,Good question circuszannt
0:02:25,@HMZeroTwo,HI GLISTEN
0:02:27,@HamsterSIM_Beans,Hell yea 
0:02:27,@We_all_love_berryfunnyXD,That was unnecessary :face_holding_back_tears::face_holding_back_tears:
0:02:28,@Thebatplushie,Goob
0:02:28,@alcinaisMINE,He’s not a dere a tsun-tsundere
0:02:29,@Mmmm-b5g3n,uh
0:02:29,@jennythebean9117,Zamn
0:02:29,@JoeYork-y1z,Hey I got a question to ask is Goob going to be okay 
0:02:29,@064razor,Glisten voice change
0:02:30,@iamtakingoverthisaccount5543,GHAT
0:02:30,@SuperHappydoggy,glistren
0:02:30,@theREELfinn1,SHUT UP ABOUT GOOB I DONT CARE ABOUT HIM
0:02:31,@GoozeyTheClown,GLISTEN
0:02:31,@MiniPlush12,ANGRYHUGSS!!!
0:02:32,@Urburnttoast,GILSTENNNN OMGGGGG
0:02:32,@r4d1sh89,ngh
0:02:32,@GoofyGuyReal2763,Glisten :face_holding_back_tears::face_holding_back_tears::face_holding_back_tears:
0:02:33,@leticiasteves866,:face-orange-biting-nails::face-orange-biting-nails::face-orange-biting-nails::face-orange-biting-nails::face-orange-biting-nails::face-orange-biting-nails::face-orange-biting-nails::face-orange-biting-nails::face-orange-biting-nails:
0:02:35,@GoofyGuyReal2763,Why tf
0:02:37,@SkribbleDraws,WHY DOES GLISTEN KEEP CHANGING VOICES 
0:02:38,@sillybillyzen,ABUSIVE
0:02:39,@jo3a548,AAAAAAAAAAAAAAAAAA
0:02:39,@Hopawnixnwodnjww,Ima put off the chats
0:02:40,@mariettacolon,ahhhhhh!!!
0:02:40,@shrimpkuuu,i'm so fucking jealous
0:02:41,@naruytypapita,ANGRYHUGS
0:02:41,@Zaiikai,:_C
0:02:42,@r4d1sh89,I love shrimpo'
0:02:42,@Peejaylew,.
0:02:44,@CeruleanArcadia,Ayo can someone summarize what happened I miss some stuff
0:02:44,@ffelicia,IM CRYING
0:02:44,@JorArg-c7s,huh
0:02:45,@jennythebean9117,Toxic Yaoi
0:02:45,@GoofyGuyReal2763,Why does he sound like that :loudly_crying_face:
0:02:46,@jo3a548,oh fuck
0:02:47,@gamertuberonmask,DAMN POOR FINN
0:02:48,@F4TUM4T4,let's gooooo
0:02:48,@Mmmm-b5g3n,:knocked_out_face::knocked_out_face::knocked_out_face::knocked_out_face::knocked_out_face:
0:02:48,@Peejaylew,SHRIMPO CHILL
0:02:48,@maricarla-1234,oh...
0:02:49,@shrimpkuuu,wyh does he get to be abused
0:02:49,@ෆMilky_wayෆ,SHRIMPOS MY HUSBAND 
0:02:49,@boogie7580,:face-red-droopy-eyes:
0:02:50,@1Frostbyte11,oh hell nah
0:02:50,@naruytypapita,pobre fin TT
0:02:51,@haileykitty6993,Toxic Yaoi
0:02:52,@MiniPlush12,did glisten got a new voice?
0:02:52,@theREELfinn1,FINN JUST PUSH HIM YOUR TALLER THAN HE IS
0:02:52,@Dandy-k4x3e,poor finn XD
0:02:53,@SproutslittleE-kitten,Brother stop breathing do hard
0:02:53,@artisticapple1972,AW...
0:02:53,@GoldenCone69,Damn.
0:02:54,@billyboy8534,"God, I wish that were me"
0:02:54,@HamsterSIM_Beans,FINN RUN
0:02:55,@Pibble_washmybelly66,NOO FINN
0:02:55,@Kipkat13,o.o;
0:02:56,@Kawaii_Lemonshark,OH???
0:02:56,@jennythebean9117,Sprout is geeking
0:02:57,@LUXE-DX,HUH
0:02:58,@vidjaibhoelai1152,THIS PEAK
0:02:58,@QuadellSabawu,shrimpo the abusive dad fr
0:02:58,@AmyrahChavez,SHRMPO IS A FUCKING FURRY 
0:02:59,@Lum_23-4k,my love astro
0:02:59,@Shivery,sprouts face
0:02:59,@the-wind-before-the-scream,poor finn
0:03:00,@catlyn_loveblot,ANGRYHUG OMNGGSGS
0:03:01,@circuszanny,"Its not a big deal, finn is NOT special"
0:03:02,@sugarushallday,Gurrllll
0:03:03,@alcinaisMINE,That stupid face
0:03:03,@Amirwouldofgames,O poor fin
0:03:04,@SillyTurtle12,FINNNN
0:03:04,@applebloom2307,IM HERE
0:03:04,@SonataDidIt,Sprout one brain cell face
0:03:05,@KingRoss-w4q,Hiiiiiiiiii
0:03:05,@Prismabom,Shrimpos is so cute :pleading_face:
0:03:05,@naruytypapita,chanclas finn
0:03:06,@iamtakingoverthisaccount5543,goob
0:03:07,@Thebatplushie,:face_without_mouth::face_without_mouth::face_without_mouth::face_without_mouth::face_without_mouth::face_without_mouth::face_without_mouth::face_without_mouth::face_without_mouth::face_without_mouth::face_without_mouth::face_without_mouth:
0:03:08,@Tiza_XD-123,poor finn
0:03:08,@MiniPlush12,sprout's face tho
0:03:08,@jo3a548,well said
0:03:09,@Pibble_washmybelly66,NOT THE RIPPED SEATS
0:03:10,@theREELfinn1,FINN IS SPECIAL SHUT UP
0:03:11,@Peejaylew,LOL
0:03:11,@Sara-b9q4h,yayyyy
0:03:12,@GoozeyTheClown,abuse 
0:03:12,@Kawaii_Lemonshark,Earth to sprout?..
0:03:13,@HMZeroTwo,Sprout is right
0:03:13,@SkribbleDraws,SONION :loudly_crying_face:
0:03:13,@Solums,my toxic Yaoi
0:03:13,@F4TUM4T4,lolz I was waiting for him to posr
0:03:14,@jennythebean9117,Everyone is gay
0:03:14,@luiseduardoramirezarmenta9453,:skull:
0:03:14,@Yourlocalhugger,Shrimp is now dead to me he used to be my fav
0:03:14,@gamertuberonmask,TOO
0:03:15,@shrimpkuuu,NO
0:03:15,@Tamers12345MLP,It's not abusive if Finn deserves it if you think about it
0:03:16,@White-g6z,why I did get ads now
0:03:17,@mr.bananaman9805,killed
0:03:18,@iamtakingoverthisaccount5543,we need goob
0:03:18,@gamertuberonmask,I HAD A FEELING
0:03:18,@sillybillyzen,NO
0:03:19,@boogie7580,:face-blue-wide-eyes::face-blue-wide-eyes::face-blue-wide-eyes:
0:03:19,@Zipp665,acabo de ver a alguien hablando español?!! :eyes:
0:03:19,@breannaday5065,I feel bad for Finn
0:03:19,@shellylover-2,SHIMPO IS A BAD BOY 
0:03:19,@Amirwouldofgames,:face-purple-sweating::face-purple-sweating:
0:03:19,@Chewingcakessuh,OH
0:03:20,@applebloom2307,Aww no u dont
0:03:20,@Prismabom,LMAOOOO
0:03:22,@Dandy-k4x3e,yeah sure shrimpo
0:03:22,@slowpe9693,yooooooooooooo
0:03:22,@MiniPlush12,sprout you hypocrite
0:03:22,@jennythebean9117,Oh no!
0:03:22,@Hyloaf,rip
0:03:23,@QuadellSabawu,DANDY DON LEAVE ME HERE DANDYYYYYY
0:03:23,@HMZeroTwo,HI TOODLES AND RODGER
0:03:23,@breannaday5065,Op
0:03:23,@luiseduardoramirezarmenta9453,gy
0:03:24,@sillybillyzen,WHAT
0:03:24,@064razor,"Toodles, no!!!"
0:03:24,@MinioMicha09,Yo???
0:03:24,@alcinaisMINE,TOODLES
0:03:24,@Chewingcakessuh,TOODLES
0:03:25,@GoozeyTheClown,NOO
0:03:25,@catlyn_loveblot,DUDE
0:03:25,@JoeYork-y1z,Hey I got a question is Goob going to be okay
0:03:26,@Peejaylew,NOOOO TOODLES
0:03:26,@naruytypapita,ay
0:03:26,@Kipkat13,ohnoe
0:03:26,@Shivery,Toodles!!!
0:03:26,@alcinaisMINE,oh
0:03:26,@Amirwouldofgames,:virtualhug:
0:03:27,@gamertuberonmask,I HAD A FEELING THE INSTANT I SAW TOODLES AND RODGER
0:03:27,@anderrddingus,is there any pumpkinghost in this episode
0:03:28,@Thebatplushie,Sure :unamused_face:
0:03:28,@theREELfinn1,HE DOESNT DESERVE IT DUDE
0:03:28,@Yourlocalhugger,TOODLES NO
0:03:28,@Camy-jij,Goob is so funny but today is…
0:03:28,@1Frostbyte11,ywah we going to see how Finn it's getting killed by goob
0:03:28,@GoofyGuyReal2763,:face_holding_back_tears::face_holding_back_tears:
0:03:28,@ffelicia,HELLO
0:03:28,@CacaMeloni,TPPDLES
0:03:29,@Dandy-k4x3e,WH
0:03:29,@LUXE-DX,NOO
0:03:29,@HerreZC,xdddddd
0:03:29,@GoozeyTheClown,TOODLES
0:03:29,@gonegonergone,shhd
0:03:30,@MiniPlush12,toodles noooo
0:03:30,@MaraKoruSky,Rip Toodles
0:03:31,@luiseduardoramirezarmenta9453,d
0:03:31,@boogie7580,:face-purple-crying::face-purple-crying::face-purple-crying:
0:03:32,@GoozeyTheClown,HWYYY
0:03:32,@Tiza_XD-123,omg
0:03:32,@Bsconthebacon,TOODLES NOOO
0:03:32,@064razor,the baby
0:03:32,@the-wind-before-the-scream,NOOO
0:03:34,@Ili.The.Raccoon1457,TOODLES
0:03:34,@Goob_Real-s,lmao
0:03:35,@circuszanny,"i DESPISE Finn, I WAS SO HAPPY WHEN I FOUND OUT FINN GETS ABUSED IN THESE SERIES "
0:03:36,@heartlessinsect,toodles getting killed twice
0:03:36,@luiseduardoramirezarmenta9453,what
0:03:36,@Mmmm-b5g3n,ummmm
0:03:36,@Br1mstone98,oh my days
0:03:36,@adrielpro3006,bruh
0:03:37,@tailsfriends-g4k,BRO THE CUT OFF
0:03:38,@CacaMeloni,astro dyam./.
0:03:38,@Tamers12345MLP,Toodles is alive don't worry
0:03:38,@naruytypapita,KAJAAJAJAJAJAJAJA
0:03:39,@Chewingcakessuh,COSMO'S VOICE
0:03:41,@HappyAccident-oof,YAY TOODLES GOT RAN OVER
0:03:41,@OG_SH4P3SH1FT3R,MY JAW DROPPED< TOODLES NO
0:03:41,@Prismabom,That runing over bit is so good
0:03:41,@gamertuberonmask,I KNEW THEY WERE GOING TO RUN THAT BILLARD BALL OVER
0:03:42,@haileykitty6993,"They fricking killed her, man!"
0:03:42,@agoatheadbaby3512,I wish I made a snack for this
0:03:43,@KingRoss-w4q,lol not too loose
0:03:43,@jeannarivera613,rip toodles:face-pink-tears::face-pink-tears::face-pink-tears::face-pink-tears:
0:03:43,@multi_arm,Unfortunately 
0:03:44,@BunnyRabbit-m9m,Tamers how tf does Finn deserve it? That’s just fucking disgusting for you to say that 
0:03:44,@shrimpkuuu,he's lying isnt he
0:03:44,@Hexen_4444,Shrimpo definitely watches UFC
0:03:45,@Zipp665,OWW
0:03:45,@Tiliyah_kill,NOOOOOO NOT THE CHILD
0:03:45,@circuszanny,Rellly?
0:03:47,@Helionraiser,TAMERS
0:03:47,@maricarla-1234,JAKAKASSS
0:03:48,@theREELfinn1,FINN STRAIGHT UP LEAVE
0:03:49,@dumsanihlatshwayo3185,Cosmo
0:03:49,@SproutslittleE-kitten,Would yall be mad if I said toodles deserved it 
0:03:50,@AmyrahChavez,NOOOO
0:03:50,@jennythebean9117,Bro is lying 
0:03:50,@AnimeGames16,YES VOICE ACTOR IS GONE
0:03:51,@Kawaii_Lemonshark,whata up with toodles always dying
0:03:51,@luiseduardoramirezarmenta9453,ya
0:03:51,@Prismabom,TTS COSMO!!
0:03:51,@applebloom2307,wait bro what did i misssss??
0:03:52,@QuadellSabawu,TOODLES LIVES
0:03:52,@Pibble_washmybelly66,Phew toodles is alive
0:03:52,@naruytypapita,y finn??
0:03:53,@Mmmm-b5g3n,NOOOO
0:03:53,@victorv5774,:cat-orange-whistling::cat-orange-whistling::cat-orange-whistling:
0:03:54,@SigmaRizz-du1cc,COSMOS BOICE IS BACK
0:03:55,@gamertuberonmask,FISHSTUCKS
0:03:55,@jo3a548,CUUUUUUUUUUUTE
0:03:57,@SkribbleDraws,Yo I want some fish sticks now 
0:03:58,@agoatheadbaby3512,Fish sticks!
0:03:59,@KingRoss-w4q,Stop the cap
0:03:59,@Peejaylew,.
0:03:59,@064razor,There goes Rodger's boy
0:03:59,@jennythebean9117,Gay
0:03:59,@naruytypapita,JAJAJAJAJAJAJAA
0:04:00,@lynetteboling9927,Cosmo old voice yay
0:04:00,@EeveeSmart,yeeeaaaa
0:04:00,@theREELfinn1,AAAWWWW FINN WAS SO CUTE
0:04:01,@chickennuggetsyummy123,YOO IM JERE
0:04:01,@Kipkat13,GOOB
0:04:02,@HMZeroTwo,Cosmo meant the other rocket ship shrimpo
0:04:03,@applebloom2307,"aw, Finn is bbygirl"
0:04:03,@Tamers12345MLP,Toodles is an 8 ball which means her head is as hard as a rock so even though there's blood it's not like she was completely smashed
0:04:04,@Yourlocalhugger,Thank you lord our king/queen.. ALL HALE TAMERS
0:04:04,@SuperHappydoggy,there is no spaceship me thinks
0:04:04,@JoeYork-y1z,Hi Goob
0:04:04,@Dandy-k4x3e,GOOBER
0:04:05,@catlyn_loveblot,ANGRYHUG YAYYY
0:04:05,@ZoombaPumba,GOOB
0:04:06,@sillybillyzen,AW
0:04:06,@MiniPlush12,it would be so nice if Tamers did a FPE series
0:04:07,@shrimpkuuu,im angry MOVE GOOB
0:04:07,@HMZeroTwo,If you know what I mean
0:04:07,@Peejaylew,Shrimp
0:04:07,@MaraKoruSky,GOOOBBB
0:04:07,@EeveeSmart,YAYAYYYA
0:04:07,@QuadellSabawu,THIS 8 BALL KID MIGHT BE ON MATCH WITH RODGER
0:04:08,@gamertuberonmask,SHRIMP SHAPED WATERMELON
0:04:08,@applebloom2307,GOOB MY KING
0:04:08,@lyleda_dood1350,i missed you so much cosmo
0:04:08,@heartlessinsect,can goob die in this episodz
0:04:08,@1Frostbyte11,aw hell nah
0:04:08,@Thebatplushie,TOODLES!!!!!!! THEY MurderD THE CHILD!!!!!!!!! 
0:04:09,@jo3a548,CUTE CUTE CUTE
0:04:09,@naruytypapita,A
0:04:11,@RenaeKainoa,aww fin:eyes-purple-crying:
0:04:11,@jennythebean9117,:O
0:04:11,@HMZeroTwo,Also hi goob
0:04:12,@Prismabom,The va was awesome tho that was a real treat ;D
0:04:13,@GoozeyTheClown,aw
0:04:15,@artisticapple1972,hes so cute
0:04:15,@naruytypapita,gooob
0:04:16,@Mmmm-b5g3n,GAY AND THE LATEST NEWS
0:04:18,@agoatheadbaby3512,SPACE WATERMELOM!!
0:04:19,@Yourlocalhugger,All hale tamets
0:04:20,@MiniPlush12,sooo cute!!!
0:04:20,@victorv5774,:face-purple-wide-eyes::face-purple-wide-eyes::face-purple-wide-eyes:
0:04:20,@theREELfinn1,FINN PLEASE MAKEOUT WITH ME
0:04:21,@JennyIsDead,Goob my beloved
0:04:21,@naruytypapita,GOOB MI BEBÉ
0:04:21,@EeveeSmart,MY BBGG
0:04:22,@KingRoss-w4q,That’s shrimp
0:04:23,@MasonLewis-x1u,He fr fr got a spaceship 
0:04:23,@Zipp665,GOOB :fire::fire::mending_heart::mending_heart::dove::dove::dove:
0:04:24,@maricarla-1234,ksks
0:04:25,@064razor,A rocket ship can go to space
0:04:26,@boogie7580,:cat-orange-whistling:
0:04:26,@Peejaylew,DANDY BRO
0:04:27,@Tiza_XD-123,angry hugs?
0:04:28,@haileykitty6993,"oh, noice"
0:04:29,@naruytypapita,DANDY??
0:04:30,@HMZeroTwo,Temu rocket ship
0:04:30,@064razor,a rocket ship can go to the moon
0:04:30,@shrimpkuuu,W 
0:04:31,@sillybillyzen,DANDY
0:04:31,@Yourlocalhugger,ALL HALE TAMERS
0:04:31,@Hyloaf,haha
0:04:32,@Chewingcakessuh,Lemme watch this on TV 
0:04:33,@Ili.The.Raccoon1457,GOOBBB
0:04:33,@agoatheadbaby3512,Rawket ship
0:04:34,@Kipkat13,lmao
0:04:36,@Kawaii_Lemonshark,awwww angry hugs
0:04:36,@applebloom2307,omg omg omg i hav one of those
0:04:36,@Dandy-k4x3e,BRO ASTRO AND DANDY
0:04:36,@naruytypapita,DANDY
0:04:37,@HMZeroTwo,Shrimpo's WHAT
0:04:37,@SproutslittleE-kitten,Yes you are dandy
0:04:38,@CeruleanArcadia,HIS WHAT
0:04:38,@Peejaylew,WHA
0:04:38,@YaritzaReyes-j2c,:face-purple-smiling-tears:
0:04:38,@EeveeSmart,yea
0:04:39,@sillybillyzen,YAKE YOUR HAND OF
0:04:40,@CacaMeloni,WAT HE SAY
0:04:41,@1Frostbyte11,something smell fishing
0:04:42,@Zipp665,Dandy :eyes:
0:04:42,@mimi_likesart,shrimp in is actually gay dang gng:wilted_flower::pensive_face:
0:04:42,@064razor,Shrimpo has a what?
0:04:43,@White-g6z,poor finn it got in the trunk
0:04:43,@SkribbleDraws,SPACE CANCER??
0:04:43,@QuadellSabawu,something is fishy....
0:04:43,@Camy-jij,Dandy?
0:04:43,@Sofiamatamorosze,Yessss
0:04:44,@GoldenCone69,beg your pardon Dandy?:eyes-purple-crying:
0:04:44,@lyonsheartmusic,Hi
0:04:44,@GoozeyTheClown,What did he say
0:04:44,@JennyIsDead,SHRIMPOS WHAT
0:04:45,@alcinaisMINE,TRANSMASC SHRIMPO?
0:04:45,@Gourdyhollowayy,Heya
0:04:46,@JoeYork-y1z,I think Goob is going to kiss Shripo 
0:04:47,@r4d1sh89, Shrimpo MOVE
0:04:47,@Kawaii_Lemonshark,WHAT
0:04:47,@Peejaylew,DWNDY WHW
0:04:47,@TheJackManArt,smell fishy
0:04:48,@MiniPlush12,SHRIMPS ARE CRUSTACEANS!!!!
0:04:49,@naruytypapita,AAAAAAAAAA
0:04:50,@BlackKanye,Damn
0:04:51,@HMZeroTwo,SPANCER
0:04:52,@jennythebean9117,Shrimpo has space cancer 
0:04:53,@gamertuberonmask,"Wake up you need to make money, yeah — That one song, I think it’s called Stressed Out or smth"
0:04:54,@pixelated6451,SPACE CANCER
0:04:56,@applebloom2307,he is yeh
0:04:57,@jo3a548,he is right
0:04:58,@BunnyRabbit-m9m,Finn does NOT deserve 
0:04:58,@r4d1sh89,I am space cancer
0:05:00,@agoatheadbaby3512,space cancer
0:05:01,@gummyibearsx,GOOB
0:05:01,@shrimpkuuu,he's such a liar
0:05:02,@GoofyGuyReal2763,Space cancer
0:05:02,@Phoenixthebestdude,TWIN IM HERE
0:05:03,@victorv5774,:cat-orange-whistling::cat-orange-whistling::cat-orange-whistling::cat-orange-whistling:
0:05:03,@JoeYork-y1z,Dandy
0:05:03,@MasonLewis-x1u,Ts (that shi) will be at space 2.0
0:05:05,@MiniPlush12,cosmos Voice!
0:05:06,@GoofyGuyReal2763,I’m
0:05:06,@HMZeroTwo,Mmm space radiated shrimp
0:05:07,@BunnyRabbit-m9m,Finn does Not deserve abuse 
0:05:07,@GoofyGuyReal2763,I’m
0:05:08,@EeveeSmart,lol
0:05:08,@MinioMicha09,OH-
0:05:09,@Shivery,space cancer
0:05:10,@circuszanny,well he IS mentally challenged
0:05:10,@gamertuberonmask,Build a rocket ship and then fly far away - Stressed Out
0:05:11,@agoatheadbaby3512,Hmmm..............
0:05:11,@naruytypapita,AY
0:05:11,@GoofyGuyReal2763,I’m crying 
0:05:12,@Mmmm-b5g3n,I just hit the jackpot
0:05:12,@HMZeroTwo,SHRIMPO'S WHAT X2
0:05:12,@PennyFletcher-g6g,GOOB GOT A POINT
0:05:12,@SproutslittleE-kitten,YES YOU ARE DANDYYY
0:05:13,@Peejaylew,WHAT
0:05:13,@NubMcMoofin,:face_savoring_food:
0:05:13,@shrimpkuuu,damn
0:05:13,@MinioMicha09,NO TOODLES
0:05:13,@gamertuberonmask,OH MY GOSH
0:05:14,@okuriinu8489,IM LATE BUT IM HERE
0:05:14,@CeruleanArcadia,AGAIN??? :loudly_crying_face: 
0:05:14,@alcinaisMINE,Goobs there for shits n giggle
0:05:15,@SuperHappydoggy,fishy -
0:05:15,@JoeYork-y1z,:rolling_on_the_floor_laughing::rolling_on_the_floor_laughing::rolling_on_the_floor_laughing::rolling_on_the_floor_laughing:
0:05:15,@gonegonergone,lmaoo
0:05:16,@midkidable,HIS WHAT
0:05:16,@GoldenCone69,he just repeated it
0:05:16,@064razor,Is this why shrimpo wears a skirt?
0:05:16,@gummyibearsx,YO
0:05:17,@luiseduardoramirezarmenta9453,s
0:05:18,@QuadellSabawu,something is fishy....
0:05:18,@theREELfinn1,FINN KISS ME
0:05:19,@MiniPlush12,dandy has dementia
0:05:19,@naruytypapita,OOOMMG
0:05:19,@chickennuggetsyummy123,why didn't my notifications go off I gotta watch it from the start
0:05:19,@lyonsheartmusic,Second joke lol
0:05:22,@r4d1sh89,omg
0:05:22,@sillybillyzen,UHM
0:05:23,@White-g6z,8 ball got squashed
0:05:23,@NubMcMoofin,:face_savoring_food::face_savoring_food::face_savoring_food:
0:05:24,@Kawaii_Lemonshark,DANDY WWHAT
0:05:25,@dumsanihlatshwayo3185,what the hell
0:05:25,@jo3a548,cute
0:05:25,@luiseduardoramirezarmenta9453,what
0:05:25,@Peejaylew,WOAHHH
0:05:25,@applebloom2307,nice 
0:05:25,@Veetee134,WHAT
0:05:25,@mimi_likesart,why did shrimpo slapped finns butt wth?
0:05:26,@wthque,we get it bro
0:05:26,@catlyn_loveblot,DAMNN
0:05:26,@gummy8440,Me when they're MEAN to Finn >:(
0:05:26,@naruytypapita,a bueno xddd
0:05:27,@Dandy-k4x3e,WHAAAAATTT
0:05:27,@MinioMicha09,Oh-
0:05:28,@Prismabom,Lol
0:05:30,@boogie7580,:face-turquoise-covering-eyes:
0:05:30,@Ribbit_Rabbit39,I missed it :grimacing_face::grimacing_face:
0:05:30,@heartlessinsect,he just like me
0:05:32,@Thebatplushie,:neutral_face:
0:05:32,@luiseduardoramirezarmenta9453,:skull:
0:05:34,@SkribbleDraws,SO ITS CANON THAY SHRIMPO WORKS FOR NASA
0:05:35,@MasonLewis-x1u,W
0:05:35,@MaraKoruSky,Ayoo
0:05:35,@agoatheadbaby3512,What if he is telling the truth?
0:05:36,@YaritzaReyes-j2c,. _ . 
0:05:38,@Prismabom,Real af
0:05:38,@alcinaisMINE,His cheeks r gonna cause him to die of suffocation in space someone stop it
0:05:39,@viko-m7v,oh dang
0:05:41,@naruytypapita,AAJAJAJAJAA
0:05:41,@MiniPlush12,shrimpo is so at though
0:05:42,@TheJackManArt,hahahahahahahaha
0:05:42,@jennythebean9117,Shrimpo is lying 
0:05:43,@064razor,Aw man
0:05:44,@shrimpkuuu,awwwww no special va
0:05:46,@MinioMicha09,Why he got his old voice
0:05:47,@theREELfinn1,FINN IS SO CUTE DUDE
0:05:47,@064razor,Cosmo's back to typecast voice
0:05:47,@shrimpkuuu,OMG
0:05:47,@Tiza_XD-123,what is this xd
0:05:48,@shellylover-2,i have a question will toodle be a teen 
0:05:48,@MasonLewis-x1u,True
0:05:50,@jo3a548,NO WAY
0:05:53,@Zipp665,OH YOU :fire::fire:
0:05:53,@agoatheadbaby3512,"Oh, he's just stealing food"
0:05:54,@mrcreemsupreme,why do they just have a rocket ship
0:05:54,@LUXE-DX,Where’s the va
0:05:54,@joelol7397,W
0:05:56,@mrcreemsupreme,oj
0:05:56,@Peejaylew,.
0:05:56,@HMZeroTwo,I CALLED IT
0:05:56,@Shivery,:glasses:
0:05:57,@Kipkat13,LIAR
0:05:58,@naruytypapita,JAJAJAJAJAAJAJAJAJABA
0:05:58,@mrcreemsupreme,oh
0:05:59,@NubMcMoofin,:disappointed_face:
0:06:00,@SuperHappydoggy,we called it
0:06:01,@luiseduardoramirezarmenta9453,:egg2:
0:06:01,@Thebatplushie,Booooo
0:06:02,@Hexen_4444,BEAT HIM!
0:06:04,@QuadellSabawu,WHAAAT
0:06:04,@r4d1sh89,LOLOLOLOLOO
0:06:06,@Kawaii_Lemonshark,im dead
0:06:10,@boogie7580,:face-purple-sweating::face-purple-sweating::face-purple-sweating::face-purple-sweating:
0:06:10,@jennythebean9117,Daddy
0:06:10,@GoldenCone69,RIP HIM APARY
0:06:12,@theREELfinn1,FINN DONT LOOK SO SAD
0:06:14,@sillybillyzen,DADDY?
0:06:14,@HMZeroTwo,DADDY WHAT'S GOING ON
0:06:15,@Br1mstone98,#1 larper:eyes::eyes::eyes::eyes::eyes:
0:06:15,@Thebatplushie,:tomato::tomato::tomato::tomato::tomato::tomato::tomato::tomato::tomato::tomato::tomato::tomato::tomato::tomato::tomato::tomato::tomato::tomato::tomato::tomato::tomato::tomato::tomato::tomato::tomato::tomato::tomato::tomato::tomato::tomato:
0:06:15,@tailsfriends-g4k,yo
0:06:15,@gamertuberonmask, L I A R S H R I M P S H I T .
0:06:16,@GoozeyTheClown,LIES 
0:06:16,@Kipkat13,WHAT LMAO
0:06:16,@ZoombaPumba,DADDY???
0:06:16,@victorv5774,:face-blue-wide-eyes::face-blue-wide-eyes: NOO SHRIMPOOO
0:06:16,@SproutslittleE-kitten,Daddy:broken_heart:
0:06:16,@SuperHappydoggy,DADDY
0:06:17,@agoatheadbaby3512,HE DIDN'T IT THE FISHSTICKS
0:06:17,@catlyn_loveblot,DADDY
0:06:18,@ffelicia,HELLO?
0:06:19,@wthque,BRO
0:06:20,@pixelated6451,“Daddy”
0:06:20,@SkribbleDraws,BROKOO :broken_heart::broken_heart:
0:06:21,@Zaiikai,DADDY
0:06:21,@Peejaylew,.
0:06:23,@mimi_likesart,DANG ROCKET SHIP?????
0:06:23,@MaraKoruSky,That pose wha?
0:06:24,@GoozeyTheClown,DADDY!!!
0:06:24,@Peejaylew,So crazy
0:06:24,@1Frostbyte11,yeah I feel bad asf about finn
0:06:24,@Yourlocalhugger,:face-fuchsia-tongue-out:
0:06:25,@GoozeyTheClown,YES
0:06:26,@R0D03sV1deos,i’m frying inside and out
0:06:27,@sorvetinhodemilho,HIIII
0:06:27,@YaritzaReyes-j2c,:face-turquoise-speaker-shape:
0:06:28,@Justraymonda,im eating snacks rn
0:06:29,@jennythebean9117,True
0:06:29,@shrimpkuuu,we knew
0:06:30,@MasonLewis-x1u,True
0:06:30,@MaraKoruSky,Daddy
0:06:30,@sab6767-v8p,DADDY
0:06:31,@naruytypapita,NAAOO SHRIMPO
0:06:31,@PennyFletcher-g6g,DADDY WADDY
0:06:32,@alcinaisMINE,Laaarp
0:06:32,@BrownPilledFartCel,im playimg dayz
0:06:34,@MasonLewis-x1u,True
0:06:35,@agoatheadbaby3512,HE DIDN'T EAT THE FISHSTICKS NO LOVE FOR THE FISH STICKS
0:06:35,@breannaday5065,:fearful_face::pensive_face:
0:06:35,@khloereyes-e1i,Why is everyone saying daddy:loudly_crying_face:🫩🫩🫩
0:06:37,@lyleda_dood1350,@Zaiikai WHAT THE FUCK ARE YOU DOING HERE
0:06:37,@boogie7580,:face-blue-droopy-eyes::face-blue-droopy-eyes::face-blue-droopy-eyes::face-blue-droopy-eyes::face-blue-droopy-eyes:
0:06:38,@SkribbleDraws,GASPS
0:06:38,@MasonLewis-x1u,True
0:06:39,@064razor,Shrimpo W
0:06:39,@DanielleWinder-z7m,omggg
0:06:40,@JoeYork-y1z,:face-blue-smiling::face-blue-smiling::face-blue-smiling::face-blue-smiling:
0:06:40,@MasonLewis-x1u,True
0:06:40,@mimi_likesart,what is mentally challenged?
0:06:40,@theREELfinn1,I KNEW SHRIMPO WAS LYING 
0:06:40,@Dandy-k4x3e,oop
0:06:41,@MasonLewis-x1u,True
0:06:41,@iamtakingoverthisaccount5543,LOL
0:06:43,@AnimeGames16,NASA exists in their world?
0:06:43,@MasonLewis-x1u,True 
0:06:44,@gonegonergone,GASP
0:06:45,@HMZeroTwo,I thought he was a seafarer
0:06:45,@Shivery,no shit
0:06:45,@QuadellSabawu,shrimpo made Finn stop the sea jokes :(
0:06:45,@MasonLewis-x1u,True
0:06:46,@boogie7580,:face-purple-smiling-fangs::face-purple-smiling-fangs:
0:06:46,@Kawaii_Lemonshark,:loudly_crying_face::loudly_crying_face::loudly_crying_face::loudly_crying_face:
0:06:47,@jennythebean9117,14 years!
0:06:47,@Kipkat13,LIAR
0:06:47,@MasonLewis-x1u,True
0:06:49,@naruytypapita,pobrecito alv
0:06:50,@circuszanny,im eating crackes rn
0:06:52,@shrimpkuuu,awwwwwwww
0:06:52,@LUXE-DX,Oh no
0:06:52,@Hexen_4444,insert sad music
0:06:52,@GoozeyTheClown,14???
0:06:54,@catlyn_loveblot,WHAT5
0:06:54,@MeHaveAGreatDay,Hi
0:06:54,@JoeYork-y1z,Wow
0:06:56,@naruytypapita,GASP
0:06:56,@Peejaylew,FOURTEEN YEARS
0:06:56,@Kinahwuzhere,14!
0:06:57,@agoatheadbaby3512,14 years......
0:06:58,@july9273,HIIIIIII ed
0:06:58,@shrimpkuuu,HE'S SO CUTE
0:06:58,@ashleymcada497,.
0:06:58,@jo3a548,OH NO
0:06:59,@MasonLewis-x1u,14 years is crazy 
0:06:59,@MiniPlush12,14?!?!
0:06:59,@takisgaming9876,:yt:
0:06:59,@Pibble_washmybelly66,No way 14 years
0:07:00,@ManSlurry,damn i really thought he was being truthful
0:07:01,@theREELfinn1,DAMN HOW OLD ARE THEY
0:07:01,@alcinaisMINE,"Not true, shrimpo is 10 "
0:07:01,@jennythebean9117,Six dollars damn
0:07:01,@Thebatplushie,14!?
0:07:01,@Kawaii_Lemonshark,oh damn
0:07:02,@ManSlurry,smh
0:07:02,@Tamers12345MLP,Shrimpo didn't eay the fish sticks bcause he himself is a sea creature and doing that is weird
0:07:03,@Dandy-k4x3e,14 yrs-
0:07:05,@SuperHappydoggy,HELP
0:07:06,@agoatheadbaby3512,6 bucks............
0:07:07,@naruytypapita,NOOOOO TT
0:07:08,@CacaMeloni,PLMMER!?
0:07:08,@GoldenCone69,GET OUT
0:07:09,@applebloom2307,14 yeeeeears 
0:07:09,@HMZeroTwo,Nahhh shrimpo thinks he's mario
0:07:11,@Thebatplushie,Wut
0:07:12,@MasonLewis-x1u,And eats them
0:07:13,@Shivery,:astonished_face:
0:07:15,@chickennuggetsyummy123,IM HERE
0:07:15,@gamertuberonmask,41*
0:07:16,@PanConCafeUnu,omgggg
0:07:18,@breannaday5065,Shiny…?
0:07:18,@Peejaylew,ASTRO IST
0:07:18,@QuadellSabawu,14 years of lying
0:07:19,@alcinaisMINE,Poor Astro 
0:07:20,@1Frostbyte11,good point
0:07:21,@SkribbleDraws,I want those fish sticks I’m hungry
0:07:21,@theREELfinn1,BAHAHAHAHAHAHAHAHAH
0:07:22,@KingRoss-w4q,Dennis Big Bro
0:07:25,@THE_sparklinMant1s,GUYS IF YOU SPEED IT UP YOULL BE ABLE TO SKIP AHEAD
0:07:25,@Mmmm-b5g3n,stfu
0:07:25,@shrimpkuuu,fun
0:07:28,@agoatheadbaby3512,"He......he lies.....,.,,,"
0:07:28,@White-g6z,.
0:07:28,@JoeYork-y1z,No Shripo has 1 dollar 
0:07:30,@gamertuberonmask,I’m hungry
0:07:32,@MiniPlush12,super shrimpo bros
0:07:32,@july9273,we love goob
0:07:32,@BackRoomsGal,lowk dont think shrimpo would care about cannibalism ngl </3
0:07:33,@naruytypapita,aay
0:07:35,@alcinaisMINE,Justice for moon man
0:07:36,@applebloom2307,aw thats kinda sad
0:07:37,@KingRoss-w4q,Gyaaaaat
0:07:37,@NairyaUpshaw,Hey
0:07:38,@agoatheadbaby3512,whaugh
0:07:38,@Kipkat13,real
0:07:42,@theREELfinn1,THEN DO IT DANDY
0:07:42,@Zipp665,Astro my love :eyes:
0:07:43,@GoldenCone69,ATTACK THE DAMN SHRIMP
0:07:45,@iamtakingoverthisaccount5543,eat shrimpo
0:07:46,@jennythebean9117,Shrimpo!
0:07:48,@MasonLewis-x1u,:face-green-smiling::face-green-smiling::face-green-smiling::face-green-smiling::face-green-smiling:
0:07:48,@gamertuberonmask,DAMN
0:07:48,@YaritzaReyes-j2c,:face-blue-droopy-eyes:
0:07:49,@MiniPlush12,beat him dandy!
0:07:50,@mimi_likesart,oh uh... the rocket ship WAS FAKE???
0:07:50,@Peejaylew,THE MOON LANDING FSKE
0:07:51,@gamertuberonmask,COSMO STOP
0:07:52,@ManSlurry,do any of the dandy's characters actively engage in cannibalism? 
0:07:53,@MasonLewis-x1u,Cool
0:07:54,@MinioMicha09,What happened to cosmo old voice 
0:07:54,@Thebatplushie,:tomato::tomato::tomato::tomato::tomato::tomato::tomato::tomato::tomato::tomato::tomato::tomato::tomato::tomato::tomato:
0:07:54,@Yesfromtiktok,I was depressed until I started watching this live thank you tamers
0:07:54,@iamtakingoverthisaccount5543,vote to eat shrimpo
0:07:54,@naruytypapita,GOOOB
0:07:55,@gummy8440,Shrimpo punked all of them thats crazy
0:07:55,@SkribbleDraws,JESUS CHRIST
0:07:55,@GoldenCone69,YES
0:07:56,@064razor,Sprout L because he fell for it
0:07:56,@shrimpkuuu,DONT HIT HIM
0:07:56,@Shivery,:rock:
0:07:56,@chickennuggetsyummy123,ASTRO IS MINE
0:07:56,@r4d1sh89,IM FAT
0:07:57,@jo3a548,ALSFOADSFLASFO
0:07:57,@MasonLewis-x1u,Damn
0:07:57,@wthque,HELP
0:07:57,@gamertuberonmask,WHAT?!
0:07:58,@HMZeroTwo,GET HIS AHH COSMO
0:07:59,@SuperHappydoggy,DESERVED
0:07:59,@Peejaylew,COSMO STOP
0:08:00,@GoozeyTheClown,YEAH
0:08:00,@Thebatplushie,Yes
0:08:00,@Shivery,GO COSMO
0:08:00,@mimi_likesart,DADDY?! WTF
0:08:00,@haileykitty6993,"wow, no wonder Shrimpo is so grumpy all the time, he unclogs toilets."
0:08:01,@abread369,LMAOO
0:08:02,@CacaMeloni,NO WAY COSMO-
0:08:03,@agoatheadbaby3512,LOL
0:08:03,@naruytypapita,COSMO
0:08:03,@okuriinu8489,help!
0:08:04,@alcinaisMINE,Give Cosmo his speaking privilege
0:08:04,@GoozeyTheClown,GET HIM
0:08:04,@applebloom2307,LOL
0:08:05,@MiniPlush12,COSMO YASSS!
0:08:06,@gamertuberonmask,EXECUTING SHRIMPO FOR LYING?!
0:08:06,@HenryN693,Hahahah
0:08:07,@applebloom2307,Hung ><
0:08:07,@okuriinu8489,air hail!
0:08:07,@shrimpkuuu,cosmo tree?
0:08:07,@Shivery,:brown_circle::brown_circle::waving_hand:
0:08:07,@Hexen_4444,True
0:08:08,@heyy.alexz7,something is fishy
0:08:08,@RataRabioza,shrimpo best toon
0:08:08,@1Frostbyte11,wtf did Cosmo beat the shi out shrimpo
0:08:08,@camillequinto6596,that stupid yandere
0:08:09,@Tiza_XD-123,omg Cosmo
0:08:09,@Thebatplushie,lol 
0:08:09,@viko-m7v,LOL
0:08:09,@GoldenCone69,PUBLIC EDUCATION?
0:08:09,@SuperHappydoggy,public exection
0:08:10,@breannaday5065,Cosmo got anger issues from sprout:red_heart::red_heart::red_heart:
0:08:10,@NubMcMoofin,:face_holding_back_tears:
0:08:11,@sharonluvs145,ooooo
0:08:11,@NairyaUpshaw,Hey
0:08:13,@naruytypapita,COSMO BAJAAJA
0:08:14,@cricket_gaming_hd9439,stuck in the tree
0:08:14,@GoldenCone69,YES!
0:08:14,@jo3a548,FUCK GARDENSVIEW IS INSANE
0:08:14,@AnimeGames16,LMAO
0:08:15,@Peejaylew,COSMO
0:08:15,@theREELfinn1,HE DESERVES JT
0:08:15,@Santaman3,A real faker in those jeans
0:08:15,@alcinaisMINE,SOULVESTER? SOULVESTER ON SCREEN BC HES AALSO GETTING EXECUTED?
0:08:16,@R0D03sV1deos,NOT SPROUT PUTTING COSMO ON A TREE HELP
0:08:17,@JoeYork-y1z,Grab Goob please 
0:08:17,@Ren-tn9ln,YES
0:08:17,@okuriinu8489,air jail
0:08:17,@Deja12k,hi
0:08:17,@We_all_love_berryfunnyXD,I hate cosmo
0:08:19,@r4d1sh89,crrrr
0:08:19,@HMZeroTwo,LYING LIPS ARE AN ABOMINATION OF GOD
0:08:20,@r4d1sh89,crcrrr
0:08:21,@alcinaisMINE,SOULVESTER MAY JUST APPEAR LADS
0:08:21,@Kawaii_Lemonshark,oh he gon die
0:08:21,@KingRoss-w4q,I thought Cosmo was a log
0:08:25,@YaritzaReyes-j2c,. - . . _ . 
0:08:25,@064razor,What happened to dandy's holliday jail
0:08:27,@SkribbleDraws,SHEIMPO GETS A PUBLIC EDUCATION YEAHHH
0:08:27,@Tiza_XD-123,cosmo help-
0:08:27,@Thebatplushie,Oh
0:08:28,@iamtakingoverthisaccount5543,WHAT EXECUTION
0:08:28,@KvVuld,i wish i lived there
0:08:30,@CacaMeloni,THE PLACE WHERE COSMO IS KEPT IS FUNNY
0:08:31,@QuadellSabawu,where's looey?
0:08:31,@gamertuberonmask,"FIRST THEY TRIED TO EXECUTE ASTRO FOR FOUR ARMS, THEN GOOB FOR EMBARRASSING SCRAPS, AND NOW SHRIMPO?!"
0:08:32,@gummy8440,but they dont permanently die cause god doesn't know where they go
0:08:33,@We_all_love_berryfunnyXD,COSMO SUCKS
0:08:34,@luiseduardoramirezarmenta9453,what
0:08:35,@We_all_love_berryfunnyXD,COSMO SUCKS
0:08:36,@White-g6z,"""daddy what's happening"" fuck that's a gay nice thing"
0:08:36,@We_all_love_berryfunnyXD,COSMO SUCKS
0:08:36,@MasonLewis-x1u,Bro it’s broad daylight 
0:08:36,@We_all_love_berryfunnyXD,COSMO SUCKS
0:08:37,@We_all_love_berryfunnyXD,COSMO SUCKS
0:08:37,@naruytypapita,pobre cosmito xd
0:08:37,@We_all_love_berryfunnyXD,COSMO SUCKS
0:08:38,@We_all_love_berryfunnyXD,COSMO SUCKS
0:08:39,@BunnyRabbit-m9m,Shrimpo doesn’t deserve anyone. Poor Finn 
0:08:39,@R0D03sV1deos,EXACTLY 24 hours gng
0:08:39,@ManSlurry,COSM<O
0:08:39,@RataRabioza,FREE SHRIMPO
0:08:39,@Mmmm-b5g3n,this is going to be my favorite video on Bros Channel
0:08:40,@GoofyGuyReal2763,NOOOOOOO
0:08:40,@jennythebean9117,:O
0:08:44,@Prismabom,39 toons now
0:08:45,@agoatheadbaby3512,Cosmo is still stuck in the tree.
0:08:49,@doodlefloof,NOOO
0:08:49,@Hexen_4444,Girly pop :nail_polish:
0:08:50,@jo3a548,cuuuuuuuuuuuuuuute
0:08:51,@lyleda_dood1350,cCOSMO SUCKS 
0:08:52,@Shivery,Average Berryfunny fans
0:08:52,@gamertuberonmask,DSMN
0:08:52,@r4d1sh89,sobs
0:08:53,@Tamers12345MLP,@We_all_love_berryfunnyXD Damn bitches hate cosmo
0:08:54,@theREELfinn1,FINN IS SO CUTE
0:08:54,@White-g6z,gtg bye
0:08:55,@SproutslittleE-kitten,I though the rocks were bust btw
0:08:55,@MinioMicha09,PeakPeakPeakPeakPeak
0:08:56,@Br1mstone98,getting executed for larping????
0:08:56,@wthque,bruhhh
0:08:56,@JoeYork-y1z,Goobbbbbbbbbbbb
0:08:57,@naruytypapita,GOOOB
0:08:59,@gamertuberonmask,POOR GOOFY
0:09:00,@HerreZC,oh no..
0:09:00,@theREELfinn1,I HATE COSMO
0:09:01,@luiseduardoramirezarmenta9453,what
0:09:02,@HMZeroTwo,DAMN
0:09:02,@White-g6z,.
0:09:03,@agoatheadbaby3512,watermelon :3
0:09:03,@naruytypapita,NOOOOOO GOOB
0:09:03,@064razor,@Tamers12345MLP Yes.
0:09:04,@NubMcMoofin,:disappointed_face:
0:09:04,@gonegonergone,dam
0:09:04,@Gourdyhollowayy,Lol
0:09:05,@MasonLewis-x1u,Damn
0:09:05,@gamertuberonmask,GOOB*
0:09:06,@HMZeroTwo,NOT GOOB
0:09:07,@GoozeyTheClown,aw :(
0:09:07,@shrimpkuuu,finn awww
0:09:08,@jennythebean9117,Noooooooo
0:09:08,@Kawaii_Lemonshark,i mean I guess tamesss
0:09:08,@Peejaylew,SHEIMPO SCHILL
0:09:09,@mrcreemsupreme,good. leave Cosmo there
0:09:10,@victorv5774,:face-purple-crying::face-purple-crying::face-purple-crying::face-purple-crying:
0:09:10,@Dandy-k4x3e,:frowning_face_with_open_mouth:
0:09:12,@We_all_love_berryfunnyXD,NO IM JOKING DONT KILL ME :loudly_crying_face: 
0:09:13,@theREELfinn1,FINN STAY WITH ME TWIN
0:09:13,@GoofyGuyReal2763,Ain’t even do nun bro
0:09:14,@boogie7580,Bro
0:09:14,@naruytypapita,POBRE GOOB
0:09:16,@agoatheadbaby3512,:(
0:09:16,@QuadellSabawu,I LOOOVE WATERMELON
0:09:16,@alcinaisMINE,Just run away like gourdy and soulvester did
0:09:17,@jo3a548,oh yeah
0:09:19,@jennythebean9117,Kiss
0:09:19,@Thebatplushie,Shrimpo why !?
0:09:19,@MiniPlush12,why do they keep calling it poopy?!
0:09:19,@mimi_likesart,afk
0:09:20,@circuszanny,noooo POOR GOOB
0:09:20,@White-g6z,fuck cosmo that who killed astro
0:09:21,@MinioMicha09,14 years.. Oh
0:09:22,@Zipp665,Oww..
0:09:22,@viko-m7v,POOR GOOBB((((
0:09:22,@SproutslittleE-kitten,Yes I hate cosmo too 
0:09:23,@HMZeroTwo,SHIT
0:09:23,@QuadellSabawu,cope
0:09:23,@jo3a548,TIME FOR SMOOCHIES
0:09:24,@sopersonictails,pick a voice for glisten already tamers lol
0:09:25,@midkidable,oh god the tts peaking hard
0:09:25,@naruytypapita,AAAAAAAAA
0:09:26,@catlyn_loveblot,KISS YES KISSS
0:09:27,@1Frostbyte11,omg yaoi
0:09:27,@Dandy-k4x3e,WHAT BAG LOL
0:09:27,@breannaday5065,Poor goon
0:09:28,@RyleeKershaw-v3k,uh oh
0:09:29,@JoeYork-y1z,Awwww
0:09:29,@phosis-n1i,Инти ты. тут
0:09:30,@Fartbaby-y6p,AHHHHHHHHHHHHHHH
0:09:30,@kavama81,PISS BAG
0:09:30,@shrimpkuuu,GOOB WEHHH
0:09:30,@SproutslittleE-kitten,FEMBOY TIMEEE
0:09:30,@abread369,LEAVE GOOB ALONEE
0:09:30,@boogie7580,:face-blue-droopy-eyes::face-blue-droopy-eyes::face-blue-droopy-eyes:
0:09:30,@iamtakingoverthisaccount5543,sheimpo leave goob alone
0:09:31,@Ili.The.Raccoon1457,NOOO POOR GOOB
0:09:32,@BunnyRabbit-m9m,What did cosmo do damn
0:09:32,@agoatheadbaby3512,-_-
0:09:32,@ManSlurry,and then they kiss
0:09:32,@Fartbaby-y6p,KISSSSS
0:09:32,@MasonLewis-x1u,Piss bag 
0:09:33,@Santaman3,Goob got striked 
0:09:33,@OraDancestudio-t1g,YAY
0:09:34,@R0D03sV1deos,“PISSBAG”
0:09:34,@khloereyes-e1i,JUST KISS ALREADY 🫩🫩🫩🫩🫩🫩🫩🫩🫩🫩🫩🫩🫩🫩🫩🫩🫩🫩🫩🫩🫩🫩🫩🫩
0:09:35,@Tamers12345MLP,@MiniPlush12 Because it's poopy???
0:09:35,@Fartbaby-y6p,KISSSSS
0:09:35,@GoldenCone69,watermelon is good
0:09:36,@Pibble_washmybelly66,I think they are going to kiss! 
0:09:36,@imeneimma5175,ohhhh
0:09:36,@haileykitty6993,bro?! that's messed up! what you mean execution for lying?!
0:09:36,@Kawaii_Lemonshark,piss bag?
0:09:37,@elferrr1867,:elbowcough::elbowcough::elbowcough::elbowcough:
0:09:37,@Fartbaby-y6p,KISSS
0:09:37,@okuriinu8489,they call it poopy csuse its cringe
0:09:37,@theREELfinn1,GOOB AND SHRIMPO SYABU
0:09:37,@GoozeyTheClown,KISS
0:09:38,@White-g6z,dang nasa hates shrimp
0:09:38,@GOOB-l8k,:(
0:09:39,@OG_SH4P3SH1FT3R,KISSS
0:09:39,@heartlessinsect,do they dance here
0:09:39,@MiniPlush12,nooo gooob :pleading_face::pleading_face:
0:09:40,@Ihnele,BERRYFUNNY SUCKS
0:09:40,@Dandy21234,KISS ALREADY 
0:09:40,@Tiza_XD-123,omg :eyes::fire:
0:09:40,@catlyn_loveblot,KISSS
0:09:40,@OG_SH4P3SH1FT3R,KISS
0:09:41,@shrimpkuuu,please dont kiss
0:09:42,@OG_SH4P3SH1FT3R,KIS
0:09:43,@shrimpkuuu,DONT KISS
0:09:44,@circuszanny,YESYES KISS
0:09:44,@mrcreemsupreme,tamers can I voice glisten I can do a really good gay voice
0:09:45,@HenryN693,WATCH THEM KISSS
0:09:45,@jeannarivera613,goob:face-purple-crying:
0:09:45,@naruytypapita,BESOO BESOO
0:09:46,@boogie7580,:body-green-covering-eyes::body-green-covering-eyes::body-green-covering-eyes::body-green-covering-eyes:
0:09:47,@shrimpkuuu,IM ANTI'
0:09:47,@catlyn_loveblot,KISS
0:09:48,@jo3a548,YES
0:09:48,@Pibble_washmybelly66,THERE GONNA KISS
0:09:48,@GOOB-l8k,ANGRYHUGS??????????
0:09:48,@JoeYork-y1z,Please please please
0:09:49,@OG_SH4P3SH1FT3R,KISS >;3
0:09:49,@Fartbaby-y6p,TOXIC YOAIIIIIIIIIIIIIIIIIIIIIIIIIIIIIIII
0:09:49,@slowpe9693,POOR GOOB!!
0:09:50,@alcinaisMINE,I don’t mind if they kiss 
0:09:50,@agoatheadbaby3512,>:(
0:09:50,@jo3a548,KISS
0:09:50,@GoozeyTheClown,KISS
0:09:50,@iamtakingoverthisaccount5543,what did goob do to shrimpo damn
0:09:50,@catlyn_loveblot,Kiss
0:09:51,@NatureBall-j2g,why shrimpo so pink rn
0:09:52,@naruytypapita,BESO BESO
0:09:53,@Thebatplushie,How Finn turn Twisted:
0:09:53,@catlyn_loveblot,KISS
0:09:53,@Fartbaby-y6p,TOXIC YOAI
0:09:53,@Peejaylew,KISS
0:09:53,@HMZeroTwo,Goob and shrimpo please don't kiss that makes me even more sad for goob
0:09:54,@Lucario7280,Tamers can you lock in
0:09:54,@QuadellSabawu,DONT KISS
0:09:54,@RenaeKainoa,:face-purple-crying:
0:09:55,@boogie7580,:face-blue-droopy-eyes::face-blue-droopy-eyes::face-blue-droopy-eyes::face-blue-droopy-eyes:
0:09:55,@catlyn_loveblot,Kiss
0:09:55,@GoldenCone69,Shrimpo people mistake you for a girl.
0:09:56,@CacaMeloni,WHEN THEY'LL KISS??
0:09:56,@CelestialZizzy,KIIISS
0:09:56,@Dandy21234,KISS NOW
0:09:56,@theREELfinn1,SHUT UP GOOOBBBBBBBBB
0:09:57,@JoeYork-y1z,Yes!!!!!!!!!!
0:09:57,@catlyn_loveblot,KISS
0:09:58,@Fartbaby-y6p,TOXIC YOAI
0:09:58,@naruytypapita,BESOOOO
0:09:59,@Pibble_washmybelly66,YAOI
0:10:00,@Ili.The.Raccoon1457,KISS
0:10:00,@catlyn_loveblot,KISS
0:10:00,@SkribbleDraws,NOOOOOO GOOOOOBBBBB
0:10:00,@multi_arm,Kiss
0:10:01,@TinaDson,:cat-orange-whistling::cat-orange-whistling::cat-orange-whistling::cat-orange-whistling::cat-orange-whistling::cat-orange-whistling::cat-orange-whistling::cat-orange-whistling:
0:10:01,@Tiliyah_kill,NO
0:10:02,@applebloom2307,samesamesamesame
0:10:02,@MiniPlush12,awww... goob...
0:10:02,@Tiza_XD-123,Kiss Kiss kiss
0:10:02,@1Frostbyte11,kiss kiss
0:10:02,@MeHaveAGreatDay,JUST KISS:loudly_crying_face::loudly_crying_face:
0:10:02,@HMZeroTwo,Goob I relate
0:10:03,@shadownikki.x,ooh they about to kiss
0:10:03,@dominicunderwood4911,oh myyyyy
0:10:03,@White-g6z,cosmo must be punching shrimpo hard
0:10:04,@catlyn_loveblot,KISS
0:10:04,@circuszanny,PLEASE KISSS
0:10:04,@Peejaylew,KISS PLEASE
0:10:05,@Gourdyhollowayy,Poor goob
0:10:06,@Prismabom,Autism rizz
0:10:06,@Tiliyah_kill,NO
0:10:06,@Zipp665,PLEASE LET SOMETHING ROMANTIC HAPPEN
0:10:06,@JoeYork-y1z,Now
0:10:06,@Thebatplushie,Don’t do it
0:10:06,@naruytypapita,BESOOOOOO
0:10:07,@agoatheadbaby3512,Shrimpo = Garbo
0:10:07,@billyboy8534,Literally me
0:10:07,@MeHaveAGreatDay,KISS
0:10:08,@theREELfinn1,I DONT CARE GUYS
0:10:08,@boogie7580,:face-orange-biting-nails::face-orange-biting-nails:
0:10:08,@Solums,kiss
0:10:08,@Flowers3-w3v,DONT KISSSSSSS
0:10:09,@catlyn_loveblot,KISSS
0:10:09,@anderrddingus,kiss
0:10:09,@OG_SH4P3SH1FT3R,KISSSSSS
0:10:09,@imeneimma5175,:face-red-heart-shape:
0:10:09,@GiaDelRosario,GOOOOOOBBBBB
0:10:10,@Tiliyah_kill,NO
0:10:10,@Peejaylew,HE BLUSHING
0:10:10,@victoriarose5735,what
0:10:10,@Dandy21234,KISS KISS KISS PLzs
0:10:11,@jennythebean9117,Kiss kiss 
0:10:11,@catlyn_loveblot,kisss
0:10:12,@GOOB-l8k,ANGRYHUGS
0:10:12,@theREELfinn1,I JUST WANT FINN
0:10:12,@Fartbaby-y6p,PLEASDEEEEEEEEEEE
0:10:12,@jeannarivera613,:elbowbump::elbowbump::elbowbump::elbowbump:royalpear
0:10:12,@ilovechristmasforever,don't
0:10:12,@kavama81,. KISSSSSS
0:10:12,@Urburnttoast,KISS KISS KISS
0:10:12,@katseye77779,KISS KISS KISSS
0:10:13,@circuszanny,I BEG YOU PLEASE KISSSS BROO
0:10:13,@Tiliyah_kill,NO
0:10:13,@Camy-jij,Ohhhh
0:10:13,@khloereyes-e1i,SPAW KISS :tangerine::tangerine::tangerine::tangerine::tangerine:
0:10:14,@naruytypapita,BESENSEEEEE
0:10:14,@SuperHappydoggy,aww
0:10:14,@catlyn_loveblot,KISSSS
0:10:14,@TinaDson,:cat-orange-whistling::cat-orange-whistling::cat-orange-whistling::cat-orange-whistling::cat-orange-whistling::cat-orange-whistling::cat-orange-whistling::cat-orange-whistling::cat-orange-whistling::cat-orange-whistling:
0:10:15,@Fartbaby-y6p,AHHHHHHHHHH
0:10:15,@maricarla-1234,omgg :loudly_crying_face::loudly_crying_face:
0:10:16,@jo3a548,OH FUCK
0:10:16,@kavama81,KISSSSASSSSSASSSSSS
0:10:16,@We_all_love_berryfunnyXD,IM SORRY TAMERS
0:10:16,@GoofyGuyReal2763,some mf said autism rizz
0:10:17,@Tiliyah_kill,NO
0:10:17,@gummy8440,Goob will be there to grab shrimpo when his stamina is low...heartwarming #goob #dandy #CanLoveBloom
0:10:17,@James_AnimatesALT,KISSS
0:10:17,@okuriinu8489,tamers! have you seen longmo? its when cosmo turns his head verticle!
0:10:17,@circuszanny,SHRIMPO SHUT UP AND KISS HIM
0:10:18,@Peejaylew,KISS GODAMIT
0:10:18,@agoatheadbaby3512,Shrimpo = Garbo
0:10:18,@Dandy21234,KISsSsSSsS
0:10:19,@victorv5774,:face-blue-wide-eyes::face-blue-wide-eyes::face-blue-wide-eyes::face-blue-wide-eyes:
0:10:19,@乇爪丨丨卂-k5h,AWWWWWWWW
0:10:20,@boogie7580,:face-purple-sweating::face-purple-sweating:
0:10:20,@katseye77779,KIIISISSSSSSSS
0:10:20,@Fartbaby-y6p,ANGRY HUGS
0:10:20,@Tiliyah_kill,NO
0:10:20,@MeHaveAGreatDay,PLEASE KISS:face-purple-crying:
0:10:21,@artisticapple1972,oh no
0:10:21,@Rotten_c4ndi,AWW
0:10:21,@OG_SH4P3SH1FT3R,KISS KISS KISS KISS KISS
0:10:21,@Urburnttoast,KISS KISS KISSSSSSSSSSSS
0:10:21,@paighton4252,tamers would you make any dandy's ocs
0:10:22,@naruytypapita,KIIIS AAAAAAA
0:10:23,@Tiliyah_kill,NO
0:10:24,@katseye77779,Kisssssisjjsis
0:10:24,@Tiza_XD-123,kisss
0:10:24,@Fartbaby-y6p,KISSSSSSSSS
0:10:24,@GOOB-l8k,DO IT DO IT
0:10:25,@khloereyes-e1i,KISS
0:10:25,@064razor,Why is finn so thirsty
0:10:25,@alcinaisMINE,Ofc goobs is bigger than
0:10:26,@SproutslittleE-kitten,KISSSSZS
0:10:26,@midkidable,NO CHEMISTRY
0:10:26,@AleciaAngus,KISSSSSSSSSSSSSSSSSSSSSSSSSSSSSSSSSSSSSSSSSSSSSSSSSSSSSSSSSSSSSSSSSSSSSSSSSSSSSSSSSSS
0:10:26,@victorv5774,YESS LETS GOOOOOO KISSS
0:10:26,@Jimmy-t9b9p,Kissss now!!! 
0:10:27,@Tiliyah_kill,NO
0:10:27,@ෆMilky_wayෆ,KISS
0:10:27,@theREELfinn1,BOYS ?? PLURAL vv
0:10:28,@1Frostbyte11,OB HELL NAH
0:10:28,@shrimpkuuu,finn...
0:10:28,@Shellydandysworld-x3p,YOOO
0:10:28,@gamertuberonmask,FINN
0:10:29,@circuszanny,YTESYES MAKE OUT
0:10:29,@khloereyes-e1i,A kiss 
0:10:29,@boogie7580,:face-blue-wide-eyes::face-blue-wide-eyes::face-blue-wide-eyes::face-blue-wide-eyes:
0:10:30,@Peejaylew,KISS
0:10:30,@Shivery,noo finn
0:10:30,@GoldenCone69,Kiss
0:10:31,@khloereyes-e1i,Kiss
0:10:31,@Tiliyah_kill,NO
0:10:32,@Fartbaby-y6p,KISS KISS LISS KISS LISS
0:10:32,@khloereyes-e1i,Kiss
0:10:32,@abread369,UH OH
0:10:33,@naruytypapita,KIIS
0:10:33,@Zipp665,WHAT
0:10:33,@Hexen_4444,Shrimpo gonna cheat!
0:10:33,@JoeYork-y1z,Come on
0:10:34,@khloereyes-e1i,Kiss
0:10:34,@iamtakingoverthisaccount5543,Yaoi
0:10:34,@agoatheadbaby3512,Shrimpo is not worth it Goob.
0:10:34,@Ribbit_Rabbit39,KISSS
0:10:35,@Tiliyah_kill,NO
0:10:35,@certafan,YESSSS
0:10:35,@khloereyes-e1i,Kiss
0:10:35,@1Frostbyte11,THIS WILL HAVE CONSEQUENCES
0:10:35,@gamertuberonmask,HE’S STALKING THEM
0:10:36,@Fartbaby-y6p,TOXIC YOAI
0:10:36,@ManSlurry,"shrimpo is probably full of poopy, cause i always find leftover poopy in my shrimp, can we get this canonized"
0:10:36,@midkidable,this is so forced
0:10:36,@naruytypapita,BESOOOO
0:10:36,@Shivery,:face-purple-crying::face-purple-crying::face-purple-crying::face-purple-crying:
0:10:37,@khloereyes-e1i,Kiss
0:10:37,@OG_SH4P3SH1FT3R,KISS
0:10:39,@Dandy-k4x3e,KISS DAMNIT
0:10:39,@Tiliyah_kill,NO
0:10:39,@shrimpkuuu,awwwww
0:10:40,@TinaDson,:face-orange-biting-nails::face-orange-biting-nails::face-orange-biting-nails::face-orange-biting-nails::face-orange-biting-nails::face-orange-biting-nails::face-orange-biting-nails::face-orange-biting-nails::face-orange-biting-nails::face-orange-biting-nails::face-orange-biting-nails::face-orange-biting-nails::face-orange-biting-nails::face-orange-biting-nails::face-orange-biting-nails::face-orange-biting-nails::face-orange-biting-nails::face-orange-biting-nails::face-orange-biting-nails::face-orange-biting-nails:
0:10:40,@khloereyes-e1i,Kiss
0:10:40,@GoldenCone69,U
0:10:40,@jo3a548,CUUUUUUUUUUUUUTE
0:10:40,@Pibble_washmybelly66,KISS
0:10:40,@nothin44267,yaoi
0:10:41,@naruytypapita,BESITOOOO AAAAA
0:10:41,@MinioMicha09,What-ehh-
0:10:41,@Foxy123-v4u,Kiss kiss
0:10:41,@circuszanny,CMONCMON YESYES
0:10:41,@KingRoss-w4q,Double check up on a Sunday afternoon
0:10:41,@khloereyes-e1i,Kid
0:10:42,@EmmaJimenez-w7b,kiss pl !!!!!!!!!!!!!!!!!:face-blue-wide-eyes::face-blue-wide-eyes::face-blue-wide-eyes::face-red-heart-shape::face-red-heart-shape::face-red-heart-shape::face-orange-biting-nails::face-orange-biting-nails::face-orange-biting-nails::face-orange-biting-nails:
0:10:42,@theREELfinn1,FINN
0:10:42,@jennythebean9117,Oh
0:10:42,@takisgaming9876,finn deserved getting hit for giving shrimpo cold tomato soup
0:10:42,@katseye77779,KISJSISJISO
0:10:43,@Tiliyah_kill,NO
0:10:43,@vdn2468,KISS
0:10:43,@applebloom2307,kisssss ??? ><
0:10:44,@We_all_love_berryfunnyXD,KISS KISS KISS
0:10:44,@wthque,holy this is familiar
0:10:44,@We_all_love_berryfunnyXD,KISS KISS KISS
0:10:44,@shellylover-2,GOOB BEING CUTIE FOR ONCE
0:10:45,@We_all_love_berryfunnyXD,KISS KISS KISS
0:10:45,@shadownikki.x,finn wth are u doing
0:10:45,@QuadellSabawu,HES GONNA CHANGE YOU
0:10:45,@We_all_love_berryfunnyXD,KISS KISS KISS
0:10:45,@katseye77779,KISS
0:10:45,@MeHaveAGreatDay,Kiss
0:10:45,@We_all_love_berryfunnyXD,KISS KISS KISS
0:10:45,@vidjaibhoelai1152,THEY GONNA KISS?
0:10:46,@JoeYork-y1z,Come on
0:10:46,@Tiliyah_kill,NO
0:10:46,@kavama81,:hand-orange-covering-eyes::hand-orange-covering-eyes::hand-orange-covering-eyes::hand-orange-covering-eyes::hand-orange-covering-eyes::hand-orange-covering-eyes::hand-orange-covering-eyes::hand-orange-covering-eyes::hand-orange-covering-eyes:
0:10:46,@We_all_love_berryfunnyXD,KISS KISS KISS
0:10:47,@gonegonergone,mini Finn
0:10:47,@imeneimma5175,plllsss Don't kslll
0:10:47,@We_all_love_berryfunnyXD,KISS KISS KISS
0:10:48,@Dandy-k4x3e,WHAT
0:10:48,@Zipp665,FINN :broken_heart::broken_heart::broken_heart:
0:10:49,@lpsnine,whoops joined laye
0:10:49,@NubMcMoofin,:smiling_face_with_hearts:
0:10:49,@SuperHappydoggy,aww
0:10:51,@MasonLewis-x1u,Not in front of Finn 
0:10:51,@JoeYork-y1z,Awwwwwwwwwww
0:10:51,@naruytypapita,AAAAAAAAWW
0:10:51,@shrimpkuuu,he's a 40 year old grown man and yet he's so cute
0:10:51,@GoldenCone69,I forgot he's Short.
0:10:52,@We_all_love_berryfunnyXD,KISS KISS KISS
0:10:52,@Peejaylew,OH YA
0:10:53,@Shivery,lol Shrimpo so tiny
0:10:53,@Fartbaby-y6p,TOXIC YOAI
0:10:53,@Solums,cute
0:10:53,@katseye77779,KISS
0:10:54,@circuszanny,AWWWW
0:10:54,@HMZeroTwo,Finn please kill shrimpo but not goob goob is literally me
0:10:54,@Zaiikai,CUTE
0:10:54,@SkribbleDraws,WHYS SHRIMPO SO SHORT BRO
0:10:54,@GiaDelRosario,"JEALOUS JEALOUS JEALOUS BOY,"
0:10:54,@Tiliyah_kill,NOOOOOOOOO
0:10:55,@Dandy-k4x3e,CUTIES
0:10:56,@shrimpkuuu,AWWWWW
0:10:56,@r4d1sh89,they r so cute omg
0:10:57,@agoatheadbaby3512,Space.
0:10:58,@slowpe9693,AWWWWW
0:10:59,@katseye77779,KISS!
0:11:00,@naruytypapita,OMGG QUE LINDO
0:11:01,@Tamers12345MLP,Finn deserves it
0:11:01,@Shivery,short princess
0:11:02,@alcinaisMINE,He’s only 40 years old guys leave him alone 
0:11:03,@gamertuberonmask,WITH THE POWER OF IMAGINATION - Spongebob
0:11:04,@RataRabioza, AAAAAAAAAAAAAAAA
0:11:04,@Prismabom,Awww
0:11:04,@camillequinto6596,THE SCENE FROM X
0:11:05,@Ili.The.Raccoon1457,AWWWWWWWWW
0:11:05,@jo3a548,CUUUUUUUUUUUUUUUUUUUUUUUUUUUUUUUUUUUUUTWE
0:11:05,@GiaDelRosario,aw
0:11:06,@gamertuberonmask,WAIT WHAT
0:11:06,@OG_SH4P3SH1FT3R,KISSSSSS
0:11:06,@Peejaylew,YOOOO
0:11:07,@applebloom2307,cute 
0:11:07,@Fartbaby-y6p,TOXIC YOAI
0:11:08,@naruytypapita,OOOOOOOW
0:11:08,@theREELfinn1,SHRIMPO SO UGKG DUDE
0:11:08,@Potatogalsunite,AWWWWWWEE
0:11:08,@Urburnttoast,Awwwwww
0:11:08,@MeHaveAGreatDay,Wow
0:11:08,@1Frostbyte11,OH HELL NAH
0:11:08,@circuszanny,GOOB IS SO CUTEE I LOVE HIMM
0:11:09,@Kipkat13,Goob is too sweet oh my god
0:11:09,@CacaMeloni,WAWI
0:11:09,@064razor,@Tamers12345MLP 200%
0:11:09,@Zaiikai,AWWW
0:11:10,@Peejaylew,THIS IS SO COOL
0:11:10,@Feojsshsyydud,:winking_face_with_tongue:
0:11:11,@Rotten_c4ndi,OMG
0:11:11,@midkidable,aww
0:11:11,@AleciaAngus,NO FINN IS GOING TO FIND OUT NOOOOOOOOOOOOOOOOO
0:11:11,@Santaman3,Why 
0:11:11,@Foxy123-v4u,Yess
0:11:11,@agoatheadbaby3512,We're in space..........
0:11:12,@Hyloaf,wow they're really in space
0:11:12,@Dandy-k4x3e,AWWWWWWWWWWWWWWWWWW
0:11:12,@abread369,AWWWWWWWWW
0:11:12,@Zipp665,AWW
0:11:12,@Urburnttoast,So cuteeeeee
0:11:12,@gamertuberonmask,I HAVE NEVER SEEN SHRIMPO SO HAPPY
0:11:13,@naruytypapita,QUE CUTEEEE
0:11:14,@artisticapple1972,awwee
0:11:14,@MiniPlush12,AAAAWWWWWW
0:11:15,@Angel-rru,Awswwwwwww
0:11:15,@R0D03sV1deos,YAOI KISS YAOI KISSYAOI KISS YAOI KISSYAOI KISS YAOI KISSYAOI KISS YAOI KISSYAOI KISS YAOI KISSYAOI KISS YAOI KISSYAOI KISS YAOI KISSYAOI KISS YAOI KISSYAOI KISS YAOI KISS
0:11:15,@QuadellSabawu,TAMERS WHAT ARE YOU SAYING
0:11:15,@anderrddingus,is shrimpo schizophrenic or delusional
0:11:15,@HenryN693,AAWWWWW
0:11:16,@Yourlocalhugger,O:
0:11:17,@Peejaylew,HE IS HAPPY
0:11:17,@pixelated6451,AWWWWW
0:11:17,@jennythebean9117,Tamers this is two adorable 
0:11:18,@Kawaii_Lemonshark,awwww
0:11:18,@doodlefloof,AWWE
0:11:18,@katseye77779,AWWWW
0:11:19,@Solums,goob best toon
0:11:19,@theREELfinn1,FINN MY BBG COME HERE
0:11:19,@Shivery,cute but sad
0:11:19,@GoldenCone69,Did he teleport?
0:11:19,@tonyjohnson5374,Finn will watch from the chair
0:11:19,@adrielpro3006,:0
0:11:19,@SuperHappydoggy,cutee
0:11:20,@gonegonergone,sobbing
0:11:20,@TanManess-n7j,lol
0:11:20,@maricarla-1234,:00 :growing_heart:
0:11:20,@naruytypapita,AAAAAAWWW
0:11:20,@RyleeKershaw-v3k,AWWWWWWWWWWWW
0:11:20,@KingRoss-w4q,On Astro’s cousin
0:11:21,@JoeYork-y1z,Happy Shripo
0:11:21,@KvVuld,he wondercucked finn so hard
0:11:22,@QuadellSabawu,TAMERRRS
0:11:22,@HMZeroTwo,SHRIMPO SMILED FOR THE FIRST TIME IN HIS LIFE
0:11:22,@SkribbleDraws,Stop don’t make SHRIMPO cute tamers
0:11:22,@OG_SH4P3SH1FT3R,"This is adorable, what?"
0:11:23,@Sara-b9q4h,Cuteee
0:11:23,@NatureBall-j2g,"die, die, die, die, die, die, die, die, die, die, die, die, die, die, die, die, die, DIE"
0:11:23,@catlyn_loveblot,AWW2HHH
0:11:23,@GiaDelRosario,AWWWWWWWWWWW:loudly_crying_face::face_with_hand_over_mouth:
0:11:24,@Solums,aww
0:11:25,@vidjaibhoelai1152,AWHHH
0:11:25,@OraDancestudio-t1g,KISS
0:11:25,@Blazeking069,Kiss 
0:11:25,@Pibble_washmybelly66,"AWW, SO CUTE, SO CUTE"
0:11:26,@GoozeyTheClown,ITS THE TWITTER CLIP
0:11:26,@viko-m7v,OH MYYY SO CUTEE
0:11:26,@boogie7580,20005 Years
0:11:26,@haileykitty6993,"damn, Shrimpo is actually smiling"
0:11:27,@agoatheadbaby3512,:<
0:11:27,@Tiza_XD-123,awwwww
0:11:27,@GOOB-l8k,YESSSSSSSSS
0:11:29,@doodlefloof,CUTE
0:11:29,@naruytypapita,AAAAAAAAAAAAAAAWWW
0:11:29,@Kipkat13,that was magical
0:11:29,@RashadYomom,W tamers
0:11:29,@QuadellSabawu,TAMERS WHAAAT
0:11:29,@circuszanny,I LOVE THIS SO MUCH
0:11:30,@LUXE-DX,Awwwww
0:11:30,@The_Official_Douchebag,AWWW :loudly_crying_face:
0:11:31,@Fartbaby-y6p,TOXIC YOAI
0:11:32,@Feojsshsyydud,When will squirm appear in a video again
0:11:33,@RataRabioza,lo mas wolsom que veremos
0:11:33,@OG_SH4P3SH1FT3R,We sure this a Tamers vid?
0:11:33,@1Frostbyte11,shrimpo happy it's like seeing like a star alive
0:11:33,@theREELfinn1,FINN PLEASE 
0:11:34,@shrimpkuuu,awwwww
0:11:34,@Ribbit_Rabbit39, My no kiss
0:11:34,@BridgettePatterson-e1n,peak
0:11:34,@iamtakingoverthisaccount5543,SHRIMPS X GOOB!
0:11:35,@agoatheadbaby3512,hmm
0:11:35,@Foxy123-v4u,Kiss kiss kiss kiss kiss kiss
0:11:36,@OraDancestudio-t1g,KISSSS
0:11:37,@Zipp665,AMOO
0:11:38,@HMZeroTwo,Finn think he a part of the yaoi
0:11:38,@cricket_gaming_hd9439,star fihh
0:11:39,@Cheeseandblood,star ocean reference?
0:11:40,@SproutslittleE-kitten,I feel like shrimpos more autistic then the word autistic 
0:11:40,@khloereyes-e1i,SHEIMPO IS SMILING 🫩:broken_heart::broken_heart::broken_heart::broken_heart::loudly_crying_face::loudly_crying_face:
0:11:40,@RicardoHanna-n3t,I can’t wait to see this
0:11:42,@shellylover-2,SHRIMPO BEING HAPPY OMG SO CUTE
0:11:43,@QuadellSabawu,tamers :loudly_crying_face: :loudly_crying_face: :loudly_crying_face: :loudly_crying_face:
0:11:43,@White-g6z,YO SHRIMPO IS READY TO KISS GOOB
0:11:43,@shrimpkuuu,b
0:11:44,@shrimpkuuu,NO
0:11:45,@agoatheadbaby3512,>:(
0:11:47,@shrimpkuuu,I'LL 
0:11:49,@shrimpkuuu,im gonn
0:11:49,@jo3a548,KIIIIIIIIIIIIIIIIIIIIIIIIIISSS
0:11:49,@SproutslittleE-kitten,KISSS
0:11:50,@Tamers12345MLP,@OG_SH4P3SH1FT3R give it like a minute
0:11:50,@RicardoHanna-n3t,"Hey guys, do not spoil it for me"
0:11:50,@JakesFavorites,THIS IS TOO CUTE
0:11:50,@Fartbaby-y6p,STAR DIH:pleading_face::folded_hands:
0:11:51,@jennythebean9117,Kiss 
0:11:51,@GiaDelRosario,I LOVE MOMENTS LIKE THAT
0:11:52,@MinioMicha09,Oh-
0:11:52,@jo3a548,AAAAAAAAAAAAAAAAAAAAA
0:11:53,@TinaDson,:cat-orange-whistling::cat-orange-whistling::cat-orange-whistling::cat-orange-whistling::cat-orange-whistling::cat-orange-whistling::cat-orange-whistling::cat-orange-whistling::cat-orange-whistling::cat-orange-whistling:
0:11:53,@OG_SH4P3SH1FT3R,KISS
0:11:54,@wthque,WELP
0:11:54,@GoofyGuyReal2763,Huh??
0:11:54,@HenryN693,AWWWW
0:11:54,@Dandy-k4x3e,KISSSSSSSS
0:11:55,@Peejaylew,NOOOO
0:11:55,@Fartbaby-y6p,PLEASEEEEE
0:11:55,@boogie7580,:smiling_face_with_horns:
0:11:55,@RashadYomom,Omg
0:11:55,@vidjaibhoelai1152,YESS
0:11:56,@catlyn_loveblot,DUDE
0:11:56,@HMZeroTwo,AYO
0:11:56,@applebloom2307,OOOOOOOOO
0:11:57,@GoldenCone69,OH HELL YEAH!
0:11:57,@Pibble_washmybelly66,. 
0:11:57,@CelestialZizzy,KISSSS
0:11:57,@naruytypapita,AAAAAAAAAAAAAAAA
0:11:57,@OG_SH4P3SH1FT3R,KISS
0:11:58,@SonataDidIt,cute!!!
0:11:58,@Peejaylew,KISSS
0:11:58,@We_all_love_berryfunnyXD,KISS KISS KISS
0:11:58,@lyleda_dood1350,oh my god
0:11:59,@okuriinu8489,love that derpy angry face
0:11:59,@jo3a548,YES YES YES
0:11:59,@SkribbleDraws,oh my LORD
0:11:59,@abread369,OBH
0:11:59,@catlyn_loveblot,KISSS
0:11:59,@HenryN693,AAAAA
0:12:00,@melon9456,OMFG
0:12:00,@Camy-jij,Wow
0:12:00,@GiaDelRosario,oof
0:12:00,@JoeYork-y1z,Yesssssss
0:12:01,@circuszanny,YESYSYEYESY
0:12:01,@GoozeyTheClown,DO IT
0:12:01,@Fartbaby-y6p,OMG
0:12:01,@Solums,kiss
0:12:02,@Ili.The.Raccoon1457,YESSSSSSS
0:12:02,@MiniPlush12,kiss
0:12:02,@NubMcMoofin,:smiling_face_with_hearts::smiling_face_with_hearts::smiling_face_with_hearts:
0:12:02,@064razor,goob what are you doin'
0:12:02,@Tiliyah_kill,NO
0:12:02,@Peejaylew,YESSSSS
0:12:02,@Dandy-k4x3e,YESSSSSSSSSSSS
0:12:02,@White-g6z,omg I'm crashing cuz they will kiss later
0:12:03,@katseye77779,KISS YAYAY
0:12:03,@OG_SH4P3SH1FT3R,YASSS
0:12:03,@We_all_love_berryfunnyXD,KISS KISS KISS
0:12:03,@QuadellSabawu,no way...
0:12:03,@Shivery,poor finn
0:12:03,@MeHaveAGreatDay,YESSSSSSSS
0:12:03,@catlyn_loveblot,Yesss
0:12:04,@Fartbaby-y6p,RUCK
0:12:04,@Cococaa,a
0:12:04,@boogie7580,:ogre::ogre::ogre:
0:12:04,@circuszanny,KISS
0:12:04,@Pibble_washmybelly66,YES
0:12:05,@sab6767-v8p,YESSSSSS
0:12:05,@SuperHappydoggy,omg
0:12:05,@viko-m7v,OH MY 
0:12:05,@TinaDson,:cat-orange-whistling::cat-orange-whistling::cat-orange-whistling::cat-orange-whistling::cat-orange-whistling::cat-orange-whistling::cat-orange-whistling::cat-orange-whistling::cat-orange-whistling::cat-orange-whistling::cat-orange-whistling::cat-orange-whistling::cat-orange-whistling::cat-orange-whistling::cat-orange-whistling::cat-orange-whistling::cat-orange-whistling::cat-orange-whistling::cat-orange-whistling::cat-orange-whistling:
0:12:05,@Peejaylew,LETS SHIGIFORK
0:12:05,@Tiliyah_kill,NO
0:12:05,@JoeYork-y1z,Ship
0:12:06,@Zipp665,YESS
0:12:06,@CacaMeloni,TAAAAAAAAAAAAAAAAAAAAAAAAAAAAAAAATTATATA
0:12:06,@applebloom2307,cCUTEICTECUTEUCTEUCTEUTCUTCUETEU
0:12:06,@breannaday5065,O.O
0:12:07,@OG_SH4P3SH1FT3R,YES
0:12:07,@alcinaisMINE,Goons a cute lil deredere!
0:12:07,@Ikoda_kun,OH
0:12:07,@naruytypapita,BESOOOOO AAAAAA
0:12:07,@melon9456,KISS
0:12:08,@064razor,Goob stop
0:12:08,@Tiliyah_kill,NO
0:12:09,@Rotten_c4ndi,OMG
0:12:09,@catlyn_loveblot,YESSSS
0:12:09,@We_all_love_berryfunnyXD,YESSSS
0:12:09,@circuszanny,YERDS
0:12:09,@ෆMilky_wayෆ,AAAAA
0:12:09,@GoozeyTheClown,YYEEEEEEEEEEEEEEEEEEEEEEAAAAAAAAAAAAAAAAAHHHHHHHHHHHHHH
0:12:10,@We_all_love_berryfunnyXD,YESSSS
0:12:10,@CacaMeloni,AAAAAAAAAAAAAA
0:12:11,@naruytypapita,SIIIIIII
0:12:11,@We_all_love_berryfunnyXD,YESSSS
0:12:11,@Fartbaby-y6p,AHHHHHHHHHHHH
0:12:11,@boogie7580,:face-blue-wide-eyes::face-orange-raised-eyebrow:
0:12:12,@Thebatplushie,THEU DID IT!!!!!
0:12:12,@catlyn_loveblot,OMGGG
0:12:12,@Angel-rru,Ewwwwwww
0:12:12,@R0D03sV1deos,WE GOT THE YAOI KISS YAOI KISS
0:12:13,@We_all_love_berryfunnyXD,YESSSS
0:12:13,@SproutslittleE-kitten,YUHH
0:12:13,@We_all_love_berryfunnyXD,YESSSS
0:12:13,@Potatogalsunite,O my golly gosh
0:12:13,@GoofyGuyReal2763,:face_holding_back_tears::face_holding_back_tears::face_holding_back_tears::face_holding_back_tears::face_holding_back_tears::face_holding_back_tears::face_holding_back_tears::face_holding_back_tears::face_holding_back_tears::face_holding_back_tears:
0:12:13,@multi_arm,Omg
0:12:13,@certafan,Oh my golly gosh!
0:12:14,@Peejaylew,IM CRQHSING OUT ING S
0:12:15,@catlyn_loveblot,YESSS
0:12:15,@OG_SH4P3SH1FT3R,OM
0:12:15,@khloereyes-e1i,:broken_heart::broken_heart::broken_heart::broken_heart::broken_heart::broken_heart::broken_heart::broken_heart::broken_heart::broken_heart::broken_heart::broken_heart::broken_heart::broken_heart::broken_heart:
0:12:15,@Fartbaby-y6p,TOXIC YOAI
0:12:16,@Dandy21234,YES
0:12:16,@agoatheadbaby3512,yucky
0:12:16,@Tiza_XD-123,omggggggg
0:12:16,@naruytypapita,AAAAAAAAAAAAAA
0:12:16,@B3BBLE_GUMZZ,AHHHH HHHH
0:12:17,@NatureBall-j2g,still neither of their first kiss
0:12:17,@shrimpkuuu,FINN NO
0:12:17,@QuadellSabawu,THE SHRIMPO IS NOW THE GAY BULLY
0:12:17,@Zipp665,MIS PAPÁSSSS
0:12:17,@Ikoda_kun,OH OH OHHHHHHHHH
0:12:17,@CacaMeloni,OMLL
0:12:17,@We_all_love_berryfunnyXD,YESSSS
0:12:17,@MiniPlush12,goob x shrimpo or Rodger
0:12:18,@alcinaisMINE,Goob keep going 
0:12:18,@catlyn_loveblot,YAYAYAYAYAY
0:12:18,@cherylrichards366,Ahhhh
0:12:19,@katseye77779,YAYAAYYYATAYYAAY
0:12:19,@takisgaming9876,i feel like shrimpo might abuse goob
0:12:19,@Ribbit_Rabbit39,OH MY GOLLY GOSH GOOB
0:12:19,@1Frostbyte11,WE SEEING GEX SAY
0:12:19,@OG_SH4P3SH1FT3R,KITH
0:12:19,@AleciaAngus,AWWWWWWWWWW
0:12:20,@RicardoHanna-n3t,What does
0:12:20,@064razor,Rodger was supposed to be with you
0:12:20,@circuszanny,MOE
0:12:20,@gamertuberonmask,NOOO FINN
0:12:20,@Fartbaby-y6p,PLEASEEEE
0:12:21,@theREELfinn1,SHRIMPO AND GOOB SHUT UP I DONT CATE
0:12:21,@catlyn_loveblot,YESSSS
0:12:21,@SkribbleDraws,STOP I FEEL BAD FOR FINN
0:12:21,@mrcreemsupreme,IT'S ALL OVER THE SCREEN (PUKE)
0:12:22,@khloereyes-e1i,:face-fuchsia-poop-shape::face-fuchsia-poop-shape::face-fuchsia-poop-shape::face-fuchsia-poop-shape::face-fuchsia-poop-shape::face-fuchsia-poop-shape::face-fuchsia-poop-shape::face-fuchsia-poop-shape::face-fuchsia-poop-shape::face-fuchsia-poop-shape::face-fuchsia-poop-shape::face-fuchsia-poop-shape::face-fuchsia-poop-shape::face-fuchsia-poop-shape:
0:12:22,@GOOB-l8k, ANGRYHUGS YESSSSSSSSSSS YESSSSSSS !!!!!!!!!!!!!!!!
0:12:22,@HMZeroTwo,Goob got game first rodger now shrimpo
0:12:22,@shrimpkuuu,FINN OH MY OGD NOOOOO
0:12:23,@HenryN693,AAAAAAAAHHHHHBHHHHHHHH
0:12:23,@Tiliyah_kill,NO
0:12:23,@gamertuberonmask,NO
0:12:23,@gonegonergone,sobs
0:12:24,@GoozeyTheClown,IT HAPPENED
0:12:24,@shrimpkuuu,BOXTEN
0:12:24,@RataRabioza,:0
0:12:24,@catlyn_loveblot,KISSS AGAINN
0:12:24,@boogie7580,:face-blue-wide-eyes::face-blue-wide-eyes::face-blue-wide-eyes::face-blue-wide-eyes::face-blue-wide-eyes::face-blue-wide-eyes::face-blue-wide-eyes:
0:12:25,@lyleda_dood1350,finn and rodger just got cucked
0:12:25,@dragonslayer-s3b,good lord THE SHRIMPO IS SMILING?!
0:12:25,@circuszanny,KISSSSS
0:12:25,@doodlefloof,OMGG
0:12:25,@gamertuberonmask,BOXTEN
0:12:26,@melon9456,SHIMPO KISS
0:12:26,@OG_SH4P3SH1FT3R,YAYSYSDS
0:12:26,@circuszanny,YESS
0:12:26,@Br1mstone98,W
0:12:27,@doodlefloof,LOLLL
0:12:27,@1Frostbyte11,aw man
0:12:27,@Peejaylew,YESS
0:12:27,@applebloom2307,aww 
0:12:27,@Dandy-k4x3e,YEZZZZZ
0:12:27,@catlyn_loveblot,YESSSS
0:12:28,@theREELfinn1,AW FINN
0:12:28,@boogie7580,:eyes-purple-crying:
0:12:28,@Thebatplushie,:party_popper::party_popper::party_popper::party_popper::partying_face::partying_face::partying_face::partying_face::partying_face::party_popper::party_popper::party_popper::party_popper::partying_face::partying_face::partying_face::party_popper::party_popper::party_popper::partying_face::partying_face::partying_face::confetti_ball::confetti_ball::confetti_ball::confetti_ball::confetti_ball:
0:12:28,@B3BBLE_GUMZZ,OH MY FziSH
0:12:28,@lyonsheartmusic,omg
0:12:28,@Monkey_Sans011,yall need therapy
0:12:28,@RataRabioza,XDXD
0:12:29,@NubMcMoofin,:smiling_face_with_hearts::smiling_face_with_hearts::disappointed_face:
0:12:29,@QuadellSabawu,SHRIMPO THIS IS DISAPPOINTING
0:12:29,@IM_PRETZYy,THEY FUCKING DID IT BRO
0:12:29,@Fartbaby-y6p,AHHHHHHHHHH
0:12:29,@katseye77779,yAYAYYA
0:12:29,@SuperHappydoggy,no finn
0:12:29,@GiaDelRosario,BRUH
0:12:29,@Camy-jij,Goo
0:12:29,@sonicsquad-o3d,DAM
0:12:30,@wthque,WHYYYYYYYY
0:12:30,@We_all_love_berryfunnyXD,TAMER. IS. FEEDING. US.
0:12:30,@OG_SH4P3SH1FT3R,oop
0:12:30,@Fartbaby-y6p,oh
0:12:30,@Urburnttoast,YANDERE FINN???
0:12:30,@Helionraiser,WOOOOW
0:12:31,@imeneimma5175,aahhhh--------
0:12:32,@doodlefloof,OH MY GOLLY GOSH
0:12:32,@catlyn_loveblot,FIN NOO
0:12:32,@Cococaa,NOOOOOO
0:12:32,@naruytypapita,NOOOO FINN
0:12:32,@Tamers12345MLP,Rodgers at home taking a shit
0:12:33,@abread369,FINN NOO
0:12:33,@GoofyGuyReal2763,that’s “soooooooowa” was funny
0:12:34,@DaneriCarias,:face-purple-crying::face-blue-smiling::face-blue-smiling::face-blue-smiling::face-orange-raised-eyebrow:
0:12:34,@Hyloaf,aww
0:12:35,@HMZeroTwo,FINN DON'T CUT YOURSELF
0:12:35,@lyonsheartmusic,YES
0:12:36,@gonegonergone,FINN NOOOOOO
0:12:36,@R0D03sV1deos,HOLY SHIT
0:12:36,@breannaday5065,Omg
0:12:36,@agoatheadbaby3512,SHRIMPO'S NOT WORTH IT GOOB
0:12:36,@Zipp665,:broken_heart::broken_heart::broken_heart::broken_heart:
0:12:36,@Jimmy-t9b9p,YaaaaaaaaaaaaaaaaaAaaay
0:12:37,@theREELfinn1,FINN DONT CRY
0:12:37,@Prismabom,Poor fin
0:12:38,@gamertuberonmask,NAH
0:12:38,@okuriinu8489,I forgot hes a cuter.....
0:12:38,@JakesFavorites,"Why does he hate the ocean, he's from there"
0:12:40,@Ribbit_Rabbit39,Finn HAHAJAHAHAHHAHAAJAJAAAAAA
0:12:40,@Shivery,:broken_heart:
0:12:40,@jennythebean9117,Yes
0:12:40,@alcinaisMINE,BOXTEN rizz him up pls
0:12:40,@naruytypapita,BOXTEN
0:12:40,@sugarushallday,My BABBYYYY!!!
0:12:40,@circuszanny,THIS IS MY THERAPY
0:12:41,@White-g6z,lol
0:12:41,@sillybillyzen,NO
0:12:41,@maricarla-1234,AJAJAJJAJAJAJA
0:12:41,@abread369,FINNNN
0:12:41,@breannaday5065,Poor Finn
0:12:42,@SkribbleDraws,SQUIRM JESUS CHRIST
0:12:42,@Tiza_XD-123,nooo finn
0:12:42,@CacaMeloni,IS FIN GOOD-
0:12:42,@Peejaylew,HE IS DOUNG IT AGAIN
0:12:43,@melon9456, BOXTEN
0:12:45,@anderrddingus,the 2024 dandys world community would've loved this shit lmfao
0:12:45,@applebloom2307,I'm literlly Finn
0:12:45,@Peejaylew,SQUIDM IS BACK
0:12:46,@Fartbaby-y6p,WOAH
0:12:46,@MinioMicha09,Peak
0:12:46,@wthque,HELLLP
0:12:46,@Santaman3,Dont cut yourself Finn
0:12:46,@catlyn_loveblot,shrimpo is sexty
0:12:46,@GiaDelRosario,AW
0:12:46,@nothin44267,aight
0:12:47,@Fartbaby-y6p,WOAH
0:12:47,@064razor,That was a good fart
0:12:47,@NubMcMoofin,:disappointed_face::crying_face:
0:12:48,@sillybillyzen,TAMERS THE FUCK
0:12:48,@THE__Jhynx,NOOO THE WATER BOWL
0:12:48,@cande_438,Fin you good?!
0:12:48,@naruytypapita,POBRECITO
0:12:49,@Fartbaby-y6p,WOAH
0:12:49,@Shivery,Blot x Looey!!!
0:12:49,@okuriinu8489,cutter?*
0:12:49,@064razor,that too
0:12:49,@Dandy-k4x3e,THERAPY
0:12:50,@OG_SH4P3SH1FT3R,Oml
0:12:50,@shrimpkuuu,WEH
0:12:50,@Feojsshsyydud,SQUIRM
0:12:50,@theREELfinn1,FINN STAY WITH ME
0:12:52,@Shellydandysworld-x3p,YOOOOO
0:12:52,@r4d1sh89,boxtennn omg
0:12:52,@gamertuberonmask,WAIT I JUST REALIZED WHY IS BOXTENS PANTS DOWN
0:12:52,@jo3a548,DAYUUM
0:12:53,@dominicunderwood4911,oh...my
0:12:53,@maricarla-1234,NO PUEDE SER POBRESITOS SKJAJJAAKAKSLLS
0:12:53,@064razor,that as well
0:12:53,@artisticapple1972,BOXTEENNN\
0:12:53,@dragonslayer-s3b,SHRIMPO KISS HIM ALREADY
0:12:54,@OG_SH4P3SH1FT3R,OML
0:12:54,@shellylover-2,DEPRESS FINN
0:12:54,@Ribbit_Rabbit39,YES
0:12:54,@QuadellSabawu,NOOOO FINNNNN
0:12:54,@RataRabioza,FREE SHRIMPO
0:12:54,@cande_438,Omg!
0:12:55,@Feojsshsyydud,SQUIRm
0:12:56,@JoeYork-y1z,Ship them
0:12:57,@sonicsquad-o3d,TAMERS I WANT COOKIEEEE
0:12:57,@katseye77779,LOL
0:12:57,@agoatheadbaby3512,SHRIMPO'S NOT WORTH IT GOOB
0:12:58,@OG_SH4P3SH1FT3R,BOXTON
0:12:58,@naruytypapita,A
0:12:58,@certafan,Not the fat caterpillar
0:12:59,@pixelated6451,HOLD IT IN 
0:13:00,@Gourdyhollowayy,Omg
0:13:00,@Peejaylew,WHO IS FARTING
0:13:02,@CacaMeloni,ST0P FARTING HELP
0:13:02,@White-g6z,why the toon in dandy's basement?
0:13:03,@Zipp665,FINN... :broken_heart::broken_heart::broken_heart:
0:13:03,@cande_438,lol
0:13:03,@iamtakingoverthisaccount5543,SHIP
0:13:05,@jennythebean9117,:loudly_crying_face::loudly_crying_face::loudly_crying_face::loudly_crying_face:
0:13:05,@lyleda_dood1350,i need more femboy blot
0:13:05,@Pibble_washmybelly66,Boxten is shiting himself
0:13:05,@jo3a548,OH FUCK
0:13:06,@MasonLewis-x1u,This is low key peak
0:13:06,@Hexen_4444,who shitin themselves?
0:13:06,@dominicunderwood4911,FISHBOWL DESERVES SHRIMPO
0:13:06,@boogie7580,brooo
0:13:06,@Sara-b9q4h,wth squirm
0:13:06,@jimymgd,Hi
0:13:07,@GiaDelRosario,WHY IS BOXTEN IS SO GOOD IN THIS
0:13:08,@okuriinu8489,YES MORE SQUIRM
0:13:09,@naruytypapita,chanclas
0:13:10,@Deja12k,hii
0:13:11,@Thebatplushie,Boxton stop farting 
0:13:12,@SproutslittleE-kitten,Same Finn 
0:13:14,@circuszanny,IS IT YATTA OR BOXTEN.
0:13:15,@Fartbaby-y6p,SHUT UP YATTA
0:13:15,@Peejaylew,CUTTING
0:13:16,@theREELfinn1,FINN STAY WITH ME
0:13:16,@july9273,I LOVE SQURIM
0:13:16,@alcinaisMINE,Soulvester WILL also be executed 
0:13:17,@Gourdyhollowayy,Poor finn:smiling_face_with_tear:
0:13:18,@HMZeroTwo,YATTA TELL EM
0:13:19,@agoatheadbaby3512,haha loser
0:13:19,@Camy-jij,Aaaaaaa
0:13:19,@Ikoda_kun,LOOEY YES
0:13:19,@GoozeyTheClown,wtf yattaa
0:13:20,@takisgaming9876,LOSERRRRR
0:13:20,@sillybillyzen,YATTA
0:13:20,@MiniPlush12,shut tp yatta
0:13:21,@KvVuld,based yatta
0:13:21,@LUXE-DX,OH NO
0:13:21,@Kipkat13,tamers ty for not holding back on these subjects
0:13:22,@abread369,Yatta HUST UP
0:13:22,@boogie7580,:rolling_on_the_floor_laughing::rolling_on_the_floor_laughing::rolling_on_the_floor_laughing::rolling_on_the_floor_laughing:
0:13:24,@Tamers12345MLP,"Boxten is in the middle of a therapy session, he can't exactly walk away to fart"
0:13:25,@iamtakingoverthisaccount5543,S/H is a very serious case
0:13:26,@GiaDelRosario,wha..
0:13:26,@circuszanny,LKMAOOOOO I LOVE YOU YATTA
0:13:27,@GoofyGuyReal2763,The picture frame lol
0:13:27,@Hyloaf,based yatta
0:13:27,@jennythebean9117,Boxton you are a cool dude
0:13:28,@theREELfinn1,AW
0:13:28,@JorArg-c7s,what a lose
0:13:28,@naruytypapita,NOOO FINN
0:13:28,@Peejaylew,NOT AN CERTIFIED THERUPIST
0:13:29,@Phoenixthebestdude,Get boxten out of here
0:13:29,@SkribbleDraws,WHY YATTA A HATER
0:13:31,@melon9456,YATTA OMG
0:13:31,@064razor,Boxten is wrong
0:13:32,@Tiza_XD-123,yatta
0:13:33,@White-g6z,too much fake stars :broken_heart:
0:13:34,@certafan,I love the recursive photo gag
0:13:35,@Gourdyhollowayy,SQUIRm
0:13:35,@QuadellSabawu,Finn doesn't deserve this
0:13:35,@Ribbit_Rabbit39,I see you.
0:13:35,@064razor,Shrimpo's going to heaven
0:13:35,@Shivery,Thx for Blot and Looey
0:13:35,@dominicunderwood4911,Soulvester Forever
0:13:36,@MinioMicha09,Peak
0:13:36,@jo3a548,WHAAAAAAAAAAAAT
0:13:38,@SkribbleDraws,OH NY HOD GOOB
0:13:39,@jennythebean9117,Gay
0:13:39,@1Frostbyte11,if soulvester it's here yk shit is bad
0:13:39,@Hexen_4444,W Boxton
0:13:40,@shrimpkuuu,?
0:13:40,@wthque,BRO
0:13:40,@SproutslittleE-kitten,Wouldn’t he leak 
0:13:40,@Fartbaby-y6p,OH
0:13:41,@OG_SH4P3SH1FT3R,OMG
0:13:41,@Dandy-k4x3e,HELP-
0:13:42,@theREELfinn1,HOW SHIT WHAT HAPPENED
0:13:42,@applebloom2307,DAM
0:13:42,@PhillipaChristie-k5h,i feel bad for fin.
0:13:42,@AleciaAngus,LOL 
0:13:43,@JorArg-c7s,GAY
0:13:43,@catlyn_loveblot,DAMN
0:13:43,@Fartbaby-y6p,YESSSSS
0:13:43,@HMZeroTwo,Satan will kick squirm out for being annoying
0:13:44,@naruytypapita,OH
0:13:44,@abread369,DUDE
0:13:45,@HerreZC,AHHH
0:13:46,@Peejaylew,WHY ARE THEY SWEATING
0:13:46,@OG_SH4P3SH1FT3R,OH??
0:13:46,@1Frostbyte11,NAAAAAH
0:13:46,@cricket_gaming_hd9439,shrimpo and his black lipstick
0:13:46,@SaigeTheSilly,WHAT THE FUCK
0:13:46,@Cococaa,NOO FUCK
0:13:47,@Dandy-k4x3e,WHAT HAPPENED TO EM
0:13:47,@Zipp665,WOAHH
0:13:47,@GiaDelRosario,OMG
0:13:47,@Fartbaby-y6p,HOLY
0:13:47,@CacaMeloni,WAT DID THEY DO!?
0:13:47,@NubMcMoofin,:exploding_head::exploding_head:
0:13:48,@sillybillyzen,BRO
0:13:48,@katseye77779,lol
0:13:48,@Zaiikai,THEIR LIPS ARE BRUISED
0:13:50,@Peejaylew,YOOOO
0:13:50,@sab6767-v8p,AYOOOOOʻ
0:13:50,@Solums,boxen have a point
0:13:50,@Shivery,ohh
0:13:51,@Peejaylew,SOAH WTF
0:13:52,@JoeYork-y1z,:dotted_line_face:
0:13:52,@gonegonergone,ayo
0:13:52,@viko-m7v,WHAT-
0:13:53,@dumsanihlatshwayo3185,BOXTEN
0:13:53,@AleciaAngus,UMMMMMMM
0:13:53,@Ikoda_kun,LOOEY MENTIONED
0:13:54,@HMZeroTwo,Shrimpo has a beard
0:13:54,@Camy-jij,Finn?
0:13:54,@haileykitty6993,holy make out
0:13:54,@janetdelgado3837,Ahhh
0:13:55,@Zac-l7c,oh great 
0:13:55,@Kipkat13,they been FUCKIN
0:13:56,@Peejaylew,YOOO
0:13:56,@LUXE-DX,HUH
0:13:56,@ok7777-j3s,yooo
0:13:56,@Zipp665,OHH
0:13:56,@OG_SH4P3SH1FT3R,LOL
0:13:56,@jennythebean9117,:loudly_crying_face::loudly_crying_face::loudly_crying_face::loudly_crying_face::loudly_crying_face:
0:13:56,@Goob_Real-s,oh hell naw
0:13:57,@shrimpkuuu,i just got mad
0:13:57,@naruytypapita,ay wei
0:13:57,@RataRabioza,damn
0:13:57,@Br1mstone98,NO WAY
0:13:58,@lyonsheartmusic,holy shit
0:13:58,@SproutslittleE-kitten,STOP LYING YOU BUSTED IN GOOB
0:13:59,@GoozeyTheClown,I WAS RIGHT
0:13:59,@catlyn_loveblot,I KNOW THEY DOING IT
0:13:59,@White-g6z,they fell down and they kiss now?
0:13:59,@Santaman3,Doing what goob and shrimpo
0:13:59,@okuriinu8489,I like that tamers is serious and nonserious
0:14:00,@LUXE-DX,Oh no
0:14:00,@boogie7580,:face-turquoise-covering-eyes::face-turquoise-covering-eyes::face-turquoise-covering-eyes::face-turquoise-covering-eyes::face-turquoise-covering-eyes::face-turquoise-covering-eyes::face-turquoise-covering-eyes::face-turquoise-covering-eyes::face-turquoise-covering-eyes:
0:14:02,@MinioMicha09,Hey tamers where's Toodles now
0:14:02,@JoeYork-y1z,On no Finn
0:14:02,@Rotten_c4ndi,LOL
0:14:03,@S4M_Playz,tuff spotted?
0:14:03,@1Frostbyte11,FINN ITS ENRAGED
0:14:03,@cande_438,Woahhhhh
0:14:04,@GiaDelRosario,GYAAATTT
0:14:05,@Thebatplushie,Oh? :face_without_mouth::face_without_mouth::face_without_mouth::face_without_mouth::face_without_mouth::face_without_mouth::face_without_mouth:
0:14:05,@jo3a548,LASDFOASFLASOFAQSLFSAL
0:14:05,@Hexen_4444,"Ha ""backseat"""
0:14:06,@theREELfinn1,FINN IS RIGHTFULLY PISSED 
0:14:06,@RataRabioza,XDXDXDXD
0:14:06,@QuadellSabawu,THEY WERE VIOLENTLY MAKING OUT
0:14:07,@Feojsshsyydud,W squirm
0:14:07,@shrimpkuuu,IM NOT h
0:14:07,@melon9456,IS THAT ICHOR ON THEIR LIPS OR BRUISING 
0:14:07,@boogie7580,I'm so shocked
0:14:08,@applebloom2307,LOL
0:14:08,@shrimpkuuu,HUH
0:14:10,@shrimpkuuu,DVGBNH
0:14:11,@shrimpkuuu,FHNH
0:14:11,@Fartbaby-y6p,THEY BUSTED
0:14:12,@jo3a548,DAYUUUUUUM
0:14:12,@SkribbleDraws,WHYS HE NAKED
0:14:13,@jennythebean9117,Zamn
0:14:14,@gonegonergone,Someone needs to fry Shrimpo
0:14:15,@HenryN693,..
0:14:16,@kylertheloner,SHRIMPO IS INNOCENT HE DIDNT DO ANYTHING WRONG
0:14:16,@White-g6z,GOOB KISSED SHRIMPO RN
0:14:17,@gamertuberonmask,WHY IS SHRIMPO WEIGHTLIFTING NAKED
0:14:17,@Dandy-k4x3e,DAMN
0:14:18,@Fartbaby-y6p,oh.
0:14:18,@OG_SH4P3SH1FT3R,LOL
0:14:18,@MasonLewis-x1u,Gay
0:14:18,@HMZeroTwo,Shrimpo has a switch
0:14:19,@Tiza_XD-123,what he's doing?
0:14:19,@SaigeTheSilly,WHAT
0:14:19,@NubMcMoofin,:face_savoring_food::face_savoring_food:
0:14:19,@1Frostbyte11,damn
0:14:19,@shrimpkuuu,my god
0:14:19,@Peejaylew,WHA
0:14:20,@agoatheadbaby3512,hugh
0:14:20,@SuperCaptainFail,SHRIMPO THE BEEFCAKE
0:14:20,@catlyn_loveblot,DUDE
0:14:21,@HMZeroTwo,SHRIMPO GOT GAINS
0:14:21,@applebloom2307,YO
0:14:21,@wthque,WHATS THAT SOUND
0:14:21,@HenryN693,omg
0:14:21,@Tamers12345MLP,@melon9456 You don't wanna know
0:14:22,@rIGHVOLTAGE-37,PUT ON SOMETHING
0:14:22,@jennythebean9117,Tasty
0:14:23,@adrielpro3006,:moai:
0:14:23,@anderrddingus,PIPI
0:14:23,@CacaMeloni,OH GOD
0:14:23,@Peejaylew,WOAHHH
0:14:24,@JoeYork-y1z,Wowwwwwww Shripo
0:14:24,@viko-m7v,OH MY
0:14:24,@Zipp665,JSJKK
0:14:24,@GoofyGuyReal2763,Dih??
0:14:24,@Nialerr,OH
0:14:24,@anderrddingus,PIPI
0:14:24,@GiaDelRosario,Dam
0:14:25,@naruytypapita,A ZD
0:14:25,@jo3a548,DAYUUUUUUUUUUUUUUM
0:14:26,@anderrddingus,PIPI
0:14:26,@CeruleanArcadia,HIS SHRIMP IS OUT
0:14:26,@S4M_Playz,WHY'S HIS DIH OUT
0:14:26,@Fartbaby-y6p,:face_holding_back_tears::victory_hand:
0:14:26,@QuadellSabawu,shrimpo strong?
0:14:27,@Dandy-k4x3e,SHINY
0:14:28,@anderrddingus,PIPI
0:14:28,@We_all_love_berryfunnyXD,NAH THWY EID MORE THAN KISING
0:14:29,@haileykitty6993,Shrimpo is jacked
0:14:30,@gamertuberonmask,G Y A A A A A A A A T T T
0:14:30,@064razor,GLISTENing
0:14:30,@agoatheadbaby3512,Damn.
0:14:30,@catlyn_loveblot,DAMNN
0:14:30,@OG_SH4P3SH1FT3R,WOAH
0:14:31,@Pibble_washmybelly66,. 
0:14:31,@NubMcMoofin,:face_savoring_food::face_savoring_food::face_savoring_food:
0:14:31,@Dandy21234,BRO GOT A DIH
0:14:31,@Peejaylew,BROO ITS SO BRIGHT
0:14:31,@viko-m7v,he's kinda hot
0:14:32,@naruytypapita,OW GEI XDD
0:14:32,@circuszanny,HIS CLOTHES
0:14:32,@AleciaAngus,UHMMMMMMMM
0:14:32,@Thebatplushie,Fan-service 
0:14:33,@Fartbaby-y6p,DAMN
0:14:33,@Ribbit_Rabbit39,WTF
0:14:34,@boogie7580,um
0:14:34,@GoofyGuyReal2763,This def gonna get age restricted 
0:14:34,@Hexen_4444,where's his WeeWee?
0:14:35,@GOOB-l8k,FINALLY ANGRYHUGS I BEEN WAITING FOR THIS FOR A LONG TIME YAYAYAYAYAYAYAYAYAYAYYA
0:14:35,@Ikoda_kun,WHAT
0:14:36,@CacaMeloni,THOSE CAKES
0:14:36,@certafan,Based
0:14:36,@alcinaisMINE,Go Yandere go Yandere
0:14:37,@S4M_Playz,GUATTT
0:14:37,@Solums,shiny
0:14:37,@White-g6z,boxtent saw finn
0:14:38,@agoatheadbaby3512,>:(
0:14:38,@GiaDelRosario,GYAAAAAAAAAAATTTTTTTTTT
0:14:38,@naruytypapita,PELEAAAAAA
0:14:38,@MasonLewis-x1u,“Soooooouh”
0:14:41,@We_all_love_berryfunnyXD,SHRIMPO PUT IT AWAY:face_holding_back_tears::face_holding_back_tears::face_holding_back_tears:
0:14:41,@Prismabom,Real G shit
0:14:41,@boogie7580,uuumm
0:14:42,@Pibble_washmybelly66,WHERE ARE SHRIMPOS CLOTHES
0:14:42,@White-g6z,dang
0:14:42,@Peejaylew,GOD
0:14:42,@M4R_L4TT3,HEAR ME OUT-
0:14:42,@QuadellSabawu,yall goofing to this?
0:14:42,@MaraKoruSky,Bro
0:14:43,@kylertheloner,STOP NTRING FINN HE DOESNT DESERVE THIS
0:14:43,@jennythebean9117,Do it!
0:14:43,@theREELfinn1,FINN YES
0:14:43,@Fartbaby-y6p,WHERE BRO DIH
0:14:43,@Shellydandysworld-x3p,WTF
0:14:44,@HMZeroTwo,"""Glistening"" Say that again"
0:14:46,@breannaday5065,Shrimpo put some clothes on
0:14:46,@OG_SH4P3SH1FT3R,KISS
0:14:46,@agoatheadbaby3512,OOH
0:14:46,@naruytypapita,SIIII PELEAAAAAAAAAAAAAAA
0:14:47,@MiniPlush12,both Rodger and Shrimpo or Goobkissers
0:14:47,@Dandy-k4x3e,FINN WHAT..
0:14:48,@PamelafabiolaGalvanquispe,XD
0:14:48,@GoofyGuyReal2763,gasp
0:14:50,@Fartbaby-y6p,KISS
0:14:52,@Fartbaby-y6p,KISS
0:14:52,@agoatheadbaby3512,OOOOOHH
0:14:52,@jo3a548,okay
0:14:52,@Ikoda_kun,UM
0:14:53,@SkribbleDraws,FINN CRASHING OUT?? WOAHHHHHH
0:14:54,@MiniPlush12,are
0:14:54,@haileykitty6993,make out!
0:14:55,@Camy-jij,Aaa 
0:14:55,@064razor,sudden voice change
0:14:55,@White-g6z,not boxtent shitting when he talk to finn
0:14:56,@GoldenCone69,why is he jacked?
0:14:56,@agoatheadbaby3512,OKAY
0:14:56,@Prismabom,GET HIM
0:14:56,@Shivery,KISS
0:14:57,@Fartbaby-y6p,:face_holding_back_tears::folded_hands:
0:14:57,@naruytypapita,PELEEEEN GEIS
0:14:57,@LOUISIANA-b8s,OOO
0:14:58,@JoeYork-y1z,Kiss
0:14:58,@gamertuberonmask,FINN SNAPPING
0:14:59,@ZoombaPumba,okay
0:14:59,@applebloom2307,ok
0:14:59,@theREELfinn1,WHAT THE HELL WAS THAT BOCIE
0:15:00,@Codysupercool,IM SO EXCITED
0:15:00,@GoofyGuyReal2763,tr
0:15:00,@Helionraiser,ok
0:15:00,@pixelated6451,ok
0:15:01,@JorArg-c7s,OKAY
0:15:01,@Cococaa,ok
0:15:01,@melon9456,bruh shrimpo gains 
0:15:01,@Dalekoverhauls,It’s doesn’t even matter
0:15:02,@alcinaisMINE,Yesssss finny poo
0:15:02,@sillybillyzen,Finn
0:15:02,@SaigeTheSilly,GO FINN GO
0:15:02,@SproutslittleE-kitten,Don’t hit the femshrimp brother 
0:15:03,@QuadellSabawu,YES FINN
0:15:03,@Zaiikai,ok
0:15:03,@agoatheadbaby3512,okay
0:15:03,@midkidable,OK
0:15:03,@Thebatplushie,Finn crash-out
0:15:03,@Monkey_Sans011,Yall need therapy
0:15:04,@jo3a548,OH FUCK
0:15:04,@GoofyGuyReal2763,Ok
0:15:04,@Ikoda_kun,OKAY???
0:15:04,@Fartbaby-y6p,YOU SAY THAT FINN
0:15:05,@Lucario4thewin,ok
0:15:05,@OG_SH4P3SH1FT3R,TOXIC KISS?
0:15:05,@Gourdyhollowayy,... 
0:15:05,@ok7777-j3s,ok
0:15:05,@applebloom2307,ok
0:15:06,@Peejaylew,WHY SIS SHEIMPO VOICW CHANGE
0:15:06,@Shivery,FINN YES
0:15:06,@AleciaAngus,KISS
0:15:07,@Yesfromtiktok,ok
0:15:07,@HMZeroTwo,OK
0:15:07,@Phoenixthebestdude,Tf
0:15:08,@Codysupercool,Oh mein gott
0:15:08,@catlyn_loveblot,HUHH
0:15:08,@Gourdyhollowayy,.. 
0:15:08,@JoeYork-y1z,Twised
0:15:09,@SaigeTheSilly,OK
0:15:09,@sillybillyzen,Ok
0:15:09,@shrimpkuuu,FIGHT FINN
0:15:09,@Solums,OK
0:15:09,@pixelated6451,me: ok
0:15:10,@ok7777-j3s,ok
0:15:10,@GiaDelRosario,YEAAAAHHHHHHHH
0:15:10,@Nialerr,OK
0:15:10,@camillequinto6596,GO FINN
0:15:10,@QuadellSabawu,LOCK IN FINN
0:15:10,@MaraKoruSky,Ok
0:15:11,@Peejaylew,HIS VOICE
0:15:12,@Zipp665,ok
0:15:12,@ZoombaPumba,YO FIN BASED
0:15:12,@White-g6z,finn is now angry
0:15:13,@Dandy-k4x3e,A FIGHT OMAIGOD
0:15:13,@Codysupercool,A FIGHT YES FIGHT HIM
0:15:13,@GoldenCone69,oh nah.
0:15:13,@R0D03sV1deos,the look of shock
0:15:13,@Gourdyhollowayy,.. 
0:15:13,@agoatheadbaby3512,FINN NO
0:15:14,@Fartbaby-y6p,HELL YEA
0:15:14,@HappyAccident-oof,Ohkay 
0:15:14,@melon9456,Okay
0:15:15,@takisgaming9876,beat up finn shrimpo
0:15:15,@theREELfinn1,FINN YES YOYR TALLEE THSN HIM
0:15:16,@Ikoda_kun,HUH
0:15:16,@jennythebean9117,Finn you can do it!
0:15:16,@Codysupercool,OMG
0:15:16,@CacaMeloni,okay
0:15:17,@dragonslayer-s3b,i feel bad for finn:loudly_crying_face::broken_heart:
0:15:17,@Zipp665,ok
0:15:17,@ok7777-j3s,ok
0:15:17,@alcinaisMINE,Ok a fight is a bit much he’s gonna get his ass whooped 
0:15:18,@Fartbaby-y6p,GOOOOOOOOOOOOO
0:15:19,@Peejaylew,FIGHTTT
0:15:19,@RataRabioza,bro thinks he's part of the team
0:15:19,@Empress_Animates,what is this scene gang :face_holding_back_tears:
0:15:19,@AleciaAngus,ok
0:15:19,@HMZeroTwo,No they don't
0:15:19,@AmberlyChavez,Ok
0:15:19,@camillequinto6596,okay
0:15:20,@We_all_love_berryfunnyXD,TWINK BOY TWIN CRASHING OUT!?!?!?!?
0:15:20,@VasanthA-c2z,ayo
0:15:21,@vidjaibhoelai1152,FINN GO LOCK IN
0:15:22,@shrimpkuuu,LOCK THE FCUK INNNNNNNNN
0:15:22,@Peejaylew,FIGHT
0:15:22,@MinioMicha09,BOXTEN
0:15:23,@okuriinu8489,GET EM!
0:15:23,@SkribbleDraws,Body tut for shrimpos body
0:15:23,@agoatheadbaby3512,FIN YOU MORON
0:15:24,@GoldenCone69,rest in peace Finn :loudly_crying_face::folded_hands:
0:15:24,@catlyn_loveblot,DUDE
0:15:24,@boogie7580,Why does Shrimp have to look like that
0:15:24,@ok7777-j3s,ok
0:15:25,@abread369,BEAT HIM UP FINN
0:15:25,@Codysupercool,WHATTT
0:15:25,@naruytypapita,UUUUUUUUUH
0:15:26,@OG_SH4P3SH1FT3R,OOP
0:15:26,@MiniPlush12,damn
0:15:27,@Camy-jij,Oh nah
0:15:27,@Gourdyhollowayy,The hell shrimpo :grinning_face_with_sweat::loudly_crying_face::loudly_crying_face:
0:15:27,@shrimpkuuu,LOCK IN TWINK
0:15:28,@r4d1sh89,f
0:15:28,@r4d1sh89,f
0:15:29,@r4d1sh89,f
0:15:30,@Kipkat13,o////o
0:15:30,@shrimpkuuu,GOOOOOOOO
0:15:31,@Fartbaby-y6p,FINN GO
0:15:31,@naruytypapita,PELEAAAAAAAAAAAAA
0:15:32,@sillybillyzen,Right
0:15:32,@applebloom2307,thats kinda hot 
0:15:33,@Dandy-k4x3e,UH OH
0:15:33,@GiaDelRosario,OMG
0:15:33,@certafan,Based Shrimpo
0:15:34,@beatoangelobrutas2812,FINN RUN
0:15:34,@Thebatplushie,“Ok.” Shrimpo said calmly 
0:15:34,@Sofiamatamorosze,Part 2 please 
0:15:34,@anderrddingus,pipi
0:15:35,@VasanthA-c2z,wtf
0:15:35,@NubMcMoofin,:face_savoring_food:
0:15:35,@Peejaylew,OO
0:15:35,@OG_SH4P3SH1FT3R,LOL
0:15:35,@SkribbleDraws,LOCK IN FINN BRO
0:15:36,@1Frostbyte11,NAAAH
0:15:36,@Codysupercool,YO
0:15:36,@catlyn_loveblot,DAMN
0:15:36,@shrimpkuuu,FINN GOOOOO
0:15:36,@SproutslittleE-kitten,It’s pink too:smiling_face_with_hearts:
0:15:37,@TinaDson,f
0:15:38,@Cococaa,OH
0:15:38,@Ikoda_kun,UH
0:15:38,@naruytypapita,0:
0:15:38,@abread369,GO FINN
0:15:38,@Peejaylew,FIGHT
0:15:39,@theREELfinn1,HE SAID SHIRT FINN
0:15:39,@jennythebean9117,Epic 
0:15:39,@agoatheadbaby3512,FIN YOU STUPID TWINK
0:15:39,@viko-m7v,wth
0:15:40,@Peejaylew,FIGHT
0:15:40,@Fartbaby-y6p,YOOOOOOOOOOOOOOOOOOOOOOOOOOOOO
0:15:41,@1Frostbyte11,hes dead man
0:15:41,@Peejaylew,FIGHT
0:15:41,@064razor,Get 'em shrimpo
0:15:42,@HMZeroTwo,PUNCH OUT AHH SCENE
0:15:42,@doodlefloof,LOLLLL
0:15:43,@QuadellSabawu,CMON FINN!
0:15:43,@Phoenixthebestdude,GET HIM FINN
0:15:43,@sab6767-v8p,FIGHT FIGHT FIGHT FIGHT!!!!!
0:15:43,@Hexen_4444,MAGA Shrimpo
0:15:44,@naruytypapita,PELEAAAAAA VAMOOOS
0:15:44,@mrcreemsupreme,SHRIMP PUNCH
0:15:45,@breannaday5065,Rip to my Finn he got hit by shrimpos fists
0:15:45,@IM_PRETZYy,FINN CLOCK HIS TEA
0:15:46,@okuriinu8489,GAY PUNCH!
0:15:47,@GiaDelRosario,"OOOOOoooooooo,"
0:15:48,@alcinaisMINE,It’s joe-over
0:15:50,@Thebatplushie,Finn vs Shrimpo
0:15:50,@Fartbaby-y6p,FUCKING TWINK
0:15:51,@White-g6z,yep screwed
0:15:51,@Doveyy_.animates,WHATTT
0:15:52,@shrimpkuuu,NOOOOOO
0:15:52,@Peejaylew,HE IS SO FUCKED
0:15:53,@anderrddingus,tamers do we get to see finns pipi
0:15:53,@gamertuberonmask,OH
0:15:54,@Fartbaby-y6p,BRUHHHH
0:15:54,@NubMcMoofin,:face_savoring_food::face_savoring_food:
0:15:54,@Thebatplushie,:face_screaming_in_fear::face_screaming_in_fear::face_screaming_in_fear::face_screaming_in_fear:
0:15:54,@1Frostbyte11,he is totally screwed
0:15:55,@sillybillyzen,FINN
0:15:55,@Phoenixthebestdude,NOOO FINNN
0:15:55,@okuriinu8489,GAY PUNCH!
0:15:55,@sab6767-v8p,AYOOO
0:15:56,@OG_SH4P3SH1FT3R,WTF
0:15:56,@QuadellSabawu,Finns cooked
0:15:56,@LUXE-DX,Hah
0:15:56,@theREELfinn1,FINN NOOOOOOO
0:15:56,@SkribbleDraws,HOLY
0:15:56,@agoatheadbaby3512,NOT THE PIS
0:15:57,@JoeYork-y1z,Go go go
0:15:57,@Angelilockedaway,HELP I JUST JOINED WHAT HAPPENED??
0:15:57,@jennythebean9117,Noooooooo
0:15:57,@Codysupercool,WHA
0:15:57,@OG_SH4P3SH1FT3R,LMAO
0:15:57,@Peejaylew,WHAT
0:15:58,@catlyn_loveblot,DUDE
0:15:58,@White-g6z,I lost
0:15:58,@Fartbaby-y6p,BRUH
0:15:59,@Phoenixthebestdude,WTF
0:15:59,@Br1mstone98,ggs
0:15:59,@Ikoda_kun,FINN NOO WIN
0:15:59,@Maxxypan,GO FINN MY BOYYY
0:15:59,@Codysupercool,WHAT
0:16:00,@Cococaa,wtf
0:16:00,@naruytypapita,SIIIIIII
0:16:00,@Urburnttoast,LMAO??
0:16:00,@GoozeyTheClown,yummy
0:16:00,@GoldenCone69,DAMN!
0:16:01,@HMZeroTwo,DAYUM
0:16:01,@Fartbaby-y6p,AHHHHHHHHHHHHHHHHHHHH
0:16:02,@shrimpkuuu,oh my god tramp stamp
0:16:02,@Codysupercool,NO FINN
0:16:02,@theREELfinn1,IS THAT HOW HE LOST HIS TOOTH
0:16:02,@agoatheadbaby3512,OOOOOOOOHHH
0:16:02,@Solums,this is soo gay
0:16:02,@LUXE-DX,Ew
0:16:02,@MiniPlush12,wtf?!?
0:16:03,@R0D03sV1deos,PISS ATTACK?!
0:16:03,@boogie7580,um
0:16:03,@sage-on-vr,THROW A PUNCH
0:16:04,@Zipp665,JAASKK
0:16:04,@Fartbaby-y6p,SHRIMPO
0:16:04,@abread369,NOOOO
0:16:04,@KyleTheCoolOne,YAAA SHRIMPO
0:16:04,@jennythebean9117,:O
0:16:05,@wthque,HOLY
0:16:05,@gonegonergone,SUPER SHRIMP PISS ATTACK
0:16:05,@LUXE-DX,Oh damn
0:16:05,@LOUISIANA-b8s,LOL
0:16:05,@OG_SH4P3SH1FT3R,IM DED
0:16:05,@breannaday5065,Rip
0:16:06,@HMZeroTwo,Literally rocky balboa
0:16:06,@shrimpkuuu,GET HIM FINN
0:16:06,@GiaDelRosario,MY BOY
0:16:06,@SkribbleDraws,YO NO WAY
0:16:06,@wthque,WAIT
0:16:06,@Lemonade-4104,WHAT IS HE WEARING :loudly_crying_face::loudly_crying_face::loudly_crying_face::victory_hand::victory_hand::victory_hand::broken_heart::broken_heart::broken_heart::broken_heart:
0:16:07,@Feojsshsyydud,Finn quit now
0:16:07,@QuadellSabawu,WHWT
0:16:07,@GoldenCone69,DAMN!
0:16:07,@SaigeTheSilly,DAMN
0:16:07,@Dandy-k4x3e,WHAT
0:16:07,@Fartbaby-y6p,HELL YEA
0:16:08,@Shivery,YEEESS
0:16:08,@Doveyy_.animates,OH SHIT
0:16:08,@applebloom2307,i knew it ><
0:16:08,@White-g6z,joke rn
0:16:08,@Gourdyhollowayy,Poor finn:smiling_face_with_tear:
0:16:09,@Kinahwuzhere,Ladies stop fighting 
0:16:09,@ZoombaPumba,what
0:16:09,@naruytypapita,OH WOOW
0:16:09,@ZoombaPumba,WHAT
0:16:11,@CacaMeloni,THE TATOO
0:16:11,@1Frostbyte11,NAAAH
0:16:11,@Peejaylew,WHAT
0:16:12,@Zaiikai,STAMP
0:16:12,@adrielpro3006,XD
0:16:12,@agoatheadbaby3512,NOT THE TRAMP STAMP
0:16:12,@LOUISIANA-b8s,FINN
0:16:12,@ZoombaPumba,TATTOO
0:16:13,@Fartbaby-y6p,YEAHHHHHHHHHHHHHHHHHHHHHHHHHHH
0:16:13,@boogie7580,Dial
0:16:13,@haileykitty6993,"Shrimpo is literally jacked, I don't think Finn gonna win this fight"
0:16:13,@HMZeroTwo,WHY DOES HE HAVE A TATTOOO
0:16:14,@Dandy-k4x3e,FINN WON??
0:16:14,@Solums,that tatoo
0:16:15,@OG_SH4P3SH1FT3R,IM SCARED
0:16:15,@Thebatplushie,Ew
0:16:15,@CacaMeloni,NO WAY
0:16:15,@sillybillyzen,TATTOO
0:16:16,@Doveyy_.animates,OH DAMN
0:16:16,@KyleTheCoolOne,SHRIMPO
0:16:16,@Zipp665,THE TATTOO
0:16:16,@naruytypapita,VAMOOOS WEEEEE
0:16:17,@Urburnttoast,NOT THE TRAMP STAMP-
0:16:19,@Codysupercool,this is cinema 
0:16:19,@SaigeTheSilly,GOD DAMN
0:16:19,@Fartbaby-y6p,WAHHHHHHHHHHHH
0:16:19,@QuadellSabawu,FIN LOCKED IN
0:16:20,@CacaMeloni,HELP
0:16:20,@anderrddingus,PIPI
0:16:20,@breannaday5065,Oh …damn
0:16:21,@R0D03sV1deos,tamers this is frying me
0:16:21,@GiaDelRosario,nevermind
0:16:21,@naruytypapita,ostia
0:16:22,@Tiza_XD-123,holy shit
0:16:22,@Ikoda_kun,YES FINN
0:16:22,@catlyn_loveblot,DUDDE
0:16:23,@Codysupercool,I LOVE THIS
0:16:23,@Peejaylew,WAIT WHA
0:16:23,@viko-m7v,....
0:16:23,@Doveyy_.animates,OHHHH
0:16:24,@theREELfinn1,YES FINN DO IT !!
0:16:24,@064razor,"now that his bladder's empty, how will he escape the tetrahedron"
0:16:24,@Cococaa,oh
0:16:24,@camillequinto6596,DAMN
0:16:25,@fizzsundae,I CREAMED 
0:16:25,@QuadellSabawu,WHAAAT
0:16:26,@sugarushallday,GER. HIMMM
0:16:26,@Fartbaby-y6p,OHHHHHHH
0:16:27,@GoldenCone69,WE KNOW ABOUT THE TATTOO
0:16:28,@circuszanny,SHRIMPO FIGHT BACK! FIGHTTT!!!
0:16:29,@RataRabioza,XD STOP THAT
0:16:30,@Santaman3,Bro got shrimpo down
0:16:31,@White-g6z,we won
0:16:31,@naruytypapita,XD
0:16:31,@Lum_23-4k,DO IT FINN
0:16:31,@agoatheadbaby3512,WWWWWHHHHHAAAAAAAAGGHH
0:16:32,@Shivery,Shrimpo deserves it
0:16:32,@Hexen_4444,Finns right
0:16:32,@shrimpkuuu,bro
0:16:34,@Fartbaby-y6p,GOOB GO AWAYYYYY
0:16:35,@STR4WB3RRYC00KI3_FAn,:goat-turquoise-white-horns::goat-turquoise-white-horns:
0:16:35,@jo3a548,HELL YEAH
0:16:35,@Dandy-k4x3e,goob eavesdropping
0:16:35,@Doveyy_.animates,CLOCK IT
0:16:36,@Codysupercool,WHAT
0:16:36,@KvVuld,that was so great
0:16:37,@GiaDelRosario,GOOB
0:16:37,@NubMcMoofin,:face_savoring_food:
0:16:38,@LOUISIANA-b8s,DAMYUM
0:16:39,@vidjaibhoelai1152,FINN U GOT THIS
0:16:39,@Zipp665,GOOB :broken_heart:
0:16:39,@Fartbaby-y6p,OH FUCKKKKKKKKKKKK
0:16:39,@SproutslittleE-kitten,Damn:smiling_face_with_hearts:
0:16:39,@naruytypapita,K WEI
0:16:39,@boogie7580,:astonished_face::astonished_face::astonished_face::worried_face:
0:16:40,@bunrab22,nice
0:16:40,@alcinaisMINE,He isssss
0:16:40,@Gourdyhollowayy,Finn nooooo please stay finn poor finn :loudly_crying_face::loudly_crying_face::loudly_crying_face:
0:16:40,@Peejaylew,BRI GOOB
0:16:40,@White-g6z,YAY
0:16:41,@jennythebean9117,Green
0:16:41,@QuadellSabawu,goob
0:16:42,@MiniPlush12,the most unhinged fight scene in Tamers cinematic history
0:16:42,@applebloom2307,yooo
0:16:42,@jo3a548,MOGGED
0:16:43,@wthque,BRUHHHHH
0:16:44,@CacaMeloni,GOOB!?
0:16:45,@CeruleanArcadia,Goons face :loudly_crying_face: 
0:16:45,@melon9456,Goob will save them 
0:16:45,@Phoenixthebestdude,BRO HE WONN
0:16:45,@adrielpro3006,bruh
0:16:46,@LUXE-DX,Oh no-
0:16:46,@HMZeroTwo,HE'S SPITTIN
0:16:46,@GiaDelRosario,WHAT
0:16:46,@Ikoda_kun,GOOB-
0:16:47,@Fartbaby-y6p,WHO TF JS
0:16:47,@naruytypapita,KAJAJAJAJAJAJAJAJA GOOB
0:16:47,@SaigeTheSilly,WHO THE FUCK CREAMED
0:16:47,@Prismabom,Lmao
0:16:47,@pixelated6451,TwT
0:16:47,@QuadellSabawu,goob.....
0:16:48,@circuszanny,HAHAHAH
0:16:48,@gonegonergone,lMAO
0:16:48,@Shivery,green dandy
0:16:48,@theREELfinn1,GOD DAMN IT FINN
0:16:48,@ok7777-j3s,:smiling_face_with_tear:
0:16:48,@takisgaming9876,i think the abused boy is talking
0:16:49,@catlyn_loveblot,WTH
0:16:49,@agoatheadbaby3512,WHY IS GREEN
0:16:49,@multi_arm, Noo
0:16:50,@Kipkat13,:smiling_face:
0:16:51,@MiniPlush12,goob's face lol
0:16:51,@SkribbleDraws,WHY ARE THEY SPACE THEMED :loudly_crying_face:
0:16:52,@gamertuberonmask,WHY DOES DANDY LOOK LIKE SHREK
0:16:52,@alcinaisMINE,I’m soooo green
0:16:53,@1Frostbyte11,nah Finn did well
0:16:53,@naruytypapita,GOOOB
0:16:54,@HappyAccident-oof,GOOB LMAO
0:16:54,@GoldenCone69,TAKE A SHOWER SHRIMPO.
0:16:54,@HMZeroTwo,Why is dandy an alien
0:16:55,@midkidable,HOW DOES HE KNOW
0:16:55,@OG_SH4P3SH1FT3R,LOL
0:16:56,@boogie7580,:face-pink-drinking-tea::face-pink-drinking-tea:
0:16:56,@Cococaa,dandy u good?
0:16:56,@viko-m7v,why he's green dang
0:16:56,@theREELfinn1,AW ASTRO SO CUTE
0:16:56,@Sofiamatamorosze,Fin noooo
0:16:56,@GOOB-l8k,GOOB
0:16:58,@Ikoda_kun,DANDYYYY
0:16:58,@Codysupercool,Omg
0:16:59,@officialrobbyrobot2,alien dandy ig
0:17:00,@Peejaylew,ASTRO IS HIS STAR TIME SKIN
0:17:00,@MiniPlush12,zib zob zib
0:17:01,@GOOB-l8k,WHAT
0:17:01,@LOUISIANA-b8s,SHRIMPO. NO
0:17:02,@MinioMicha09,Tf-
0:17:03,@LUXE-DX,Why is dandy geeen
0:17:03,@agoatheadbaby3512,WHAAAAGH
0:17:03,@jennythebean9117,Yippee 
0:17:04,@Solums,green dandy
0:17:04,@AleciaAngus,goob nooo
0:17:04,@GiaDelRosario,why are they in a mall?
0:17:04,@circuszanny,Why are they aliens
0:17:05,@QuadellSabawu,GOOOOOB
0:17:05,@Shivery,Moon Cosmo
0:17:05,@chesirlnotclickbate,Omg dyle is so cute im so emotional 
0:17:05,@HMZeroTwo,WHY ARE THEY ALL SPACE THINGS HELP
0:17:05,@SkribbleDraws,YESSS PNG FINN
0:17:06,@OG_SH4P3SH1FT3R,ASTROKE
0:17:06,@naruytypapita,OOOOH SO KUTE
0:17:07,@Ikoda_kun,LOOEY MENTIONED
0:17:07,@OG_SH4P3SH1FT3R,AWWW
0:17:08,@haileykitty6993,why is Dandy an Gnorpy?
0:17:08,@alcinaisMINE,Wowwww well done looey wowwww
0:17:08,@applebloom2307,wait thats so funny
0:17:08,@Gourdyhollowayy,:0 YES GO FINN:grinning_face_with_big_eyes:
0:17:08,@HMZeroTwo,JUST TORMENTING SHRIMPO
0:17:09,@Camy-jij,Oh
0:17:09,@Fartbaby-y6p,YESSSSSS
0:17:10,@BunnyRabbit-m9m,FREE FINN FREE FINN FREE FINN FREE FINN FREE FINN FREE FINN FREE FINN FREE FINN FREE FINN FREE FINN FREE FINN FREE FINN FREE FINN FREE FINN FREE FINN FREE FINN FREE FINN FREE FINN FREE FINN FREE FINN 
0:17:10,@GoofyGuyReal2763,Are those actual costumes 
0:17:11,@Cheeseandblood,is this a danganronpa execution
0:17:12,@SaigeTheSilly,SOMEONE CREAMED
0:17:12,@zilants_yt,shrimpo didnt have a job at nasa???
0:17:12,@乇爪丨丨卂-k5h,ASTRO IS SO ADORABLE
0:17:12,@leena_who-z4v,i was here
0:17:12,@Shivery,YEESSS
0:17:13,@adrielpro3006,XD
0:17:13,@GoozeyTheClown,ACID
0:17:13,@GOOB-l8k,:O
0:17:13,@viko-m7v,ASTRO SOO CUTEEE!!
0:17:14,@Peejaylew,NOOOO SHRIMPO
0:17:14,@Fartbaby-y6p,MHAAHHAHAHHHAHHHAHHAHAHHAHHAHHAHAHHHAHA
0:17:14,@Dandy-k4x3e,DANDY ARE YOU AN ALIEN
0:17:14,@MinioMicha09,Oh-
0:17:15,@certafan,Sprout looking hella gay
0:17:15,@RataRabioza,NOOOOOOOOOOOO
0:17:15,@naruytypapita,AAAAAAAAAW
0:17:15,@QuadellSabawu,LOL FINN JUST HIS TOON
0:17:15,@agoatheadbaby3512,NOT THE GREEN
0:17:15,@White-g6z,I have an idea tamers will shrimpo punch finn in the eye forever?
0:17:15,@Ribbit_Rabbit39,Why dandy lowkey slay
0:17:16,@MiniPlush12,Shelly is still alive
0:17:16,@temperamentalroulette,FUUUCK YESSSS
0:17:16,@GiaDelRosario,FNNNNNNN
0:17:17,@TANAISGAMIN621,cosmo is a rock
0:17:17,@theREELfinn1,WOW FINN IS SO HAPPY TWIN
0:17:18,@sugarushallday,DANDDYY IS SO PETTY
0:17:18,@alcinaisMINE,Looey is ruining the immersion
0:17:19,@Fartbaby-y6p,YESSSSSS
0:17:19,@Codysupercool,:face-fuchsia-flower-shape::face-fuchsia-flower-shape::volcano-green-lava-orange:
0:17:19,@veelee9808,DAMN IT I'M LATE
0:17:20,@NubMcMoofin,:disappointed_face:
0:17:20,@gonegonergone,alien dandy cute
0:17:20,@Tiza_XD-123,XD
0:17:21,@shrimpkuuu,?
0:17:22,@1Frostbyte11,Yeah wrap it up shrimpo
0:17:22,@shrimpkuuu,67777777
0:17:22,@Fartbaby-y6p,HAHAHHAHHAHHSHHAHAHHHAHHAHA
0:17:23,@naruytypapita,CIIII
0:17:23,@agoatheadbaby3512,GREEN SHRIMPO
0:17:23,@乇爪丨丨卂-k5h,dandy looks like a sprunki
0:17:24,@OG_SH4P3SH1FT3R,PNG FINN
0:17:25,@064razor,Shrimpo will be fine
0:17:25,@KvVuld,yeah
0:17:25,@GoldenCone69,BUCKET OF GREEN PAINT.
0:17:25,@GoozeyTheClown,oh paint
0:17:25,@shrimpkuuu,AWWWWWW
0:17:26,@lyleda_dood1350,@Zaiikai can you get me that shrimpo plush?
0:17:27,@We_all_love_berryfunnyXD,YAYA FRIED SHRIMP!!!
0:17:27,@Shivery,shelly
0:17:27,@LOUISIANA-b8s,WHAT
0:17:27,@temperamentalroulette,DESERVED
0:17:29,@Hexen_4444,W Dandy
0:17:29,@TinaDson,:text-green-game-over:
0:17:29,@jo3a548,67
0:17:29,@Rotten_c4ndi,Aw Astro 
0:17:29,@Dandy-k4x3e,.
0:17:30,@KyleTheCoolOne,67
0:17:30,@naruytypapita,COSMOOO
0:17:31,@sab6767-v8p,67777!!!!
0:17:31,@victorv5774,:face-blue-wide-eyes::face-blue-wide-eyes::face-blue-wide-eyes::face-blue-wide-eyes:
0:17:31,@jennythebean9117,6 7
0:17:31,@alcinaisMINE,Hahahah:face_with_tears_of_joy::face_with_tears_of_joy:
0:17:31,@applebloom2307,AAAAA
0:17:32,@slowpe9693,ASTRO
0:17:32,@r4d1sh89,67
0:17:32,@Fartbaby-y6p,sprout.
0:17:32,@r4d1sh89,67
0:17:32,@SuperCaptainFail,SIX SEVEN
0:17:32,@r4d1sh89,67
0:17:33,@applebloom2307,A
0:17:33,@r4d1sh89,67
0:17:33,@haileykitty6993,*Gnarpy
0:17:33,@SkribbleDraws,OH MY LORD
0:17:33,@CacaMeloni,67
0:17:33,@r4d1sh89,67
0:17:34,@Urburnttoast,67
0:17:34,@naruytypapita,67
0:17:34,@STR4WB3RRYC00KI3_FAn,WHY
0:17:34,@OG_SH4P3SH1FT3R,Oh dear…
0:17:35,@theREELfinn1,SHUT UP DUDE
0:17:35,@Hyloaf,67
0:17:35,@midkidable,67
0:17:35,@okuriinu8489,why tamers
0:17:35,@applebloom2307,No moooore
0:17:36,@Urburnttoast,67
0:17:36,@viko-m7v,67
0:17:36,@HMZeroTwo,67
0:17:36,@1Frostbyte11,six seven yeah stf
0:17:36,@QuadellSabawu,synua astro
0:17:36,@GiaDelRosario,OH
0:17:37,@gonegonergone,67
0:17:37,@maricarla-1234,JASJ
0:17:37,@Urburnttoast,6767
0:17:37,@TinaDson,:text-green-game-over::text-green-game-over::text-green-game-over::text-green-game-over::text-green-game-over::text-green-game-over::text-green-game-over::text-green-game-over::text-green-game-over::text-green-game-over::text-green-game-over::text-green-game-over::text-green-game-over::text-green-game-over::text-green-game-over::text-green-game-over::text-green-game-over::text-green-game-over::text-green-game-over::text-green-game-over:
0:17:38,@MaraKoruSky,6 7
0:17:38,@SuperHappydoggy,67
0:17:38,@breannaday5065,Someone said “someone creamed”
0:17:38,@MiniPlush12,shut up!!
0:17:38,@Dandy-k4x3e,NAAHHHHH
0:17:38,@zilants_yt,67
0:17:38,@abread369,67
0:17:39,@ok7777-j3s,67
0:17:39,@Urburnttoast,67
0:17:39,@LUXE-DX,67
0:17:39,@STR4WB3RRYC00KI3_FAn,SHUT UP
0:17:39,@okuriinu8489,WHY TAMERS WHY
0:17:39,@shanicecofield6715,67
0:17:40,@sage-on-vr,67
0:17:40,@OFFICALLivvvvv,LOLL
0:17:40,@RC-tc8go,:face-blue-smiling::face-blue-smiling::face-blue-smiling::face-blue-smiling::face-blue-smiling::face-blue-smiling:
0:17:40,@THE__Jhynx,6 7
0:17:40,@Phoenixthebestdude,SYABU ASTRO
0:17:40,@GoofyGuyReal2763,can’t be breathe liquid 
0:17:40,@Peejaylew,67
0:17:41,@naruytypapita,67
0:17:41,@CeruleanArcadia,6 or 7 barnany
0:17:41,@HMZeroTwo,Shrimps can breathe underwater but not in paint apparently
0:17:42,@dominicunderwood4911,"Im semi-late, I was here for the 1st 4 minutes"
0:17:42,@7AMYungin,67
0:17:43,@nadegebouci9471,67
0:17:43,@ok7777-j3s,67
0:17:43,@Urburnttoast,67
0:17:43,@7AMYungin,67
0:17:43,@JennyIsDead,67
0:17:44,@7AMYungin,67
0:17:44,@7AMYungin,67
0:17:45,@breannaday5065,67?NOOOO
0:17:45,@7AMYungin,67
0:17:45,@7AMYungin,67
0:17:45,@Rotten_c4ndi,ASTRO NO
0:17:45,@Urburnttoast,67
0:17:45,@7AMYungin,676
0:17:45,@HMZeroTwo,YAY TOODLES SURVIVED
0:17:45,@7AMYungin,7
0:17:45,@naruytypapita,67
0:17:46,@7AMYungin,67
0:17:46,@Shivery,Toodles! alive
0:17:46,@7AMYungin,67
0:17:46,@cameroncouper1203,sick of that jolke
0:17:46,@7AMYungin,6767
0:17:46,@7AMYungin,67
0:17:47,@Gourdyhollowayy,Awwww astro is so cute
0:17:47,@ok7777-j3s,67
0:17:48,@Zaiikai,ofc @lyleda_dood1350 
0:17:48,@JennyIsDead,67
0:17:48,@Ribbit_Rabbit39,Is shelly Jupiter cuz her big ego
0:17:48,@Tiliyah_kill,why would you say that
0:17:49,@micaelyUWU,67 67 67
0:17:49,@TvorYT,67
0:17:49,@TvorYT,67
0:17:50,@We_all_love_berryfunnyXD,67
0:17:50,@Urburnttoast,67
0:17:50,@multi_arm,67
0:17:50,@shrimpkuuu,HE'S GONNA BURN
0:17:50,@dominicunderwood4911,67
0:17:51,@Urburnttoast,67
0:17:51,@naruytypapita,67
0:17:51,@TvorYT,67
0:17:51,@viko-m7v,LOOOOL
0:17:51,@Br1mstone98,67
0:17:51,@TvorYT,67
0:17:52,@mrcreemsupreme,he can't drowwnnn
0:17:52,@zilants_yt,dial has AUTISM LOL
0:17:52,@STR4WB3RRYC00KI3_FAn,THE HELL
0:17:52,@Urburnttoast,67
0:17:52,@Shellydandysworld-x3p,6
0:17:52,@TvorYT,67
0:17:52,@We_all_love_berryfunnyXD,67
0:17:52,@agoatheadbaby3512,gulp
0:17:52,@RataRabioza,OH HELL NAH
0:17:52,@7AMYungin,67
0:17:52,@maricarla-1234,67
0:17:52,@TvorYT,Q
0:17:52,@We_all_love_berryfunnyXD,67
0:17:53,@Urburnttoast,67
0:17:53,@Prismabom,Star at fire
0:17:53,@Shivery,67
0:17:53,@r4d1sh89,6
0:17:53,@TvorYT,Q
0:17:53,@r4d1sh89,7
0:17:53,@breannaday5065,67
0:17:53,@7AMYungin,67
0:17:53,@We_all_love_berryfunnyXD,67
0:17:53,@r4d1sh89,6
0:17:53,@Zipp665,6777
0:17:53,@7AMYungin,67
0:17:54,@doodlefloof,67
0:17:54,@7AMYungin,67
0:17:54,@r4d1sh89,67
0:17:54,@White-g6z,FINN LOST :pensive_face:
0:17:54,@JennyIsDead,67
0:17:55,@shrimpkuuu,SHRIMPO IS GONNA BURN
0:17:55,@ok7777-j3s,67
0:17:55,@TvorYT,67
0:17:56,@Thebatplushie,Imagine saying 67 in 2026 :unamused_face:
0:17:56,@Urburnttoast,67
0:17:56,@multi_arm,Ok
0:17:57,@Urburnttoast,67
0:17:57,@Zipp665,67
0:17:58,@Peejaylew,67
0:17:58,@jo3a548,EX FIGHT
0:17:58,@LOUISIANA-b8s,. 
0:17:59,@JennyIsDead,67
0:18:00,@Br1mstone98,67
0:18:00,@JaydenEnglish-g3f,ASTRO IS MY FAVORITE SKIN OMGGGG:face-blue-smiling::face-blue-smiling::face-blue-smiling::face-blue-smiling::face-blue-smiling::face-purple-crying::face-purple-crying::face-purple-crying:
0:18:00,@064razor,Toxic
0:18:00,@shellylover-2,67
0:18:00,@RyleeKershaw-v3k,67
0:18:01,@RyleeKershaw-v3k,67
0:18:01,@Zipp665,67
0:18:01,@RyleeKershaw-v3k,67
0:18:02,@We_all_love_berryfunnyXD,STOP THE SIX SEVEN
0:18:02,@1Frostbyte11,67
0:18:02,@shellylover-2,67
0:18:02,@RyleeKershaw-v3k,67
0:18:02,@STR4WB3RRYC00KI3_FAn,THIS CHAT IS BRAINROTTED
0:18:03,@SaigeTheSilly,67
0:18:03,@shellylover-2,67
0:18:03,@SproutslittleE-kitten,Fried shrimp
0:18:03,@RyleeKershaw-v3k,67
0:18:04,@shellylover-2,67
0:18:04,@SOPAGHY,:face_without_mouth:
0:18:04,@yellowpapersock,67
0:18:04,@naruytypapita,DYLE!!??
0:18:04,@TvorYT,67
0:18:05,@ok7777-j3s,67
0:18:05,@LOUISIANA-b8s,OH MY-
0:18:05,@White-g6z,nvm it got backfired
0:18:06,@PhillipaChristie-k5h,67777777
0:18:06,@Hazyphern,toodles survived?
0:18:07,@Us3l3ss_Cr0ss,67677
0:18:07,@JorArg-c7s,ex FGHT
0:18:07,@JennyIsDead,67
0:18:07,@artisticapple1972,THE GAYS ARE FIGHTING
0:18:07,@naruytypapita,67
0:18:07,@theREELfinn1,WOWWWWW
0:18:07,@Urburnttoast,67
0:18:07,@CacaMeloni,67
0:18:08,@Us3l3ss_Cr0ss,67
0:18:08,@QuadellSabawu,we are so fried
0:18:08,@CacaMeloni,67
0:18:08,@BunnyCatRoblox,67777
0:18:09,@Shivery,67
0:18:09,@SkribbleDraws,67
0:18:09,@GiaDelRosario,lmao
0:18:09,@HMZeroTwo,Arguing like an old couple I'm crine
0:18:09,@CacaMeloni,6
0:18:09,@Codysupercool,Guys I rewinded it I don’t want to miss the beginning 
0:18:09,@Thebatplushie,:face_without_mouth::face_without_mouth::face_without_mouth:
0:18:09,@Tiliyah_kill,STOP SAYING THAT
0:18:10,@alcinaisMINE,Divorce 
0:18:10,@OG_SH4P3SH1FT3R,erm
0:18:10,@CacaMeloni,7
0:18:10,@GoozeyTheClown,STOP FIGHTING
0:18:11,@1Frostbyte11,exes fighting
0:18:11,@CacaMeloni,67
0:18:11,@JennyIsDead,67
0:18:11,@JaydenEnglish-g3f,67
0:18:12,@Fartbaby-y6p,STOP SAYING 67
0:18:12,@RataRabioza,EW
0:18:12,@CacaMeloni,67
0:18:12,@SkylerPerkins-t1u,no
0:18:13,@circuszanny,DANDY YOU
0:18:13,@CacaMeloni,67
0:18:13,@Peejaylew,ITS ON FIRE
0:18:13,@ScrubbyDoodle,FINALLY!!! MORE GOOB
0:18:13,@LOUISIANA-b8s,SHRIMPO NOOO
0:18:13,@agoatheadbaby3512,A lover's quarrel
0:18:14,@CacaMeloni,67
0:18:14,@SOPAGHY,bro
0:18:14,@Zipp665,67
0:18:14,@CacaMeloni,67
0:18:15,@MiniPlush12,where's vee?
0:18:15,@jennythebean9117,Everyone dies
0:18:15,@CeruleanArcadia,SHRIMPO SAVE THEM
0:18:15,@R0D03sV1deos,STOP SPAMMING 67 GNG
0:18:15,@SproutslittleE-kitten,NO DADDY SPROUT DONT DIE
0:18:15,@CacaMeloni,67
0:18:16,@Fartbaby-y6p,:face_holding_back_tears::face_holding_back_tears::face_holding_back_tears::face_holding_back_tears:
0:18:16,@TvorYT,67
0:18:16,@GoldenCone69,SOMEONE OPEN THE DOOR
0:18:16,@haileykitty6993,"I mean, paint probably tastes awful"
0:18:16,@Prismabom,Dyle stand up
0:18:16,@LUXE-DX,Oh no
0:18:16,@Hexen_4444,*6 7
0:18:17,@r4d1sh89,dyle omg
0:18:17,@shrimpkuuu,RUNNNN
0:18:18,@jo3a548,OH FUCK
0:18:18,@dragonslayer-s3b,NO MORE 67
0:18:18,@SaigeTheSilly,67
0:18:19,@JennyIsDead,67
0:18:19,@circuszanny,DANDYS FAULT BTW
0:18:19,@TvorYT,67
0:18:19,@CacaMeloni,YES
0:18:20,@r4d1sh89,67
0:18:20,@Fartbaby-y6p,YESSSSSSSS
0:18:20,@Peejaylew,SHRIMPO
0:18:20,@temperamentalroulette,67
0:18:20,@Tiza_XD-123,toodles is alive
0:18:21,@naruytypapita,JAJAJAAJAJAHAHAHAA
0:18:22,@okuriinu8489,tamers pls neber again! THEY ARE LIKE THE NEMO SEAGULLS
0:18:23,@Hyloaf,golly
0:18:23,@Fartbaby-y6p,WAIT
0:18:24,@Fartbaby-y6p, O
0:18:24,@OG_SH4P3SH1FT3R,SOMEONE SAVE SHRIMPO BRO
0:18:25,@CacaMeloni,YEAHHHAHHAH
0:18:25,@Fartbaby-y6p,NO
0:18:25,@Zipp665,67
0:18:26,@SOPAGHY,what the fuck
0:18:28,@Monkey_Sans011,stop saying 67
0:18:28,@Lum_23-4k,67
0:18:28,@wthque,HELP
0:18:28,@boogie7580,:face-blue-droopy-eyes::face-blue-droopy-eyes::face-blue-droopy-eyes:
0:18:28,@HMZeroTwo,Finn is trying hard not to go sicko mode
0:18:28,@zilants_yt,is SOULVESTOR GONNA APPEAR???
0:18:29,@Shivery,:brown_circle::brown_circle::waving_hand:
0:18:29,@Fartbaby-y6p,MY BOXTEN
0:18:29,@AleciaAngus,uhmmmm.........
0:18:29,@temperamentalroulette,oh god theyre gonna die
0:18:30,@Zaiikai,electical
0:18:30,@White-g6z,finn is now angry by shrimpo
0:18:30,@viko-m7v,oh god
0:18:30,@1Frostbyte11,LMAOOO
0:18:30,@SaigeTheSilly,THE CHAT ISPINK
0:18:30,@JorArg-c7s,RIP DADNDY WORLD
0:18:30,@zeynep29294,lol
0:18:31,@Gourdyhollowayy,I'M SCREAMING MY AHH OFF
0:18:31,@naruytypapita,aaaaayyy
0:18:31,@alcinaisMINE,WHERE DID COSMOS VA GO
0:18:32,@QuadellSabawu,sprout a hero?
0:18:32,@breannaday5065,Wtf
0:18:32,@dragonslayer-s3b,LORD HELP ME
0:18:32,@ok7777-j3s,on
0:18:32,@haileykitty6993,Shrimpo is on fire!
0:18:33,@camillequinto6596,FRUITCAKE YESS
0:18:33,@agoatheadbaby3512,NOOOOO
0:18:33,@JennyIsDead,67
0:18:34,@theREELfinn1,FINN CAN YOU DO SOMETHING
0:18:35,@Shivery,:brown_circle::brown_circle::waving_hand:
0:18:36,@GiaDelRosario,wow
0:18:36,@LOUISIANA-b8s,. 
0:18:36,@JaydenEnglish-g3f,DANDY START BEING NICE TO ASTRO
0:18:36,@Empress_Animates,:loudly_crying_face::loudly_crying_face::loudly_crying_face:
0:18:36,@Ikoda_kun,HAH
0:18:36,@hoelt1,six seven
0:18:37,@micaelyUWU,six seven 67
0:18:38,@Tamers12345MLP,67 is crazy
0:18:39,@Gourdyhollowayy,WHY:loudly_crying_face::loudly_crying_face:
0:18:39,@VasanthA-c2z,two gay are trying to escape
0:18:39,@Sofiamatamorosze,Wtf yessss
0:18:40,@Shivery,:brown_circle::brown_circle::waving_hand:
0:18:40,@anderrddingus,when do we get to see soulvester
0:18:40,@dominicunderwood4911,"Soulvester, Yay!"
0:18:40,@064razor,No
0:18:40,@Fartbaby-y6p,FUCK NO
0:18:41,@HMZeroTwo,EARTH ROCKS
0:18:43,@SkribbleDraws,BDO :broken_heart:
0:18:43,@Tiza_XD-123,XD
0:18:43,@Gourdyhollowayy,FR
0:18:43,@Zipp665,677
0:18:44,@LOUISIANA-b8s,:hand-pink-waving:
0:18:44,@BunnyRabbit-m9m,FREEE FINNNNNNNNNNNNNNNNNNNNNNNNNNNNNNNNNNNNNN
0:18:44,@naruytypapita,NAAAAO XD
0:18:45,@OG_SH4P3SH1FT3R,LOL
0:18:45,@Gourdyhollowayy,FR
0:18:46,@Shellydandysworld-x3p,67
0:18:46,@Peejaylew,DANDY
0:18:46,@QuadellSabawu,FINNNN LOCK INNN
0:18:46,@sprout-the5st,SHRIMPO
0:18:47,@adrielpro3006,XD
0:18:47,@Shellydandysworld-x3p,676
0:18:47,@Fartbaby-y6p,TAMMERS
0:18:47,@Ikoda_kun,NO MORE 67
0:18:48,@muichiromist,67
0:18:48,@064razor,Sprout you did that on purpose
0:18:48,@GoozeyTheClown,Lol
0:18:49,@Zipp665,67
0:18:49,@Shellydandysworld-x3p,6
0:18:49,@takisgaming9876,tamers is astro gay?
0:18:49,@Shellydandysworld-x3p,7
0:18:49,@Sofiamatamorosze,67
0:18:49,@GoofyGuyReal2763,You added it bro :loudly_crying_face::loudly_crying_face:
0:18:49,@Shellydandysworld-x3p,67
0:18:50,@viko-m7v,LOL
0:18:50,@Shellydandysworld-x3p,6
0:18:50,@SproutslittleE-kitten,GO DADDY SPROUT
0:18:50,@Shellydandysworld-x3p,7
0:18:50,@okuriinu8489,that was on purpose
0:18:50,@Peejaylew,ASTRO
0:18:50,@Shivery,that was in purpose
0:18:51,@naruytypapita,JAJAJAJA XDD
0:18:53,@HMZeroTwo,MOONFLOWER DOWN
0:18:53,@MiniPlush12,rip dandy
0:18:53,@GoldenCone69,it wasn't a miss
0:18:53,@Sofiamatamorosze,67
0:18:54,@Gourdyhollowayy,FR:loudly_crying_face::loudly_crying_face::loudly_crying_face:
0:18:55,@OG_SH4P3SH1FT3R,U ARE NOT MISSING LOL
0:18:56,@CacaMeloni,DANMN
0:18:56,@Mmmm-b5g3n,67
0:18:56,@zeynep29294,peak
0:18:57,@SkribbleDraws,SPROUT LOCK IN
0:18:57,@VasanthA-c2z,ass aim
0:18:57,@Peejaylew,COSMO
0:18:58,@midkidable,shit I missed
0:18:58,@naruytypapita,ASTRO XD
0:18:58,@viko-m7v,AHHAHAHA OH MY
0:18:58,@Fartbaby-y6p,BRUH
0:18:58,@CacaMeloni,COSMO
0:18:58,@HMZeroTwo,Sporut is hitting them on purpose
0:18:58,@064razor,that one was just spiteful
0:19:00,@White-g6z,kids got affect by 67 :broken_heart:
0:19:00,@circuszanny,HES GONNA HIT SOMEONE STG
0:19:01,@goobershad,phaminhhong is gay
0:19:01,@HMZeroTwo,And cosmo too
0:19:01,@OG_SH4P3SH1FT3R,BAHHAH
0:19:02,@r4d1sh89,67
0:19:03,@Shivery,:brown_circle::brown_circle::waving_hand:
0:19:03,@MiniPlush12,rip cosmo
0:19:04,@circuszanny,OMGGG
0:19:05,@JaydenEnglish-g3f,SPROUT
0:19:05,@Fartbaby-y6p,LOCK THE FUCK IN
0:19:06,@Hexen_4444,Shit Aim
0:19:06,@muichiromist,"nah, that's crazy"
0:19:06,@QuadellSabawu,CMON LOCK INNN
0:19:06,@dominicunderwood4911,"YAY, COSMO'S OLD VOICE IS BACK! Keep it that way."
0:19:06,@jennythebean9117,Fart on window 
0:19:07,@LOUISIANA-b8s,LOL
0:19:07,@naruytypapita,pobrecito xd
0:19:09,@JennyIsDead,67
0:19:09,@billyboy8534,He’s doing it on purpose 
0:19:10,@Thebatplushie,Yay Razzle and Dazzle and Flutter are safe :partying_face:
0:19:11,@We_all_love_berryfunnyXD,HAHAHA
0:19:12,@theREELfinn1,WHAT
0:19:13,@maricarla-1234,xddd
0:19:13,@alcinaisMINE,Smart thinking
0:19:14,@MiniPlush12,#shitimissed
0:19:14,@takisgaming9876,is astro gay tamers?
0:19:14,@GoldenCone69,goodbye Dandy
0:19:14,@Fartbaby-y6p,LOCK INNNNNNNNNNNNNNNNNNNNNNNN
0:19:15,@HMZeroTwo,BIG BACK DANDY
0:19:15,@jo3a548,LASDOSADFGLSOFLASGOASGLASOL
0:19:16,@JaydenEnglish-g3f,LOLL
0:19:16,@Ikoda_kun,huh
0:19:16,@Tiza_XD-123,cosmo my shayla
0:19:17,@064razor,Why is dandy so dense
0:19:17,@muichiromist,IM LAUGHING
0:19:18,@sonicsquad-o3d,rip cosmos new voice bro didn't make it to this episode..
0:19:18,@Shellydandysworld-x3p,SPROUTS AIM IS SO BAD
0:19:18,@sage-on-vr,HELP
0:19:19,@Monkey_Sans011,they need therapy
0:19:19,@Fartbaby-y6p,AHHHHHHHHHHHHHHHHH
0:19:19,@micaelyUWU,lol
0:19:19,@anderrddingus,DUMBASS LMFAOO
0:19:20,@Sofiamatamorosze,Xd
0:19:20,@naruytypapita,XD XDD
0:19:21,@LOUISIANA-b8s,LOL
0:19:22,@MinioMicha09,OH-
0:19:22,@Dandy-k4x3e,OH NAH
0:19:22,@circuszanny,HAHAHAHA
0:19:23,@Rotten_c4ndi,I REPEAT MOONFLOWER DOWN
0:19:24,@HMZeroTwo,Shit they missed
0:19:25,@VasanthA-c2z,big ass got knocked down
0:19:26,@LOUISIANA-b8s,ASTRO
0:19:26,@GiaDelRosario,where's dyle shoes
0:19:26,@breannaday5065,Dandys fantasy is too big to be thrown
0:19:27,@1Frostbyte11,yeah that was peesonal
0:19:28,@SkribbleDraws,HURRY UP
0:19:28,@camillequinto6596,IM CRYING WHAT
0:19:28,@IM_PRETZYy,Dyle looks so cute lol
0:19:29,@Peejaylew,ASTRO
0:19:29,@Shivery,this is whar sprout does in game
0:19:29,@Empress_Animates,the screams of terror
0:19:30,@haileykitty6993,he probably threw it at Dandy on purpose but everything else was definitely an accident
0:19:30,@Fartbaby-y6p,GO ASTRO
0:19:30,@yourpalseijin,the door is wide ioen lol
0:19:30,@BlackKanye,Uh is that the sliding doors wide open?
0:19:31,@RataRabioza,LOL
0:19:32,@shanicecofield6715,Haha 67 yea 67
0:19:32,@jo3a548,ASFLASFGOSALGASOGDLOSGOALSGOLASGOLASG
0:19:33,@naruytypapita,ASTROOOO
0:19:34,@shrimpkuuu,THEY LEFT SHRIMPO
0:19:34,@muichiromist,nah
0:19:34,@Zipp665,ASTRO :face_holding_back_tears:
0:19:34,@White-g6z,67 minutes :pensive_face:
0:19:35,@GoozeyTheClown,oh okay
0:19:36,@theREELfinn1,YAY
0:19:37,@HenryN693,HAAHHQHA
0:19:37,@alcinaisMINE,WELL DONE ASTRI
0:19:37,@HopeIsEpic.,W ASTRO
0:19:38,@agoatheadbaby3512,WOO
0:19:39,@Fartbaby-y6p,YESSSSS
0:19:39,@JoleneYang-t7f,Wth
0:19:40,@jennythebean9117,Yippee 
0:19:40,@shrimpkuuu,they left finn
0:19:41,@Shivery,:clapping_hands:
0:19:41,@Kinahwuzhere,There’s so much going on
0:19:42,@muichiromist,Lol
0:19:42,@NubMcMoofin,:disappointed_face:
0:19:42,@Peejaylew,THEY ELFT EM
0:19:42,@shrimpkuuu,wait
0:19:42,@OG_SH4P3SH1FT3R,SHRIMPO NO
0:19:42,@naruytypapita,AAAAAW
0:19:42,@okuriinu8489,im crying XD
0:19:43,@Rotten_c4ndi,ASTRO
0:19:43,@gonegonergone,hahahaa
0:19:43,@GoldenCone69,THAT THING IS SO SLOW
0:19:44,@temperamentalroulette,w astro
0:19:44,@shrimpkuuu,BRO
0:19:44,@Tiza_XD-123,astro
0:19:45,@LUXE-DX,Rip Walmart
0:19:45,@HMZeroTwo,They left shrimpo and finn
0:19:46,@sage-on-vr,:clapping_hands: 
0:19:46,@LOUISIANA-b8s,YAYAY
0:19:46,@SkribbleDraws,NOOOO NOT THE WALMART MY HOT FRIES :broken_heart::broken_heart:
0:19:46,@SproutslittleE-kitten,NO DADDY SPROUT DONT BE SAD
0:19:46,@wthque,NOO
0:19:46,@Rotten_c4ndi,W
0:19:47,@QuadellSabawu,I surprised that moved
0:19:48,@RataRabioza,SHRIMPOOO NOOO
0:19:48,@Hexen_4444,damn RIP
0:19:48,@Ikoda_kun,shrimpo-?
0:19:48,@Shivery,RIP WALMART
0:19:48,@jo3a548,NO WAY
0:19:50,@Fartbaby-y6p,WAIT GOOB???????
0:19:50,@GiaDelRosario,Why are they kinda cute:loudly_crying_face:
0:19:50,@064razor,Shrimpo W
0:19:51,@Thebatplushie,Shrimpo?
0:19:51,@KingRoss-w4q,I thought it was a relationship everybody was even cared
0:19:52,@Peejaylew,THEY LEFT EM
0:19:52,@billyboy8534,Astro saves the day AGAIN 
0:19:53,@GoofyGuyReal2763,Walmart lowk sucks tho
0:19:54,@Dandy-k4x3e,YESSSS
0:19:54,@jennythebean9117,He saved him!
0:19:54,@064razor,Goob clutch
0:19:54,@theREELfinn1,IMAGINE FINN DIDNT GET OUT
0:19:54,@KyleTheCoolOne,Town wallmart :loudly_crying_face: :folded_hands: 
0:19:55,@Prismabom,I hate walmart
0:19:55,@SonataDidIt,yay!
0:19:55,@sillybillyzen,NO
0:19:55,@Peejaylew,GOOB SAVED EM
0:19:55,@muichiromist,crazy
0:19:55,@LOUISIANA-b8s,GOOB SAVED SHRIMPO
0:19:56,@Ribbit_Rabbit39,FINN IS IN THERE
0:19:56,@1Frostbyte11,finn???
0:19:56,@sillybillyzen,NO
0:19:56,@JaydenEnglish-g3f,RIP DANDY
0:19:56,@temperamentalroulette,NO WAY
0:19:57,@naruytypapita,SIIIIII SHRIMPO
0:19:57,@Thebatplushie,Yaaaaaay
0:19:57,@Tamers12345MLP,@GoldenCone69 It was fast enough though...
0:19:57,@sillybillyzen,NO
0:19:57,@Peejaylew,W GOOB
0:19:57,@adrielpro3006,Pompeya
0:19:58,@Empress_Animates,oh nah gng
0:19:58,@RataRabioza,YEEEEEEEEEEEEEEEEEEEEEEEEEES
0:19:58,@QuadellSabawu,no way
0:19:58,@GoofyGuyReal2763,Dammit glob
0:19:58,@sillybillyzen,NO
0:19:58,@kassidy5096,yes
0:19:58,@applebloom2307,yaaaay
0:19:59,@NubMcMoofin,:smiling_face_with_hearts:
0:19:59,@Tiza_XD-123,astro is a hero
0:19:59,@catlyn_loveblot,W GOOB
0:20:00,@Pibble_washmybelly66,WAIT WHERE IS FINN
0:20:00,@SproutslittleE-kitten,Piss
0:20:01,@Fartbaby-y6p,:loudly_crying_face::loudly_crying_face::loudly_crying_face::loudly_crying_face::loudly_crying_face::loudly_crying_face:
0:20:01,@LUXE-DX,Gasp
0:20:01,@MiniPlush12,yay!!
0:20:01,@JaydenEnglish-g3f,BAGAHAHHAHAHHA
0:20:02,@1Frostbyte11,RIP FINM
0:20:02,@Lum_23-4k,ASTRO
0:20:02,@JorArg-c7s,GAY
0:20:02,@GoozeyTheClown,Finn is in there isnt he
0:20:03,@sillybillyzen,NOOOOOOO
0:20:03,@Dandy-k4x3e,GOOB THE SAVIOUR
0:20:03,@wthque,WHERES FINN
0:20:03,@zilants_yt,GOOB MVP
0:20:03,@Hazyphern,rip shrimpo
0:20:04,@catlyn_loveblot,W GOOB
0:20:05,@Empress_Animates,OHHH
0:20:05,@Kipkat13,LMAO
0:20:05,@shanicecofield6715,Idk
0:20:05,@Zipp665,GOOB HEROO
0:20:05,@naruytypapita,SHRIMPOO
0:20:06,@circuszanny,"YAYAYYYYYY, OUR HERO GOOB!!"
0:20:06,@JoleneYang-t7f,Yooo
0:20:06,@okuriinu8489,bad goob! bad!
0:20:06,@shellylover-2,astro is stronge
0:20:06,@Doveyy_.animates,W GOOBB
0:20:06,@Lucario4thewin,oh he survived
0:20:07,@JorArg-c7s,HOW
0:20:07,@wthque,DUDEE
0:20:07,@jo3a548,HOW?
0:20:07,@SkribbleDraws,SONION RING :broken_heart:
0:20:08,@shanicecofield6715,Oo
0:20:09,@BinGusBooop,Not the Walmart
0:20:10,@catlyn_loveblot,W GOOB
0:20:11,@naruytypapita,GOOOB
0:20:11,@theREELfinn1,FINN WHERE ARE YOU
0:20:12,@Fartbaby-y6p,AHHHHHHHHHHHHHH
0:20:12,@SproutslittleE-kitten,I DIDNT FINISH MY SENTENCE 
0:20:13,@Ikoda_kun,how
0:20:14,@Lum_23-4k,BRO????
0:20:15,@jeannarivera613,did he fake his death
0:20:15,@Hexen_4444,what?
0:20:15,@agoatheadbaby3512,WWHAAAAAT
0:20:15,@naruytypapita,VAMOOOS GOOB
0:20:16,@DANDY_GANG,Bruh
0:20:16,@OG_SH4P3SH1FT3R,NO IT WASNT BUT SURE
0:20:16,@GOOB-l8k,ANGRYHUGS YESSSSSSSSSSSS
0:20:17,@muichiromist,bro wtf is happening i just came here
0:20:17,@alcinaisMINE,Finn is gonna loose his bollocks 
0:20:18,@HMZeroTwo,Sprout is lying LOOOOOL
0:20:19,@064razor,Sprout you dummy
0:20:20,@rachellec,:cookie::cookie::cookie::cookie::cookie::cookie::cookie::cookie::cookie::cookie::cookie::cookie::cookie::check_mark_button:
0:20:20,@QuadellSabawu,space rocks.....
0:20:20,@zeynep29294,mini
0:20:21,@MinioMicha09,TOODLES 
0:20:22,@haileykitty6993,wha-
0:20:22,@Fartbaby-y6p,EARTHLING:loudly_crying_face::victory_hand:
0:20:22,@GiaDelRosario,OK
0:20:23,@FreeMe919,Yeah “accidentally”
0:20:23,@JorArg-c7s,?????
0:20:24,@jo3a548,Ok?
0:20:24,@naruytypapita,ANGRYHUGS
0:20:26,@Thebatplushie,Wut? :frowning_face:
0:20:26,@Ikoda_kun,huh
0:20:29,@GOOB-l8k,FINALLY ANGRYHUGS 
0:20:29,@RataRabioza,That does not make sense
0:20:29,@Fartbaby-y6p,BRUHHHHHH
0:20:30,@HerreZC,espera que?
0:20:30,@gamertuberonmask,What did I miss? I was making a peanut butter sandwich 
0:20:30,@shrimpkuuu,you stupid shrimp
0:20:30,@ok7777-j3s,ok
0:20:30,@jennythebean9117,Yup
0:20:31,@BlackKanye,OK
0:20:31,@1Frostbyte11,finns it's totally dead
0:20:31,@SaigeTheSilly,sprout stfu :broken_heart: 
0:20:32,@theREELfinn1,WHERES FINN
0:20:32,@Peejaylew,W
0:20:33,@shrimpkuuu,???
0:20:34,@muichiromist,that's crazy
0:20:34,@NubMcMoofin,:saluting_face::saluting_face:
0:20:34,@jeannarivera613,moon rocks
0:20:34,@Pibble_washmybelly66,FINN WYA
0:20:35,@LOUISIANA-b8s,LOL
0:20:36,@GoofyGuyReal2763,??????????
0:20:36,@adrielpro3006,That makes sense
0:20:36,@jennythebean9117,Not yet
0:20:36,@CeruleanArcadia,HE DIDNT DO SHIT :loudly_crying_face: 
0:20:37,@Kipkat13,yeah totally
0:20:37,@shrimpkuuu,WHAT DID HE SAY?
0:20:38,@GoldenCone69,@Tamers12345MLP it moves on the speed of a walking human.
0:20:39,@LUXE-DX,Where’s finn
0:20:39,@Hexen_4444,Astro found the doors
0:20:39,@Br1mstone98,W
0:20:39,@veelee9808,lol
0:20:39,@theREELfinn1,FINN COME ON PMEASE
0:20:40,@naruytypapita,AAAAAAA
0:20:40,@certafan,Direct correlation
0:20:41,@NubMcMoofin,:face_savoring_food:
0:20:41,@camillequinto6596,NO IT DOESNT SHIT
0:20:42,@zeynep29294,wow :anguished_face:
0:20:42,@Empress_Animates,FINN
0:20:43,@sab6767-v8p,AYOOOOO
0:20:43,@Tamers12345MLP,Finn went home to take a shit
0:20:44,@Fartbaby-y6p,WAIT FINNN?????????????????
0:20:44,@wthque,WHAT
0:20:44,@THE__Jhynx,what :broken_heart:
0:20:44,@Peejaylew,WHAT
0:20:45,@agoatheadbaby3512,gulp
0:20:46,@OG_SH4P3SH1FT3R,YOU WHAT???
0:20:46,@temperamentalroulette,FINN LOCK IN
0:20:47,@Ikoda_kun,but doesn't it means it makes astro the hero?
0:20:47,@SkribbleDraws,BRO THIS DUMBASS SHRIMP :broken_heart:
0:20:47,@alcinaisMINE,He IS a bottom
0:20:47,@Shivery,FINN
0:20:47,@JorArg-c7s,he what
0:20:47,@GOOB-l8k,ANGRYHUGS YAYAYAYAYAYAYAYYAYY
0:20:47,@Cococaa,WHAT
0:20:47,@Ribbit_Rabbit39,Uhm
0:20:48,@LUXE-DX,HUH
0:20:48,@Fartbaby-y6p,FINN
0:20:48,@GoozeyTheClown,PEAK
0:20:48,@QuadellSabawu,WHAAAT
0:20:48,@jennythebean9117,Damn
0:20:49,@gonegonergone,YO
0:20:49,@SproutslittleE-kitten,Shrimpiss what-
0:20:49,@Fartbaby-y6p,OH
0:20:50,@HMZeroTwo,"Finn is hiding, biding his time until he kills Shrimpo"
0:20:50,@LOUISIANA-b8s,FINN... 
0:20:50,@temperamentalroulette,damn
0:20:50,@circuszanny,SHRIMPO DIDNT EVEN DO ANYTHING HAHA??
0:20:51,@pixelated6451,WHA
0:20:51,@naruytypapita,coml así
0:20:52,@applebloom2307,wait goob is a top
0:20:52,@shrimpkuuu,oh my god finn
0:20:52,@OG_SH4P3SH1FT3R,Oml
0:20:52,@GiaDelRosario,WHAT
0:20:53,@White-g6z,.
0:20:53,@Fartbaby-y6p,PFFT
0:20:53,@Peejaylew,IS HOLE EXCUCUTIED
0:20:54,@FreeMe919,LOL
0:20:54,@sonicsquad-o3d,YOU WANT
0:20:54,@catlyn_loveblot,DAMM
0:20:54,@BlackKanye,WHAT
0:20:55,@theREELfinn1,PHEW
0:20:55,@Pibble_washmybelly66,PHEW FINN IS OK
0:20:55,@jo3a548,NO WAYT
0:20:55,@JoleneYang-t7f,Walmart
0:20:55,@Peejaylew,BY GOOB
0:20:55,@dominicunderwood4911,"Great exposition, Sprout."
0:20:55,@SkribbleDraws,OH NY HOD??
0:20:55,@Fartbaby-y6p,OH
0:20:56,@QuadellSabawu,No fiiinnnnn
0:20:56,@Kipkat13,Goob is a top?????
0:20:56,@Thebatplushie,I think Finn’s twisted
0:20:56,@Shivery,:brown_circle::brown_circle::waving_hand:
0:20:56,@Dandy-k4x3e,FINN-
0:20:57,@billyboy8534,Shrimpo is a bottom!?
0:20:58,@r4d1sh89,shrimpo you what
0:20:58,@Tiza_XD-123,smart thinking
0:20:58,@Fartbaby-y6p,YESSSSS
0:20:58,@fizzsundae,CRINEEE
0:20:59,@1Frostbyte11,aw man look at him
0:20:59,@Peejaylew,HILY
0:20:59,@sonicsquad-o3d,WHYYY
0:20:59,@White-g6z,finn gotta shit what-
0:21:00,@circuszanny,wait goob is a top?
0:20:59,@gamertuberonmask,TWISTED FINN
0:21:00,@dumsanihlatshwayo3185,yeah
0:21:00,@Tiliyah_kill,....
0:21:00,@SuperCaptainFail,CUCKED AGAIN
0:21:00,@Dandy-k4x3e,NO NOT FINN
0:21:00,@Empress_Animates,how strong is that thing gang
0:21:00,@GoldenCone69,Depression
0:21:00,@wthque,NOOOOOOOO
0:21:00,@Fartbaby-y6p,OH FUCK
0:21:01,@Prismabom,Help
0:21:01,@ok7777-j3s,:neutral_face:ok
0:21:01,@GiaDelRosario,WHAT
0:21:01,@theREELfinn1,THANK GOD HES SAFE
0:21:01,@Urburnttoast,FINNN NOOOO
0:21:01,@naruytypapita,AAAAAAAA FIIN
0:21:01,@jennythebean9117,Finn go evil!
0:21:01,@QuadellSabawu,FIINNN
0:21:01,@LUXE-DX,Oh 
0:21:02,@temperamentalroulette,nooo
0:21:02,@sab6767-v8p,OHHH NOOO
0:21:02,@catlyn_loveblot,FINN
0:21:02,@NubMcMoofin,:frowning_face_with_open_mouth:
0:21:02,@Peejaylew,HE TWIISTED CHAT
0:21:02,@sillybillyzen,OH SHIT
0:21:03,@Shivery,FINN
0:21:03,@Fartbaby-y6p,YOOOOOO
0:21:04,@agoatheadbaby3512,WHA HOW'D HE ESCAPE
0:21:04,@LOUISIANA-b8s,WAT
0:21:04,@Cococaa,YSS
0:21:04,@dowweby5470,I knew it 
0:21:04,@muichiromist,wait what
0:21:05,@GOOB-l8k,YAYAYAYYAYAYAYAYYAYAYAYAYYAYAYAY
0:21:05,@OG_SH4P3SH1FT3R,NO
0:21:05,@KingRoss-w4q,When does bingo twisted
0:21:06,@naruytypapita,OH NO
0:21:06,@alcinaisMINE,YANDERE?
0:21:06,@OG_SH4P3SH1FT3R,NO
0:21:06,@temperamentalroulette,WAIT
0:21:08,@Pibble_washmybelly66,NO FINN
0:21:08,@Dandy-k4x3e,SCRAPSSSS
0:21:08,@Peejaylew,SCRAPS
0:21:08,@hoelt1,yeah goob!
0:21:08,@r4d1sh89,CRINE
0:21:08,@lyleda_dood1350,Finn gets into NTR 
0:21:09,@HMZeroTwo,THE HOOKS
0:21:09,@r4d1sh89,CRINE
0:21:09,@Fartbaby-y6p,NOOOOOOOOOOOOOOOOOOOOOOOOOOOOOOOOOOOOO
0:21:09,@veelee9808,UM
0:21:10,@Ikoda_kun,aw... Finn...
0:21:10,@Peejaylew,IS. I
0:21:10,@temperamentalroulette,WAITTT
0:21:10,@CeruleanArcadia,FXNNNN
0:21:10,@JoleneYang-t7f,Finn rn lol
0:21:10,@Peejaylew,K
0:21:10,@Zipp665,OH
0:21:10,@dominicunderwood4911,Aye
0:21:10,@muichiromist,WHAT
0:21:11,@064razor,How'd they lose all their money
0:21:11,@breannaday5065,Finn?… :0
0:21:11,@GoldenCone69,HOW
0:21:11,@r4d1sh89,CRINEEEEEEE
0:21:11,@LOUISIANA-b8s,THERE HOMELESS?!? 
0:21:11,@GiaDelRosario,OH MY COD
0:21:12,@LUXE-DX,NOWS THE TITILE
0:21:13,@r4d1sh89,DEDEDEDEDEDE
0:21:13,@tonyjohnson5374,Finn is watching from the chair forever and ever
0:21:13,@viko-m7v,NO WAIT
0:21:14,@Peejaylew,MILK
0:21:14,@MiniPlush12,scraps
0:21:15,@OG_SH4P3SH1FT3R,FINN NO
0:21:15,@muichiromist,oh shit
0:21:15,@Empress_Animates,OMFG NOOOOOOO
0:21:15,@Fartbaby-y6p,FINN DONT
0:21:15,@agoatheadbaby3512,NO NOT THAT FISH HOOK
0:21:16,@Us3l3ss_Cr0ss,NO
0:21:16,@vidjaibhoelai1152,HES TURNING TWISTED GUYS
0:21:16,@IM_PRETZYy,FINN NO
0:21:17,@Us3l3ss_Cr0ss,FINN
0:21:18,@dominicunderwood4911,Finn :<
0:21:18,@r4d1sh89,DEDEDEDEDEDEDEDEDEDEDEDEDEDEDEDEDEDE
0:21:18,@Shivery,oh no
0:21:19,@GoofyGuyReal2763,They’re still homeless??
0:21:19,@THE__Jhynx,TAMERS IS GOOB A TOP
0:21:19,@GoozeyTheClown,SCRAPS WENT HOMELESS
0:21:20,@Peejaylew,YE
0:21:20,@jo3a548,THEY ARE BACK AT BOX?
0:21:20,@White-g6z,why Rodger taking a shit longer?
0:21:20,@QuadellSabawu,NOOOOO DONT HOOK YOURSELF FINN
0:21:21,@naruytypapita,OMMG
0:21:22,@r4d1sh89,DEDEDEDEDEDEDEDEDEEDE
0:21:22,@HMZeroTwo,Scraps is gonna be the first kill to hurt Goob
0:21:23,@Tiliyah_kill,I missed the ice cream truck because of you....
0:21:23,@064razor,Gutter oil
0:21:23,@Kimberlysof,:broken_heart:
0:21:23,@r4d1sh89,GAY
0:21:23,@muichiromist,NOO
0:21:24,@viko-m7v,WHAT FINN IS GONNA TO DO-
0:21:24,@Shivery,TOXIC
0:21:25,@Peejaylew,CMON
0:21:24,@Tiza_XD-123,finn!!!!! noooo!!!
0:21:25,@Fartbaby-y6p,FINN DONT
0:21:25,@gonegonergone,wait didnt they get a house??
0:21:25,@shellylover-2,FINNNNNNNNNNNNNNNNNNNNNNN
0:21:27,@GiaDelRosario,his eye
0:21:28,@Peejaylew,YO 
0:21:28,@shellylover-2,NOOOOOOOOOOOOOOOOOOOOOOOOOOOOOOO
0:21:29,@r4d1sh89,This is very gay
0:21:30,@OrpheusHart,BOOO SCRAPS
0:21:30,@sproutseedly-n1v,MAKE FINNS VILLAIN ARK
0:21:31,@Fartbaby-y6p,PLEASEEEEEE:loudly_crying_face::loudly_crying_face::loudly_crying_face::loudly_crying_face::loudly_crying_face:
0:21:31,@GoldenCone69,didn't they have mansion?
0:21:31,@Peejaylew,YE
0:21:31,@JaydenEnglish-g3f,LOL
0:21:32,@Kimberlysof,eu sou a única brasileira???
0:21:32,@Ikoda_kun,HM
0:21:32,@AlphaBuggie,WHAT HAPPENED TO THEIR HOUSE?????
0:21:33,@gamertuberonmask,DIDNT THEY LIVE IN A HOUSE BEFORE IN THE RODGERS DEATH EPISODE?
0:21:35,@mrcreemsupreme,DIDN'T THEY HAVE A MANTION???
0:21:36,@luiseduardoramirezarmenta9453,e
0:21:36,@naruytypapita,NAAAOOO
0:21:37,@Hexen_4444,Yum
0:21:38,@Poppyplaytime-d9y,Hii
0:21:39,@SkribbleDraws,BRO THEY EAT SALT WATER NOT EVEN IM THAT POOR :loudly_crying_face:
0:21:40,@Ikoda_kun,NO EW
0:21:41,@Santaman3,Scarps don’t act normal 
0:21:41,@Peejaylew,POOR GOOB SND SCRPSS
0:21:41,@alcinaisMINE,Soulvester : hi guys 
0:21:41,@RaYlovesSNAKES,NOO I PAUSED IT ON ACCIDENT IM FAR BEHIND
0:21:42,@HMZeroTwo,They sold the mansion
0:21:43,@Fartbaby-y6p,FINN PLEASEEEEEEEEEEEEEEEEEEEEEEE
0:21:44,@Shivery,how they went broke again?
0:21:44,@zeynep29294,oh...
0:21:45,@muichiromist,yummy stew
0:21:45,@jennythebean9117,:D
0:21:45,@HMZeroTwo,Or it burned down
0:21:46,@QuadellSabawu,dude shrimpos gay now....
0:21:46,@JoleneYang-t7f,Shrimpo brah
0:21:48,@JaydenEnglish-g3f,NOOOOOOO MY SHAELY
0:21:49,@User44679,NOOO EWWWWWWW
0:21:49,@gamertuberonmask,WHERES HER RIGHT LEG?!
0:21:49,@Urburnttoast,FREAK U SCRAPS
0:21:51,@User44679,NO
0:21:51,@GoldenCone69,Tamers what the hell happened to the Mansion?!
0:21:51,@Kimberlysof,A BUNDA KKKK
0:21:52,@shrimpkuuu,FINN LOCK TF IN
0:21:52,@r4d1sh89,hehehe
0:21:52,@SproutslittleE-kitten,Good boyyyy shrimpo
0:21:53,@theREELfinn1,SCRAPS SYABU YOU NEARLY KILLED GOOB
0:21:53,@JorArg-c7s,HOOW
0:21:54,@User44679,NOOOOOOO
0:21:54,@Undervesethecool999a,wowie
0:21:54,@Peejaylew,SO SAD
0:21:57,@naruytypapita,UPA
0:21:57,@JorArg-c7s,aaww
0:21:58,@Tamers12345MLP,They lost their house because both Scraps and Goob are too mentally challenged to know how to pay bills so they lost their house
0:22:00,@064razor,Shrimpo W
0:22:00,@Peejaylew,BRI SHRIMPO
0:22:01,@HMZeroTwo,Wait actually they might be pretending to be homeless for money
0:22:02,@User44679,FINN LOCK INNNN
0:22:02,@Santaman3,We know what you did scarps
0:22:02,@White-g6z,Rodger got joined by the shitting team
0:22:02,@takisgaming9876,i thought shrimpo was homophobic
0:22:03,@sonicsquad-o3d,WWWWWWWWW SHRIMPO
0:22:03,@LOUISIANA-b8s,OH NO
0:22:03,@naruytypapita,k sad wei
0:22:04,@Shivery,why is this shrimpo more nicer than canon?
0:22:05,@gamertuberonmask,OH NO
0:22:07,@shrimpkuuu,FINN
0:22:07,@agoatheadbaby3512,",':("
0:22:08,@SkribbleDraws,JESUS CHRIST
0:22:08,@temperamentalroulette,oh man
0:22:08,@r4d1sh89,LMFAOOO
0:22:08,@Peejaylew,AUTSISTIC
0:22:09,@NubMcMoofin,:frowning_face_with_open_mouth::frowning_face_with_open_mouth:
0:22:09,@gonegonergone,ahhh ok
0:22:10,@Dandy-k4x3e,FINN?!
0:22:10,@Peejaylew,OH NO
0:22:10,@User44679,NOOOO SHELLAYYYYYYY
0:22:11,@Dandy21234,HAVE TS RELATIONSHIP STILL CONTINUE EVERY EPISODE PLS
0:22:11,@theREELfinn1,FINN YES
0:22:12,@1Frostbyte11,aw hell nah
0:22:12,@Fartbaby-y6p,AHHHHHHHHHH
0:22:12,@Urburnttoast,OMG
0:22:12,@catlyn_loveblot,NAH
0:22:12,@naruytypapita,FINN
0:22:13,@HMZeroTwo,OH NAH
0:22:13,@Idkwaoz,what happen with finn
0:22:13,@Shivery,FINN
0:22:13,@dominicunderwood4911,Aww
0:22:13,@gamertuberonmask,FINN
0:22:13,@certafan,Shut up >:(
0:22:13,@Urburnttoast,OMG
0:22:14,@temperamentalroulette,DUDEEE
0:22:14,@Empress_Animates,dang
0:22:14,@SaigeTheSilly,ITS JUST BECAUSE THEY CRACKED
0:22:14,@Undervesethecool999a,story line is good so far
0:22:14,@Peejaylew,FINN
0:22:14,@applebloom2307,ohno
0:22:15,@Fartbaby-y6p,OMG
0:22:15,@Urburnttoast,OMG
0:22:15,@muichiromist,ohhh
0:22:16,@LUXE-DX,Uh oh
0:22:16,@Thebatplushie,Frick
0:22:16,@OG_SH4P3SH1FT3R,OML
0:22:16,@theREELfinn1,FINN YAYYYY
0:22:16,@Urburnttoast,OMG
0:22:17,@RataRabioza,XDDDDD
0:22:17,@JoleneYang-t7f,Finn wtf
0:22:18,@Fartbaby-y6p,HOLY SHIT
0:22:18,@SproutslittleE-kitten,STOP FINPISS
0:22:18,@camillequinto6596,im so fucking scared
0:22:18,@shrimpkuuu,GOOB
0:22:19,@vidjaibhoelai1152,OH-
0:22:19,@naruytypapita,OH NO
0:22:19,@User44679,GOOO
0:22:19,@1Frostbyte11,save your ass shrimpo and finn
0:22:20,@sonicsquad-o3d,OH SHIT
0:22:21,@jo3a548,FIGHT
0:22:22,@Shivery,Rip Scraps Box
0:22:22,@gonegonergone,LMAO
0:22:22,@Zaiikai,HIS HOUSE
0:22:23,@QuadellSabawu,with shrimpo
0:22:23,@theREELfinn1,YIPPIEE FINN !!!
0:22:23,@HMZeroTwo,FINN IS GONNA KILL EVERYBODY
0:22:24,@shrimpkuuu,OH MY GOD
0:22:24,@Zipp665,FINN?!!
0:22:24,@Phoenixthebestdude,FINN
0:22:26,@agoatheadbaby3512,"',:("
0:22:26,@SkribbleDraws,OML
0:22:26,@Fartbaby-y6p,AHHHHHHHHHHHHHHHHHHHHHHHHHHHHHHHHHHHHHHHHHHHHHHHH
0:22:27,@064razor,Finn no
0:22:27,@takisgaming9876,tamers I thought shrimpo was homophobic
0:22:27,@OG_SH4P3SH1FT3R,OOP
0:22:27,@Peejaylew,DAMN
0:22:27,@zeynep29294,oh ..
0:22:27,@temperamentalroulette,NO WAY
0:22:27,@LOUISIANA-b8s,OH MY GAWD
0:22:28,@ok7777-j3s,oh
0:22:28,@muichiromist,OH SHIT
0:22:28,@Empress_Animates,OH NAH GANG
0:22:28,@jennythebean9117,Oh shit!
0:22:29,@Dandy-k4x3e,GOOB OMG
0:22:29,@SproutslittleE-kitten,Bros getting beat
0:22:30,@r4d1sh89,WAIT THIS IS SO SAD
0:22:30,@haileykitty6993,Finn destroyed their house!
0:22:30,@Prismabom,Scraps flat 
0:22:30,@User44679,Fighttttt
0:22:31,@Peejaylew,HOLY SHIT
0:22:31,@catlyn_loveblot,W GOOB
0:22:31,@SaigeTheSilly,DAMN
0:22:31,@Ikoda_kun,MHM
0:22:32,@Fartbaby-y6p,OMG
0:22:32,@sonicsquad-o3d,YAYAYSYS
0:22:32,@Shivery,FIGHT
0:22:33,@naruytypapita,OSTIA
0:22:33,@slowpe9693,dayum
0:22:33,@LUXE-DX,FIGHT
0:22:33,@Fartbaby-y6p,ONFG
0:22:33,@User44679,FIGHT
0:22:33,@1Frostbyte11,hell nah
0:22:33,@CeruleanArcadia,YO GOOB GOT HANDS
0:22:34,@Thebatplushie,Uh oh :anxious_face_with_sweat: 
0:22:34,@catlyn_loveblot,W GOOB
0:22:34,@White-g6z,they got debt because the dwarf get angry cuz they didn't payed
0:22:35,@temperamentalroulette,HOLY SHIT???
0:22:35,@Phoenixthebestdude,FINNN NOOO
0:22:36,@theREELfinn1,FINN PLEASE
0:22:36,@JoleneYang-t7f,Finn what the hell
0:22:36,@shrimpkuuu,FIIIIIIIGHT
0:22:37,@jo3a548,FINN TURNED BLACK
0:22:37,@gamertuberonmask,TWISTED FINN WITH LEGS
0:22:37,@SkribbleDraws,FINNA DOING BLACK FACE
0:22:37,@User44679,YAYYAYAYAYAYAYAYA
0:22:38,@zeynep29294,YES
0:22:39,@Blossomteasugar-243,Wowwwwww
0:22:39,@NubMcMoofin,:face_holding_back_tears:
0:22:40,@Peejaylew,THIS IS SO FUCKING PEAK
0:22:40,@muichiromist,ohhhh
0:22:40,@SonataDidIt,Finn is black
0:22:41,@naruytypapita,PELEAAAAAAAAAA
0:22:41,@OG_SH4P3SH1FT3R,FIGHT FIGHT FIGHT
0:22:42,@alcinaisMINE,The legs 
0:22:42,@Tiza_XD-123,nooo finnn
0:22:43,@1Frostbyte11,FIGHT
0:22:43,@circuszanny,YEEAA!!! YOU GO FINN
0:22:43,@SproutslittleE-kitten,Stop emo boy 
0:22:44,@User44679,NOOO
0:22:44,@Ikoda_kun,GOOB ACTON
0:22:44,@GoldenCone69,Get over here ahh finn
0:22:45,@Hexen_4444,Ignore them Dandy
0:22:45,@sugarushallday,oooop
0:22:45,@JaydenEnglish-g3f,.........
0:22:45,@dumsanihlatshwayo3185,oh fuck
0:22:46,@shellylover-2,f f f FINNNNNN
0:22:46,@Empress_Animates,fight pls for the love of god
0:22:46,@Hazyphern,DAMN GOOB
0:22:47,@Idkwaoz,FINN
0:22:47,@zeynep29294,LET'S GOOOO
0:22:47,@Potatogalsunite,he has legs
0:22:47,@HMZeroTwo,FINN GOES SICKO MODE
0:22:48,@GoozeyTheClown,YES HE CAN
0:22:48,@naruytypapita,PELEAAAAAAAAAAAAAAAAAAAAA
0:22:48,@Fartbaby-y6p,YANDEREEEEE
0:22:49,@artisticapple1972,EPIC FIGHT??
0:22:49,@theREELfinn1,FINN YAY !!
0:22:49,@Zac-l7c,YES THE DRAMA :performing_arts: 
0:22:50,@Peejaylew,"THEYRE REF,EXIONS ON THE GROUND"
0:22:50,@muichiromist,LORE?!
0:22:50,@Urburnttoast,NO FINN ILYSMMMM
0:22:51,@JoleneYang-t7f,Twisted Finn got no legs:pensive_face::victory_hand:
0:22:51,@JaydenEnglish-g3f,FINN STOP
0:22:51,@breannaday5065,Finn changed races
0:22:52,@We_all_love_berryfunnyXD,GO GOOB GOOOO
0:22:53,@naruytypapita,VAMOOOOS
0:22:53,@lyleda_dood1350,finn can say the word
0:22:54,@Kipkat13,TRUE
0:22:54,@GiaDelRosario,FINALLY FINN BEING MORE
0:22:54,@melon9456,cinema …
0:22:54,@Ikoda_kun,THE LEGS
0:22:55,@Dandy-k4x3e,FIGHT FIGHT FIGHT
0:22:55,@sugarushallday,FIGHTT FINNN
0:22:55,@We_all_love_berryfunnyXD,GO GOOB GOOOOGO GOOB GOOOOGO GOOB GOOOOGO GOOB GOOOOGO GOOB GOOOO
0:22:55,@Fartbaby-y6p,YANDEREEEEEEEEEEEEEE
0:22:55,@tonyjohnson5374,Finn has a blackface form?
0:22:55,@White-g6z,dwarf is now saying typed shit
0:22:56,@We_all_love_berryfunnyXD,GO GOOB GOOOOGO GOOB GOOOO
0:22:56,@r4d1sh89,Why r y'all making fun of racism
0:22:56,@We_all_love_berryfunnyXD,GO GOOB GOOOO
0:22:56,@Doveyy_.animates,YESSSS
0:22:57,@We_all_love_berryfunnyXD,GO GOOB GOOOO
0:22:57,@Lucario4thewin,fight fight fight!
0:22:57,@theREELfinn1,REAL
0:22:57,@adrielpro3006,Finn completely lost their rights
0:22:58,@jennythebean9117,Oh boy
0:22:58,@064razor,Goob W
0:22:59,@ZoombaPumba,REAL
0:23:00,@Shellydandysworld-x3p,FINN STOPD
0:23:00,@r4d1sh89,y'all r weird asf
0:23:00,@sprout-the5st,yay cosmos old voice is back
0:23:00,@We_all_love_berryfunnyXD,GO GOOB GOOOO
0:23:00,@gonegonergone,FR
0:23:00,@Peejaylew,RUN GUYS
0:23:00,@certafan,So true king
0:23:01,@SaigeTheSilly,FINN IS A YANDERE
0:23:01,@GoozeyTheClown,How does he get delegged?
0:23:01,@RataRabioza,XDDXDXDXD
0:23:01,@LOUISIANA-b8s,FINN NOO
0:23:01,@alcinaisMINE,OH BOY!
0:23:03,@Tamers12345MLP,"Qwel was the one who made him black btw, it's not my fault"
0:23:04,@IM_PRETZYy,FINN YEEEEEAAAAHAHHHH
0:23:05,@Polluxwalris7812,GO FINN GO
0:23:07,@Zac-l7c,Dandy shut 
0:23:07,@anderrddingus,OHMYGOD
0:23:09,@Prismabom,LMAO TRUE 
0:23:10,@PamelafabiolaGalvanquispe,noooo
0:23:10,@Peejaylew,RUN GUYSSSSS
0:23:11,@r4d1sh89,IM CRINE
0:23:11,@jo3a548,oh fuck
0:23:12,@Zipp665,Finn yandere posesivo :face_screaming_in_fear:
0:23:12,@theREELfinn1,FINN YEAHHHH
0:23:12,@CacaMeloni,RAWRITY
0:23:13,@temperamentalroulette,YO
0:23:13,@GiaDelRosario,OHHHH
0:23:14,@TheJackManArt,"Hey tamers, and why goob are in good terms with scraps?"
0:23:14,@jennythebean9117,:loudly_crying_face::loudly_crying_face::loudly_crying_face::loudly_crying_face::loudly_crying_face:
0:23:15,@QuadellSabawu,true
0:23:16,@Fartbaby-y6p,OH GOD
0:23:16,@Peejaylew,YEA
0:23:16,@Empress_Animates,LOL
0:23:16,@naruytypapita,OOOOOOOH
0:23:16,@Thebatplushie,Oh
0:23:17,@victorv5774,:face-purple-crying::face-purple-crying::face-purple-crying::face-purple-crying:
0:23:17,@anderrddingus,finn changed races
0:23:19,@Fartbaby-y6p,SHUT UP GOOB
0:23:20,@Polluxwalris7812,Nvm
0:23:21,@muichiromist,bro goob run
0:23:21,@White-g6z,qwel wth
0:23:21,@GOOB-l8k,RUN GOOB HE CRAZY!!!!!!!!!!!!!
0:23:21,@gamertuberonmask,FINN HAS NO LEGS
0:23:21,@KvVuld,is this a real ichor theme 
0:23:23,@SproutslittleE-kitten,Finn stop 
0:23:23,@Peejaylew,W GOOB
0:23:23,@LOUISIANA-b8s,UUHM
0:23:23,@Shivery,Finn
0:23:24,@alcinaisMINE,Bullshit 
0:23:24,@Fartbaby-y6p,I NEED THE DRAMA
0:23:27,@Hexen_4444,shut up
0:23:27,@sproutseedly-n1v,give Cosmo his cute femboy voice back
0:23:28,@TheJackManArt,"Hey tamers, and why goob are in good terms with scraps?"
0:23:28,@naruytypapita,GOOB
0:23:28,@Empress_Animates,AYOOO
0:23:30,@Codysupercool,Goob don’t fall for him you’re supposed to love RODGER 
0:23:30,@theREELfinn1,DUDE I DONT CARE
0:23:30,@agoatheadbaby3512,"',:|"
0:23:30,@Ikoda_kun,finn... you look... um...
0:23:30,@Angel-rru,Yooo
0:23:30,@jennythebean9117,:loudly_crying_face:
0:23:31,@Peejaylew,goob is so w
0:23:31,@SaigeTheSilly,I HATE YOU FINN
0:23:31,@zeynep29294,:cat-orange-whistling:
0:23:32,@SkribbleDraws,GOON STOP BEING STUPID. :loudly_crying_face:
0:23:32,@SproutslittleE-kitten,Finn stop being cringe bro
0:23:32,@mrcreemsupreme,why does the still have legs
0:23:33,@circuszanny,"Aww, goob i love you "
0:23:34,@shrimpkuuu,he's gonna get shanked in the heart isnt he
0:23:35,@Urburnttoast,RCTA FINN
0:23:36,@Zac-l7c,UHHH GOOB RUN…..
0:23:37,@Peejaylew,GUYS EUN
0:23:37,@CeruleanArcadia,Emo Finn
0:23:38,@Kipkat13,Goob once again being the actual smartest toon
0:23:38,@JoeYork-y1z,W Goob in the chat
0:23:39,@theREELfinn1,SHRIMPO DESERVES THIS
0:23:39,@Fartbaby-y6p,I NEED DRAMA
0:23:39,@GiaDelRosario,OH MY
0:23:39,@shrimpkuuu,BOXTEN HI
0:23:39,@White-g6z,scraps got food called salt rain water :broken_heart:
0:23:41,@applebloom2307,awwww bbyyyy
0:23:42,@TheJackManArt,"Hey tamers, and why goob are in good terms with scraps?"
0:23:42,@LOUISIANA-b8s,BOXTEN?? 
0:23:42,@SproutslittleE-kitten,Give daddy sprout screen time
0:23:44,@sonicsquad-o3d,WWW
0:23:45,@Fartbaby-y6p,MOVE IT GOOB
0:23:45,@naruytypapita,OH
0:23:45,@7lonelyd,GOOB SHUT
0:23:45,@064razor,Boxten!
0:23:46,@Dandy-k4x3e,BOXTEN WTH
0:23:47,@Ikoda_kun,WHAT ABOUT FINN
0:23:47,@Monkey_Sans011,Why is Everyone stupid even the chat
0:23:48,@OrpheusHart,COMMON GOOB W
0:23:48,@Fartbaby-y6p,OH
0:23:48,@r4d1sh89,B*XTEN
0:23:49,@braylenjjjj,holy shit
0:23:49,@gamertuberonmask,WHY DOES BOXTEN HAVE SHARP TEETH
0:23:49,@JorArg-c7s,BOXTEN
0:23:50,@Peejaylew,UHH BOXTEN
0:23:50,@Empress_Animates,OH NAH GANG
0:23:50,@LOUISIANA-b8s,NOOO
0:23:52,@anderrddingus,BOXTEN
0:23:52,@Prismabom,Aww damg
0:23:52,@Cococaa,OAOAJAJ
0:23:53,@Fartbaby-y6p,BOXTEN:face_holding_back_tears::face_holding_back_tears::face_holding_back_tears::face_holding_back_tears::face_holding_back_tears::face_holding_back_tears::face_holding_back_tears:
0:23:53,@naruytypapita,BOXTEN
0:23:53,@HMZeroTwo,Boxten knows because he's twisted
0:23:53,@gamertuberonmask,OH BO
0:23:54,@almagallero2833,va a salir mal creo
0:23:54,@1Frostbyte11,stop aura farming brah
0:23:55,@SkribbleDraws,HOLY
0:23:55,@Fartbaby-y6p,:face_with_hand_over_mouth::face_with_hand_over_mouth::face_with_hand_over_mouth::face_with_hand_over_mouth::face_with_hand_over_mouth:
0:23:55,@GiaDelRosario,OH MY GOD
0:23:56,@gamertuberonmask,NO
0:23:56,@shrimpkuuu,OH MYG ODDDDDD
0:23:56,@Ikoda_kun,EW BOXTEN
0:23:57,@Peejaylew,BOXTE
0:23:57,@jennythebean9117,Oh no!
0:23:57,@Angel-rru,Goobbhbbbb
0:23:58,@temperamentalroulette,finn if you lock in you can turn shrimpo and goob into a skewer
0:23:58,@Peejaylew,WHAT
0:23:58,@GoldenCone69,throw the hook bou
0:23:59,@Fartbaby-y6p,BOXTEN
0:23:59,@QuadellSabawu,Boateng looks happy
0:23:59,@victorv5774,NOOOOO
0:23:59,@JoleneYang-t7f,Why boxten smiling like that
0:23:59,@theREELfinn1,YES
0:23:59,@sproutseedly-n1v,ew wth
0:24:00,@OG_SH4P3SH1FT3R,NOO
0:24:00,@slowpe9693,YOOOOOOOOO
0:24:00,@Helionraiser,SHRIMPO
0:24:00,@1Frostbyte11,OOOF
0:24:00,@victorv5774,SHRIMPOOO
0:24:00,@shrimpkuuu,EEEEEEEK
0:24:01,@NubMcMoofin,:face_holding_back_tears:
0:24:01,@SproutslittleE-kitten,Alaster boxten:broken_heart:
0:24:01,@LOUISIANA-b8s,SHRIMPO NOO
0:24:01,@JorArg-c7s,AURA FARMING
0:24:01,@Peejaylew,NOOOOO SHRIMPO
0:24:02,@sonicsquad-o3d,BOXTEN
0:24:02,@CeruleanArcadia,SHRIMPO NOOOO
0:24:02,@naruytypapita,NOOOOO
0:24:02,@AlphaBuggie,BOXTENNNNNN
0:24:03,@Empress_Animates,WHYY
0:24:03,@064razor,Shrimpo no!!!
0:24:03,@SonataDidIt,NO
0:24:04,@agoatheadbaby3512,"""I can fix him."" NOOOOOO GOOB NOOOOOO"
0:24:04,@HMZeroTwo,OH SHIT
0:24:04,@applebloom2307,OHNO
0:24:04,@1Frostbyte11,HES DEAD
0:24:05,@veelee9808,uhh
0:24:05,@Dandy-k4x3e,NOOOOO SHRIMPO
0:24:05,@ffelicia,omg
0:24:05,@7lonelyd,Finn understands him more. Heh.
0:24:05,@GiaDelRosario,YOOOOOO
0:24:05,@Idkwaoz,BOXTEN
0:24:06,@GoldenCone69,HELL YEAH.
0:24:06,@Peejaylew,OH NO
0:24:06,@temperamentalroulette,DUDEEEE
0:24:06,@camillequinto6596,YESS
0:24:07,@i-ate-kitty-bread,BAHAHAH IM CRINE WHY DOES BOXTEN LOOK LIKE THAT
0:24:07,@HerreZC,NOOOOOOO
0:24:07,@shrimpkuuu,BOXTEN
0:24:07,@certafan,NOOOOO
0:24:08,@TheJackManArt,"Hey @Tamers12345MLP, and why goob are in good terms with scraps?"
0:24:08,@LOUISIANA-b8s,WOAH THIS IS GOOD
0:24:09,@FreeMe919,NOOO
0:24:09,@LUXE-DX,NOOOO
0:24:09,@Fartbaby-y6p,YANDEREEE
0:24:09,@GOOB-l8k,YEAH GOOB KEEP TALKING 
0:24:09,@muichiromist,BOXTEN!!!
0:24:10,@Blossomteasugar-243,Oh nooo shirmpo!!! 
0:24:10,@SproutslittleE-kitten,Did boxten just fart
0:24:10,@camillequinto6596,YEEES
0:24:11,@1Frostbyte11,WHAT
0:24:11,@Zipp665,WHAT
0:24:11,@jo3a548,FIIIIIIIIIGHT
0:24:11,@jennythebean9117,LORE
0:24:12,@naruytypapita,SHRIMPO
0:24:12,@Fartbaby-y6p,OH MY GODD
0:24:12,@veelee9808,what the fuck
0:24:12,@theREELfinn1,WHAT THE FLIP
0:24:12,@artisticapple1972,yooo
0:24:12,@SuperHappydoggy,omg yess
0:24:12,@JoeYork-y1z,Nooo
0:24:13,@ffelicia,WHATTT
0:24:13,@LOUISIANA-b8s,BOXTEN
0:24:14,@wthque,BRUH
0:24:14,@sonicsquad-o3d,OHHHH
0:24:14,@NubMcMoofin,:exploding_head:
0:24:14,@Empress_Animates,OH NOOOOO
0:24:14,@Dandy-k4x3e,BOXTEN-
0:24:15,@ZoombaPumba,lets GOO
0:24:16,@Fartbaby-y6p,AHHHHHHHHHHHHHHHHHHHHHHHHH
0:24:17,@Ikoda_kun,farts
0:24:17,@Idkwaoz,WTHH
0:24:17,@SkribbleDraws,OH NOO
0:24:17,@Kipkat13,AND LORE
0:24:17,@haileykitty6993,Shrimpo got stabbed again
0:24:17,@IssacSanches-g6b,DYSUMM
0:24:17,@gamertuberonmask,WHY IS BOXTEN BEING TREATED LIKE AN ANIME CHARACTER
0:24:17,@r4d1sh89,L SHRIMPO
0:24:17,@GOOB-l8k,NOOOOOOOO
0:24:18,@1Frostbyte11,HUH
0:24:18,@JoeYork-y1z,War
0:24:18,@Pibble_washmybelly66,. 
0:24:18,@HMZeroTwo,HE'S HALF TWISTED???
0:24:18,@GiaDelRosario,HOLY SHITTO
0:24:18,@muichiromist,OH NO
0:24:19,@White-g6z,finn destroy the cardboard box
0:24:19,@乇爪丨丨卂-k5h,HOLY SHIT
0:24:19,@Fartbaby-y6p,HOLY SHIT
0:24:20,@IssacSanches-g6b,DAYUMM
0:24:20,@sonicsquad-o3d,OH SHITTY
0:24:20,@Peejaylew,GOKU AGAIN
0:24:20,@shrimpkuuu,WOOOOOO
0:24:21,@LUXE-DX,Hazbin hotel ass
0:24:21,@RataRabioza,epic figth
0:24:21,@Dandy21234,NOOo
0:24:22,@sproutseedly-n1v,GET THE HELL ON BOXTEN
0:24:22,@Peejaylew,HOKY 
0:24:22,@IssacSanches-g6b,HOLY SHITTT
0:24:22,@theREELfinn1,WHAT
0:24:22,@anderrddingus,WHAT is this lmfao:loudly_crying_face:
0:24:22,@cricket_gaming_hd9439,i cant read
0:24:22,@wthque,TS GOT SERIOUS
0:24:22,@Dandy-k4x3e,BOXTEN WHAT HAPPENED TO YOU
0:24:23,@jo3a548,AAAAAAAAAAAAAA
0:24:23,@QuadellSabawu,WOAW
0:24:23,@slowpe9693,FIGHT SCNENE????
0:24:23,@Fartbaby-y6p,AHHHHHHHHHHHHHHHHHHH
0:24:23,@officialrobbyrobot2,Ok
0:24:23,@alcinaisMINE,Haven’t seen twister BOXTEN since the 2nd episode 
0:24:23,@Solums,this have more lore that game
0:24:23,@gamertuberonmask,OH NO
0:24:25,@7lonelyd,HELLO
0:24:26,@viko-m7v,OH 
0:24:26,@AleciaAngus,NOOOOOOO
0:24:26,@Helionraiser,DOMAIN EXPANSIOMN
0:24:26,@GoozeyTheClown,PEAK
0:24:26,@Idkwaoz,IM CRYING
0:24:26,@dominicunderwood4911,"Alright, Huggy Wuggy"
0:24:26,@Lilly.luvsyou,OH MY FUCKIONG GOD
0:24:27,@Pibble_washmybelly66,BOXTEN IS IN AN ANIME 
0:24:27,@Peejaylew,OH FUCK
0:24:28,@shellylover-2,why is scraps a boy with out eye lashes
0:24:29,@HMZeroTwo,DOMAIN EXPANSION
0:24:29,@gamertuberonmask,He will lose his legs
0:24:29,@naruytypapita,OOOOOOOH
0:24:29,@White-g6z,finn vs GOOB is crazy
0:24:30,@circuszanny,OH MY GOD?? LOREE???
0:24:30,@LOUISIANA-b8s,HOLY MACARONI 
0:24:30,@sonicsquad-o3d,BOXTENNNNN LOCK IN
0:24:31,@Thebatplushie,Boxton vs Finn
0:24:31,@sproutseedly-n1v,GO AWAY BOXTEN
0:24:31,@temperamentalroulette,YUPPP THIS IS WHAT ITS ALL ABOUT
0:24:31,@Fartbaby-y6p,AHHHHHHHHHHHHHHHHHHHHHHHHHHHHHHH
0:24:31,@jennythebean9117,:D
0:24:31,@veelee9808,OH HELL NO
0:24:32,@Hazyphern,WHAT IS HAPPEING
0:24:32,@064razor,Boxten's too awesome
0:24:33,@Lucario4thewin,cool music
0:24:34,@JoeYork-y1z,Yes go boxten
0:24:35,@YaritzaReyes-j2c,LOL
0:24:35,@shellylover-2,SHRIMPOOOOOOOO NOO
0:24:35,@Fartbaby-y6p,AHHHHHH
0:24:35,@Shellydandysworld-x3p,YOOOOO
0:24:36,@Feojsshsyydud,Boxten So chopped
0:24:36,@Pibble_washmybelly66,ANIME TYPE SHIT
0:24:36,@Doveyy_.animates,YOOO
0:24:36,@KingRoss-w4q,Not this again
0:24:37,@Peejaylew,BRIO IS IN JJK
0:24:37,@shrimpkuuu,FINN NO]NO NO
0:24:37,@jennythebean9117,Animu
0:24:37,@CacaMeloni,purple allow
0:24:38,@gamertuberonmask,HIS LEGS ARE GONE
0:24:38,@Pikmandude1999,KINO
0:24:38,@The_Official_Douchebag,HOLLOW PURPLE
0:24:38,@GiaDelRosario,BLOCK MY JAMES
0:24:38,@lyonsheartmusic,Boxtennn
0:24:38,@shrimpkuuu,NO
0:24:38,@hoelt1,LOL
0:24:39,@shellylover-2,AND BOXTEN
0:24:39,@breannaday5065,Hallow purple box
0:24:39,@temperamentalroulette,HYPE MOMENTS AND AURA :fire::fire::fire::fire::fire::fire:
0:24:39,@AlphaBuggie,THATS WHY THE PINKS EYES ARE
0:24:39,@Yatta-Looey-Blot-ah,._.
0:24:40,@theREELfinn1,YOU ONLY HURT HIS KEGS
0:24:40,@alcinaisMINE,Is that Miku or am I going insane
0:24:40,@Fartbaby-y6p,JJK REF???????
0:24:40,@boogie7580,:face-purple-sweating::face-purple-sweating::face-purple-sweating::face-purple-sweating:
0:24:40,@dominicunderwood4911,WHAT IS WITH THESE RANDOM FIGHTS
0:24:41,@GoofyGuyReal2763,The hell is going on
0:24:41,@shrimpkuuu,OH MY GODDDDDDD
0:24:42,@Angel-rru,Yoooooooooo
0:24:42,@064razor,That's how Finn lost his legs
0:24:42,@Shivery,purple box
0:24:42,@vircuses,HOLY GOJO
0:24:42,@heartlessinsect,AYYY
0:24:43,@Doveyy_.animates,WHAT THE HECK
0:24:43,@Peejaylew,DOMAIN EXPANSION
0:24:43,@KyleTheCoolOne,BOSS FIGHT
0:24:43,@LOUISIANA-b8s,W BOXTEN
0:24:43,@gonegonergone,music fire
0:24:44,@naruytypapita,AAAY
0:24:44,@NubMcMoofin,:face_holding_back_tears::face_holding_back_tears:
0:24:44,@Dandy-k4x3e,HE LOST HIS LEGS.
0:24:45,@SaigeTheSilly,WHO IS COPYING MY EMOJIS
0:24:45,@SkribbleDraws,FINN BECKMES CRIPPLED :broken_heart::broken_heart::broken_heart:
0:24:45,@Fartbaby-y6p,"HO,Y SHITTTTTTTTTTTTTTT"
0:24:45,@victorv5774,HE GOT GOJO
0:24:46,@Tamers12345MLP,@Shellydandysworld-x3p Shelly used to be a boy
0:24:46,@Yatta-Looey-Blot-ah,oh..
0:24:46,@Empress_Animates,AYOOO
0:24:46,@GoldenCone69,NAHH
0:24:46,@1Frostbyte11,this MF it's always aura farming
0:24:47,@theREELfinn1,AW POOR FINN
0:24:47,@Nialerr,Holy anime fight
0:24:47,@MaraKoruSky,Boxten is cookin
0:24:47,@KingRoss-w4q,It happens with box and Astro now it’s been in Boston
0:24:47,@Ikoda_kun,FINN NO
0:24:48,@Angel-rru,OMG
0:24:48,@Fartbaby-y6p,AHHHHHHHHHHHH
0:24:48,@SproutslittleE-kitten,KITKATTTT
0:24:48,@Prismabom,Is this jojos?
0:24:48,@beatoangelobrutas2812,GOJO BOXTEN
0:24:49,@artisticapple1972,CANON HOW HJE LOST HIS LEGS
0:24:49,@Idkwaoz,I LOVE YOU FINN
0:24:49,@Peejaylew,HIS LEG RIPPED OFF
0:24:49,@Kipkat13,ALL THAT FOR A STARTER TOON
0:24:50,@shrimpkuuu,NOOOOOO
0:24:50,@muichiromist,:face-turquoise-covering-eyes:
0:24:50,@agoatheadbaby3512,They ripped in half..............
0:24:50,@vidjaibhoelai1152,FIGHT FINN COME ON
0:24:51,@064razor,Crawl!
0:24:51,@dumsanihlatshwayo3185,omg
0:24:51,@HMZeroTwo,Canon twisted finn
0:24:52,@QuadellSabawu,YOOO WE HAVENT SEEN BOXTEN IN ACTION IN A WHILE
0:24:52,@GoldenCone69,Need a leg?
0:24:52,@theREELfinn1,POOR FINN
0:24:52,@ffelicia,oh m god
0:24:53,@White-g6z,.
0:24:53,@boogie7580,um
0:24:54,@Yatta-Looey-Blot-ah,oh
0:24:54,@gamertuberonmask,NO
0:24:54,@ffelicia,FINNNNN
0:24:54,@TheJackManArt,"Hey @Tamers12345MLP, and why goob are in good terms with scraps?"
0:24:54,@1Frostbyte11,nah poor finn
0:24:54,@victorv5774,HOLY MOTHER OF GOJOS
0:24:54,@Tamers12345MLP,"Not shelly, I mean scraps lol"
0:24:54,@GiaDelRosario,HIS LEGS NOOOOOOO
0:24:54,@Peejaylew,IT LEG
0:24:54,@Zaiikai,HIS LEGGIES
0:24:55,@Urburnttoast,WHAT IN THE MARACULUS LADYBUG
0:24:55,@adrielpro3006,oh shit
0:24:55,@LUXE-DX,Oh so that’s how he lost his legs
0:24:55,@Zipp665,MY FINN NOOO
0:24:55,@naruytypapita,FIIN
0:24:55,@Lum_23-4k,THIS IS PEAK FICTION
0:24:56,@LOUISIANA-b8s,FINN NOO MY BABY
0:24:57,@CeruleanArcadia,Trans Shelly mention?
0:24:58,@jennythebean9117,Noooooooooooooo
0:24:59,@NubMcMoofin,:loudly_crying_face:
0:24:59,@sproutseedly-n1v,BOXTEN WENT FROM FINE SHI TO CHOPPED SHI REAL QUICK
0:24:59,@Shivery,Finn!!!
0:24:59,@ffelicia,OMG
0:25:00,@Yatta-Looey-Blot-ah,._.
0:25:00,@Peejaylew,THIS NOW CANNON
0:25:01,@Tiza_XD-123,omg the legs!!
0:25:02,@naruytypapita,NOOO FINN
0:25:03,@SonataDidIt,Rest in peace
0:25:03,@temperamentalroulette,YO
0:25:03,@RataRabioza,rip
0:25:03,@LOUISIANA-b8s,GASP
0:25:03,@Fartbaby-y6p,AHHHHHHHHHHHHHHHHHHHH
0:25:03,@theREELfinn1,NO FINN DONT DIE
0:25:04,@1Frostbyte11,NAAAH
0:25:04,@0neth3g3n1us1,why am i actually brawling my eyes out
0:25:04,@JorArg-c7s,RIP
0:25:04,@Shivery,FIIINNNN
0:25:04,@Bobette-N,DAYUMMM
0:25:04,@Br1mstone98,FINN
0:25:05,@Idkwaoz,NOOO FINNN
0:25:05,@ZoombaPumba,NOOOOOOOOOOOOOOOOO
0:25:06,@QuadellSabawu,FINNN
0:25:06,@Dandy21234,OMG
0:25:06,@takisgaming9876,w body boo
0:25:06,@LUXE-DX,RIP BOZO
0:25:06,@jennythebean9117,He lives
0:25:07,@Ikoda_kun,NO
0:25:07,@HMZeroTwo,He's not dead
0:25:07,@SaigeTheSilly,FINN NO
0:25:07,@dominicunderwood4911,WHAT?!
0:25:08,@Lucario4thewin,another life is lost
0:25:08,@Peejaylew,THIS WAS AN W EPISODE
0:25:08,@haileykitty6993,someone get Finn a wheelchair
0:25:08,@Kipkat13,finn? :loudly_crying_face:
0:25:08,@breannaday5065,He died I think
0:25:09,@LocalWalmart_bag,TAMERS AHH I LOVE YOU
0:25:09,@viko-m7v,SHELLY WHAT??
0:25:09,@TheAlanCodename3Rd,Just woke up
0:25:09,@theREELfinn1,YAY !!
0:25:10,@Yatta-Looey-Blot-ah,oh
0:25:10,@TheJackManArt,"Hey @Tamers12345MLP, and why goob are in good terms with scraps?"
0:25:10,@Empress_Animates,RIP
0:25:10,@Fartbaby-y6p,OMG
0:25:10,@circuszanny,YESS!! HES DEAD HES DEAD!! WE WON
0:25:11,@JoeYork-y1z,I am crying 
0:25:11,@gonegonergone,Did shrimpo die at least
0:25:11,@Pibble_washmybelly66,NO FINN 
0:25:11,@Shellydandysworld-x3p,WHAT???
0:25:11,@circuszanny,WE WON
0:25:12,@uncannymatt5904,NAH I'D WIN
0:25:12,@chesirlnotclickbate,Dude this is so intense 
0:25:12,@Hexen_4444,RIP Homie
0:25:12,@7lonelyd,MY SHAYLA
0:25:12,@Cococaa,Nooo
0:25:12,@GiaDelRosario,OMG
0:25:12,@breannaday5065,Nvm
0:25:12,@JorArg-c7s,OH he okay
0:25:13,@circuszanny,I HATE U FINN
0:25:14,@Fartbaby-y6p,AHHHHHHHHHHHHHHH
0:25:14,@Hazyphern,NO FINN
0:25:14,@gonegonergone,dammit
0:25:14,@RataRabioza,O
0:25:14,@Idkwaoz,FINN BABE
0:25:15,@SproutslittleE-kitten,BAHAHA
0:25:15,@muichiromist,that's how bro lost his legs
0:25:15,@takisgaming9876,w boxy boo
0:25:15,@theREELfinn1,PEAK EPISODE
0:25:15,@Yatta-Looey-Blot-ah,oh
0:25:15,@circuszanny,WE WON HE DIED
0:25:15,@certafan,Goob never wanted this :(
0:25:15,@shrimpkuuu,he's disabled forever
0:25:16,@naruytypapita,POBRE FINN
0:25:17,@tuchisgamers,NOOO FINN
0:25:18,@Empress_Animates,AYAYAYAYA
0:25:18,@Peejaylew,A FUCKING W UPDATE
0:25:18,@NubMcMoofin,:disappointed_face:
0:25:19,@SproutslittleE-kitten,I’m sorry
0:25:19,@applebloom2307,OMG Katawa shoujo ref
0:25:19,@White-g6z,finn is now hurting his feelings
0:25:19,@KK670-03F,WHAT
0:25:19,@Yatta-Looey-Blot-ah,oh
0:25:20,@Zipp665,OKAY I HATE YOU SHRIMPO
0:25:20,@GoozeyTheClown,PEAK
0:25:20,@Dandy-k4x3e,damn finn bro...
0:25:21,@Feojsshsyydud,NOO
0:25:22,@QuadellSabawu,finnn :loudly_crying_face: :loudly_crying_face:
0:25:22,@SkribbleDraws,I FEEL BAD FOR FINN BRO :broken_heart:
0:25:22,@Shivery,FIINNNN
0:25:23,@july9273,Top 10 saddest anime deaths
0:25:24,@ffelicia,dudeeeeeee
0:25:24,@boogie7580,I feel bad for the toilet head
0:25:25,@Santaman3,Epic fight scene 
0:25:25,@naruytypapita,AAAAAAA TT
0:25:25,@Dandy21234,YIPPEEEE 
0:25:25,@Ikoda_kun,hm...
0:25:25,@PamelafabiolaGalvanquispe,:pensive_face:
0:25:25,@alcinaisMINE,Justice for finnnnn
0:25:27,@GiaDelRosario,NOOOOOOOO
0:25:27,@RataRabioza,:c
0:25:27,@GoldenCone69,need a leg?
0:25:30,@1Frostbyte11,nah Finn
0:25:30,@Empress_Animates,oohh
0:25:31,@theREELfinn1,FINN PLEASE
0:25:31,@Hexen_4444,he's Joe Swanson now
0:25:32,@THE__Jhynx,hes permanently black now? :crying_face:
0:25:33,@haileykitty6993,Finn is now Joe Swanson
0:25:33,@naruytypapita,NOOOOO FINN
0:25:33,@Dandy21234,"Wait, he didn’t die"
0:25:34,@Thebatplushie,Wait a sec Toons can’t die :face_without_mouth::face_without_mouth::face_without_mouth::face_without_mouth::face_without_mouth::face_without_mouth::face_without_mouth::face_without_mouth::face_without_mouth::face_without_mouth::face_without_mouth::face_without_mouth::face_without_mouth::face_without_mouth:
0:25:34,@GoofyGuyReal2763,“I remember when they first invented chocolate”
0:25:35,@sugarushallday,F SHRIMPOOO
0:25:35,@tuchisgamers,I LIKE RAGEBAIT NOOOOOO
0:25:35,@Pibble_washmybelly66,YAY FINN
0:25:36,@VasanthA-c2z,bro lost his dih and his legs
0:25:36,@shrimpkuuu,NO
0:25:37,@Shivery,FINN
0:25:37,@shellylover-2,FIINNNNNNNNNNNNNNNNNNNNNNNN
0:25:37,@LOUISIANA-b8s,. 
0:25:38,@Ikoda_kun,finn....
0:25:39,@Dandysw0rldGardenVeiw,this is so sad... I hate this oml....... I never hated a video from tamer :/
0:25:40,@HappyAccident-oof,HES CRIPPLED YAY
0:25:42,@shrimpkuuu,awwwwww
0:25:42,@theREELfinn1,AAWW FINN 
0:25:43,@jennythebean9117,Oh no 
0:25:43,@shellylover-2,IS FINNN OKAY
0:25:43,@064razor,Lol
0:25:43,@Empress_Animates,HIS LEGS
0:25:43,@SproutslittleE-kitten,BAHAHA
0:25:43,@TheJackManArt,"Hey @Tamers12345MLP, and why goob are in good terms with scraps?"
0:25:44,@Idkwaoz,DAMN GOOB
0:25:45,@QuadellSabawu,this all shrimpos fault
0:25:45,@Peejaylew,HE IS TURNING CYAN AGAIN
0:25:45,@Lucario4thewin,lol
0:25:46,@Peejaylew,.
0:25:48,@Peejaylew,FINN
0:25:48,@1Frostbyte11,LOL
0:25:48,@HMZeroTwo,Finn is turning to normal....
0:25:49,@naruytypapita,JAJAJAJAJAAJAJAJA
0:25:49,@circuszanny,FINALLLY!!! HES NO LONGER A PROBLEM. WE DONT EVEN LOVE HIM
0:25:49,@Fartbaby-y6p,AHHHHHHHHHH
0:25:49,@LUXE-DX,HAHAH
0:25:49,@Peejaylew,LOL
0:25:50,@shellylover-2,YASSSSSS
0:25:50,@theREELfinn1,AWWWW
0:25:50,@JorArg-c7s,lmao
0:25:51,@ffelicia,WHATTT
0:25:51,@sab6767-v8p,HAHAHAHA
0:25:51,@ok7777-j3s,lol
0:25:52,@cricket_gaming_hd9439,crippled and is gonna get called slurs now
0:25:52,@adrielpro3006,XD
0:25:52,@LOUISIANA-b8s,AWWWHH
0:25:54,@GiaDelRosario,NOOO
0:25:55,@naruytypapita,JAJAJAJAJAHAA
0:25:57,@Dandy21234,NOOO WHY DID FINN NOT DIE
0:25:57,@LOUISIANA-b8s,THIS IS CUTE
0:25:57,@SproutslittleE-kitten,He’s turning blue 
0:25:57,@gamertuberonmask,I hope Finn gets his legs back in future episodes
0:25:57,@C13HX1ZM,PLEASE I GOT A AD
0:25:58,@White-g6z,SHRIMPO DIED NAHH
0:25:58,@Peejaylew,THAT MADE ME LAUGH
0:25:59,@RataRabioza,xd
0:25:59,@JorArg-c7s,oh no he black now
0:25:59,@JoeYork-y1z,Own 
0:25:59,@Tamers12345MLP,"It's okay they can put his legs back, they just need to make new ones out of glass"
0:26:00,@agoatheadbaby3512,"Well to be fair, Fin could've stepped away from the relationship at any point."
0:26:00,@jennythebean9117,Zamn
0:26:01,@jo3a548,DAYUUUUM
0:26:02,@C13HX1ZM,PLEASE
0:26:02,@naruytypapita,QUE LINDOS
0:26:03,@NubMcMoofin,:face_savoring_food::face_savoring_food:
0:26:03,@Idkwaoz,MY BABY FINN
0:26:03,@HMZeroTwo,RAGEBAIT HUGGERS
0:26:03,@shrimpkuuu,?
0:26:03,@VasanthA-c2z,rest in peace fin balls and dih
0:26:04,@064razor,Shrimpo W
0:26:04,@Zipp665,AWW
0:26:04,@slowpe9693,AYOOOO
0:26:04,@muichiromist,LOL
0:26:05,@shrimpkuuu,HUH]
0:26:05,@shellylover-2,FINNN IS BLACK NOW
0:26:05,@sugarushallday,No imm madd noww
0:26:05,@Cococaa,POLY
0:26:06,@TinaDson,:hand-orange-covering-eyes:
0:26:06,@Peejaylew,BRO
0:26:07,@PamelafabiolaGalvanquispe,xd
0:26:07,@shrimpkuuu,HELP ME
0:26:07,@wthque,HELP
0:26:07,@Fartbaby-y6p,POLY RELAS
0:26:08,@Empress_Animates,YOOO
0:26:08,@naruytypapita,PERO
0:26:08,@LOUISIANA-b8s,COSMO
0:26:08,@gamertuberonmask,Cosmo?!
0:26:08,@Peejaylew,SNRIMPO
0:26:09,@RataRabioza,oh naaaah
0:26:10,@jo3a548,AAAAAAAAAAAAAAAAA
0:26:10,@Tiza_XD-123,justice for Finn!!!!!!!
0:26:10,@temperamentalroulette,aww theyre eating fries maybe its not so bad
0:26:10,@SonataDidIt,King
0:26:11,@TinaDson,:cat-orange-whistling::cat-orange-whistling::cat-orange-whistling:
0:26:11,@HMZeroTwo,DAYUM
0:26:11,@GiaDelRosario,GET YOUR F HANDS OFF MY SON B
0:26:12,@QuadellSabawu,shrimpo double gay
0:26:12,@Dandy-k4x3e,COSMO
0:26:12,@gamertuberonmask,Wait let me fix that
0:26:13,@gonegonergone,yo
0:26:13,@R0D03sV1deos,the butt grip
0:26:13,@RyleeKershaw-v3k,ASTRO????????
0:26:13,@jo3a548,DAYUM
0:26:13,@Fartbaby-y6p,POLYYYYYYYYYYY
0:26:13,@Zaiikai,SHRIMPO HAREM
0:26:14,@OG_SH4P3SH1FT3R,JUST HAVE BOTH OF THEM LOL
0:26:14,@temperamentalroulette,oh wow
0:26:14,@064razor,Aw man show's over
0:26:14,@agoatheadbaby3512,Evil Shrimpo.
0:26:15,@LOUISIANA-b8s,WHAT ARE U WEARING COSMO
0:26:15,@theREELfinn1,FINN SO SILLY
0:26:15,@CacaMeloni,BRING HIS LEGS BACK
0:26:15,@Alexg_loverXD,Yum yum 
0:26:15,@Fartbaby-y6p,OH SHIT
0:26:15,@Shivery,:brown_circle::brown_circle::waving_hand:
0:26:15,@naruytypapita,ASTRO??
0:26:16,@Yatta-Looey-Blot-ah,Cosmo
0:26:16,@FreeMe919,LOL
0:26:16,@OrfildaArroyo-y6c,.
0:26:16,@gamertuberonmask,COSMO?!?!*
0:26:17,@Cococaa,OH
0:26:17,@SuperHappydoggy,lmao
0:26:17,@alcinaisMINE,No Soulvester…… sigh 
0:26:17,@Helionraiser,cosmo???
0:26:17,@mrcreemsupreme,oh my god I'm creaming
0:26:18,@QuadellSabawu,ASTRO
0:26:18,@LUXE-DX,WAT
0:26:18,@Peejaylew,BRO ASTRO AND COSMO
0:26:18,@Shellydandysworld-x3p,COSMO WHAT
0:26:18,@haileykitty6993,why don't they just be a poly couple?
0:26:18,@GoofyGuyReal2763,????? 
0:26:18,@circuszanny,IS THIS GONNA BE A POLY ?
0:26:19,@ffelicia,COSMO???
0:26:19,@vidjaibhoelai1152,NOOO
0:26:19,@Fartbaby-y6p,UPOH.
0:26:19,@Solums,bunny
0:26:20,@dribvox,????
0:26:21,@camillequinto6596,IM CRYING COSMO
0:26:21,@GoozeyTheClown,PEAK
0:26:21,@jo3a548,NOOO WAY
0:26:21,@circuszanny,HUHH
0:26:21,@gummy8440,thats NUTS
0:26:22,@Idkwaoz,HELP
0:26:22,@gamertuberonmask,WAIT ASTRO TOO?!
0:26:22,@Blossomteasugar-243,Omg-
0:26:22,@Pibble_washmybelly66,ASTRO
0:26:22,@Kinahwuzhere,Shrimpo got to hands
0:26:22,@theREELfinn1,DAMN ASTRO IS A TWIG
0:26:22,@GOOB-l8k,:O
0:26:22,@Yatta-Looey-Blot-ah,:face_with_raised_eyebrow::face_with_raised_eyebrow::face_with_raised_eyebrow::face_with_raised_eyebrow::face_with_raised_eyebrow:
0:26:22,@Potatogalsunite,oh my
0:26:22,@dominicunderwood4911,Poly?
0:26:23,@tailsfriends-g4k,WAH
0:26:23,@gonegonergone,njeiwks
0:26:23,@White-g6z,what
0:26:23,@r4d1sh89,ITS EVERYWHERE
0:26:23,@QuadellSabawu,WHAAAAT
0:26:23,@Peejaylew,COSMO AND ASTRO
0:26:24,@muichiromist,nah
0:26:24,@ok7777-j3s,:loudly_crying_face::loudly_crying_face::loudly_crying_face:
0:26:25,@LOUISIANA-b8s,ASTRO TOO
0:26:25,@JoeYork-y1z,The end
0:26:25,@breannaday5065,Help I’m pissing with is cosmo wearing
0:26:25,@ffelicia,ASTRO>>>>????
0:26:25,@naruytypapita,COSMO??
0:26:27,@GoozeyTheClown,11/10
0:26:27,@JorArg-c7s,what
0:26:27,@Empress_Animates,BRO BE SO FR
0:26:27,@Doveyy_.animates,PEAK
0:26:27,@applebloom2307,no way
0:26:28,@SHR1MP0_F1NN, ???
0:26:28,@agoatheadbaby3512,Whaaaaaaaaaaa
0:26:28,@Yatta-Looey-Blot-ah,:face_with_raised_eyebrow::face_with_raised_eyebrow::face_with_raised_eyebrow::face_with_raised_eyebrow::face_with_raised_eyebrow:
0:26:28,@jennythebean9117,Subscribe now!
0:26:28,@SonataDidIt,thats insane
0:26:29,@OrfildaArroyo-y6c,WHAT THE FUCK
0:26:30,@r4d1sh89,SSSSSSSSSDSSDSDSDSD
0:26:31,@alcinaisMINE,I-I’m so niche!
0:26:31,@1Frostbyte11,the next episode will be dyle rampage trust me bro tamers told me bro
0:26:31,@CacaMeloni,ASTRI AND COSNI!?
0:26:31,@Pibble_washmybelly66,AN COSMO
0:26:31,@HMZeroTwo,Dw I'm subbed
0:26:31,@GoldenCone69,THEY LOOK LIKE STATUES
0:26:32,@Peejaylew,SHAT IS HAPPENING
0:26:32,@naruytypapita,JAJAJAJAAJAJAJA
0:26:32,@THE__Jhynx,:loudly_crying_face:
0:26:32,@Monkey_Sans011,1% is me
0:26:32,@SHR1MP0_F1NN,TF
0:26:32,@QuadellSabawu,dude it's normal for cosmo
0:26:32,@sproutseedly-n1v,COSMO AND ASTRO WTHHH
0:26:32,@SproutslittleE-kitten,NO COSMO MOVE ITS MY TURN. 
0:26:33,@Santaman3,The BUNNYS
0:26:34,@Lucario4thewin,"wait, Shrimpo is a gay?"
0:26:34,@certafan,Aw hell nah!
0:26:35,@Shellydandysworld-x3p,COSMO AND ASTRO WTFF
0:26:35,@haileykitty6993,I'm subscribed
0:26:35,@GiaDelRosario,WHAT
0:26:35,@Fartbaby-y6p,PFFFFFT
0:26:35,@Idkwaoz,WTH
0:26:36,@sugarushallday,Huhhh
0:26:36,@Ikoda_kun,wait no way
0:26:36,@Empress_Animates,BRUU
0:26:36,@RataRabioza,SUSCRIBEEEEE
0:26:36,@veelee9808,COSMO
0:26:37,@Ili.The.Raccoon1457,ASTRO WHAT???
0:26:37,@theREELfinn1,GUYS DONT START PISSING
0:26:38,@shrimpkuuu,NOW 
0:26:39,@Yatta-Looey-Blot-ah,12/10
0:26:39,@LUXE-DX,Chunky Cosmo
0:26:39,@Thebatplushie,Bunny costume for Astro and Cosmo????????
0:26:40,@White-g6z,at least the 2nd hero boxten is here
0:26:40,@r4d1sh89,Im crine
0:26:41,@Peejaylew,NO WAY
0:26:41,@miyuki.sonoko,gourdy not mentioned
0:26:42,@temperamentalroulette,SPROUT MOVE
0:26:42,@haileykitty6993,and autistic
0:26:42,@Floralescense,PEAAAKKK
0:26:43,@GoozeyTheClown,THIS WAS THE BEST THING TO EVER GRACE MY EYES
0:26:44,@LOUISIANA-b8s,I SUBBED I LOVE UU
0:26:44,@KyleTheCoolOne,Beautiful outro 
0:26:45,@JennyIsDead,that's quite frankly :banana:
0:26:45,@OG_SH4P3SH1FT3R,YEA
0:26:45,@shrimpkuuu,i've been subbed
0:26:45,@shellylover-2,A TRIO
0:26:45,@gamertuberonmask,I DIDNT EVEN REALIZE ASTRO HAS THAT ON TOO
0:26:46,@sproutseedly-n1v,AND DANDY
0:26:47,@CacaMeloni,EXUSE ME!>
0:26:47,@dominicunderwood4911,I AM!
0:26:48,@naruytypapita,XDDD
0:26:48,@GoldenCone69,HELL YEAH
0:26:48,@Empress_Animates,AYO
0:26:48,@Peejaylew,WHAT
0:26:49,@Bobette-N,LOLL
0:26:49,@OG_SH4P3SH1FT3R,OH?
0:26:49,@064razor,Peak
0:26:49,@Thebatplushie,Yeah?
0:26:49,@GiaDelRosario,wtf
0:26:49,@Zipp665,ASTRO MI FEMBOY
0:26:49,@Yatta-Looey-Blot-ah,:face_with_raised_eyebrow::face_with_raised_eyebrow::face_with_raised_eyebrow::face_with_raised_eyebrow:
0:26:50,@User44679,Ts so peak:victory_hand:
0:26:50,@Fartbaby-y6p,OHH GODDDDD
0:26:50,@temperamentalroulette,SPROUT MOVEEEEE
0:26:50,@Rotten_c4ndi,WHAT HAPPENED TO ASTRO 
0:26:50,@Dessy-li5bz,YOOOo
0:26:51,@adrielpro3006,I want to see the post-credits
0:26:52,@JennyIsDead,IS THAT A BANANA :banana:
0:26:52,@circuszanny,ASTRO MOVE IM NEXT
0:26:52,@SproutslittleE-kitten,SPROUT LET ME REPLACE COSMO
0:26:52,@Angel-rru,Wtfff
0:26:52,@Kipkat13,DO IT DO IT DO IT DO IT DO IT
0:26:52,@Dandy21234,LET TS RELATIONSHIP STAY THE SAME PLS
0:26:52,@Blossomteasugar-243,Woweeee
0:26:54,@Fartbaby-y6p,🫩
0:26:54,@Zac-l7c,I SUBBED ALREADY 
0:26:54,@naruytypapita,JAJSAJAHSKSJSJS
0:26:54,@Lucifer-t1x,I just joined 
0:26:55,@shrimpkuuu,LOL
0:26:55,@Yatta-Looey-Blot-ah,:face_with_raised_eyebrow::face_with_raised_eyebrow::face_with_raised_eyebrow::face_with_raised_eyebrow::face_with_raised_eyebrow:
0:26:55,@artisticapple1972,MAYBE
0:26:55,@RyleeKershaw-v3k,OH??
0:26:55,@uncannymatt5904,SU bros...
0:26:55,@Dessy-li5bz,WTFFFFFFF
0:26:55,@Phoenixthebestdude,BETTTTTTT
0:26:55,@NubMcMoofin,:saluting_face::saluting_face::exploding_head::exploding_head:
0:26:56,@applebloom2307,"I meeeeeeeeean, Dandys world fans are kindaaaaa mentally challenged "
0:26:56,@QuadellSabawu,dude astro is so calm
0:26:57,@breannaday5065,Dandy said he wasn’t gay but here we are…with his femboy Astro
0:26:57,@dominicunderwood4911,I'm subbed & I'm mentally challenged
0:26:58,@Peejaylew,OH HELL YEAH
0:26:58,@JorArg-c7s,wgat
0:26:58,@AlphaBuggie,WHAT DOES COSMO HAVE A LAZY EYE LMAOOO
0:26:58,@Empress_Animates,HELL YA
0:26:59,@Ikaywuu,Whaaaaaaaaa
0:26:59,@CacaMeloni,NO WAY
0:26:59,@theREELfinn1,IM ALREADY SUBSRCIBED TWIN
0:26:59,@cricket_gaming_hd9439,WHAT
0:26:59,@r4d1sh89,tamers ur almost at 67k subscribers
0:26:59,@THE__Jhynx,how r only 1% of u subscribed bruh
0:26:59,@luiseduardoramirezarmenta9453,:skull:
0:27:00,@The_Silly_Patootie,HELP WHAT
0:27:00,@Tiza_XD-123,cosmo and astro femboys? :eyes::fire:
0:27:01,@sillybillyzen,WOWAH
0:27:01,@White-g6z,bro shitted too hard and his head and legs got destroy
0:27:01,@Yatta-Looey-Blot-ah,:neutral_face::neutral_face::neutral_face::neutral_face:
0:27:01,@applebloom2307,OMGOMG
0:27:01,@muichiromist,nah
0:27:01,@shellylover-2,HE TRYING TO BE SPROUT
0:27:02,@KvVuld,wow subscribe you idiots
0:27:02,@RyleeKershaw-v3k,OH?????
0:27:02,@otsureii,i’ll subscribe if u make soulvester kiss gourdy
0:27:02,@LUXE-DX,FACE REVEAL
0:27:03,@SigmaRizz-du1cc,THAT WAS SK OEAKK
0:27:03,@emosprout,W EPISODE
0:27:03,@doodlefloof,WAIT WHAAAT
0:27:04,@CacaMeloni,I NEED ITT
0:27:04,@Fartbaby-y6p,FACE REVEALS?????:face_holding_back_tears::victory_hand:
0:27:04,@Peejaylew,FACE REVEAL
0:27:05,@Kipkat13,DO IT DO IT DO IT DO IT DO IT
0:27:05,@theREELfinn1,STOP
0:27:05,@Hexen_4444,have to include the Numbers
0:27:06,@Empress_Animates,YAAA
0:27:06,@SigmaRizz-du1cc,OMGDSS
0:27:07,@Ribbit_Rabbit39,OH MY FREAKY 
0:27:07,@Blossomteasugar-243,Huh-
0:27:07,@Dandysw0rldGardenVeiw,HE???
0:27:07,@agoatheadbaby3512,WHAT TAMERS WON'T DO THAT
0:27:08,@Yatta-Looey-Blot-ah,:face_with_raised_eyebrow::neutral_face::neutral_face::neutral_face::neutral_face::neutral_face::neutral_face::neutral_face::neutral_face::neutral_face:
0:27:08,@Fartbaby-y6p,:face_holding_back_tears::victory_hand::victory_hand::victory_hand::victory_hand:
0:27:08,@The_Silly_Patootie,IM SCARED
0:27:08,@ffelicia,dream
0:27:08,@OG_SH4P3SH1FT3R,"COSMO MOVE, I NEED TO BE IN YOUR SPOT"
0:27:08,@circuszanny,WHAT FACE REAVEL??
0:27:08,@kalolainepeneueta598,he'll yea
0:27:09,@Thebatplushie,Oh
0:27:09,@Shivery,PLZZZZZ
0:27:09,@shrimpkuuu,?
0:27:09,@ffelicia,OMFALMFAOOA
0:27:10,@RataRabioza,SHRIMPO BEST TOON EVER
0:27:11,@magicmerciM,LMAOOO
0:27:11,@agoatheadbaby3512,LYING
0:27:12,@Fartbaby-y6p,YOOOOOOOOOOOOOOOOOOOOOO
0:27:12,@Dandysw0rldGardenVeiw,OH YEAAA
0:27:12,@shrimpkuuu,NOW
0:27:12,@Zaiikai,HAHAHA
0:27:12,@Yatta-Looey-Blot-ah,:neutral_face:
0:27:12,@naruytypapita,BASTA QUE ES ESO XD
0:27:12,@sproutseedly-n1v,DO A FACE REVEAL ILL BUST PLEASE
0:27:12,@shrimpkuuu,NOW
0:27:13,@theREELfinn1,SO PEAK 
0:27:13,@SproutslittleE-kitten,COSMO MOVEEEEE
0:27:13,@064razor,This is true
0:27:13,@CacaMeloni,I WANT IT
0:27:14,@HMZeroTwo,Dream mentioned and is canon in gardenview
0:27:15,@muichiromist,OHH
0:27:16,@GiaDelRosario,NO DON'T
0:27:16,@GoofyGuyReal2763,DONT MAKE HIM HIT 100K
0:27:16,@CeruleanArcadia,YEAAA
0:27:17,@Peejaylew,THEY BOUTTA GET REAL
0:27:17,@lorddioo8872,AMONG US
0:27:17,@shrimpkuuu,FCUKING SUB NOW
0:27:17,@Creammyscent,I FEEL SO BAD FINN JUST WANTS LOVEE FROM SHRIMPO
0:27:17,@dominicunderwood4911,NO
0:27:18,@The_Silly_Patootie,HUH
0:27:19,@lyleda_dood1350,he already did do a face reveal and he was like blonde and had like some weird southern accent 
0:27:19,@Peejaylew,WHAT
0:27:19,@Lucario4thewin,who is dream
0:27:19,@Empress_Animates,WTF
0:27:20,@LOUISIANA-b8s,BYEEE
0:27:20,@Cococaa,WHAT
0:27:20,@LUXE-DX,YESSS
0:27:20,@adrielpro3006,XDDDDD
0:27:20,@circuszanny,100%
0:27:21,@064razor,I'll kiss Dandy
0:27:21,@shellylover-2,BUNNY SPROUT AND COSMO
0:27:21,@doodlefloof,FACE REVEAL!?!?!!!???
0:27:21,@RC-tc8go,TRUEEE
0:27:21,@gonegonergone,He aint doing that lmao
0:27:21,@Feojsshsyydud,Face reveal
0:27:21,@Yatta-Looey-Blot-ah,:neutral_face::neutral_face::neutral_face:
0:27:22,@Fartbaby-y6p,IALMAF
0:27:22,@dominicunderwood4911,NONONONO
0:27:23,@CeruleanArcadia,DO IT DO IT
0:27:23,@certafan,TRUE
0:27:23,@GoozeyTheClown,DO IT
0:27:24,@BridgettePatterson-e1n,peak
0:27:24,@Empress_Animates,NOO
0:27:24,@Peejaylew,UHH DANDY 
0:27:25,@White-g6z,cya guys I finished
0:27:25,@LOUISIANA-b8s,BYEE EBYEEE
0:27:25,@Blossomteasugar-243,Poor cosmo T-T
0:27:26,@Lukeypookie3,YESSSSSS
0:27:26,@User44679,PEAKKKKK
0:27:26,@1Frostbyte11,DOIT
0:27:26,@kalolainepeneueta598,yall subscribe
0:27:26,@emosprout,YESSSS
0:27:26,@The_Silly_Patootie,GULP
0:27:26,@naruytypapita,OH XD
0:27:26,@SFraxure,omg I'm taming it
0:27:26,@CelestialZizzy,PLEASE SPEED I NEED THIS
0:27:27,@Yatta-Looey-Blot-ah,:neutral_face::neutral_face::neutral_face:
0:27:27,@NubMcMoofin,:saluting_face::saluting_face::saluting_face:
0:27:27,@doodlefloof,LOLLL
0:27:27,@Kipkat13,tribute his face reveal
0:27:27,@jennythebean9117,Subscribe now!
0:27:28,@shrimpkuuu,YAAAAAAAY
0:27:28,@breannaday5065,I gently opened the door
0:27:29,@slowpe9693,YESSSS
0:27:29,@CacaMeloni,IT IS WORTH IT
0:27:29,@alcinaisMINE,The most we’ve seen of tamers is him wearing mlp masks
0:27:30,@GoozeyTheClown,GET HIM TO 100K
0:27:30,@RataRabioza,fan service
0:27:30,@viko-m7v,WHAT
0:27:30,@GoldenCone69,"MAYBE AT 250,00"
0:27:31,@QuadellSabawu,NOOO ITS ENDINGGG
0:27:31,@circuszanny,YESYS GET TO 100K SUBSCRIBERS
0:27:31,@White-g6z,bye
0:27:32,@Shellydandysworld-x3p,WTF
0:27:32,@User44679,NOOOOO
0:27:32,@THE__Jhynx,yey
0:27:32,@vidjaibhoelai1152,NAHH
0:27:32,@dumsanihlatshwayo3185,nooo
0:27:32,@NubMcMoofin,:saluting_face::saluting_face:
0:27:33,@magicmerciM,CRAZY
0:27:33,@temperamentalroulette,peak video
0:27:33,@circuszanny,WE NEED THISSS
0:27:33,@Helionraiser,okay
0:27:33,@Peejaylew,WHAT 
0:27:33,@SkribbleDraws,HOLY PEAKKKKKKK
0:27:33,@Fartbaby-y6p,AHHHHHHHHHHHHHHH
0:27:34,@064razor,Bye bye
0:27:34,@zilants_yt,yall better sub right now
0:27:34,@beatoangelobrutas2812,so Dandy's gay?
0:27:34,@Empress_Animates,YOO
0:27:35,@Alexg_loverXD,So tuff dude
0:27:35,@kalolainepeneueta598,subscribeeeeee
0:27:35,@sillybillyzen,YES
0:27:35,@The_Silly_Patootie,WHATTTT
0:27:35,@r4d1sh89,YES
0:27:35,@User44679,WHTTT
0:27:35,@doodlefloof,OMG
0:27:35,@Peejaylew,WTF
0:27:35,@OG_SH4P3SH1FT3R,YES YES YES YES
0:27:36,@1Frostbyte11,Lol
0:27:36,@QuadellSabawu,byeeee
0:27:36,@Apppleee-s3l,DONT FACE REVEAL
0:27:37,@JoeYork-y1z,Song please 
0:27:38,@Shellydandysworld-x3p,.
0:27:38,@Idkwaoz,DAMNN
0:27:38,@Shellydandysworld-x3p,.
0:27:38,@sproutseedly-n1v,TAMERS IF YOUR CHOPPED IDEC
0:27:38,@r4d1sh89,WE NEED A FACE RECEAL
0:27:38,@RataRabioza,jeez
0:27:38,@Shellydandysworld-x3p,.
0:27:38,@Fartbaby-y6p,OH YEAA
0:27:38,@JennyIsDead,holy shit
0:27:38,@shrimpkuuu,GREAT EP
0:27:39,@HerreZC,YAY
0:27:39,@SkribbleDraws,PEAK PREMIER 
0:27:39,@Zipp665,I love your videos tamers 
0:27:39,@Dalekoverhauls,Yes
0:27:40,@jeannarivera613,gay:face_with_raised_eyebrow:
