timestamp,author,message
0:00:00,@Elysian-Gilivanti,HERE WE FUCKIN GOOOOO!
0:00:00,@TheMTwinny,Just like Flawless against Bartleby PHIL FEARS TAMERS
0:00:00,@Tamers12345MLP,Happy unicorn day everyone. (I know that was yesterday but I'm saying it today anyway)
0:00:00,@MillerTheDarkTransPrince,yayyyy
0:00:01,@applebloom2307,3
0:00:01,@Peejaylew,1
0:00:01,@UngulaPropriaRQ,tamers is a busy man too
0:00:01,@Feojsshsyydud,1
0:00:02,@solarismare,6
0:00:02,@applebloom2307,2
0:00:02,@solarismare,7
0:00:02,@springystarscout,YES
0:00:03,@applebloom2307,1
0:00:04,@Peejaylew,METS GOK
0:00:04,@jozeflacko6453,go
0:00:04,@liquidtamers12345,Lmao
0:00:04,@PwnyHipster,1
0:00:04,@Cattle.ink.3,yasssss
0:00:04,@NubMcMoofin,:horse::racehorse::racehorse::racehorse::horse::racehorse::racehorse::horse::racehorse::horse::racehorse::racehorse:
0:00:04,@theconfusedasian7685,:volcano-green-lava-orange:
0:00:05,@ponytart,oh hey that's a crime
0:00:06,@solarismare,YOOOOO
0:00:06,@devingibson1076,show time
0:00:07,@UngulaPropriaRQ,HERE WE GO
0:00:07,@mateoponey5537, ~wooo lets go
0:00:07,@Peejaylew,.
0:00:07,@Not_your_local_Alyse,OMG
0:00:08,@SonataDidIt,YAY
0:00:08,@NubMcMoofin,:smiling_face_with_hearts::smiling_face_with_hearts:
0:00:08,@solarismare,LETS GO
0:00:09,@applebloom2307,YES
0:00:09,@springystarscout,Cute 
0:00:10,@liquidtamers12345,ok off to a good start
0:00:10,@gigles_rulz,yayyyyyyy
0:00:11,@Not_your_local_Alyse,OMG
0:00:13,@gummy8440,OPENING
0:00:13,@grimtidings5451,OH HELL YEAH
0:00:15,@DoffeeNull,go Yuri horses
0:00:15,@therandom_dude,wtf?
0:00:16,@vinylgamer2688,yayyyyyyyyyyyyyyyyyyyyy
0:00:16,@1Goob.fan123,Oh.
0:00:17,@certafan,PEAK OP
0:00:17,@Not_your_local_Alyse,TAMERS I LOVE YOU
0:00:17,@FlawlessSparkleMoonisb4ck,WOOOOOOO
0:00:17,@SeriouslySodium,OMGOMGOMGOMGOMGGG
0:00:17,@Peejaylew,YOOO LETS GET THIS SHOW ON THE ROAD - Caine
0:00:17,@SeriouslySodium,G
0:00:18,@ISYUKIXXmouseVX00,YAYYYYY
0:00:18,@Luckystarfriendship,"Yes,"
0:00:18,@clockguy2793,ITS HERE
0:00:18,@springystarscout,Mari~
0:00:19,@Rawhuv,What's the song name
0:00:19,@KohJhonesItula,gun
0:00:19,@applebloom2307,KYUTE
0:00:19,@jozeflacko6453,YAY
0:00:20,@lizania81,YURIIIII
0:00:20,@LUNN4T1C,YESS
0:00:21,@jennythebean9117,It’s coming 
0:00:21,@lordofshrimps,lol
0:00:22,@dribvox,off the rip
0:00:23,@loolooluka,LETS GOOO
0:00:23,@PwnyHipster,:woman_dancing::woman_dancing::woman_dancing::woman_dancing::woman_dancing::woman_dancing:
0:00:24,@ISYUKIXXmouseVX00,AHHHHHHHHHHHHHH
0:00:24,@TheMTwinny,Logoooooooo
0:00:25,@applebloom2307,OOOOOOOOOOOO
0:00:25,@kkorrrnerrrrr,letsgoooo 
0:00:26,@slitherwing30,It’s crazy how I’m genuinely forced to stop everything I’m doing to tune in
0:00:26,@jsaenz96,my show is on
0:00:27,@FlawlessSparkleMoonisb4ck,SHAKE IIIIITTT
0:00:27,@muggz7752,WOAW BROOOOOO
0:00:27,@hoelt1,happy unicorn day
0:00:27,@PwnyHipster,ANIME INTRO
0:00:27,@Sweetie-r9p9r,YESSSS
0:00:27,@jozeflacko6453,yaaaaayyyy
0:00:27,@ok7777-j3s,yay
0:00:28,@kalebc56,FUCK IT UP TWI
0:00:29,@solarismare,MY LITTLE FLAWLESS
0:00:29,@TierAnon,God I love ponies
0:00:29,@AsianVamp,YAAAAAA
0:00:29,@NubMcMoofin,:smiling_face_with_hearts:
0:00:30,@neargaming2057,Flawless has a flawless sidearm
0:00:30,@muggz7752,YESSSS
0:00:32,@1Goob.fan123,YAY
0:00:33,@muggz7752,MOVIE TIMEEEE
0:00:33,@jozeflacko6453,Wowwwwwwww
0:00:33,@vdn2468,LETS GOOO
0:00:34,@ssum.things,they got trixiebelle posed up like piccolo
0:00:36,@Tywring,you should of used pinky up instead of this song
0:00:37,@springystarscout,SO CUTE
0:00:37,@Rawhuv,What's the song name???
0:00:38,@xamxsu,WOOOOOOOOOO
0:00:39,@jennythebean9117,Anime intro :O
0:00:39,@ok7777-j3s,ok
0:00:40,@LvXGameMaster,WHOAH AN INTRO!!
0:00:41,@solarismare,AAAAAA
0:00:41,@jozeflacko6453,✓
0:00:42,@solarismare,SO CUTE
0:00:43,@moisturizer1355,Yoooo! gonna rep 20 to this!
0:00:43,@SniperGamingHD1,PEAK
0:00:44,@jsaenz96,any tops looking?
0:00:45,@gigles_rulz,yesssss
0:00:45,@TheMTwinny,We actually got an anime OP this time haha
0:00:46,@Hyloaf,LET'S GOOOOOOOO
0:00:47,@PwnyHipster,:woman_dancing:
0:00:48,@Exiledlama,Lets go!
0:00:48,@fluttergabe22,this is fire :fire::fire::fire::fire::fire:
0:00:49,@Cuttie._.cuttie,Is it just a song? 
0:00:50,@1Goob.fan123,So alpha
0:00:51,@MillerTheDarkTransPrince,peak
0:00:51,@jennythebean9117,She got gun
0:00:52,@Tamers12345MLP,"I literally don't know the same of the song, I'll put it in the description after I fine it again"
0:00:54,@lizania81,Yuri vs yaoi
0:00:54,@Kipkat13,pogging
0:00:54,@springystarscout,STAR CATCHER WIFE
0:00:55,@AnimeGames16,This is kino not gonna lie.
0:00:58,@Aromaticgrassitem,WHOOOO!
0:01:00,@ISYUKIXXmouseVX00,FUuhhhhh
0:01:01,@GoldenCone69,absolute Cinema!
0:01:02,@solarismare,STARCATCHER
0:01:05,@Missmab123456,:woman_dancing: :woman_dancing::woman_dancing:
0:01:05,@applebloom2307,Reincarnationsssss
0:01:05,@haileykitty6993,"I'm gonna have tacos for dinner, so this be good to watch while waiting"
0:01:08,@MillerTheDarkTransPrince,let's goooooooo
0:01:09,@RoySimilus,OMG
0:01:10,@solarismare,AAAAA
0:01:11,@slitherwing30,I love my little gay horse show
0:01:12,@Hexen_4444,who's Yuri?
0:01:13,@PwnyHipster,The Gurls
0:01:14,@kkorrrnerrrrr,cutecutecute
0:01:15,@Luckystarfriendship,Yes
0:01:15,@UngulaPropriaRQ,whos the yellow one 
0:01:15,@burjort,it's from keki but I forgot too
0:01:16,@MillerTheDarkTransPrince,so peak
0:01:16,@idothisfr1,who are these ppl
0:01:17,@dominicunderwood4911,Nikki
0:01:17,@BrownPilledFartCel,im crying in JOY right now
0:01:17,@XxZ0MB1E_K1TTYxX,HAIIII
0:01:17,@ponytart,"maybe dancing to the beat, idkkkk"
0:01:18,@Solums,anime intro
0:01:18,@certafan,Oh my god Fluttershy is still alive?? ughhhh
0:01:19,@Jakechi1999,Tirek!
0:01:21,@liamsto123,banger
0:01:21,@fluttergabe22,SPIKE!!!!!!!
0:01:22,@Rawhuv,this song is just addicting to hear my bad
0:01:22,@solarismare,banger intro
0:01:24,@doggerlander,our HEROES
0:01:24,@agoatheadbaby3512,EVERYONE IS HERE
0:01:24,@muggz7752,HELL YESSSSSSSS
0:01:24,@doublej209,out heroes
0:01:24,@Keiry2017,FUCK YES
0:01:24,@RoySimilus,I can't wait this is already good
0:01:24,@jaminator8000,long john silvers
0:01:24,@springystarscout,LUNAAAAA
0:01:24,@TheMTwinny,Like how serious this OP is
0:01:25,@jennythebean9117,Yuri
0:01:25,@PwnyHipster,THE sQUAD
0:01:26,@27McCracken,Everyone say Thank you Tamers
0:01:28,@muggz7752,SO EPIC
0:01:28,@Tamers12345MLP,You bitches obsessing over Starcatcher is the same reason why Trixiebelle turned evil smh
0:01:28,@solarismare,OH MY GOD LMFAO
0:01:29,@Peejaylew,UOO
0:01:30,@Hyloaf,unf
0:01:30,@XxZ0MB1E_K1TTYxX,YAYYYYY
0:01:31,@Tianhuo,incredible
0:01:31,@PwnyHipster,Rarity!
0:01:32,@NubMcMoofin,:face_savoring_food::face_savoring_food:
0:01:32,@applebloom2307,"Thats legit so cute, gotta draw"
0:01:32,@muggz7752,CHYSHICSLISSS
0:01:33,@RoySimilus,?
0:01:34,@Elysian-Gilivanti,a proper intro holy shit
0:01:34,@TheMTwinny,Then we the bullshit right after haha
0:01:34,@Solums,my yuri
0:01:35,@LvXGameMaster,CLUB MUSIC
0:01:35,@SeriouslySodium,:eyes:
0:01:35,@solarismare,HELL YES PLEASE
0:01:35,@SonataDidIt,Damn
0:01:35,@1Goob.fan123,OH 
0:01:35,@misakayy1911,MY WIFE
0:01:35,@AsianVamp,THANK YOUU
0:01:36,@Captainshadow3027,I saw shining armor and cadence and chrysalis
0:01:36,@UngulaPropriaRQ,ITS THE PINK PONY CLUB FROM GAYS 
0:01:36,@Sweetie-r9p9r,PINK PONY CLUB
0:01:37,@BlueBoyo101,Star Catcher son or Trixie Bell daughter
0:01:37,@TierAnon,UNF
0:01:37,@applebloom2307,YESSS
0:01:37,@Vagab0ndify,"Thank you, Tamers!"
0:01:38,@SuperCaptainFail,flawless is so bad its unreal
0:01:38,@lordofshrimps,okay flawless
0:01:38,@applebloom2307,YES
0:01:39,@jestermaxxed,YESSSSSSS
0:01:39,@applebloom2307,YES
0:01:39,@LUXE-DX,HOLY
0:01:40,@delta-v4x,"Wait, didn't she go to the elementary?"
0:01:40,@Cattle.ink.3,omg.
0:01:40,@makotoikari4854,violence!
0:01:40,@applebloom2307,ES
0:01:40,@agoatheadbaby3512,ALRIGHT
0:01:41,@applebloom2307,YES
0:01:41,@liamsto123,dayum
0:01:41,@misakayy1911,MY WIFE MY WIFE MY WIFE
0:01:42,@vinylgamer2688,peakkkkkkkkkkkkkkkk
0:01:42,@Feojsshsyydud,Wow
0:01:42,@Morflow_,WOOOO
0:01:42,@Keiry2017,Intro redoooo:cat_with_wry_smile::cat_with_wry_smile:
0:01:42,@fluttergabe22,nightclub :hot_face::hot_face::hot_face::hot_face::hot_face:
0:01:42,@XxZ0MB1E_K1TTYxX,YESSSS
0:01:43,@solarismare,STARCATCHER IS OBESSIVE WITH ME
0:01:43,@lizania81,YEESSS
0:01:43,@NitroboneExtinct,SMASH
0:01:44,@kkorrrnerrrrr,damn
0:01:44,@Hyloaf,lol cheerilee
0:01:45,@applebloom2307,YESYESYESYESYES
0:01:46,@solarismare,WTF LMFAO
0:01:46,@gummy8440,Trixiebelle needs to win everything
0:01:47,@UngulaPropriaRQ,OH SHIT 
0:01:48,@lordofshrimps,OKAY
0:01:48,@jozeflacko6453,Sooooooo CuTe!!!!!!!!!!!!!!!!!!!!
0:01:49,@applebloom2307,IM SO GAY
0:01:49,@RoySimilus,O k we're already starting off questionable
0:01:49,@crynaek1454,WOOOO
0:01:49,@Not_your_local_Alyse,MY WIFEY
0:01:49,@springystarscout,SO CUTE
0:01:50,@jaminator8000,damn!
0:01:50,@jennythebean9117,True Animu
0:01:50,@LvXGameMaster,BRO
0:01:50,@crynaek1454,YEAHHHHHH
0:01:51,@Cattle.ink.3,oop-
0:01:51,@therandom_dude,WTF!?!!
0:01:52,@Kipkat13,LORD ABOVE
0:01:52,@vinylgamer2688,smash
0:01:52,@solarismare,SHE KILLED THEM
0:01:53,@malymaciak123,peaaak time
0:01:53,@Feojsshsyydud,WHAT
0:01:54,@Xzonza1,Pinkie Pimp
0:01:54,@mr.bananaman9805,HE MADE PINKIE BLACK?
0:01:55,@solarismare,GYAAT
0:01:55,@PwnyHipster,@Tamers12345MLP He should have been born white then
0:01:55,@liquidtamers12345,Don't taunt me I will fucking animate Star Catcher again
0:01:56,@Luckystarfriendship,ohhh
0:01:56,@1Goob.fan123,PINKY WHAT THE HELLY
0:01:56,@TheMTwinny,PINKIE WHY
0:01:57,@agoatheadbaby3512,WHAT THE 3FF FLAWLESS
0:01:58,@neargaming2057,Not the gyat
0:01:59,@kkorrrnerrrrr,xDD
0:01:59,@PwnyHipster,GYAAT
0:02:00,@SonataDidIt,The main money maker
0:02:03,@RoySimilus,what
0:02:03,@dominicunderwood4911,"Jeez Pinkie, just enjoy the show & stop killing fools!"
0:02:05,@lordofshrimps,Why is she suddenly black
0:02:05,@sharkey-u4s,нфн
0:02:07,@Keiry2017,FUCK YES
0:02:08,@DoffeeNull,damm pinkie
0:02:08,@xamxsu,new material
0:02:09,@fluttergabe22,of course pinkie pie commits murder and arson :face_with_tears_of_joy:
0:02:10,@BluududytXD,Tamers this is peak
0:02:10,@solarismare,WTF
0:02:11,@Aromaticgrassitem,"gyaddamn, flawless throwin it baxk"
0:02:11,@Peejaylew,Dam
0:02:11,@1Goob.fan123,Oop
0:02:12,@certafan,OH
0:02:12,@misakayy1911,OH
0:02:12,@MillerTheDarkTransPrince,yayyy go Flawless
0:02:12,@solarismare,THAT SLAP
0:02:13,@delta-v4x,YOU'RE GROUNDED
0:02:13,@BluududytXD,OOP
0:02:14,@Hexen_4444,punish her Twilight
0:02:15,@FlawlessSparkleMoonisb4ck,HE USED MY ART AS A REF
0:02:15,@NubMcMoofin,:disappointed_face:
0:02:16,@thedarknessinthelight9824,I WISH I WAS IN THAT CLUB-
0:02:16,@FlawlessSparkleMoonisb4ck,OML
0:02:16,@springystarscout,Cutest little bunny mare
0:02:17,@BluududytXD,LOL
0:02:19,@FlawlessSparkleMoonisb4ck,TAHTS MY ART
0:02:20,@Cattle.ink.3,dayum trixie
0:02:20,@Padtygalaxy,Bunny flawless mare 
0:02:21,@TheMTwinny,Listen to your mama
0:02:22,@XxZ0MB1E_K1TTYxX,WHAT
0:02:23,@haileykitty6993,damn she in trouble
0:02:24,@Tamers12345MLP,Oh yeah this episode was delayed so it's a bit outdated with the movie choice later on in the episode fyi
0:02:25,@ZiyahSmiley-c4q,That pony with the green hat looks like the guy from brawl stars
0:02:26,@slitherwing30,Flawless getting grounded
0:02:26,@UltimateStarky,wow
0:02:31,@liquidtamers12345,Ears!
0:02:33,@solarismare,CASH MONEY
0:02:33,@PwnyHipster,MONEY
0:02:36,@Tamers12345MLP,You'll get what I mean later
0:02:36,@delta-v4x,Flawless is channeling Tamers
0:02:38,@Kipkat13,rekt
0:02:38,@agoatheadbaby3512,WOAW
0:02:38,@GoldenCone69,they need to Get the Evil Flawless from her- nvm Money.
0:02:39,@beabuzzkill,not ominous at all
0:02:40,@UngulaPropriaRQ,badass smile
0:02:40,@lordofshrimps,my money
0:02:41,@doggerlander,that girl is going down a dark road
0:02:43,@Aromaticgrassitem,flawless is totes grounded...
0:02:43,@XxZ0MB1E_K1TTYxX,OH MY
0:02:44,@therandom_dude,bruh
0:02:45,@jozeflacko6453,yyyyyyayyyyyyyyyyyyy Wooowwwwwww!!!!!!!!!!!!!sooooooo!!!!!✓✓✓✓✓
0:02:46,@PwnyHipster,TWILIGHT PICK THAT UP
0:02:49,@DoffeeNull,drama!!!
0:02:50,@fluttergabe22,"Flawless was just trying to win some money, unlike Trixie's dumbass"
0:02:50,@TierAnon,BASED
0:02:50,@jennythebean9117,:O
0:02:52,@Rawhuv,I am inlove with trixiebelle
0:02:53,@Keiry2017,I wish i was in that club(simps belike) 
0:02:54,@applebloom2307,SCREW IT IM GOING TO UK PC AS BUNNY FLAWLESS
0:02:55,@SonataDidIt,Trixie is kinda spitting facts
0:02:55,@PoppinCornBaby,Oh no
0:02:55,@Imthe_realSAYORItrust,Tamers Looey is my husband 
0:02:55,@Tamers12345MLP,Trixie is right tho
0:02:56,@Ckaboom,Damn
0:02:56,@Cuttie._.cuttie,Pfft-
0:02:57,@jestermaxxed,yeah and she lilkes that
0:02:57,@doublej209,trixie is a real one for this
0:02:59,@certafan,I mean... could we blame them though
0:03:00,@FlawlessSparkleMoonisb4ck,TAMERS12345 DID U USE MY ART TO PUT ME IN A BUNNY SUUT
0:03:00,@lovingfool2060,they just like chat fr
0:03:01,@dominicunderwood4911,lol fair
0:03:01,@jennythebean9117,Jelly
0:03:02,@jozeflacko6453,yaayayyayayayayayayayyayaya
0:03:05,@solarismare,trixie!!!
0:03:05,@vinylgamer2688,teen flawless peak 
0:03:07,@delta-v4x,Trixie has priorities
0:03:07,@Hexen_4444,W Trixie
0:03:08,@Binary_Forever,Is this a metaphor
0:03:08,@TheMTwinny,Now just don't leave the money there
0:03:12,@liquidtamers12345,Hhaah
0:03:12,@gigles_rulz,trixie
0:03:12,@Exiledlama,LMAO
0:03:13,@lizania81,they should kiss oh who said that
0:03:13,@GoldenCone69,isn't Flawless a Child Since she was created 5-12 months ago?
0:03:13,@TheMTwinny,Pick that shit up
0:03:13,@DoffeeNull,twilight need the money for flawless and Trixie
0:03:13,@jozeflacko6453,ayayayayyayayayayyayayayayayaya
0:03:13,@MillerTheDarkTransPrince,True but money
0:03:16,@solarismare,sparkle
0:03:16,@Kipkat13,lmao
0:03:17,@mr.bananaman9805,Doesn't flawless go to a middle school?
0:03:17,@crestposting,me too flawless
0:03:18,@jozeflacko6453,yayyaayayyayayyayaya
0:03:19,@27McCracken,Trixie lowkey right 
0:03:20,@Aromaticgrassitem,Trixie is a good mom
0:03:22,@PwnyHipster,same
0:03:22,@applebloom2307,But thats why shes cute
0:03:23,@jozeflacko6453,yyayayayaya
0:03:25,@XxZ0MB1E_K1TTYxX,oh no
0:03:27,@jozeflacko6453,yyayayay
0:03:27,@RoySimilus,W TRIXIE
0:03:28,@Keiry2017,Isn't she a teenager or no
0:03:29,@Tamers12345MLP,Twilight didn't beat up Trixie she was telling twilight to beat flawless up
0:03:31,@jozeflacko6453,yyayayayayayyaa
0:03:32,@jennythebean9117,:O
0:03:35,@jozeflacko6453,yayayayayyayay
0:03:37,@solarismare,thanks tamers
0:03:38,@jozeflacko6453,yayayayayayyaa
0:03:39,@1Goob.fan123,W TRIXIE
0:03:41,@agoatheadbaby3512,Dang.
0:03:41,@delta-v4x,Why did the movie just start and we have the peak already
0:03:42,@Imthe_realSAYORItrust,HI TAMERS
0:03:43,@fluttergabe22,W Moms
0:03:44,@MillerTheDarkTransPrince,W Trixie
0:03:48,@Exiledlama,Twilight should had given her the 1 2
0:03:52,@dominicunderwood4911,"@vinylgamer2688 yeah lol, teen flawless peak"
0:03:52,@solarismare,OH GOD
0:03:53,@27McCracken,THANK YOU TAMERS
0:03:54,@solarismare,SHE'S BACK
0:03:55,@ItsameDesire,money is money
0:03:55,@SonataDidIt,I love that music
0:03:56,@jsaenz96,why didn't twilight do what trixie said
0:03:56,@applebloom2307,OOOh
0:03:57,@springystarscout,YES
0:03:57,@jennythebean9117,Mama cares :pleading_face:
0:03:58,@PwnyHipster,YES
0:03:59,@DoffeeNull,oh no!!
0:03:59,@solarismare,THE EVIL
0:03:59,@lordofshrimps,i keep forgetting about her
0:04:00,@GoldenCone69,WHY ARE WE FORGETTING FLAWLESS GOES TO MIDDLE SCHOOL?!!!
0:04:00,@certafan,Me too tbf
0:04:01,@therandom_dude,her!?!
0:04:01,@PoppinCornBaby,ITS FLAW
0:04:01,@neargaming2057,FRACTURED AGAIN?!
0:04:01,@jozeflacko6453,YAY yaayayayayayyayayayayayya
0:04:02,@TheMTwinny,Hey it that thing again
0:04:02,@RoySimilus,OH NO
0:04:02,@firewolf595,KISS KISS KISS
0:04:05,@AsianVamp,OOOH
0:04:06,@vinylgamer2688,W 
0:04:06,@jsaenz96,she needs to listen more
0:04:07,@SonataDidIt,its her
0:04:09,@therandom_dude,that was HER
0:04:12,@dominicunderwood4911,It stands for I WIN
0:04:13,@Keiry2017,Mama cares asf
0:04:13,@liquidtamers12345,toxic selfcest
0:04:13,@MillerTheDarkTransPrince,kiss
0:04:14,@applebloom2307,SHES BACK
0:04:14,@crestposting,me too flawless
0:04:15,@UngulaPropriaRQ,SELFCEST ENJOYERS LOG IN
0:04:15,@BluududytXD,HER.
0:04:15,@Aromaticgrassitem,"oh damn, fractured"
0:04:17,@ok7777-j3s,W
0:04:17,@MillerTheDarkTransPrince,kiss
0:04:19,@jennythebean9117,Kool scooter 
0:04:21,@applebloom2307,Im so gay for flawless
0:04:22,@MillerTheDarkTransPrince,kiss
0:04:22,@delta-v4x,It's like that scene in that point and click adventure. You know.
0:04:23,@PwnyHipster,I love this ship
0:04:23,@ok7777-j3s,oh
0:04:24,@solarismare,holy creature
0:04:25,@slitherwing30,GOTTA BE WHATTING UR
0:04:25,@GoldenCone69,FIGHT! FIGHT!
0:04:26,@lordofshrimps,why did she do that
0:04:26,@OrpheusHart,"Fractured mogged again, say it isnt so"
0:04:27,@springystarscout,Feral
0:04:28,@XxZ0MB1E_K1TTYxX,YURI??
0:04:28,@jennythebean9117,Evil Flawless 
0:04:29,@kkorrrnerrrrr,uuuuh
0:04:29,@fluttergabe22,bro
0:04:29,@BluududytXD,oh
0:04:30,@RoySimilus,WHO THAT AGAIN I DON'T WATCH MY LITTLE PONY
0:04:31,@SuperCaptainFail,is this an episode about sexual liberation 
0:04:33,@Hyloaf,lol
0:04:34,@vinylgamer2688,I missed her so much 
0:04:34,@dominicunderwood4911,Stop fighting the bad girl side
0:04:35,@Keiry2017,YURI
0:04:36,@kalebc56,selffist
0:04:36,@Aromaticgrassitem,"wow, its fractured. what wi she do?"
0:04:37,@certafan,OUH?!
0:04:38,@Wowdoiknow_uim_inc,IM 6 MINUTES LATE 
0:04:40,@Lucario4thewin,nerd
0:04:42,@applebloom2307,selfcest selfcest selfcest
0:04:42,@BluududytXD,OOP
0:04:42,@springystarscout,LOL
0:04:42,@1Goob.fan123,“Gg”
0:04:43,@NubMcMoofin,:smiling_face_with_hearts::smiling_face_with_hearts:
0:04:43,@solarismare,GG GET REKT NERD
0:04:46,@agoatheadbaby3512,get rekt nerd
0:04:46,@fluttergabe22,she's a phantom :astonished_face:
0:04:48,@TierAnon,WOONA
0:04:48,@springystarscout,Hi Luna
0:04:49,@doggerlander,true
0:04:49,@delta-v4x,PISS WITH NO SUGAR
0:04:50,@vdn2468,I love evil flawless
0:04:50,@lordofshrimps,Oh my god LUNA
0:04:51,@solarismare,FLAWLESS XD
0:04:51,@UltimateStarky,madge
0:04:51,@lizania81,SELFCESTT YES
0:04:51,@Hexen_4444,Huh?
0:04:52,@Feojsshsyydud,A
0:04:53,@TheMTwinny,>:T
0:04:54,@certafan,LUNA MY BELOVEDDDD
0:04:55,@PoppinCornBaby,WE LOVE FLAWLESS
0:04:55,@fluttergabe22,Luna :smiling_face_with_hearts:
0:04:59,@lordofshrimps,Ponies
0:05:02,@solarismare,oh god
0:05:03,@johnnysmith54,not that anyone will see this but i love your creativity in both art and storytelling
0:05:04,@applebloom2307,Do cats count under family?
0:05:05,@BluududytXD,piss with no sugar sucks
0:05:05,@solarismare,HE IS RETURNING?
0:05:05,@GlimmyGOD,money can buy you a BBL
0:05:08,@Hyloaf,woah
0:05:12,@NubMcMoofin,:smiling_face_with_hearts:
0:05:14,@SonataDidIt,omg
0:05:15,@makotoikari4854,GBA
0:05:15,@slitherwing30,Realistically family but a bit more money would be fire
0:05:15,@SonataDidIt,PEAK
0:05:15,@kkorrrnerrrrr,woah
0:05:16,@GoldenCone69,why are they kissing??
0:05:16,@applebloom2307,YES
0:05:18,@pixelated6451,OKAY UM
0:05:18,@slitherwing30,I’m poor asf
0:05:18,@XxZ0MB1E_K1TTYxX,BLUUDUDE???
0:05:19,@RoySimilus,what
0:05:19,@Zachdewd,oh that fuckin thing
0:05:19,@TheMTwinny,SELFCESY
0:05:19,@Solums,Kiss?!
0:05:19,@mr.bananaman9805,WOAH
0:05:20,@PwnyHipster,YES
0:05:20,@KhakiCap,family... no matter how shitty it is
0:05:20,@Peejaylew,GUYS JANDEL IS DOING ADMIN ABUSE
0:05:21,@lizania81,YEEESS
0:05:21,@1Goob.fan123,THERE MAKING OUT
0:05:21,@clunker6712,WOAHHH
0:05:23,@PwnyHipster,open eye kiss
0:05:24,@Feojsshsyydud,Love is in the air 
0:05:24,@lordofshrimps,Why are they making out
0:05:25,@solarismare,yeah she is
0:05:25,@1Goob.fan123,Toes
0:05:26,@haileykitty6993,food is kinda important to me :grinning_face_with_sweat:
0:05:26,@ok7777-j3s,omg
0:05:27,@springystarscout,Based GBA user 
0:05:28,@mateoponey5537,cute
0:05:28,@UltimateStarky,why
0:05:29,@Ckaboom,Not them kissing in the background 
0:05:29,@certafan,Truly peak
0:05:31,@lizania81,YURII
0:05:32,@solarismare,LMFAO
0:05:33,@DoffeeNull,family matters ools
0:05:34,@pokefreak2112,cuuuuteeee
0:05:34,@TheMTwinny,LMAO
0:05:34,@fluttergabe22,Gameboy advance :smiling_face_with_heart_eyes:
0:05:34,@RoySimilus,get a room
0:05:35,@applebloom2307,Gameboy advance was releaseed in the year 2000
0:05:35,@solarismare,WHAT IS THIS TAMERS
0:05:36,@vanveleca,gaming
0:05:37,@springystarscout,YES
0:05:38,@lordofshrimps,WHAT IS HER PROBLEM
0:05:38,@KhakiCap,flash
0:05:39,@LvXGameMaster,......ew cringe.
0:05:39,@agoatheadbaby3512,DRESS-UO GAMES
0:05:40,@thedarknessinthelight9824,NO SHOT
0:05:40,@xamxsu,Did Flawless and Twilight always have the same voice?
0:05:41,@SonataDidIt,peak/peak
0:05:41,@1Goob.fan123,NOT THE FIVE YEAR OLD GAMES
0:05:41,@RoySimilus,lol
0:05:43,@slitherwing30,Says you wearing jammies 
0:05:44,@Keiry2017,133 WE WANT YURI 
0:05:44,@XxZ0MB1E_K1TTYxX,Awww
0:05:45,@springystarscout,I LOVE THOSE BOOTLEG FLASH GAMES
0:05:45,@Hexen_4444,:nerd_face:
0:05:45,@delta-v4x,9:41
0:05:45,@CozyYote,me too
0:05:45,@agoatheadbaby3512,DRESS-UO GAMES
0:05:46,@Cattle.ink.3,not that game
0:05:46,@dominicunderwood4911,"Its true, Twilight forgets who originally held her leash"
0:05:46,@papafrank769,What
0:05:49,@ItsameDesire,W
0:05:49,@DoffeeNull,flash offline
0:05:50,@BrothersInArms1776,I
0:05:50,@agoatheadbaby3512,DRESS UP
0:05:50,@fluttergabe22,"I know this game, it's a classic"
0:05:50,@RoySimilus,what
0:05:52,@lizania81,w Celestia w law
0:05:52,@jestermaxxed,she's just like me fr
0:05:53,@solarismare,that face
0:05:55,@jennythebean9117,Selfcest
0:05:55,@lordofshrimps,Why does she have pink hair
0:05:56,@badnin707,lmao
0:05:57,@agoatheadbaby3512,HO HO
0:05:57,@geekangel6110,WHY DID I PLAY THAT EXACT GAME WHEN I WAS LITTLE :loudly_crying_face:
0:05:59,@PwnyHipster,Love Celestia
0:06:01,@jennythebean9117,Epic games 
0:06:02,@jozeflacko6453,IOVE
0:06:04,@TheMTwinny,G5 BED STUFFS
0:06:06,@CozyYote,i hope my therapist isnt watching this rn i gave her ur username:smiling_face_with_tear:
0:06:07,@kkorrrnerrrrr,peak bedroom
0:06:07,@applebloom2307,oh hey its me
0:06:08,@vinylgamer2688,oh no g5 
0:06:08,@delta-v4x,"No, she's better"
0:06:11,@jennythebean9117,>:3
0:06:13,@certafan,Chad Celestia LMAK
0:06:13,@veelee9808,lol
0:06:13,@Lucario4thewin,white is better
0:06:15,@fluttergabe22,Twilight's shirt looks cool :smiling_face_with_sunglasses:
0:06:16,@lordofshrimps,Twilight is black btw
0:06:16,@BluududytXD,Is twilight a nerd:loudly_crying_face:
0:06:17,@PwnyHipster,she is tho
0:06:17,@MillerTheDarkTransPrince,W Celestia
0:06:19,@dominicunderwood4911,"@springystarscout Exactly, flash game nostalgia"
0:06:21,@YoshiiJenny,Oooo
0:06:22,@ok7777-j3s,lol
0:06:22,@insanianevi8089,g5 jumpscare
0:06:22,@Tamers12345MLP,:slightly_frowning_face:
0:06:24,@applebloom2307,aww bby
0:06:24,@YoshiiJenny,Wow
0:06:25,@lizania81,oh...
0:06:25,@solarismare,DISCORD?
0:06:26,@Aromaticgrassitem,Celestia really is a queen
0:06:26,@pixelated6451,Its giving yellow diamond
0:06:27,@liquidtamers12345,Discord ping
0:06:27,@dominicunderwood4911,false
0:06:28,@YoshiiJenny,Cool
0:06:28,@OrpheusHart,the discord nnocie
0:06:32,@ssum.things,princess celestia doing anything but being a leader:loudly_crying_face:
0:06:34,@jennythebean9117,Fr fr
0:06:35,@springystarscout,Jumpscare 
0:06:36,@haileykitty6993,says ponies aren't allowed to wear clothes when she's wearing pj's right now
0:06:36,@agoatheadbaby3512,Twilight no you're giving her what she wants!!!!!
0:06:36,@GlimmyGOD,sniff
0:06:37,@YoshiiJenny,:partying_face::partying_face::partying_face::partying_face:
0:06:37,@solarismare,the discord ping got me
0:06:38,@Exiledlama,LMAO
0:06:41,@Ponk1,fuuuuuq im late
0:06:41,@Zachdewd,you fuckin got me...
0:06:42,@BluududytXD,IM SRRY TAMER:loudly_crying_face::loudly_crying_face:
0:06:43,@solarismare,LMFAO
0:06:44,@lunaaspall4052,drink
0:06:45,@thedarknessinthelight9824,Poopy baby pants
0:06:45,@BluududytXD,Oh.
0:06:45,@GoldenCone69,just hang up On This point
0:06:47,@PwnyHipster,DAMN
0:06:48,@Keiry2017,Girl is wearing clothes even tho she made it illegal 
0:06:48,@agoatheadbaby3512,OOOOOOOOHH SNAP
0:06:48,@therandom_dude,LMFAO :face_with_tears_of_joy::face_with_tears_of_joy::face_with_tears_of_joy::face_with_tears_of_joy::face_with_tears_of_joy::face_with_tears_of_joy::face_with_tears_of_joy::face_with_tears_of_joy::face_with_tears_of_joy::face_with_tears_of_joy:
0:06:48,@27McCracken,Average discord conversation 
0:06:49,@TheMTwinny,CELESTIA FARTED FIRST
0:06:49,@Jakechi1999,Poopa stinka
0:06:49,@Cattle.ink.3,God.
0:06:50,@Tamers12345MLP,Damn that was kind of sexy LOL
0:06:51,@fluttergabe22,Fart #1
0:06:51,@vinylgamer2688,i fell for that discord ping XD
0:06:52,@liquidtamers12345,YEAH
0:06:53,@doggerlander,first fart?
0:06:53,@applebloom2307,"Oh, first afr"
0:06:53,@AnthonyHooks-h3r9y,What the freak are cranberry juice is this holy moly what it looks like I do
0:06:53,@jennythebean9117,Discord 
0:06:54,@Lucario4thewin,yay
0:06:54,@springystarscout,CHRISSY YES
0:06:55,@liquidtamers12345,aww.
0:06:55,@XxZ0MB1E_K1TTYxX,I'm making yaoi fanfiction right now
0:06:56,@NubMcMoofin,:disappointed_face:
0:06:57,@solarismare,no she's evil
0:06:59,@slitherwing30,My camera roll degenerates a but each time ur live
0:07:00,@lordofshrimps,Lol
0:07:01,@dominicunderwood4911,daaamn
0:07:01,@applebloom2307,first fart was tia
0:07:03,@springystarscout,Hi Rarity
0:07:05,@veelee9808,yess
0:07:05,@GoldenCone69,Holy shit!
0:07:05,@PwnyHipster,HOLY FUCK
0:07:06,@BluududytXD,Tamers keep yapping
0:07:06,@DoffeeNull,isnt celestial evil
0:07:06,@agoatheadbaby3512,Wow.
0:07:07,@jennythebean9117,lol poopy baby
0:07:07,@applebloom2307,waow
0:07:08,@liquidtamers12345,Baiting Chrysalis will be costly.
0:07:11,@UngulaPropriaRQ,hell yeah
0:07:12,@dominicunderwood4911,"YAY, I love queen crysalisc"
0:07:12,@agoatheadbaby3512,How did they do that?
0:07:12,@GoldenCone69,let's goo their rich!!
0:07:13,@springystarscout,How the fuck did she afford 
0:07:14,@Binary_Forever,this soarins apt?
0:07:14,@fluttergabe22,chrysalis is cute because she's uh cute
0:07:15,@springystarscout,Oh
0:07:15,@solarismare,a small loan of a million dollars
0:07:15,@PwnyHipster,Based Rarity
0:07:15,@DoffeeNull,damm
0:07:16,@certafan,Uh oh
0:07:17,@Tamers12345MLP,It took all of my will to not have Celestia call Chrysalis black right there.
0:07:18,@applebloom2307,did they k!ll someone to get that room??
0:07:19,@GoldenCone69,MONEY I LOVE MONEY!
0:07:19,@clunker6712,She’s dreaming isn’t she
0:07:21,@jennythebean9117,Zamn
0:07:21,@solarismare,THE BACKROOMS!
0:07:22,@SonataDidIt,backroom!!
0:07:22,@haileykitty6993,Rainbow Dash is rich?
0:07:23,@I_lovee_muffins,yooo this is really swag
0:07:24,@KhakiCap,"lol, backrooms"
0:07:24,@Aromaticgrassitem,"Rarity made it, baby!"
0:07:26,@muggz7752,OLS MEME
0:07:27,@XxZ0MB1E_K1TTYxX,AWWWW
0:07:27,@lordofshrimps,why does she talk like this
0:07:28,@jennythebean9117,Damn
0:07:29,@springystarscout,Cute filly 
0:07:30,@muggz7752,OLD MEME
0:07:32,@Bestfandoms,HAHA I KNEW MY BABY WAS NOT MEANING TO STRIP
0:07:33,@XxZ0MB1E_K1TTYxX,SHE CUTE
0:07:35,@BlueBoyo101,Use your will on something less lame
0:07:35,@skyberry_axx,good job
0:07:35,@springystarscout,The cutest filly!
0:07:35,@liquidtamers12345,Bring her back the people want a black queen
0:07:36,@jennythebean9117,Zamn
0:07:36,@DoffeeNull,rarity is still broke yall
0:07:40,@dominicunderwood4911,"DAMN, WHY CANT I SEE MORE CRISALIS?!!"
0:07:40,@BlueBoyo101,she should have called her black
0:07:43,@XxZ0MB1E_K1TTYxX,SHES SOOO CUTE :pleading_face::pleading_face:
0:07:44,@Jakechi1999,Don't steal mone...
0:07:45,@Luckystarfriendship,bbl
0:07:48,@jsaenz96,the way she says darling lmao
0:07:51,@jennythebean9117,Yes
0:07:51,@RoySimilus,W
0:07:52,@Aromaticgrassitem,"YEAAAAHHHH, RARITY ROBBED BANK!"
0:07:53,@beabuzzkill,peak
0:07:57,@PwnyHipster,W
0:07:57,@toki4204,ohhhh
0:07:57,@DoffeeNull,protect sweetiebelle
0:07:59,@TheMTwinny,Rarity you was so good...
0:08:00,@liquidtamers12345,kicking episode
0:08:01,@jennythebean9117,:loudly_crying_face::loudly_crying_face::loudly_crying_face:
0:08:01,@XxZ0MB1E_K1TTYxX,NOOOOOO
0:08:02,@springystarscout,NOOOO
0:08:04,@lizania81,W rarity
0:08:05,@therandom_dude,Damm
0:08:05,@Nander___,sweetiebelle is always trying to leech off rarity's wealth
0:08:06,@delta-v4x,NO WITNESSES
0:08:06,@veelee9808,WHAT
0:08:06,@kalebc56,whys she arguing with a fucking baby
0:08:07,@Lucario4thewin,derpy
0:08:08,@solarismare,DERPY
0:08:08,@TheMTwinny,Hey Derpy
0:08:09,@PwnyHipster,BASED
0:08:09,@solarismare,HI DERPY
0:08:09,@fluttergabe22,Sister abuse :face_with_tears_of_joy:
0:08:09,@XxZ0MB1E_K1TTYxX,MY BABY
0:08:10,@kkorrrnerrrrr,derpyyyy
0:08:11,@applebloom2307,derp
0:08:12,@doggerlander,you need to teach these kids a lesson some times
0:08:12,@UngulaPropriaRQ,hi derpy
0:08:12,@mr.bananaman9805,hi derpy
0:08:13,@Solums,Derpy
0:08:13,@lizania81,DERPY
0:08:14,@solarismare,HIII DERPY
0:08:14,@Feojsshsyydud,Worse than hitler
0:08:15,@agoatheadbaby3512,DERPY!!?!?
0:08:16,@LUXE-DX,DERPY
0:08:16,@Jakechi1999,Rarity why?
0:08:17,@jennythebean9117,Rara you evil
0:08:17,@MillerTheDarkTransPrince,derpyyuy
0:08:18,@vdn2468,oh hey derpy
0:08:19,@haileykitty6993,Derpy is right there!
0:08:20,@Tamers12345MLP,God damn Rarity's voice is just pure sex
0:08:20,@Tomerツ,yeahhhhhh
0:08:20,@delta-v4x,GREEN BUBOL
0:08:20,@Aromaticgrassitem,"lmao, she bucked her own sis."
0:08:20,@Hexen_4444,they don't have parents?
0:08:21,@BlackKanye,We sure Rarity isn't black?
0:08:22,@solarismare,YEAH
0:08:24,@agoatheadbaby3512,DERPY EYE WITNESS
0:08:25,@dominicunderwood4911,oh my 0_0
0:08:27,@applebloom2307,oh god ponylife
0:08:28,@PwnyHipster,gasp
0:08:28,@Keiry2017,Rarity is fucking needy boi
0:08:30,@jennythebean9117,Do it!
0:08:32,@TheMTwinny,"""I'M READY TO GO TO JAIL TONIGHT"" HEY BARTLEBY SAID THAT ONCE"
0:08:34,@PwnyHipster,lol that pfp
0:08:34,@solarismare,she's green for a good reason
0:08:35,@springystarscout,OH NO
0:08:37,@lordofshrimps,Im green rainbow
0:08:37,@UngulaPropriaRQ,IT IS SICK
0:08:39,@Aurapone,dashie awesome
0:08:40,@misakayy1911,AW HELL NA
0:08:41,@Morflow_,OH BROTHER
0:08:42,@certafan,So true
0:08:42,@PwnyHipster,OH NO
0:08:42,@solarismare,LMFAO
0:08:42,@agoatheadbaby3512,I love Android.
0:08:44,@ok7777-j3s,lol
0:08:44,@XxZ0MB1E_K1TTYxX,OH NO
0:08:46,@Kevinmomiaoficial,wow
0:08:47,@veelee9808,EWW
0:08:47,@ItsameDesire,EWW android
0:08:47,@applebloom2307,based
0:08:47,@Solums,XD
0:08:47,@RoySimilus,Are androids really that bad
0:08:47,@jennythebean9117,Yeah
0:08:47,@jestermaxxed,IT IS SICK!!!!!!!!!!!!!
0:08:48,@makotoikari4854,:face_vomiting::face_vomiting::face_vomiting:
0:08:48,@PoppinCornBaby,HELL NAH
0:08:49,@GoldenCone69,I have an android. don't be Rude Rarity
0:08:49,@therandom_dude,iPhones SUCK
0:08:49,@Binary_Forever,lol
0:08:51,@fluttergabe22,I have an Android :beaming_face_with_smiling_eyes:
0:08:51,@doggerlander,oh hell naw broke ass rainbow dash
0:08:52,@Luckystarfriendship,"I have a Android, too"
0:08:54,@XxZ0MB1E_K1TTYxX,Androids :drooling_face:
0:08:55,@SonarTrotter,It’s possible to text green on apple lol
0:08:55,@lizania81,I have an android....
0:08:55,@Ckaboom,LMAO
0:08:55,@Str4wb3RRy_b4BY,lmaoooo
0:08:56,@Feojsshsyydud,DISGUSTINH
0:08:56,@Keiry2017,Huh
0:08:57,@MaxAlt2,Rainbow confirmed to be a BUM
0:08:58,@veelee9808,SAMSUNG IS BETTER
0:08:59,@pixelated6451,@Tamers12345MLP Saved for future blackmailing
0:08:59,@liquidtamers12345,green is peak though
0:08:59,@jennythebean9117,lol 
0:09:01,@solarismare,the android shade is crazy
0:09:02,@lordofshrimps,Why is she like this
0:09:02,@Kevinmomiaoficial,comOoooo
0:09:03,@Jakechi1999,That's ehat ya get.
0:09:03,@DoffeeNull,android is peak
0:09:04,@MillerTheDarkTransPrince,lol
0:09:06,@Cattle.ink.3,whats wrong with an Android???
0:09:06,@PwnyHipster,Rainbow aint shit 
0:09:08,@flutterbutterfly2,:thinking_face:
0:09:08,@applebloom2307,I use android to draw ><
0:09:09,@GoldenCone69,GREEN IS AT LEAST BETTER THAN BLUE!
0:09:11,@KhakiCap,ANDROID IS PEAK
0:09:12,@Lucario4thewin,gay question
0:09:17,@RoySimilus,Is it is android really that bad
0:09:18,@certafan,Disgusting.
0:09:20,@jennythebean9117,Nuke Rainbow Dash
0:09:20,@Barktholomeu,i have android
0:09:20,@gummy8440,Rarity gets NO MOTION
0:09:21,@lizania81,L homosexuals am I right
0:09:21,@delta-v4x,Green bubbles is what's wrong
0:09:23,@Luckystarfriendship,lol
0:09:25,@DragonBorne1991,I'm watching this on Android right now. I don't see the problem.
0:09:28,@PwnyHipster,Rainbow the Sugar Momma
0:09:28,@fluttergabe22,Cool Ranch Doritos :face_savoring_food:
0:09:29,@Tamers12345MLP,Rainbow Dash doesn't discriminate against the color green because she loves every color in the rainbow.
0:09:29,@haileykitty6993,cool ranch Doritos? based
0:09:29,@BlueBoyo101,The fact that apple people blame android users for the anti consumer practices of the company that made their phone :expressionless_face:
0:09:31,@Keiry2017,Bitch the text bubble is just sick gurl
0:09:31,@SonataDidIt,Sweetiebelle spitting facts
0:09:31,@Aromaticgrassitem,"i like how rainbow gave rarity 1m dollars, and rainbows textbubbles were green"
0:09:33,@dominicunderwood4911,u right
0:09:35,@Hexen_4444,I suspect Rarity to be a Klan member
0:09:35,@GoldenCone69,IS THAT A TRUCK?
0:09:38,@slitherwing30,Friendship is manly
0:09:38,@delta-v4x,John Deere is manly
0:09:38,@Kevinmomiaoficial,:0
0:09:39,@Tamers12345MLP,Oh shit
0:09:40,@Kipkat13,she got da ritos
0:09:40,@TheMTwinny,THE GANG ROLLED UP
0:09:41,@springystarscout,LMAO
0:09:42,@jennythebean9117,Rara is racist and gay!
0:09:43,@lordofshrimps,Rainbow Dash is an asshole so its okay
0:09:43,@FlawlessSparkleMoonisb4ck,@Tamers12345 do you think I’m a gifted child more than ever?
0:09:44,@laeeb,android is life 
0:09:44,@OrpheusHart,Cute Dashie
0:09:44,@theconfusedasian7685,omg the dash
0:09:48,@fluttergabe22,they pulled up :beaming_face_with_smiling_eyes::face_with_tears_of_joy::face_with_tears_of_joy::face_with_tears_of_joy:
0:09:49,@27McCracken,Damn twilight is ripped
0:09:49,@Hypoxic-hypoxia,I’ve gotta go for a walk then I can watch this as a reward :folded_hands::broken_heart:
0:09:49,@UngulaPropriaRQ,oh damn check out that tractor 
0:09:50,@solarismare,THEY LOOK SO MEAN
0:09:50,@jennythebean9117,:O
0:09:51,@Morflow_,wuh
0:09:53,@DoffeeNull,tamers!!!
0:09:54,@t.tnetwork8654,why is pinkie dressed like that
0:09:54,@TierAnon,How does Rainbow have so much money?
0:09:55,@solarismare,THE FUCKING TRACTOR
0:09:55,@Kevinmomiaoficial,buen grupo xd
0:09:55,@lordofshrimps,Dont run
0:09:56,@certafan,How did she get that in the elevator -3+
0:09:57,@Str4wb3RRy_b4BY,pinkie lookin fire damn
0:09:57,@mareliezjulio,ooooo its everyhwhere
0:09:58,@PwnyHipster,Can't run?
0:09:59,@Kevinmomiaoficial,cool
0:09:59,@dominicunderwood4911,Looks like that old buff guys equestria girls animation
0:10:00,@springystarscout,W voice 
0:10:00,@Ckaboom,Applejack looks so short omg :grinning_squinting_face: 
0:10:01,@Padtygalaxy,No flutteraby?
0:10:01,@jennythebean9117,Damn
0:10:02,@GoldenCone69,why is Pinkie a Gangster?
0:10:02,@solarismare,they gonna kill her
0:10:02,@BluududytXD,Peak tractor 
0:10:03,@Aromaticgrassitem,she tractor beamed her way up there
0:10:05,@Tamers12345MLP,Damn Pinkie Pie is dripped out
0:10:05,@PwnyHipster,Intervention!?
0:10:05,@Lucario4thewin,oh shit
0:10:05,@Kevinmomiaoficial,:money_mouth_face:
0:10:05,@SonataDidIt,oh no...
0:10:06,@Keiry2017,ISN'T DASHIE DATING PINKIE OR THE GROUP SIX JUST ALL YURI? 
0:10:06,@KhakiCap,john deer helped AJ?
0:10:07,@clunker6712,She bout to get jumped
0:10:09,@AnimeGames16,I miss Applejack's old voice...
0:10:11,@GoldenCone69,oh...
0:10:11,@agoatheadbaby3512,Uh. Uh-oh.
0:10:11,@lordofshrimps,Wow Fluttershy is here
0:10:12,@doggerlander,look out rarity!!!
0:10:12,@fluttergabe22,they're going to jump her
0:10:12,@muggz7752,Dashie is so cool man
0:10:12,@PwnyHipster,OH FUCK
0:10:13,@solarismare,UH OH
0:10:14,@slitherwing30,How did rainbow even acquire a mil
0:10:14,@springystarscout,UH OH
0:10:15,@delta-v4x,"Awww, Dash is so cute"
0:10:15,@GoldenCone69,Fluttershy??
0:10:15,@misakayy1911,UH OH
0:10:15,@kkorrrnerrrrr,dash looks so cute :3
0:10:16,@Str4wb3RRy_b4BY,theyre gonna jump her?!
0:10:16,@Kipkat13,rip
0:10:16,@OrpheusHart,uh oh
0:10:16,@BluududytXD,So true tamer
0:10:16,@haileykitty6993,she gonna die
0:10:17,@liquidtamers12345,The flutter suit
0:10:17,@solarismare,WTF FLUTTERSHY
0:10:17,@DoffeeNull,just imagine jojo ponies
0:10:18,@applebloom2307,this is more thannnnn a triangle now
0:10:18,@Jakechi1999,She's gonna get jumped!!!
0:10:18,@UltimateStarky,oh
0:10:20,@springystarscout,What is that.
0:10:20,@liquidtamers12345,fucking lmao
0:10:21,@solarismare,FLUTTERSHY YOU GOOD?
0:10:23,@vinylgamer2688,oh no debttt
0:10:24,@agoatheadbaby3512,*gulp*
0:10:24,@XxZ0MB1E_K1TTYxX,HUH
0:10:25,@certafan,RARITY?! GIVE MONEY BACK?!
0:10:26,@pokefreak2112,owo
0:10:26,@TheMTwinny,@Tamers12345MLP And strapped...up
0:10:27,@jennythebean9117,Beat up Rara
0:10:27,@gummy8440,Uh oh Rarity this isn't gonna be good shawty
0:10:27,@Kevinmomiaoficial,o que fue
0:10:27,@27McCracken,Fluttershy needs help 
0:10:28,@mareliezjulio,tamers in the chat like a regular smegular
0:10:28,@CozyYote,what the fu
0:10:29,@muggz7752,LMAO
0:10:29,@Solums,What is that?
0:10:29,@Binary_Forever,Flutter : (
0:10:30,@springystarscout,Flutterschmooze vibes 
0:10:30,@BluududytXD,FLUTTER WTF:loudly_crying_face:
0:10:30,@Tamers12345MLP,Rainbow dash treats her little girl (pinkie) to the good shit like Gold chains
0:10:30,@lordofshrimps,Okay
0:10:30,@veelee9808,AHHH-
0:10:31,@muggz7752,GET HER
0:10:31,@UngulaPropriaRQ,THEYRE BOTH INTO SCAT???
0:10:32,@UngulaPropriaRQ,OMG 
0:10:32,@KhakiCap,bruh
0:10:34,@UngulaPropriaRQ,THE TWIST 
0:10:36,@Gaalnr,isn't that rarity's line?
0:10:38,@Keiry2017,Jackass apple is dripped:cat_with_wry_smile:
0:10:39,@jennythebean9117,Oh no
0:10:40,@DoffeeNull,oh no she needs the money
0:10:40,@Kevinmomiaoficial,que está pasando ...
0:10:41,@dominicunderwood4911,"@AnimeGames16 Old Applejack voice was way better, same with Cosmo."
0:10:41,@TierAnon,nerd
0:10:42,@therandom_dude,2 gurls one cup ref
0:10:42,@agoatheadbaby3512,Are they going to violate Rarity?
0:10:43,@27McCracken,Fluttershy is Chinese 
0:10:44,@Aromaticgrassitem,Rarity is gonna rob a bank or something
0:10:44,@lordofshrimps,It is gay
0:10:45,@SonataDidIt,Didn't stop randy
0:10:45,@Kevinmomiaoficial,o no
0:10:45,@Jakechi1999,Fluttershy jumpscare!
0:10:46,@XxZ0MB1E_K1TTYxX,FIGHT FIGHT FIGHT
0:10:47,@Kevinmomiaoficial,:0
0:10:48,@Andanimation,:face-blue-wide-eyes::face-blue-wide-eyes::face-blue-wide-eyes::face-blue-wide-eyes::face-blue-wide-eyes::face-blue-wide-eyes:1
0:10:48,@Kipkat13,lmao
0:10:51,@Keiry2017,Oh no 
0:10:52,@XxZ0MB1E_K1TTYxX,FIGHT!!!!!
0:10:54,@t.tnetwork8654,she a loan shark
0:10:55,@GoldenCone69,HER WHOLE BANK???
0:10:55,@badnin707,fluttershy in the bg is horrifying
0:10:56,@LvXGameMaster,"Rarity, you literally called it a loan..."
0:10:56,@Kevinmomiaoficial,que está pasando
0:10:57,@DoffeeNull,lmao
0:10:57,@solarismare,UH OH
0:10:59,@MillerTheDarkTransPrince,fight
0:10:59,@BluududytXD,I love da lore tamer
0:10:59,@XxZ0MB1E_K1TTYxX,NOWWWW
0:11:01,@agoatheadbaby3512,FIGHT FIGHT FIGHT
0:11:01,@Hyloaf,nerd
0:11:02,@Andanimation,damn
0:11:04,@PoppinCornBaby,Dang can’t believe rainbow dash is the Rochester
0:11:04,@GoldenCone69,OH MY GOD!
0:11:05,@certafan,The hee haw voice was for sure better
0:11:07,@Jakechi1999,Twi!
0:11:07,@Morflow_,TRUUUUUUE
0:11:08,@slitherwing30,Damn
0:11:08,@liquidtamers12345,Dead
0:11:09,@doggerlander,NEEEEERD
0:11:09,@solarismare,PINKIEW TF
0:11:09,@Lucario4thewin,dam pinky
0:11:09,@delta-v4x,Pinkie is not wrong
0:11:09,@springystarscout,LOL
0:11:09,@BrownPilledFartCel,why is pinkie black
0:11:09,@lordofshrimps,Owie
0:11:09,@vinylgamer2688,:takeout:
0:11:10,@BluududytXD,OOP
0:11:11,@therandom_dude,Daaaaaaaaamn
0:11:11,@agoatheadbaby3512,THEY'RE GOING TO BREAK HER LEGS
0:11:11,@Padtygalaxy,Homeless rd
0:11:11,@BlueBoyo101,where twi's dragon powers bruh
0:11:11,@NubMcMoofin,:face_holding_back_tears:
0:11:12,@Ckaboom,Damn pinky
0:11:13,@applebloom2307,pnkie no
0:11:13,@CozyYote,real
0:11:13,@TheMTwinny,Twilight's dead again
0:11:14,@Luckystarfriendship,idk
0:11:15,@Cattle.ink.3,damnn
0:11:15,@Feojsshsyydud,Pinky is insane
0:11:15,@MillerTheDarkTransPrince,:0
0:11:17,@fluttergabe22,Pinkie Pie is from San Andreas :face_with_tears_of_joy:
0:11:17,@XxZ0MB1E_K1TTYxX,FIGHT FIGHT FIGHT FIGHT FIGHT FIGHT
0:11:17,@solarismare,no cap
0:11:18,@PwnyHipster,no cap
0:11:18,@Keiry2017,Isn't the group six is only yuri expect fluttershy:wilted_flower:
0:11:19,@BluududytXD,OH DANG
0:11:20,@veelee9808,AHHH
0:11:20,@ok7777-j3s,oh
0:11:20,@vinylgamer2688,shhhii
0:11:20,@jsaenz96,omg???
0:11:20,@theconfusedasian7685,good financial advice
0:11:21,@applebloom2307,wait is this limitless
0:11:24,@DoffeeNull,fight
0:11:25,@agoatheadbaby3512,TWILIGHT WAS MADE AN EXAMPLE
0:11:26,@Aromaticgrassitem,"RAINBOW BET IT ALLL, BABYYYY"
0:11:27,@lizania81,W PINKY
0:11:27,@jennythebean9117,:skull::skull::skull:
0:11:28,@Tamers12345MLP,Oh no...
0:11:28,@PwnyHipster,OH SHIT ITS GOING DOWN
0:11:28,@vezsteseg-e8z,@kevinmomiaoficial
0:11:29,@DoffeeNull,fight
0:11:30,@haileykitty6993,"I knew she was gonna break that vase, but not Twilght's bones"
0:11:31,@delta-v4x,That's some freaking Hotline Canterlot
0:11:31,@solarismare,WHY DOES SHE LOOK LIKE THAT
0:11:32,@Hexen_4444,never say that again Rarity
0:11:33,@XxZ0MB1E_K1TTYxX,YEAHHHHHH
0:11:33,@PwnyHipster,bald
0:11:34,@KhakiCap,Twilight - the most beaten character in Tamersverse
0:11:35,@UngulaPropriaRQ,dayum]
0:11:36,@applebloom2307,or like the great lebowski
0:11:38,@DoffeeNull,damm
0:11:38,@NubMcMoofin,:disappointed_face:
0:11:38,@d4ybreak3r,sopranos
0:11:38,@kkorrrnerrrrr,wild episode xD
0:11:39,@MillerTheDarkTransPrince,fight
0:11:39,@Lucario4thewin,"welp, she had it coming"
0:11:40,@crestposting,Fluttershy always playin! :loudly_crying_face:
0:11:41,@veelee9808,oh no...
0:11:42,@GoldenCone69,Why are Pegasus so Aggressive????
0:11:42,@27McCracken,Twilight death counter: 133
0:11:43,@fluttergabe22,Flank Slap :hushed_face::hot_face:
0:11:43,@liquidtamers12345,The slash
0:11:44,@solarismare,GOD DAMN
0:11:44,@slitherwing30,Whats that Fluttershy I can’t hear you over the ponyslaughter 
0:11:46,@XxZ0MB1E_K1TTYxX,DAMN
0:11:47,@PwnyHipster,oh fuck
0:11:47,@solarismare,THE BAKERY
0:11:47,@Keiry2017,Racist 
0:11:48,@lordofshrimps,wow
0:11:48,@springystarscout,OH SHIT
0:11:52,@jennythebean9117,Beat up Rara!
0:11:53,@Skidum1,should have paid her back
0:11:53,@PoppinCornBaby,DAMN
0:11:54,@BluududytXD,OOO
0:11:54,@XxZ0MB1E_K1TTYxX,OH SHIT
0:11:54,@DoffeeNull,fork
0:11:55,@TheMTwinny,LOL
0:11:58,@Aromaticgrassitem,Rarity takes alot of abuse in this series i notice.
0:11:59,@liquidtamers12345,The screaming
0:11:59,@OrpheusHart,Pinkie is about to die
0:12:00,@solarismare,HOW DID YOU GET THE TREACTOR IN THERE THEN?
0:12:00,@NoriikiKakyoin,DAMNNN
0:12:01,@mareliezjulio,my little lesbians
0:12:01,@Luckystarfriendship,omggg
0:12:02,@certafan,YESSSSS
0:12:02,@Kipkat13,so true
0:12:02,@lordofshrimps,please no
0:12:04,@SonataDidIt,Jesus
0:12:04,@RoySimilus,"My ancestor just hit my back for she even walking this , i'm black by the way"
0:12:07,@Keiry2017,DID GIRL JUST SLAPPED THE BAKERY? 
0:12:07,@pixelated6451,OH MY GOD LOL
0:12:07,@fluttergabe22,fart #2
0:12:07,@lordofshrimps,RANDOM FACT
0:12:08,@Kevinmomiaoficial,o no
0:12:08,@UngulaPropriaRQ,hell yeah
0:12:10,@PoppinCornBaby,APPLEJACK MOVE
0:12:10,@agoatheadbaby3512,SHE'S RIGHT!!!!!!!
0:12:11,@XxZ0MB1E_K1TTYxX,WHAT
0:12:11,@vinylgamer2688,gooooo rainbow gooooo 
0:12:11,@BluududytXD,LOL
0:12:12,@solarismare,LMFAO
0:12:12,@Tamers12345MLP,Damn that's hot
0:12:12,@solarismare,HER LEGS
0:12:12,@TheMTwinny,LMAOOOOOOO
0:12:13,@Imtherealmonkie,Oh..
0:12:13,@KhakiCap,gurl
0:12:14,@GoldenCone69,not my queen applejack
0:12:14,@springystarscout,NOOOO
0:12:14,@Solums,that smart
0:12:16,@jennythebean9117,Holy moly
0:12:17,@BluududytXD,OH
0:12:17,@Kevinmomiaoficial,que está pansado
0:12:17,@applebloom2307,called it
0:12:17,@MillerTheDarkTransPrince,hell yeah
0:12:18,@XxZ0MB1E_K1TTYxX,real
0:12:19,@DylanTheCatt,lol
0:12:20,@doggerlander,applebros...
0:12:20,@agoatheadbaby3512,APPLEJACK NOOOOOO
0:12:20,@slitherwing30,Why is twilight so show accurate
0:12:20,@Kevinmomiaoficial,o no
0:12:22,@TheMTwinny,AJ CAN'T BUCK ANYMORE
0:12:22,@Cattle.ink.3,huh!!
0:12:23,@Binary_Forever,rainbow dash solved the gas crisis!
0:12:23,@gummy8440,She'll regrow that
0:12:24,@Lorkhanable,kino
0:12:24,@Kevinmomiaoficial,D:
0:12:24,@veelee9808,AHHH NOOOO
0:12:27,@Cuttie._.cuttie,Help I'm laughing 
0:12:28,@GoldenCone69,Tamers12345! that's not even hot!
0:12:29,@PwnyHipster,oh shit
0:12:30,@Kevinmomiaoficial,que está pansado.....
0:12:30,@kkorrrnerrrrr,:DDDDD
0:12:31,@jennythebean9117,Road roller!
0:12:32,@certafan,"Rainbow is clearly rich as shit, dumbass"
0:12:32,@springystarscout,Rainbow Factory pay wages 
0:12:32,@postaful,HELLP
0:12:32,@lizania81,Tamers estás enfermo jeje :footprints::footprints::footprints::footprints:
0:12:33,@UngulaPropriaRQ,hahah reminds me of the first ep
0:12:33,@Kevinmomiaoficial,ay no
0:12:34,@Keiry2017,NOOO
0:12:34,@UngulaPropriaRQ,bless
0:12:35,@Imtherealmonkie,DAMM.
0:12:37,@SonataDidIt,Fluttershy needs to be quiet
0:12:37,@Kipkat13,I'm trying to figure out how she knew how to make a tractor work on farts
0:12:38,@Kevinmomiaoficial,o no
0:12:39,@Tamers12345MLP,Shit I forgot to add the sound effect when Applejack got ran over
0:12:40,@ok7777-j3s,oh on..
0:12:41,@jennythebean9117,Oh no :loudly_crying_face:
0:12:41,@delta-v4x,RAINBOW FACTORY
0:12:42,@SuperCaptainFail,"GET HER, PINKIE"
0:12:43,@Lucario4thewin,pinky a hater
0:12:46,@GoldenCone69,poor applejack :loudly_crying_face:
0:12:48,@der_titten_damon3572,I can't believe i am watching this in the middle of the night
0:12:48,@Kevinmomiaoficial,que mal
0:12:48,@fluttergabe22,Pinkie is the one to talk
0:12:51,@dominicunderwood4911,even orange?
0:12:51,@CozyYote,rip
0:12:52,@vinylgamer2688,pinky has money and success ? 
0:12:52,@delta-v4x,Spiderses
0:12:52,@jennythebean9117,True :thinking_face:
0:12:53,@solarismare,pinkie lowkey a hater
0:12:55,@Kevinmomiaoficial,poor her
0:12:56,@Hm_moneybagz55, I’m GOONING
0:12:57,@liquidtamers12345,her eyes being misaligned lord
0:12:59,@Kevinmomiaoficial,:(
0:13:00,@GoldenCone69,Not The car!
0:13:02,@Hexen_4444,where are all those screams coming from?
0:13:02,@Aromaticgrassitem,Fluttershy is gonna be on a killbill vengeance arc
0:13:03,@solarismare,damn she's dead
0:13:03,@KhakiCap,rip
0:13:04,@DylanTheCatt,why is her voice so deep
0:13:04,@UngulaPropriaRQ,OH NO 
0:13:05,@GoldenCone69,not the carrr
0:13:06,@XxZ0MB1E_K1TTYxX,DAMNNNNNN
0:13:06,@UngulaPropriaRQ,HER WHIP
0:13:07,@Keiry2017,Rainbow dashie is working in the rainbow factory that kills loser wings ponys
0:13:07,@Kevinmomiaoficial,o no
0:13:07,@Jakechi1999,F
0:13:07,@BluududytXD,NOO
0:13:08,@OrpheusHart,LMAO
0:13:08,@agoatheadbaby3512,RARITY LOOK OUT
0:13:09,@lordofshrimps,DROP THE TRACTOR
0:13:09,@certafan,LOL
0:13:09,@springystarscout,RARITY NO
0:13:10,@27McCracken,She’ll be fine don’t worry 
0:13:10,@fluttergabe22,Rarity's dead
0:13:10,@PoppinCornBaby,Rip
0:13:11,@NubMcMoofin,:disappointed_face:
0:13:11,@vdn2468,LOL
0:13:11,@PwnyHipster,OH SHIT
0:13:12,@TheMTwinny,Is Rarity good?
0:13:12,@Kevinmomiaoficial,que paso
0:13:13,@OrpheusHart,<3
0:13:13,@solarismare,YOU FUCKING KILL RARITY RAINBOW
0:13:15,@springystarscout,Filly!
0:13:15,@SonataDidIt,The worst possible outcome
0:13:15,@Hyloaf,gay
0:13:15,@XxZ0MB1E_K1TTYxX,YURI :pleading_face::pleading_face::pleading_face:
0:13:16,@applebloom2307,poor rare she really does get the abuse
0:13:16,@Kevinmomiaoficial,D:
0:13:17,@Tamers12345MLP,I can't believe Rarity is fucking dead
0:13:18,@pokefreak2112,sweetie belle is sooo cute :3
0:13:18,@MillerTheDarkTransPrince,yuri
0:13:19,@jennythebean9117,Screw butter horse
0:13:21,@PwnyHipster,Aw cute!
0:13:22,@applebloom2307,FILLYCON TIME
0:13:22,@Kevinmomiaoficial,Yuri
0:13:24,@TheMTwinny,I forgot those two gets different eyes
0:13:24,@KungaBungaonToast,is htere a single straight pony in this fucking world
0:13:24,@LUXE-DX,OH SHE BLUSINH
0:13:25,@t.tnetwork8654,why is scootaloo there
0:13:25,@NubMcMoofin,:smiling_face_with_hearts:
0:13:26,@АкрошкаПапикински,this guys screaming on background doing hard work
0:13:26,@certafan,They're so cute :pleading_face:
0:13:27,@Solums,another. YURI
0:13:27,@agoatheadbaby3512,SCOOTALOO NOOOOOO DON'T BECOME A WITNESS NOOOOOO THEY'LL GET YOU TOO
0:13:28,@lizania81,yuriiii
0:13:28,@Lucario4thewin,a gay pony?
0:13:29,@Kevinmomiaoficial,Yuri :pleading_face:
0:13:29,@jennythebean9117,Oh no :sad_but_relieved_face: 
0:13:31,@Keiry2017,Girl try to get away
0:13:31,@Skidum1,frfr
0:13:31,@fluttergabe22,Yuri is life
0:13:33,@Hm_moneybagz55,FAAHHH
0:13:35,@vinylgamer2688,rarity did deserve it tho 
0:13:36,@Kevinmomiaoficial,its cute
0:13:36,@UltimateStarky,timely
0:13:37,@Ckaboom,YOUNG YIRU
0:13:37,@mareliezjulio,WHO THE FUCK SAID FILLYCON 
0:13:38,@jennythebean9117,Kiss
0:13:39,@BluududytXD,3 chipmunks 
0:13:40,@liquidtamers12345,It's ass
0:13:41,@solarismare,THE FUCKING KPOP DEMON HUNTERS MEAL
0:13:41,@Keiry2017,Yuri? 
0:13:41,@XxZ0MB1E_K1TTYxX,AWWWWWWW
0:13:42,@applebloom2307,This is a crime scene
0:13:42,@LUXE-DX,OH SHE BLUSINH
0:13:42,@PwnyHipster,KPOP DEMON HUNTERS
0:13:44,@crestposting,a gay pony?
0:13:44,@liquidtamers12345,k poopy
0:13:46,@GoldenCone69,drop kick sweetie bell.
0:13:46,@thedarknessinthelight9824,KPOP LMAOOOOO
0:13:47,@KvVuld,kpoppy
0:13:48,@delta-v4x,They do need Jesus
0:13:48,@applebloom2307,Wait do they really????? 
0:13:48,@Keiry2017,Kiss now
0:13:48,@Hexen_4444,no
0:13:48,@CozyYote,please
0:13:49,@TheMTwinny,"Haha KPop Demon Hunters meal, yeah that's topical"
0:13:49,@UngulaPropriaRQ,this is adorable
0:13:50,@Kevinmomiaoficial,omg
0:13:51,@DoffeeNull,@Tamers12345MLP when will we have a new yaoi ship!!!
0:13:52,@PoppinCornBaby,The K-pop meal LMAO
0:13:52,@MillerTheDarkTransPrince,yiru
0:13:52,@jennythebean9117,Blushy :3
0:13:52,@mareliezjulio,no way mfs are into BABY ponies wtf
0:13:53,@Aromaticgrassitem,Why are they so small. are they stupid or something?
0:13:53,@doggerlander,oh nawww what is this gay shit on god
0:13:58,@lordofshrimps,she did that shit though
0:13:59,@XxZ0MB1E_K1TTYxX,SHES SOO CUTE :pleading_face::pleading_face::pleading_face:
0:14:00,@Binary_Forever,Hahaha
0:14:00,@LUXE-DX,Key
0:14:00,@27McCracken,We live in a society 
0:14:03,@SuperCaptainFail,sweetie belle is so cute with her little crush
0:14:03,@BluududytXD,GIVE ME SOME
0:14:03,@Hm_moneybagz55,FAAAAAAAAHHHHHHHH
0:14:04,@TheMTwinny,Is the meal even good?
0:14:04,@lizania81,Fluttershy right tho
0:14:04,@MillerTheDarkTransPrince,let's goooooo
0:14:05,@lordofshrimps,LARPER
0:14:05,@XxZ0MB1E_K1TTYxX,AWWWWW
0:14:07,@Kevinmomiaoficial,lol
0:14:08,@Aromaticgrassitem,them fillies need jesus
0:14:08,@mr.bananaman9805,do they know they exist?
0:14:08,@jennythebean9117,K poppy :3
0:14:09,@UltimateStarky,it's a product
0:14:09,@charshartt,tamers awnser now
0:14:09,@UngulaPropriaRQ,does it taste like kpop????
0:14:09,@PwnyHipster,Lighten up Scoots
0:14:10,@fluttergabe22,They forgot the Super Mario Galaxy Happy meal. but K-pop is better
0:14:11,@Zachdewd,fuuuuck i shake the bag with my nuggies too...
0:14:12,@solarismare,THE BIG ARCH
0:14:12,@Kevinmomiaoficial,??
0:14:15,@symphonydawn3,big ass burgers
0:14:20,@jennythebean9117,Screw Jesus 
0:14:20,@Kevinmomiaoficial,Mcdonald?
0:14:23,@GoldenCone69,The Size of a Hamster?
0:14:23,@Kevinmomiaoficial,wow
0:14:24,@Jakechi1999,"Wait, are Sweetie Bell and Scootaloo the real reincarnations that Twixiebell is after?"
0:14:25,@jennythebean9117,Poggers
0:14:26,@springystarscout,Burger is too huge for fillies 
0:14:28,@Kevinmomiaoficial,:0
0:14:29,@vinylgamer2688,damn the cutnessss
0:14:31,@BluududytXD,I love McDonald:loudly_crying_face:
0:14:31,@Kevinmomiaoficial,omg
0:14:31,@SuperCaptainFail,SHE IS SO CUTE
0:14:32,@MillerTheDarkTransPrince,kiss
0:14:35,@PwnyHipster,true
0:14:35,@KhakiCap,yah! i did it like this. *gunshot*:water_pistol:
0:14:35,@LUXE-DX,HUH?!
0:14:37,@solarismare,"that's so true, sweetie"
0:14:37,@mr.bananaman9805,FILLIES MAKING OUT INBOUND
0:14:38,@lizania81,awwww
0:14:40,@springystarscout,Awwww
0:14:41,@Cuttie._.cuttie,KISS KISS KISS
0:14:42,@Aromaticgrassitem,they eatin beef. cuz they are feral
0:14:42,@Kevinmomiaoficial,voice cute
0:14:43,@DylanTheCatt,cute
0:14:44,@DoffeeNull,aaaaaaa so cute
0:14:45,@GoldenCone69,WHY ARE HEE LEGS LIKE THAT?
0:14:45,@slitherwing30,I tune in live for the chat more than anything tbh
0:14:46,@jennythebean9117,Small horse 
0:14:47,@XxZ0MB1E_K1TTYxX,AWWWWW :face_holding_back_tears::face_holding_back_tears:
0:14:48,@Kevinmomiaoficial,:pleading_face::pleading_face::pleading_face::pleading_face::pleading_face:
0:14:49,@TheMTwinny,@Tamers12345MLP Real talk I might get McDs after this haha
0:14:49,@applebloom2307,JUST LIKE ME
0:14:50,@SonataDidIt,They're such ugly creatures
0:14:51,@jennythebean9117,:3
0:14:52,@Kevinmomiaoficial,omg
0:14:52,@fluttergabe22,Scoodaloo does wear a helmet dumbass
0:14:52,@Keiry2017,LESBIAN
0:14:53,@PwnyHipster,its called aura
0:14:54,@AngeliqueAustin-z2n,noooo I'm late
0:14:55,@solarismare,she's built like a thumb
0:14:55,@lizania81,i wonder how tamers is going to make this scene fucked up
0:14:57,@jennythebean9117,Kiss
0:14:57,@SuperCaptainFail,just noticed they have the same voice....
0:14:58,@applebloom2307,I also smell bad
0:14:59,@sadraiju808,poor sad Sweety Bell
0:15:00,@agoatheadbaby3512,This baby voice is getting kinda' grating.
0:15:00,@pokefreak2112,filly dating arc awww yeah <3
0:15:02,@postaful,YURI
0:15:02,@liquidtamers12345,eating mcdonalds with this was a good idea
0:15:03,@TheMTwinny,dawwwwwwwww
0:15:05,@springystarscout,:[
0:15:06,@Keiry2017,Yuri is life:cat_with_wry_smile:
0:15:07,@Kevinmomiaoficial,ow
0:15:07,@MillerTheDarkTransPrince,let's go lesbians
0:15:07,@TierAnon,UcU
0:15:09,@solarismare,HA NEEEERD
0:15:09,@slitherwing30,Omg they do have the same voice
0:15:10,@doublej209,i just noticed that they have the same voice
0:15:10,@Mira-ep3cd,Theyre so cute
0:15:11,@CozyYote,caring :loudly_crying_face::loudly_crying_face:
0:15:11,@UngulaPropriaRQ,awwwwwww
0:15:14,@MillerTheDarkTransPrince,fr
0:15:15,@delta-v4x,This whole arc is extremely messed up
0:15:15,@mareliezjulio,i smell like flour
0:15:15,@Keiry2017,YURIIIIIII:eagle::eagle:
0:15:15,@LUXE-DX,Ooff
0:15:15,@jennythebean9117,YURI!
0:15:15,@PwnyHipster,but nerds are cute
0:15:16,@27McCracken,Tamers you should add a sound bite of Chuck E. Cheese saying poggers
0:15:16,@Tomerツ,pls yes
0:15:18,@DoffeeNull,"scoots ..... why!!,,"
0:15:20,@Hexen_4444,playing EAW while i watch this
0:15:20,@Kevinmomiaoficial,aw
0:15:21,@fluttergabe22,just kiss already
0:15:22,@XxZ0MB1E_K1TTYxX,I LOVE YURI
0:15:23,@certafan,It's because she could get residual white coat clout
0:15:23,@GlimmyGOD,Damn lmfao
0:15:23,@makotoikari4854,lmao
0:15:25,@TheMTwinny,THIS IS IT
0:15:25,@MillerTheDarkTransPrince,Yuri is life
0:15:25,@Solums,YURI
0:15:25,@UltimateStarky,got her
0:15:26,@lordofshrimps,She going to ask for MONEY
0:15:26,@Tomerツ,nooooo
0:15:27,@applebloom2307,shes so cute frfrfrfrfr
0:15:27,@Kevinmomiaoficial,more Yuri!?
0:15:27,@agoatheadbaby3512,Oh my Gosh :exploding_head:
0:15:28,@vinylgamer2688,its hapeninggggggggg
0:15:28,@Hyloaf,AWWWW
0:15:28,@BluududytXD,WHY IS THIS SO YURIII
0:15:29,@solarismare,APRIL FOOLS!
0:15:29,@delta-v4x,SYKE
0:15:29,@UngulaPropriaRQ,OH SHIT 
0:15:29,@Kevinmomiaoficial,omg
0:15:29,@SonataDidIt,LOL
0:15:29,@beabuzzkill,LOL NOOOOO
0:15:30,@CozyYote,LMAO
0:15:30,@pokefreak2112,nooooooooo
0:15:30,@TheMTwinny,WHAT
0:15:30,@XxZ0MB1E_K1TTYxX,WHAT
0:15:30,@Lucario4thewin,ouch
0:15:30,@NubMcMoofin,:disappointed_face:
0:15:31,@dominicunderwood4911,"little lesbians...very little, uh oh"
0:15:31,@Jakechi1999,GOTTEM
0:15:31,@applebloom2307,mean
0:15:32,@cricket_gaming_hd9439,if u dont like nerdy girls theres something wrong with you
0:15:32,@agoatheadbaby3512,OOOOOOOHH
0:15:32,@Kevinmomiaoficial,omg
0:15:33,@SuperCaptainFail,NOOOOOOOOOO WAY
0:15:34,@Hyloaf,mean
0:15:34,@springystarscout,NO
0:15:34,@PoppinCornBaby,LMAO
0:15:34,@GoldenCone69,April fools was 9 days ago.
0:15:34,@moriorinvictus69,NOOOOOOOOOOOOOOOOO
0:15:35,@SonataDidIt,Based as fuck
0:15:35,@Mira-ep3cd,NO
0:15:35,@jennythebean9117,Kiss
0:15:35,@UngulaPropriaRQ,OH MY FUCKING GOD YOOOOOOO
0:15:35,@XxZ0MB1E_K1TTYxX,NOOOOOOO
0:15:35,@DoffeeNull,"whayy,,!!,!,!"
0:15:35,@Solums,What
0:15:36,@certafan,HAHAHAHAH
0:15:36,@Skidum1,NOOOOOOOO
0:15:36,@doggerlander,KWAB
0:15:36,@neargaming2057,NAHHHHH
0:15:36,@vinylgamer2688,bruh
0:15:37,@Hexen_4444,WWW
0:15:37,@Tomerツ,whyyyyyyyy
0:15:37,@LUXE-DX,Yuri time
0:15:38,@fluttergabe22,:face_with_tears_of_joy:
0:15:38,@DylanTheCatt,lol
0:15:38,@agoatheadbaby3512,APRIL FOOL'S
0:15:39,@badnin707,thats fucked
0:15:39,@Ckaboom,NoOoOoOoo
0:15:39,@AngeliqueAustin-z2n,wow just wow
0:15:39,@Solums,NOOOOO
0:15:40,@DoffeeNull,noooooo
0:15:41,@UngulaPropriaRQ,THEY KILLED HER 
0:15:41,@postaful,NO
0:15:41,@thedarknessinthelight9824,NOOOOOOO
0:15:41,@AsianVamp,AWWW
0:15:41,@cricket_gaming_hd9439,LOL
0:15:42,@TheMTwinny,SCOOTS HOW COULD YOU
0:15:42,@jennythebean9117,Kiss
0:15:42,@postaful,WHY
0:15:43,@LUXE-DX,DANGIT
0:15:43,@Aromaticgrassitem,lmao
0:15:43,@postaful,WHY
0:15:43,@Kevinmomiaoficial,o no-
0:15:45,@Luv_Kyle,AHAHAHAHAHA
0:15:45,@ssum.things,son:loudly_crying_face::loudly_crying_face::loudly_crying_face:
0:15:45,@Tomerツ,WHYYYYYY
0:15:45,@kkorrrnerrrrr,aww
0:15:46,@slitherwing30,No :wilted_flower:
0:15:46,@NubMcMoofin,:face_holding_back_tears:
0:15:46,@DoffeeNull,sweetiebelle
0:15:46,@jennythebean9117,Kiss
0:15:46,@solarismare,IT IS NOT FUNNY
0:15:46,@Mira-ep3cd,OH MY GODDD
0:15:47,@postaful,HELL NO
0:15:47,@crestposting,a gay pony?
0:15:48,@Treekotrouble,NOOOOOOOO!!!!!!
0:15:48,@BluududytXD,I HATE YOUUU
0:15:48,@applebloom2307,thats so meeeeeeean ><
0:15:49,@Kevinmomiaoficial,noooo
0:15:49,@mr.bananaman9805,NO FILLIYCON?
0:15:49,@postaful,WHY
0:15:49,@springystarscout,NONONONO
0:15:49,@sadraiju808,I'm gonna fucking cry
0:15:49,@dribvox,wtf is her problem
0:15:49,@jestermaxxed,scootaloo has to die.
0:15:50,@DylanTheCatt,wff
0:15:50,@SonataDidIt,yeah keep smiling 
0:15:50,@DoffeeNull,nooooooo
0:15:51,@papafrank769,that’s mean
0:15:51,@doggerlander,FUNNY FUNNY
0:15:52,@haileykitty6993,"Scootaloo, what the hell?!"
0:15:52,@Aromaticgrassitem,april fools my ziggus
0:15:52,@Skidum1,:crying_face:
0:15:53,@Feojsshsyydud,WHAT
0:15:53,@postaful,STOP
0:15:54,@Tamers12345MLP,Back sorry i was taking a piss
0:15:54,@xamxsu,WHATTTTTTTTTTT
0:15:55,@SkylerPerkins-t1u,omg noooo
0:15:55,@Keiry2017,Dang
0:15:55,@SonataDidIt,:)
0:15:56,@solarismare,YOU MADE HER CRY
0:15:56,@PwnyHipster,Sweetiebelle is gonna kill someone
0:15:58,@Kevinmomiaoficial,no pobrecita UnU
0:15:59,@jennythebean9117,Nooooooooooooooooooooo
0:16:00,@vinylgamer2688,the bambooozzallllllll
0:16:00,@postaful,WHY
0:16:00,@fluttergabe22,Scoodaloo is a mini version of Dashie :face_with_tears_of_joy:
0:16:00,@lordofshrimps,Very sad
0:16:00,@solarismare,thanks tamers
0:16:01,@delta-v4x,It's funny how long did Tamers spend editing
0:16:01,@DoffeeNull,nooooo
0:16:01,@BluududytXD,Hi tamer
0:16:02,@liquidtamers12345,toxic yuri
0:16:02,@vdn2468,poor sweetie belle
0:16:02,@Kevinmomiaoficial,:(
0:16:03,@Barktholomeu,SWEETIE BELLE!!
0:16:03,@XxZ0MB1E_K1TTYxX,MY POOR BABY :broken_heart::broken_heart::broken_heart::broken_heart:
0:16:03,@ssum.things,im crine
0:16:04,@GoldenCone69,Oh yeah time works differently from MLP
0:16:04,@Ckaboom,WHAT HAPPENED TO YOUNG YURI
0:16:04,@Elysian-Gilivanti,oof
0:16:05,@Aromaticgrassitem,wb Tamers
0:16:05,@Raz0reyes,:face-purple-crying::face-purple-crying::face-purple-crying::face-purple-crying::face-purple-crying::face-purple-crying::face-purple-crying:
0:16:05,@Kipkat13,was it steamy?
0:16:05,@xamxsu,BRO WHATTTTTTT
0:16:09,@Kevinmomiaoficial,que mal
0:16:09,@MillerTheDarkTransPrince,noooo :0
0:16:10,@jennythebean9117,Scoots! 
0:16:10,@postaful,UGHHH NO
0:16:10,@27McCracken,Welcome back Tamers 
0:16:11,@neargaming2057,Man what's wrong with scoots?
0:16:12,@PwnyHipster,BASED SWEETIE
0:16:13,@GoldenCone69,what?
0:16:13,@XxZ0MB1E_K1TTYxX,NOOOOOOOOO
0:16:14,@Kevinmomiaoficial,poor her......
0:16:14,@Treekotrouble,This is so sad
0:16:14,@Angela-l2w6s,hiiiii
0:16:14,@TheMTwinny,:(
0:16:15,@solarismare,SHE LOOKS SO SAD
0:16:15,@Tomerツ,poor little pony
0:16:16,@DylanTheCatt,how could you tamers
0:16:16,@Keiry2017,Wait this is 10 April 
0:16:17,@SonataDidIt,:(
0:16:18,@DoffeeNull,tamers u creative monster
0:16:18,@PoppinCornBaby,NOT THE FALLING OUT
0:16:19,@GoldenCone69,SHE'S ALIVE?!
0:16:19,@slitherwing30,Omg shes alive
0:16:21,@LUXE-DX,Nooo
0:16:22,@agoatheadbaby3512,THE ROLLERCOASTER OF EMOTIONS NEVER STOPS
0:16:22,@TierAnon,This filly drama goes crazy
0:16:23,@springystarscout,:[[[[
0:16:22,@Kevinmomiaoficial,:(
0:16:23,@doggerlander,WHAT A LOSER LOL
0:16:23,@TheMTwinny,Sweetie needs a hug
0:16:23,@applebloom2307,poor bby
0:16:24,@Hexen_4444,She all moody
0:16:24,@jennythebean9117,:loudly_crying_face::loudly_crying_face::loudly_crying_face::loudly_crying_face::loudly_crying_face::loudly_crying_face::loudly_crying_face::loudly_crying_face::loudly_crying_face::loudly_crying_face::loudly_crying_face::loudly_crying_face::loudly_crying_face::loudly_crying_face::loudly_crying_face::loudly_crying_face::loudly_crying_face::loudly_crying_face:
0:16:24,@PwnyHipster,Sweetiebelle you can do better!
0:16:24,@KvVuld,YES
0:16:26,@solarismare,rarity is fucked up
0:16:26,@thedarknessinthelight9824,AWWWWWWWWWWWW
0:16:27,@Kevinmomiaoficial,o no
0:16:27,@UngulaPropriaRQ,oh that's actually the coolest possible activity 
0:16:28,@NubMcMoofin,:disappointed_face:
0:16:28,@thedarknessinthelight9824,NOOOOOOOO
0:16:29,@vinylgamer2688,she lives nooooooo
0:16:30,@UngulaPropriaRQ,if it's black ops 1
0:16:30,@delta-v4x,Our favorite black pony
0:16:30,@SonataDidIt,OMG
0:16:30,@GoldenCone69,Yayyy Queen Chrysalis
0:16:32,@Kevinmomiaoficial,o :0
0:16:32,@solarismare,omg hi chryssi
0:16:32,@haileykitty6993,looks like she survived
0:16:34,@Morflow_,HELL YEAH\
0:16:34,@NubMcMoofin,:smiling_face_with_hearts:
0:16:34,@pokefreak2112,CHRYSALIS AYAYAYAYAY
0:16:34,@liquidtamers12345,Oh nvm
0:16:35,@kkorrrnerrrrr,chrysalis heck yeah!!
0:16:35,@vezsteseg-e8z,CHRYSALIS
0:16:35,@jennythebean9117,No!
0:16:36,@AsianVamp,OOOOO
0:16:36,@SonataDidIt,ITS THE FRACTURED PLUSH
0:16:36,@springystarscout,Cozy Glow could treat her better smh
0:16:36,@slitherwing30,Ew
0:16:37,@LUXE-DX,CHRYSIII
0:16:38,@liquidtamers12345,PEAK BACK
0:16:38,@TheMTwinny,CHRYSI
0:16:38,@Kevinmomiaoficial,Omg!?
0:16:39,@applebloom2307,looooooong neck
0:16:39,@FlawlessSparkleMoonisb4ck,Guys I might be lesbian
0:16:40,@solarismare,she has a long neck
0:16:40,@lordofshrimps,They're both black
0:16:41,@certafan,YESSSSS yeAAAAAAAAASSSSSSS
0:16:41,@BluududytXD,Tamer your so creative twin
0:16:42,@Solums,Diva is back
0:16:43,@mr.bananaman9805,the nubian queen appears!
0:16:43,@applebloom2307,GOtta drw that
0:16:43,@KvVuld,big bug
0:16:44,@solarismare,LMFAO
0:16:44,@Kipkat13,lmao
0:16:44,@Lucario4thewin,too many black ponys
0:16:44,@crynaek1454,THANK YOU TAMERS
0:16:44,@fluttergabe22,Scoodaloo needs the geoten treatment :expressionless_face:
0:16:45,@TheMTwinny,loooooooooooooooooooong
0:16:45,@lordofshrimps,LOLLLLL
0:16:45,@doggerlander,our GOAT
0:16:46,@dominicunderwood4911,@Ckaboom Not even yuri is safe from memedom
0:16:46,@agoatheadbaby3512,hmm
0:16:47,@Hexen_4444,yay
0:16:47,@Aromaticgrassitem,Rarity GTA arc
0:16:47,@Kevinmomiaoficial,que paso?
0:16:47,@PwnyHipster,Tol
0:16:47,@crynaek1454,THANK YOu THANK YOU THANK YOU
0:16:47,@thedarknessinthelight9824,LOL
0:16:48,@jennythebean9117,Smoke a cigarette
0:16:48,@KhakiCap,l ö n g
0:16:48,@crynaek1454,MY WIFE
0:16:49,@theconfusedasian7685,giraffalys
0:16:50,@Kevinmomiaoficial,xd
0:16:50,@XxZ0MB1E_K1TTYxX,THANK YOU
0:16:51,@therandom_dude,return of the queen
0:16:51,@crestposting,she has a long neck
0:16:53,@LUXE-DX,She a brachiosaurus
0:16:54,@solarismare,yaaa same
0:16:54,@jennythebean9117,Bad pone
0:16:54,@BlackKanye,Meds NOW
0:16:57,@lordofshrimps,Why is she about to kiss her plushie
0:16:59,@fluttergabe22,Chrysalis is built like a giraffe
0:17:00,@solarismare,GOID DAMN
0:17:00,@beabuzzkill,LOL
0:17:01,@moriorinvictus69,they're all fucked up
0:17:01,@santiagosoto288,waif is twilight actually dead again
0:17:01,@XxZ0MB1E_K1TTYxX,WOW
0:17:01,@postaful,HELP?
0:17:01,@Exiledlama,LMAO
0:17:01,@Kevinmomiaoficial,whaaaaaaaat!?
0:17:03,@springystarscout,W pill box 
0:17:04,@lizania81,LMAOO
0:17:05,@applebloom2307,Oooo
0:17:06,@hollywareham6810,crazy
0:17:07,@liquidtamers12345,Hahahaha
0:17:07,@LUXE-DX,lol
0:17:07,@postaful,DAMN
0:17:08,@springystarscout,I have that one lol
0:17:08,@agoatheadbaby3512,oh okay
0:17:08,@Kevinmomiaoficial,:0
0:17:08,@pixelated6451,Lol
0:17:08,@postaful,BADDIE
0:17:08,@jestermaxxed,got her
0:17:09,@badnin707,lmao
0:17:09,@BluududytXD,LOLL
0:17:09,@PwnyHipster,LMAO
0:17:09,@Tamers12345MLP,Most ponies take meds
0:17:09,@doggerlander,COOKED HER
0:17:10,@jennythebean9117,Long neck 
0:17:10,@vinylgamer2688,1000000000/10
0:17:11,@Code_monkey_like_you,W meds
0:17:11,@GoldenCone69,why is she even trying??
0:17:11,@firewolf595,THE GAYS
0:17:12,@NubMcMoofin,:face_savoring_food:
0:17:12,@Kevinmomiaoficial,D:
0:17:13,@fluttergabe22,:face_with_tears_of_joy::face_with_tears_of_joy::face_with_tears_of_joy::face_with_tears_of_joy::face_with_tears_of_joy:
0:17:13,@XxZ0MB1E_K1TTYxX,PEAK
0:17:14,@TheMTwinny,WTF
0:17:14,@Solums,Girl slay
0:17:14,@LUXE-DX,She look good
0:17:15,@vinylgamer2688,smash
0:17:16,@postaful,WHAT IS THIS
0:17:16,@jennythebean9117,Play dates 
0:17:17,@PoppinCornBaby,EVERYONE TOO PILLS LOL
0:17:18,@certafan,LMAO
0:17:18,@Zachdewd,THATS NOT EVEN THE TWITTER NOTIF NOISE
0:17:18,@Jakechi1999,Ouch...
0:17:19,@haileykitty6993,"I know that feeling, I have to take them pills too"
0:17:19,@Andanimation,:face-fuchsia-poop-shape::face-fuchsia-poop-shape::face-fuchsia-poop-shape::face-fuchsia-poop-shape:
0:17:20,@Aromaticgrassitem,OMG I LOVE YOU TWIN
0:17:20,@solarismare,FRACTURED
0:17:20,@Kevinmomiaoficial,que paso ahí????!!!
0:17:20,@TheMTwinny,>scream 7
0:17:21,@applebloom2307,so cute too cute love her
0:17:21,@SonataDidIt,cutie
0:17:21,@LUXE-DX,Smash
0:17:22,@agoatheadbaby3512,Scream
0:17:23,@dominicunderwood4911,I love Fractured more than any of the others
0:17:25,@Kevinmomiaoficial,que es eso xd
0:17:25,@slitherwing30,Most ponies need meds 
0:17:26,@27McCracken,Chrysalis is probably my favorite 
0:17:27,@liquidtamers12345,no wonder everyone is broke
0:17:29,@jennythebean9117,Gorl
0:17:30,@applebloom2307,SAME
0:17:31,@beabuzzkill,trixie is fucking awesome
0:17:31,@UngulaPropriaRQ,holy fuck this lady is crazy
0:17:32,@Code_monkey_like_you,Yo Tamers what’s the most common medication taken in Equestria?
0:17:33,@lizania81,Oh I love you tamers
0:17:34,@Hexen_4444,True
0:17:34,@SeriouslySodium,MEDS FOR what?
0:17:36,@KhakiCap,oooooh roast!
0:17:36,@ItsameDesire,we eating good tonight
0:17:37,@certafan,This aged perfectly idk wym
0:17:37,@Tamers12345MLP,Is Scream 7 still in theaters?
0:17:37,@applebloom2307,lol
0:17:38,@agoatheadbaby3512,Trixie is totally right.
0:17:39,@UltimateStarky,"""when""?"
0:17:41,@haileykitty6993,chicken jockey-
0:17:42,@springystarscout,Flawless would see tadc finale in theaters probably 
0:17:42,@applebloom2307,also sameeeee
0:17:42,@liquidtamers12345,no
0:17:42,@BlackKanye,kek
0:17:43,@BluududytXD,Idk 
0:17:44,@PwnyHipster,TRUE
0:17:44,@GoldenCone69,@Tamers12345MLP why do some of the Ponies stab themselves?
0:17:47,@Kevinmomiaoficial,omg
0:17:48,@cricket_gaming_hd9439,no
0:17:49,@TheMTwinny,That'sa good Flawless face
0:17:50,@XxZ0MB1E_K1TTYxX,nah
0:17:51,@Keiry2017,Wasn't fluttershy being racist about black ponys in the first episode? 
0:17:54,@FlawlessSparkleMoonisb4ck,TAMERS12345 DO U THINK IM A GIFTED OC?
0:17:55,@liquidtamers12345,They have to watch TADC in June
0:17:56,@lizania81,It's still in theaters in my country
0:17:56,@jennythebean9117,Scream 7 is pee pee poo poo
0:17:59,@TC-mn2re,Can you make bobette 
0:17:59,@vinylgamer2688,pooor flawless
0:18:02,@Aromaticgrassitem,Jack Black only has so many years left...
0:18:04,@MillerTheDarkTransPrince,yes
0:18:05,@jennythebean9117,Trixie is right 
0:18:05,@PwnyHipster,just sneak in the theater
0:18:06,@27McCracken,@GoldenCone69 because why not?
0:18:08,@dominicunderwood4911,She was working the pole while in school??
0:18:09,@solarismare,BRUGER FLAWLESS
0:18:10,@beabuzzkill,dw flawless its the worst one
0:18:11,@SonataDidIt,Precious
0:18:11,@jennythebean9117,:loudly_crying_face::loudly_crying_face::loudly_crying_face::loudly_crying_face:
0:18:12,@Ckaboom,Why is there even a scream seven bro
0:18:12,@Jakechi1999,Scream is an outdated franchise anyways.
0:18:12,@GoldenCone69,put the Fries in the Bag Flawless
0:18:12,@agoatheadbaby3512,mmmm hamburgers
0:18:13,@lordofshrimps,Okay Flawless
0:18:13,@XxZ0MB1E_K1TTYxX,:broken_heart:
0:18:14,@beabuzzkill,you're missing out on nothing
0:18:16,@makotoikari4854,YURI
0:18:16,@applebloom2307,must DRAW
0:18:17,@lordofshrimps,LOLLLLLLLLLLLLL
0:18:17,@liquidtamers12345,OH THERE IT IS LMAO
0:18:20,@kkorrrnerrrrr,damn
0:18:20,@beabuzzkill,LOL
0:18:20,@BluududytXD,I NEED FRIES 
0:18:20,@servednopurpose,…
0:18:21,@NubMcMoofin,:smiling_face_with_hearts:
0:18:21,@TheMTwinny,AYO
0:18:21,@PoppinCornBaby,I see she’s got twilights over thinking
0:18:21,@springystarscout,Put the fries in the bag 
0:18:22,@PwnyHipster,HUH
0:18:22,@postaful,WOAH
0:18:22,@Tamers12345MLP,@GoldenCone69 When Trixie and twilight fused together and created Flawless Trixie was deep into self harm at that time of her life.
0:18:22,@XxZ0MB1E_K1TTYxX,OH MY
0:18:23,@KhakiCap,lol
0:18:23,@delta-v4x,Flawless wagie
0:18:23,@agoatheadbaby3512,Uhm
0:18:23,@thedarknessinthelight9824,AYOOO
0:18:25,@clunker6712,Wooooah
0:18:26,@Xzonza1,LYRA SPOTTED
0:18:26,@lordofshrimps,OKAYYYY
0:18:27,@LUXE-DX,WHA
0:18:27,@moriorinvictus69,LOL
0:18:27,@neargaming2057,What in the lyrabon bdsm?
0:18:27,@Skidum1,bonbon
0:18:28,@Hexen_4444,what is she on about?
0:18:28,@agoatheadbaby3512,Hahahha
0:18:29,@Lucario4thewin,i thought it was scream 8
0:18:29,@liquidtamers12345,THE SPANKS
0:18:30,@Cattle.ink.3,Ayo wtf
0:18:30,@LUXE-DX,OH DAMN
0:18:30,@dribvox,WOAHHHHHHHHHH
0:18:32,@UngulaPropriaRQ,lmaooo this is kino
0:18:33,@TheMTwinny,YURI PADDLE
0:18:34,@TvorYT,Aww man pls make more dandy’s world 
0:18:34,@DragonBorne1991,Damn Flawless
0:18:36,@Morflow_,GOT HER
0:18:39,@jennythebean9117,:loudly_crying_face::loudly_crying_face::loudly_crying_face::loudly_crying_face::loudly_crying_face:
0:18:40,@Aromaticgrassitem,Sparkle...
0:18:41,@postaful,UELP
0:18:41,@XxZ0MB1E_K1TTYxX,HUH
0:18:42,@badnin707,lol
0:18:43,@LUXE-DX,YURI PADDLE
0:18:44,@vinylgamer2688,W cheeks
0:18:44,@liquidtamers12345,floppy asss
0:18:46,@GoldenCone69,Oh she's throwing it bavk
0:18:46,@postaful,EXCUSE ME
0:18:46,@Kevinmomiaoficial,omg
0:18:47,@Keiry2017,Yuri
0:18:47,@slitherwing30,Diamond helmet
0:18:47,@applebloom2307,BEautidul
0:18:48,@springystarscout,LMAO
0:18:48,@jennythebean9117,Alt universe 
0:18:49,@UngulaPropriaRQ,damn
0:18:49,@nezukochan6383,Do it Luna 
0:18:51,@applebloom2307,beautiful
0:18:51,@liquidtamers12345,Lmaoo
0:18:51,@PwnyHipster,saggy
0:18:51,@Cuttie._.cuttie,Is the gay couple ok? 
0:18:52,@vdn2468,lol
0:18:52,@Solums,this episode is peak Yuri
0:18:53,@XxZ0MB1E_K1TTYxX,YAYYYYYY
0:18:55,@beabuzzkill,OH NO
0:18:55,@kkorrrnerrrrr,awwww <3
0:18:56,@LUXE-DX,Oh she tweakin
0:18:59,@agoatheadbaby3512,waghh
0:18:59,@jennythebean9117,True 
0:19:01,@applebloom2307,awwwwwww kyutie
0:19:01,@doggerlander,flawless clocked her
0:19:01,@GlimmyGOD,snifff
0:19:02,@springystarscout,Hi Shiny
0:19:02,@solarismare,uncle shiny
0:19:03,@Keiry2017,Girl is caked up
0:19:03,@SonataDidIt,UNCLE SHINING ARMOR
0:19:03,@lordofshrimps,oh wow its his
0:19:04,@GoldenCone69,Teagan ahh lookin' Cadence
0:19:05,@certafan,LMAOOOO THAT NECK LEAN
0:19:05,@Jakechi1999,Shining Armour!
0:19:05,@springystarscout,CADENCEEE
0:19:06,@LUXE-DX,Offf
0:19:08,@gutterdflower,hi tamers
0:19:08,@AsianVamp,AWWW
0:19:08,@MillerTheDarkTransPrince,peak yuri
0:19:09,@lordofshrimps,So chad
0:19:10,@delta-v4x,Yes dear shinie
0:19:11,@27McCracken,Is this the dated movie thing you were talking about?
0:19:11,@jennythebean9117,Zamn 
0:19:12,@solarismare,tel aviv gassy
0:19:13,@hoelt1,giraffe chrysalis is the best
0:19:13,@GoldenCone69,that face.
0:19:13,@badnin707,bro xD
0:19:13,@applebloom2307,oh wow he actually took her somewhere
0:19:14,@PwnyHipster,who wears a boa to see Scream 7
0:19:14,@Binary_Forever,Wait you’re NOW doing that movie theatre scene
0:19:15,@Lorkhanable,kino episode
0:19:15,@beabuzzkill,why is she the queen? i thought she died on september 9th of 2022
0:19:16,@Cattle.ink.3,wha-
0:19:16,@Jakechi1999,My second favorite character!
0:19:17,@agoatheadbaby3512,NOOOOO
0:19:18,@Tamers12345MLP,:nauseated_face:
0:19:18,@badnin707,LMAO
0:19:19,@NubMcMoofin,:face_savoring_food:
0:19:19,@fluttergabe22,"fart #3,4"
0:19:20,@GoldenCone69,the Face of disappointment.
0:19:21,@liquidtamers12345,HIS FAFE
0:19:21,@XxZ0MB1E_K1TTYxX,O MY
0:19:22,@slitherwing30,Bro :loudly_crying_face::loudly_crying_face:
0:19:22,@PwnyHipster,I love Shining
0:19:23,@LUXE-DX,Oh he SOCK of her
0:19:23,@Mira-ep3cd,CADENCE
0:19:23,@lizania81,LOLL
0:19:23,@BlueBoyo101,Shining the only person in universe not into farts
0:19:23,@27McCracken,It’s not that dated you’re fine imo 
0:19:24,@TheMTwinny,LMAO
0:19:25,@applebloom2307,"Wait, is that the first Cadence fart?"
0:19:25,@springystarscout,Damn
0:19:26,@Aromaticgrassitem,"Awww, shiny armor and caedence..."
0:19:26,@jennythebean9117,UNC 
0:19:26,@Code_monkey_like_you,What rank is Shining Armor in Overwatch? He plays because he’s gay
0:19:26,@dribvox,man.
0:19:26,@Tomerツ,I love my life rn
0:19:27,@XxZ0MB1E_K1TTYxX,GOD DAMN
0:19:28,@DylanTheCatt,wtf
0:19:28,@GlimmyGOD,god dayum
0:19:28,@BluududytXD,Oh.
0:19:29,@solarismare,thanks shining
0:19:29,@LUXE-DX,*sick
0:19:29,@lordofshrimps,Chad Shining aror
0:19:30,@Lucario4thewin,that was putrid
0:19:30,@doggerlander,:hot_face::hot_face::hot_face::victory_hand:
0:19:30,@DragonBorne1991,poor shining
0:19:31,@ahmadpemberton5,THE FACE
0:19:31,@lizania81,:face_holding_back_tears:
0:19:31,@t.tnetwork8654,shinings face says it all
0:19:31,@fluttergabe22,7
0:19:32,@Skidum1,uhhh
0:19:32,@MillerTheDarkTransPrince,lol
0:19:33,@Ckaboom,His face bro :pensive_face: 
0:19:34,@lunaaspall4052,dammit cadence
0:19:34,@makotoikari4854,whatawoman
0:19:34,@badnin707,so bad
0:19:35,@UngulaPropriaRQ,the pain evident on his face
0:19:35,@KhakiCap,Incredible Gassy moment
0:19:35,@PoppinCornBaby,He looks so miffed
0:19:36,@TheMTwinny,THAT SHININH FACE
0:19:36,@agoatheadbaby3512,He animated the face.
0:19:36,@ChucuchanXF,:grinning_face:
0:19:36,@haileykitty6993,"lol, I'm about to have tacos for dinner"
0:19:37,@LUXE-DX,OH ZIP IT
0:19:38,@Hexen_4444,SHE JUST SHIT HERSELF!
0:19:38,@Andanimation,:face-red-droopy-eyes::face-red-droopy-eyes::face-red-droopy-eyes::face-red-droopy-eyes:
0:19:38,@Cattle.ink.3,his full reaction
0:19:40,@BluududytXD,I’m scared
0:19:40,@neargaming2057,Bruh stop with the fart fetish
0:19:40,@GlimmyGOD,"my love, Glimmy"
0:19:41,@certafan,why are women like this
0:19:41,@laeeb,omg i haven't ever seen candece fart b4
0:19:41,@27McCracken,WE’RE SO BACK
0:19:41,@jennythebean9117,Should have farted on me
0:19:42,@NubMcMoofin,:face_savoring_food:
0:19:42,@SonataDidIt,jesus
0:19:42,@BrownPilledFartCel,i wish that were me
0:19:43,@fluttergabe22,12
0:19:44,@Morflow_,THIS SHOW NEEDS A HERO
0:19:44,@agoatheadbaby3512,Enough.
0:19:44,@thedarknessinthelight9824,ewwwwwwwwwwww
0:19:45,@XxZ0MB1E_K1TTYxX,STOP FARTING
0:19:45,@lunaaspall4052,there goes everything at once
0:19:45,@badnin707,lmao she would
0:19:46,@springystarscout,Mari~
0:19:47,@Lorkhanable,whose that irish author
0:19:47,@DylanTheCatt,Jesus Christ
0:19:47,@DragonBorne1991,:nauseated_face::nauseated_face::nauseated_face:
0:19:47,@Peejaylew,Oh
0:19:47,@applebloom2307,what a woman
0:19:47,@crestposting,what a woman
0:19:48,@FoolsGil,"Shining isn't into fart play, who knew"
0:19:49,@PwnyHipster,BISEXUAL CHRYSSY
0:19:50,@jennythebean9117,Zamn 
0:19:50,@Sram_jpeg,HE CAN'T HANDLE ALL THAT BUT I CAN!
0:19:50,@lordofshrimps,WHY
0:19:50,@beabuzzkill,awesome
0:19:51,@applebloom2307,MARI
0:19:51,@AnimeGames16,The fuck?
0:19:52,@lordofshrimps,WHY
0:19:52,@liquidtamers12345,fuck ok that got me
0:19:53,@LUXE-DX,Oh I forgot chrysalis is into her
0:19:53,@Padtygalaxy,Mari
0:19:53,@Keiry2017,Boi is disgusted
0:19:54,@BluududytXD,EMOOO
0:19:55,@Aromaticgrassitem,"damn, cadence and buggirl"
0:19:58,@therandom_dude,LOLOLOL
0:19:58,@loolooluka,jesus christ lmao
0:19:58,@springystarscout,Mari wifeeeeeey
0:19:59,@fluttergabe22,that was hot Cadence :smiling_face_with_heart_eyes:
0:20:00,@xamxsu,Im fucking crying
0:20:00,@agoatheadbaby3512,That's not very sanitary.
0:20:00,@vinylgamer2688,wtf is glimmy up to 
0:20:01,@lizania81,indeed what a woman :frowning_face:
0:20:02,@jsaenz96,aww I love how cadence is the only normal and morally decent pony
0:20:02,@XxZ0MB1E_K1TTYxX,MORE YURI °°!!!!!!
0:20:03,@doggerlander,looks like an angel but farts like a demon :ogre::ogre::smiling_face_with_horns:
0:20:04,@Feojsshsyydud,I wish I was there
0:20:04,@UngulaPropriaRQ,holy fucking shit 
0:20:05,@angellodmill7033,HII
0:20:05,@PoppinCornBaby,Nope there’s the Mari abuse 
0:20:06,@mareliezjulio,cadence and crysalis yuri when when when when
0:20:07,@XxZ0MB1E_K1TTYxX,:mending_heart::mending_heart::mending_heart:
0:20:07,@applebloom2307,My bbygirl
0:20:08,@AnthonyHooks-h3r9y,"Jesus Christ, would you eat a fucking McDonald’s shit"
0:20:09,@nezukochan6383,Poor Mary
0:20:09,@BluududytXD,I LOVE EMO
0:20:10,@cricket_gaming_hd9439,shining armor better know how well off he is
0:20:10,@slitherwing30,With a toothbrush is crazy
0:20:12,@applebloom2307,shes so bbygirl
0:20:13,@UngulaPropriaRQ,i get it mari
0:20:15,@haileykitty6993,a toothbrush?! damn!
0:20:15,@neargaming2057,Is that the mare fair oc?
0:20:17,@springystarscout,Wife wife wife wifwiwfewifewife 
0:20:17,@Gaalnr,are there even any male background ponies left
0:20:19,@applebloom2307,Im actually making that outdit rn
0:20:21,@MillerTheDarkTransPrince,poor Mary
0:20:22,@jennythebean9117,Needles
0:20:24,@springystarscout,MARRY ME MARI
0:20:25,@ahmadpemberton5,never watched mlp but this shit is peak
0:20:26,@GoldenCone69,Mariette Is being used as toy.
0:20:27,@LUXE-DX,CHRYSALCADANCE FOR LIFEEE
0:20:29,@jennythebean9117,True 
0:20:29,@CozyYote,my current bf said he doesnt find this funny i need to go back to my ex
0:20:30,@mr.bananaman9805,I gotta save mary from this
0:20:33,@XxZ0MB1E_K1TTYxX,I LOVE WOMEN!!!!!
0:20:33,@Hyloaf,GOLLY
0:20:34,@GoldenCone69,also some of us did see gore
0:20:34,@slitherwing30,Is that cozy glow
0:20:35,@nezukochan6383,Yuri at its finest 
0:20:35,@jennythebean9117,:loudly_crying_face::loudly_crying_face::loudly_crying_face::loudly_crying_face:
0:20:36,@SonataDidIt,cozy
0:20:36,@solarismare,SHIIIIIIT
0:20:37,@agoatheadbaby3512,BAHAHAHHAHAA
0:20:38,@GlimmyGOD,OH MY GOD
0:20:38,@Keiry2017,Nooo leave my baby alone
0:20:38,@vinylgamer2688,glimmy now a baddie
0:20:38,@UngulaPropriaRQ,LOOK
0:20:39,@PwnyHipster,I love these couples. And I hope Rarity sits on Rainbows face before this movie ends.
0:20:40,@UngulaPropriaRQ,GOLYL
0:20:40,@lordofshrimps,Why are you doing him like that
0:20:40,@springystarscout,Cute outfit 
0:20:41,@GoldenCone69,Is that Cozy glow?
0:20:41,@LUXE-DX,HOLY 
0:20:43,@sadraiju808,is that Cozy getting arrested
0:20:43,@Aurapone,glimmy so real
0:20:43,@TheMTwinny,COZY GETTING ARRESTED
0:20:43,@solarismare,HOLY SHIT COZY?
0:20:44,@TierAnon,COZY
0:20:44,@lordofshrimps,COZY GLOW
0:20:44,@jestermaxxed,she's so fucking epic
0:20:46,@misakayy1911,COZY
0:20:46,@mr.bananaman9805,COZY GLOW????
0:20:46,@Mira-ep3cd,I love yuri
0:20:46,@liquidtamers12345,COZY
0:20:47,@therandom_dude,that's the pony from the unofficial ep
0:20:47,@DoffeeNull,why is cozy
0:20:47,@PwnyHipster,COZY
0:20:47,@Solums,coozy??
0:20:48,@applebloom2307,WAIT 
0:20:50,@springystarscout,Oh my God.
0:20:51,@LUXE-DX,Cozy?!?!
0:20:51,@applebloom2307,COZYYYY
0:20:52,@dominicunderwood4911,"(Translation): ""Its okay when I do it, I just cant handle seeing other women hurt."""
0:20:52,@Xzonza1,Yay Golly getting arrested
0:20:52,@AnthonyHooks-h3r9y,"I’m sorry, I see this weird a damn furry is that I see no furry"
0:20:53,@springystarscout,BEST FILLY
0:20:53,@doublej209,COZY
0:20:53,@PwnyHipster,OH SHIT COZY FINALLY ARRIVED
0:20:55,@jsaenz96,the way I hate starlight in the show but she's one of the best written characters here
0:20:56,@springystarscout,FUCK YES
0:20:57,@liquidtamers12345,cozy mention
0:21:00,@MillerTheDarkTransPrince,cozy?!
0:21:00,@Cattle.ink.3,oh nah what cozy glow do???
0:21:01,@Aromaticgrassitem,"Starlight is a go getter, i have to admit"
0:21:01,@jennythebean9117,She just working 
0:21:02,@springystarscout,YEYEYYESYEW IVE FUCKING WAITED FOR THIS DAY
0:21:02,@crestposting,boys on the hood?
0:21:03,@vdn2468,FREE COZY
0:21:04,@Padtygalaxy,Pop?
0:21:07,@XxZ0MB1E_K1TTYxX,COZY????
0:21:07,@LUXE-DX,YES
0:21:10,@certafan,She's sooooo desperate
0:21:11,@DoffeeNull,yess
0:21:12,@Ckaboom,Quirky yuri???
0:21:12,@Keiry2017,Ew
0:21:13,@springystarscout,BEST FILLY BEST FILLY BEST FILLY BEST FILLY
0:21:13,@BluududytXD,Hi cozy:3
0:21:14,@therandom_dude,boyz on the hood
0:21:15,@PwnyHipster,hoof holding
0:21:15,@KhakiCap,animation erroe
0:21:15,@lizania81,YAAY YURI
0:21:16,@jennythebean9117,Cozy Glow 
0:21:18,@springystarscout,I WIN
0:21:19,@Keiry2017,But i like gore
0:21:19,@Hexen_4444,Hold?
0:21:20,@CozyYote,tripping rn
0:21:21,@mr.bananaman9805,forgot to clear a gap award
0:21:22,@Luckystarfriendship,"By the way, I'm still here"
0:21:23,@liquidtamers12345,HEY HE PAINTED THAT LAYER ON THE HAIR WHITE BY ACCIDENT
0:21:25,@PoppinCornBaby,NANI
0:21:28,@liquidtamers12345,POINT AND LAUGH
0:21:30,@GoldenCone69,is Cozy glow dead??
0:21:31,@jennythebean9117,Gay
0:21:31,@BluududytXD,I LOVE YURII
0:21:31,@SonataDidIt,oh my....
0:21:32,@solarismare,sweaty glimmy
0:21:38,@Nander___,what a cute couple
0:21:38,@lordofshrimps,Goon
0:21:39,@badnin707,aww
0:21:39,@27McCracken,I thought being gay was illegal?
0:21:39,@agoatheadbaby3512,uugghhh
0:21:39,@solarismare,GOD DAMN
0:21:41,@applebloom2307,meanie
0:21:42,@lordofshrimps,Why did she do that
0:21:43,@TheMTwinny,You just have to be gay and the police won't care
0:21:43,@MillerTheDarkTransPrince,lol
0:21:43,@LUXE-DX,Hahah
0:21:45,@XxZ0MB1E_K1TTYxX,EVIL FUCKED UP YURI
0:21:48,@crestposting,goon
0:21:48,@jennythebean9117,Cutie pootie 
0:21:49,@Tamers12345MLP,"Cozy Glow just got arrested for doing some illegal shit, no big deal"
0:21:49,@XxZ0MB1E_K1TTYxX,:mending_heart::mending_heart::mending_heart:
0:21:50,@gutterdflower,Tamers when are we gonna go back to the yaoi:broken_heart:
0:21:51,@agoatheadbaby3512,Wipe your poopy butt.
0:21:57,@agoatheadbaby3512,oh
0:21:57,@Keiry2017,Girl
0:22:00,@springystarscout,Cozy more screen time NOW 
0:22:00,@PwnyHipster,Based
0:22:04,@thedarknessinthelight9824,W Cozy arrest
0:22:05,@applebloom2307,cutecutecutecutecute
0:22:05,@PwnyHipster,Mari slaying
0:22:06,@GlimmyGOD,Whoa Mari is taking the reigns?
0:22:07,@UngulaPropriaRQ,smooching 
0:22:08,@jennythebean9117,Kiss
0:22:10,@LUXE-DX,Ooh-
0:22:10,@XxZ0MB1E_K1TTYxX,YEAJJJJJJHHHHHH
0:22:12,@Hyloaf,cute
0:22:13,@springystarscout,So cute …….
0:22:13,@NubMcMoofin,:smiling_face_with_hearts:
0:22:14,@applebloom2307,god shes cute
0:22:14,@Ckaboom,SLAYY
0:22:14,@solarismare,GOD DAMN
0:22:16,@slitherwing30,THE NOOSE HELP
0:22:16,@nezukochan6383,No way
0:22:16,@Lucario4thewin,smooth
0:22:17,@PoppinCornBaby,lol 
0:22:17,@lordofshrimps,oh wow
0:22:17,@LUXE-DX,ON
0:22:18,@KhakiCap,mein gott
0:22:18,@badnin707,woww
0:22:18,@jennythebean9117,>:3
0:22:19,@dominicunderwood4911,yaoi > yuri
0:22:19,@applebloom2307,maybe i shoukd wear one
0:22:20,@MillerTheDarkTransPrince,okay tamers
0:22:20,@lordofshrimps,oh wow oh wow
0:22:21,@Cattle.ink.3,huh...
0:22:22,@OrpheusHart,Holy~ <3
0:22:24,@springystarscout,THE NOOSE LMAO
0:22:25,@XxZ0MB1E_K1TTYxX,WHOA
0:22:25,@LUXE-DX,Oh..
0:22:27,@agoatheadbaby3512,"Oh, I see.."
0:22:28,@delta-v4x,WD-40 IS NOT A LUBRICANT
0:22:28,@GoldenCone69,use the Rope
0:22:28,@DANDYWORLDCHAT,GOD DANM SHE CUTE
0:22:28,@muggz7752,Mare-yment wow
0:22:31,@jennythebean9117,Gay
0:22:32,@UngulaPropriaRQ,WHO IS THE NOOSE FOR 
0:22:32,@PwnyHipster,Mari looks so Swav
0:22:34,@Cattle.ink.3,oop-
0:22:37,@haileykitty6993,why is there a noose? :grinning_squinting_face:
0:22:37,@Solums,Yuri
0:22:37,@XxZ0MB1E_K1TTYxX,PEAKKKK
0:22:38,@Code_monkey_like_you,Who’s CozyGlow?
0:22:38,@LUXE-DX,HERE WE GO
0:22:39,@springystarscout,"Robe Mari,,,,,"
0:22:39,@applebloom2307,unf
0:22:40,@vinylgamer2688,damn these two got hotter
0:22:40,@BluududytXD,YESSSS
0:22:40,@GoldenCone69,why is it red?
0:22:41,@UngulaPropriaRQ,WHO IS THE NOOSE FOR???????
0:22:42,@jennythebean9117,OwO 
0:22:44,@solarismare,HAHAHAHA
0:22:44,@TheMTwinny,LMAO
0:22:44,@GG_salah,oh no
0:22:44,@lordofshrimps,LOLLLLLLLL
0:22:44,@CozyYote,let me voice act cozy 
0:22:45,@PwnyHipster,bruh
0:22:46,@agoatheadbaby3512,My God.
0:22:46,@LUXE-DX,MWEHEHEHHE
0:22:46,@SonataDidIt,oh....
0:22:48,@TheMTwinny,WHAT IS THIS SHIT
0:22:48,@lizania81,HOT
0:22:49,@KhakiCap,lol
0:22:50,@BluududytXD,lol
0:22:50,@sadraiju808,aww 
0:22:50,@thedarknessinthelight9824,LMAOOOOO
0:22:50,@FoolsGil,roflmao
0:22:51,@neargaming2057,Why is there a noose?
0:22:51,@AsianVamp,LOOOL
0:22:52,@Binary_Forever,W U D 40
0:22:53,@ahmadpemberton5,LOL
0:22:53,@Skidum1,lmao
0:22:54,@solarismare,A LIGHTBULB?
0:22:54,@applebloom2307,cute
0:22:56,@lordofshrimps,LOLLLL
0:22:57,@badnin707,awwwww poor mari
0:22:57,@crestposting,me too marionette
0:22:57,@Tianhuo,lmao
0:22:57,@NubMcMoofin,:disappointed_face:
0:22:57,@Solums,XD
0:22:58,@UngulaPropriaRQ,DAMN SHE BUILT LIKE A LIGHTBULB>???????????
0:22:59,@beabuzzkill,"terrible behaviour, starlight glimmer."
0:23:01,@lizania81,she's so mean bro...:(((((((((
0:23:01,@NitroboneExtinct,And people wonder why Tamers gets cancelled
0:23:02,@XxZ0MB1E_K1TTYxX,A WHAT??
0:23:02,@GoldenCone69,I believe she was Hoping it to be Pink or something.
0:23:02,@kkorrrnerrrrr,goddamn xD
0:23:02,@agoatheadbaby3512,Creaky door.
0:23:03,@solarismare,oh shiiiiit
0:23:03,@lordofshrimps,L goons
0:23:03,@springystarscout,:[
0:23:04,@Hexen_4444,the noose is for both of them
0:23:04,@mareliezjulio,squeaky ass door
0:23:05,@slitherwing30,Oh god lore time???
0:23:05,@SonataDidIt,Trixiebelle time
0:23:05,@misakayy1911,ITS TIME
0:23:05,@dominicunderwood4911,ha! get rekt mari stans
0:23:06,@mr.bananaman9805,SHE DOESN'T DESERVE YOU MARY
0:23:06,@solarismare,OH NOOOO
0:23:07,@applebloom2307,oh shoot
0:23:07,@MillerTheDarkTransPrince,poor Mary
0:23:08,@UltimateStarky,oh hey the plot
0:23:08,@makotoikari4854,:joker:
0:23:08,@solarismare,HE'S BACK
0:23:08,@springystarscout,Uhoh 
0:23:09,@PoppinCornBaby,L
0:23:10,@beabuzzkill,omggg
0:23:10,@NubMcMoofin,:exploding_head:
0:23:11,@Tomerツ,Is celestia on the moon???
0:23:11,@solarismare,TRIXIEBELLE IS BACK
0:23:12,@doublej209,finally
0:23:13,@lordofshrimps,That all happened in a 2 second time span
0:23:13,@moriorinvictus69,its that fuckass tiny thing again!
0:23:13,@LUXE-DX,LORE
0:23:13,@GoldenCone69,The Femboy!
0:23:13,@UngulaPropriaRQ,oh hi trixiebelle
0:23:14,@Luv_Kyle, hes back
0:23:14,@Aromaticgrassitem,That was a good horse joke
0:23:14,@PoppinCornBaby,oh it’s PLOT TIME
0:23:14,@springystarscout,fear
0:23:14,@jennythebean9117,This episode is pretty gay
0:23:15,@ssum.things,trixiebelle staright aura farming
0:23:15,@PwnyHipster,Hello Chucky
0:23:16,@therandom_dude,huh??
0:23:16,@misakayy1911,GILGAMESH
0:23:16,@Luv_Kyle,HE;LP
0:23:16,@TheMTwinny,HERE THEY ARE
0:23:17,@crestposting,phreremones??
0:23:19,@MillerTheDarkTransPrince,oh no
0:23:19,@pixiemations3585,NOOOO
0:23:20,@BlackKanye,That is not what I expected
0:23:20,@KhakiCap,who's this laughing fella?
0:23:20,@OrpheusHart,Yep its a femboy
0:23:21,@SonataDidIt,What a gay voice LOL
0:23:21,@lordofshrimps,Oh my god
0:23:21,@agoatheadbaby3512,It's that guy again.
0:23:21,@DANDYWORLDCHAT,SHE BACK
0:23:21,@GoldenCone69,GUYS IT'S THE FEMBOY!
0:23:23,@Keiry2017,Clowny
0:23:25,@beabuzzkill,oh he sounds so gayyy
0:23:25,@applebloom2307,eeeeeee
0:23:26,@PwnyHipster,I love his gay little voice
0:23:27,@applebloom2307,eeeeeee
0:23:29,@Cattle.ink.3,guess who back back again
0:23:29,@XxZ0MB1E_K1TTYxX,FEMBOY???
0:23:31,@SeriouslySodium,dear god
0:23:32,@TheMTwinny,23 minutes and we got plot
0:23:33,@slitherwing30,Whats thus dudes name again
0:23:33,@beabuzzkill,LOL
0:23:35,@Aromaticgrassitem,"Okay, that's a cute clown!"
0:23:35,@mareliezjulio,FEMBOY TIME
0:23:36,@crestposting,a gay pony?
0:23:36,@applebloom2307,no u
0:23:36,@therandom_dude,that's a girl????
0:23:37,@solarismare,HOMOPHOBIC?
0:23:37,@vezsteseg-e8z,YO
0:23:37,@jennythebean9117,Trixie Belle 
0:23:37,@cricket_gaming_hd9439,whoever pulls me out shall be crowned king
0:23:39,@BluududytXD,OOOO
0:23:39,@agoatheadbaby3512,omg
0:23:39,@Tamers12345MLP,He's not a femboy he's just a jester
0:23:39,@solarismare,GOD DAMN
0:23:40,@mareliezjulio,FUUUH YEAHHHHH
0:23:40,@TierAnon,BASED
0:23:40,@certafan,Oh God....... He's the best!
0:23:40,@papafrank769,Rootbeer time
0:23:41,@PoppinCornBaby,Damn
0:23:41,@14i-,look who's talking
0:23:42,@SkylerPerkins-t1u,what?
0:23:42,@SonataDidIt,LOL
0:23:42,@lordofshrimps,YES
0:23:42,@dominicunderwood4911,sweet
0:23:42,@mareliezjulio,FEMBOY
0:23:43,@kkorrrnerrrrr,jsut like me
0:23:43,@lordofshrimps,YES
0:23:43,@LUXE-DX,U A HYPOCRITE
0:23:44,@beabuzzkill,oh my god he's a politican
0:23:44,@lordofshrimps,YES
0:23:44,@XxZ0MB1E_K1TTYxX,REALLLLL
0:23:44,@lizania81,w homophobia
0:23:44,@Cattle.ink.3,huh
0:23:44,@delta-v4x,XDDDDD
0:23:45,@mareliezjulio,YESSS
0:23:45,@Morflow_,uuhhh based?
0:23:45,@27McCracken,This dude rules 
0:23:46,@agoatheadbaby3512,"oh, okay."
0:23:46,@mareliezjulio,YESS
0:23:46,@ssum.things,trixie belle aura farming 
0:23:46,@TheMTwinny,So you gay
0:23:47,@clunker6712,Oh he’s gay
0:23:47,@lordofshrimps,YES
0:23:47,@Gaalnr,based
0:23:48,@GoldenCone69,I don't think Homophobia works like that
0:23:48,@NubMcMoofin,:saluting_face:
0:23:48,@lovingfool2060,TRUTH NUKE
0:23:49,@badnin707,so true
0:23:49,@applebloom2307,gayyyyyy
0:23:50,@solarismare,femboy jester
0:23:50,@LUXE-DX,Tamers u lying
0:23:50,@PwnyHipster,TRUE
0:23:50,@XxZ0MB1E_K1TTYxX,HES SO REAL
0:23:50,@KvVuld,woah antagonist arc
0:23:52,@vdn2468,TRUE
0:23:53,@doublej209,????
0:23:54,@matius851,me too king me too
0:23:54,@solarismare,LMFAO
0:23:54,@27McCracken,Based
0:23:55,@ssum.things,he lowkey a femboy
0:23:55,@jennythebean9117,Straight pone
0:23:56,@Zombiekiller-cz3lb,hes in denial XD
0:23:56,@delta-v4x,So based it's gay
0:23:56,@Solums,HOMOPHOBIC IN MY YURI HORSE
0:23:56,@UngulaPropriaRQ,HOLY SHIT WATCH OUT DANDY WE HAVE A NEW STRAIGHT PONY WHO IS NOT GAY
0:23:56,@MillerTheDarkTransPrince,WTF
0:23:56,@KhakiCap,"wait, that's not how it works"
0:23:57,@solarismare,OH HELL NAH
0:23:57,@LUXE-DX,PH NO
0:23:57,@PoppinCornBaby,So I have a chance with him
0:23:57,@gummy8440,but like did he buss
0:23:57,@Skidum1,what did he mean by that?
0:23:57,@DoffeeNull,definitely
0:23:58,@lordofshrimps,Why did she dod that
0:24:01,@GoldenCone69,luna??
0:24:02,@theconfusedasian7685,W take
0:24:02,@therandom_dude,WHAT!?
0:24:04,@ahmadpemberton5,annnd the chat goes wild
0:24:04,@kkorrrnerrrrr,noooo the movie
0:24:05,@tonyjohnson5374,It's not gay if you don't enjoy it
0:24:06,@jennythebean9117,Wat
0:24:07,@MillerTheDarkTransPrince,he's gay yall
0:24:07,@Keiry2017,Bro you are still gay
0:24:09,@lordofshrimps,Dude but I wanted to see Scream 7
0:24:10,@PwnyHipster,I love femboy chucky so much
0:24:12,@agoatheadbaby3512,Chubby Luna.
0:24:14,@GoldenCone69,we all can smell it
0:24:14,@Xzonza1,Luna Numget!
0:24:16,@vinylgamer2688,W luna moment
0:24:16,@Elsieplayss,Huh
0:24:17,@moriorinvictus69,this ponyville air isn't doing luna any good
0:24:18,@Aromaticgrassitem,Scream 70 will never have its mysterys revealed
0:24:18,@ssum.things,trixiebelle has straight aura
0:24:21,@Lorkhanable,season 1 luna
0:24:27,@jennythebean9117,Uh oh
0:24:28,@Tamers12345MLP,He's not gay he just has sex with men sometimes
0:24:29,@liquidtamers12345,killed scream 7. A hero.
0:24:30,@certafan,Do bug dookies smell worse? asking for a friend
0:24:34,@Binary_Forever,Lotta good luna drawings here
0:24:34,@MillerTheDarkTransPrince,why is he gay lol
0:24:36,@jennythebean9117,Me too 
0:24:37,@therandom_dude,same
0:24:40,@thedarknessinthelight9824,Yeah sometimes
0:24:43,@liquidtamers12345,99% of the time is not sometimes.
0:24:44,@Cattle.ink.3,still gay tho
0:24:49,@vinylgamer2688,so he role plays gay ?
0:24:51,@agoatheadbaby3512,Big arch.
0:24:52,@solarismare,that pony looks depresesd
0:24:52,@DragonBorne1991,exactly
0:24:53,@solarismare,like me
0:24:53,@BluududytXD,She is S T E V E
0:24:54,@GoldenCone69,just put the popcorn in Box Worker for The movie
0:24:54,@MillerTheDarkTransPrince,still gay
0:24:55,@BlackKanye,same
0:24:55,@TheMTwinny,Trixie about the Big Arch burger price
0:24:58,@DANDYWORLDCHAT,RAHH
0:24:59,@Keiry2017,His?! 
0:25:00,@lordofshrimps,trust
0:25:02,@lizania81,TRIXIE IS SO MEEEE SHES SO ME BRO
0:25:04,@agoatheadbaby3512,lol
0:25:09,@GoldenCone69,I. am Trieve.
0:25:09,@Lucario4thewin,lol Trixie sucks
0:25:09,@GlimmyGOD,oh shid
0:25:11,@springystarscout,Based
0:25:12,@jennythebean9117,Trixie nuke the theater 
0:25:13,@LUXE-DX,FNAF
0:25:14,@KhakiCap,arh arh arharharh!
0:25:14,@Keiry2017,HIS FOUR DOLLARS?! 
0:25:14,@GoldenCone69,a Hell mah
0:25:14,@XxZ0MB1E_K1TTYxX,HUH
0:25:14,@lordofshrimps,satan
0:25:14,@misakayy1911,FNAF IN TAMERS
0:25:15,@solarismare,OH SHIT
0:25:16,@agoatheadbaby3512,Freddy Fazbest.
0:25:16,@PwnyHipster,OK Trixie is kind of based
0:25:16,@slitherwing30,Super animation time
0:25:16,@NubMcMoofin,:disappointed_face:
0:25:17,@springystarscout,HUH
0:25:17,@solarismare,AWHH HELL NAH
0:25:19,@vezsteseg-e8z,yo wha
0:25:19,@applebloom2307,ooooooooooohhh
0:25:21,@liquidtamers12345,Hahahaha
0:25:21,@Code_monkey_like_you,TRIXIE NOOOOOOOOOO
0:25:21,@TheMTwinny,Here we gooooooooooo
0:25:22,@delta-v4x,Fugggggg
0:25:22,@LUXE-DX,OH MAN LORE?!? AW CRAP
0:25:22,@SonataDidIt,Time
0:25:23,@agoatheadbaby3512,TRIXIE NOOOOOO
0:25:23,@springystarscout,OH NO
0:25:25,@UltimateStarky,hate when that happens
0:25:26,@lordofshrimps,I LOVE SYNTH WAVE
0:25:27,@PwnyHipster,Synthwave City
0:25:27,@lordofshrimps,YES
0:25:29,@NitroboneExtinct,I LIKE THE SCREEN
0:25:30,@Hyloaf,the dance
0:25:31,@GoldenCone69,Learned it from Clown School
0:25:32,@XxZ0MB1E_K1TTYxX,GOD DAMN
0:25:32,@Jakechi1999, I love synthwave! But not as much as vaporwave.
0:25:34,@jennythebean9117,FNAF!
0:25:35,@gummy8440,Synthwave City is a dangerous world
0:25:35,@PoppinCornBaby,Synth wave city 
0:25:36,@vinylgamer2688,letssss goooo peak anime moment
0:25:37,@solarismare,THE FUCKING DANCE
0:25:37,@Feojsshsyydud,OH
0:25:37,@solarismare,LMFAO
0:25:39,@badnin707,awww
0:25:40,@therandom_dude,synth wave what?
0:25:41,@LUXE-DX,OH STOP INTERRUPTING THE YURI
0:25:42,@PwnyHipster,look at him go
0:25:42,@FlawlessSparkleMoonisb4ck,RAGH
0:25:42,@jennythebean9117,Oh no
0:25:42,@KhakiCap,who's this silly jester?
0:25:43,@Aromaticgrassitem,"Neon synth city, baby!"
0:25:44,@SuperCaptainFail,why is it analog horror now
0:25:44,@applebloom2307,gonna draw that rn
0:25:44,@springystarscout,Cute jester 
0:25:48,@doggerlander,emoted on her
0:25:48,@solarismare,BOPING
0:25:49,@certafan,I love that gay little dance he does ahahaha jolly good show
0:25:50,@DANDYWORLDCHAT,DAMG
0:25:50,@Feojsshsyydud,So cute
0:25:52,@MillerTheDarkTransPrince,so cool
0:25:53,@Hexen_4444,Protection? how dangerous is Equestria?
0:25:53,@solarismare,IMPOSSIBLE
0:25:54,@jennythebean9117,Save mama
0:25:55,@doublej209,jobber speech
0:25:56,@kkorrrnerrrrr,letsgooo
0:25:56,@haileykitty6993,bro dancing like a smol fool
0:25:59,@PwnyHipster,I love him so much I swear to god
0:26:02,@agoatheadbaby3512,Incredible.
0:26:04,@GoldenCone69,@Tamers12345MLP why doesn't Trixie End the battle when she is a Alicorn god?
0:26:04,@liquidtamers12345,Hahahaa
0:26:05,@springystarscout,LOL
0:26:07,@doggerlander,he's cooked
0:26:08,@KvVuld,peak trixie
0:26:10,@mareliezjulio,femboy battle
0:26:10,@agoatheadbaby3512,My God.
0:26:12,@delta-v4x,WHAT IS HER POWERLEVEL?!!!
0:26:12,@PwnyHipster,Oh fuck
0:26:14,@lordofshrimps,that is true
0:26:14,@TheMTwinny,She does the martial arts haha
0:26:15,@KhakiCap,tubbo
0:26:15,@dominicunderwood4911,@LUXE-DX The fight is more important than yuri
0:26:16,@27McCracken,Trixie needs a bath :nauseated_face: 
0:26:16,@LUXE-DX,OMG
0:26:16,@misakayy1911,DAMN
0:26:17,@vezsteseg-e8z,dayum
0:26:17,@jennythebean9117,You can do it!
0:26:17,@moriorinvictus69,yummers
0:26:17,@applebloom2307,cute
0:26:18,@solarismare,trixiebelle is 100% a femboy
0:26:18,@Gaalnr,I bet she's just lying
0:26:19,@thedarknessinthelight9824,WOULD
0:26:21,@solarismare,WHAT
0:26:23,@DANDYWORLDCHAT,OH
0:26:23,@doggerlander,damn he's thick
0:26:23,@Ckaboom,Erm what is that photo shot
0:26:23,@solarismare,LMFAO?????
0:26:23,@Exiledlama,LMAO
0:26:24,@NubMcMoofin,:face_savoring_food:
0:26:25,@PwnyHipster,oh shit
0:26:27,@therandom_dude,thicc
0:26:27,@Gaalnr,I KNEW IT
0:26:28,@sadraiju808,goddamn it trickie
0:26:28,@agoatheadbaby3512,Oh
0:26:30,@slitherwing30,That poor sock
0:26:31,@MillerTheDarkTransPrince,let's go
0:26:32,@solarismare,hi flawless
0:26:33,@liquidtamers12345,OH GOD
0:26:33,@TheMTwinny,Oh that's just piss...
0:26:33,@UngulaPropriaRQ,DAMN NICE MOVE 
0:26:34,@XxZ0MB1E_K1TTYxX,YEAHHH
0:26:34,@jennythebean9117,Zamn 
0:26:36,@vinylgamer2688,is the sock for sale ?
0:26:37,@applebloom2307,kyute
0:26:38,@liquidtamers12345,THE FIGHTING IS HAPPENING
0:26:38,@GoldenCone69,she Shat on it.
0:26:40,@springystarscout,She shit on the belt didn’t she 
0:26:40,@slitherwing30,EW
0:26:41,@PwnyHipster,poop
0:26:41,@crestposting,???
0:26:44,@solarismare,THE PISS SOCK
0:26:45,@KhakiCap,ew
0:26:45,@SonataDidIt,ewwwww
0:26:46,@solarismare,THE FUCKING PISS SOCK
0:26:47,@applebloom2307,poopy
0:26:48,@solarismare,POOP SOCK?
0:26:48,@lordofshrimps,take it
0:26:48,@SeriouslySodium,he getting violated
0:26:49,@AnthonyHooks-h3r9y,That makes no no sense with the black belt
0:26:50,@PoppinCornBaby,LMAO
0:26:50,@lordofshrimps,take it
0:26:50,@doggerlander,wtf
0:26:50,@beabuzzkill,DOOKIE SOCK
0:26:51,@XxZ0MB1E_K1TTYxX,:eyes:
0:26:52,@KvVuld,elden ring boss fight
0:26:53,@LUXE-DX,@dominicunderwood4911 Nuh uh
0:26:53,@delta-v4x,"Oh, so that's how brown belts are made"
0:26:53,@BlackKanye,Uh oh. Mom found the poop sock\
0:26:53,@ssum.things,trixiebelle has a domain ig
0:26:53,@thedarknessinthelight9824,LMFAO
0:26:54,@doublej209,this awesome
0:26:54,@ahmadpemberton5,EWWWW
0:26:55,@solarismare,THE PISS AND POOP SOCK AHAHAHAH
0:26:56,@BluududytXD,OOP
0:26:57,@PwnyHipster,best fight scene
0:26:58,@applebloom2307,"its now ew, its Flawless poop so its ok"
0:26:58,@lizania81,Yummy hehe
0:26:59,@Tomerツ,Hobo 2 gameplay be like
0:27:00,@mareliezjulio,RUN FEMBOY RUN
0:27:00,@crestposting,me too jester 
0:27:01,@jennythebean9117,Save mama
0:27:01,@therandom_dude,EEWWWWWWWWWW
0:27:02,@TheMTwinny,AND THERE'S POOPY TOO
0:27:02,@KhakiCap,weak
0:27:03,@certafan,Lmaooooo this my goat?
0:27:03,@vinylgamer2688,wtf thats peak XD
0:27:04,@slitherwing30,I thought this was gonna be some epic cinematic but this is equally awesome
0:27:05,@clunker6712,This low key pathetic
0:27:06,@BluududytXD,RUN BELLE
0:27:06,@matius851,i wish that were me
0:27:07,@DANDYWORLDCHAT,RAHHH ˚　　 __　　 ( ((　　　\ =\　____\_ `- \----(______)) ( \----(______)) __　(______))　　(____))_____/----Made by #FacemojiAI
0:27:08,@UngulaPropriaRQ,holy shit this dude waited a million years to get smacked with shit and piss lmaooooo
0:27:08,@neargaming2057,The pee poop sock combo has to be considered biowarfare
0:27:09,@Padtygalaxy,Run kid! 
0:27:09,@iluvstarkittenz,hey guys teehee
0:27:10,@solarismare,THE GINGER LATINO
0:27:10,@XxZ0MB1E_K1TTYxX,mom from the piss drawer
0:27:11,@misakayy1911,LATINX
0:27:11,@liquidtamers12345,GINGER LATINO
0:27:12,@lordofshrimps,ginger latino
0:27:12,@KhakiCap,LATINO?!
0:27:12,@agoatheadbaby3512,IT'S JUST LIKE GYM CLASS ALL OVER AGAIN
0:27:12,@sadraiju808,the ginger latino kills
0:27:13,@PwnyHipster,GiNGER LATINO
0:27:14,@Keiry2017,Hitting him like it's a belt
0:27:14,@jennythebean9117,Epic battle 
0:27:15,@LUXE-DX,RUN
0:27:15,@solarismare,smack
0:27:15,@UngulaPropriaRQ,OH HE'S LATINO AS WELL
0:27:15,@t.tnetwork8654,this is our thanos level threat theyre kinda weak not gonna lie
0:27:16,@SonataDidIt,LOL
0:27:16,@doggerlander,FIGHT BACK :face_with_tears_of_joy:
0:27:16,@SuperCaptainFail,THE BACKROOMS?
0:27:17,@TheMTwinny,THE BACKROOMS LOL
0:27:17,@ahmadpemberton5,ginger lantio
0:27:17,@springystarscout,BACKROOMS WHAT
0:27:18,@NubMcMoofin,:saluting_face:
0:27:18,@lordofshrimps,WHY ARE THEY JUST IN THE BACKROOMS
0:27:18,@FlawlessSparkleMoonisb4ck,DAYUM
0:27:20,@Feojsshsyydud,Who was speaking
0:27:21,@haileykitty6993,backrooms?
0:27:22,@PoppinCornBaby,LMAO
0:27:24,@solarismare,playing fucking ball with them
0:27:26,@thedarknessinthelight9824,LMAAAAOOOOOOOOOOOOOO
0:27:27,@GoldenCone69,:C
0:27:28,@badnin707,in no way was this a predictable battle lol
0:27:28,@springystarscout,Backrooms movie leak
0:27:28,@PwnyHipster,Rarara
0:27:30,@mareliezjulio,LATIONA FEMBOY OUUUHHHHH
0:27:31,@lordofshrimps,It is unforunately funny
0:27:31,@lizania81,LOLLL
0:27:32,@MillerTheDarkTransPrince,yayy
0:27:33,@PoppinCornBaby,Meanwhile 
0:27:33,@agoatheadbaby3512,:(
0:27:34,@GoldenCone69,poor Rarity.
0:27:36,@SeriouslySodium,not applejack thinking Rarity was homeless ;v
0:27:37,@ahmadpemberton5,are they homeless??
0:27:39,@jennythebean9117,Ginger Latino
0:27:40,@mr.bananaman9805,"you see, this is a reference to american psycho"
0:27:40,@Keiry2017,Hitting him like it's a belt
0:27:42,@LUXE-DX,Oof
0:27:46,@slitherwing30,Can they make a cameo in the Backrooms movie
0:27:50,@agoatheadbaby3512,;_;
0:27:51,@XxZ0MB1E_K1TTYxX,Latino Femboy :mending_heart:
0:27:52,@DANDYWORLDCHAT,OFC 
0:27:54,@jennythebean9117,Noooooooooo
0:27:55,@MillerTheDarkTransPrince,I feel bad for Sweetie Bell
0:27:59,@PwnyHipster,twinkie
0:27:59,@lordofshrimps,We're taking him down together
0:27:59,@solarismare,twinkie belle???
0:28:01,@XxZ0MB1E_K1TTYxX,he really is me
0:28:01,@SonataDidIt,LOL
0:28:01,@BlackKanye,kek
0:28:01,@starlightArson,haha twinkie belle
0:28:02,@vinylgamer2688,poor sweetie bell she deserves more
0:28:04,@GoldenCone69,oh hey it's lyra
0:28:04,@Tomerツ,THE SITTING
0:28:04,@ok7777-j3s,.
0:28:06,@applebloom2307,loll
0:28:06,@PwnyHipster,THEY'RE RELATED
0:28:07,@ahmadpemberton5,the shit stain
0:28:08,@UngulaPropriaRQ,LYRA SIT 
0:28:08,@SonataDidIt,Human lyra
0:28:09,@kkorrrnerrrrr,lyraaa
0:28:09,@LUXE-DX,LYRA
0:28:09,@Xzonza1,LYRA!
0:28:09,@Lucario4thewin,twinkie
0:28:10,@moriorinvictus69,lyra sit!
0:28:11,@delta-v4x,I still kek from sitting Lyra
0:28:12,@misakayy1911,LYRA
0:28:12,@applebloom2307,wait its day
0:28:13,@agoatheadbaby3512,>_<
0:28:13,@jennythebean9117,:loudly_crying_face::loudly_crying_face::loudly_crying_face::loudly_crying_face:
0:28:13,@Solums,Lyla
0:28:14,@ssum.things,he got his own domain expansion but getting his ass whopped
0:28:14,@sadraiju808,Lyra straight judging
0:28:14,@GoldenCone69,shut up Lyra.
0:28:15,@certafan,I'm so glad you reused that bit LMAO
0:28:16,@lordofshrimps,Why is she like this
0:28:16,@ok7777-j3s,wow
0:28:17,@lizania81,Damn w gyatt
0:28:17,@KhakiCap,.lol
0:28:18,@lordofshrimps,LOLLLLLL
0:28:18,@Tomerツ,its the sitting pose
0:28:18,@DANDYWORLDCHAT,RAHHHHh☐ single☐ taken:check_box_with_check: loving this vibrant video:check_box_with_check: create this with #FacemojiAI
0:28:20,@agoatheadbaby3512,Oh.
0:28:21,@cricket_gaming_hd9439,what twilight said when arinos spawned
0:28:21,@Solums,Lyra
0:28:22,@solarismare,bruh
0:28:24,@PwnyHipster,Based Rarity
0:28:25,@GoldenCone69,why is there a Oven in the Tent??
0:28:25,@springystarscout,Damn 
0:28:28,@jennythebean9117,Sweetie deserve love 
0:28:28,@Aromaticgrassitem,rarity is cool
0:28:29,@LUXE-DX,OH NO U DIDNT RARITU
0:28:35,@Keiry2017,Dang
0:28:36,@KungaBungaonToast,fuuuck i want to go to mcdonalds sooooooooo bad
0:28:36,@jennythebean9117,:loudly_crying_face::loudly_crying_face::loudly_crying_face::loudly_crying_face:
0:28:40,@agoatheadbaby3512,April Fooled.....
0:28:42,@GoldenCone69,I thought they were cripple
0:28:42,@doggerlander,I remember that :face_with_tears_of_joy::face_with_tears_of_joy::face_with_tears_of_joy:
0:28:43,@PwnyHipster,banana bike
0:28:45,@mr.bananaman9805,bananas?
0:28:46,@applebloom2307,BANANA BIKES
0:28:51,@ahmadpemberton5,they look disabled
0:28:51,@Code_monkey_like_you,:blue_circle::blue_circle::waving_hand:
0:28:53,@XxZ0MB1E_K1TTYxX,bana
0:28:53,@NubMcMoofin,:disappointed_face:
0:28:53,@jennythebean9117,:loudly_crying_face:
0:28:54,@Lorkhanable,kino
0:28:54,@gummy8440,just like her damn parents
0:28:57,@XxZ0MB1E_K1TTYxX,banana
0:28:57,@certafan,They need to use those for getting bananas and shit in the Amazon rain forest
0:28:57,@DANDYWORLDCHAT,I AM Eating McDonald's ┏┓┃┣━┓┛┣━┃⠀┣━┃┓┣━┃┗┻━┛Made by #FacemojiAI
0:28:58,@solarismare,yeah scootaloo
0:29:02,@jennythebean9117,Noooooooooooooooo
0:29:10,@solarismare,THE BOUNCY TWINKIE
0:29:12,@lordofshrimps,aura
0:29:13,@UngulaPropriaRQ,bwoing
0:29:16,@PwnyHipster,its your only way out of poverty
0:29:18,@LUXE-DX,She hoops
0:29:20,@misakayy1911,OOOOOOOOOOOOOOOOOOOOOO
0:29:21,@delta-v4x,IT LEAST ME AND RARITY ARE WHITE
0:29:22,@TheMTwinny,SPEAK THAT SHIT
0:29:23,@GoldenCone69,Stick head Pony.
0:29:23,@MillerTheDarkTransPrince,:rolling_on_the_floor_laughing::rolling_on_the_floor_laughing::rolling_on_the_floor_laughing:
0:29:23,@PwnyHipster,Sweetie Belle going off!
0:29:25,@jennythebean9117,Fr fr
0:29:25,@vdn2468,"tell her, sweetie belle"
0:29:27,@ok7777-j3s,oh
0:29:30,@CanaryKari,ooooooooooooooooooooooooooooooooooooooooooooooooooooooo
0:29:34,@solarismare,GOD DAMN
0:29:34,@vinylgamer2688,twinkie vs chicken 
0:29:34,@PoppinCornBaby,Damn 
0:29:35,@misakayy1911,OOOOOOOOOOOOOOOOOOOOOOOOOOOOOOOOOOOOOOOOOOOOOOOOOOOOOOOOOOO
0:29:36,@PwnyHipster,OH SHIT
0:29:38,@Mangle12354,oop
0:29:38,@GoldenCone69,Bird Breeder Vs Stick head
0:29:38,@PwnyHipster,GODDAMN 
0:29:38,@jennythebean9117,:O
0:29:39,@Tomerツ,ooooooooooooo
0:29:40,@lordofshrimps,HANDLE THAT
0:29:40,@Keiry2017,It's true tho
0:29:40,@thedarknessinthelight9824,DAAMMMNNNNNNNN
0:29:44,@doggerlander,clocked her
0:29:45,@Tamers12345MLP,Ponies shouldn't fight like this.
0:29:45,@XxZ0MB1E_K1TTYxX,YES GIRL
0:29:47,@nico22999,ooh shit
0:29:49,@DANDYWORLDCHAT,TWINKIE VS A MEANIe
0:29:51,@lizania81,Yeaahhh own those wing lesbians sweetie bell
0:29:52,@TheMTwinny,DWEEB
0:29:54,@SonataDidIt,Scoots needs to calm down
0:29:55,@solarismare,tamer is right
0:29:56,@XxZ0MB1E_K1TTYxX,FIGHT FIGHT FIGHT
0:29:59,@jennythebean9117,:O
0:30:00,@lordofshrimps,okay bro
0:30:00,@GoldenCone69,FIGHT
0:30:00,@PwnyHipster,its just a prank bro
0:30:01,@Jakechi1999,Base.
0:30:02,@MillerTheDarkTransPrince,yes tamers
0:30:05,@KhakiCap,"""for funsies"" omfg, rainbow!"
0:30:06,@liquidtamers12345,they should all eat hoggies
0:30:06,@doublej209,D:
0:30:07,@GoldenCone69,FIGHT RIGHT NOW!!!
0:30:08,@LUXE-DX,FIGHT
0:30:08,@misakayy1911,BASED DASH
0:30:10,@PwnyHipster,Rainbow W?
0:30:11,@agoatheadbaby3512,"Oh, they just kill each other as pranks."
0:30:13,@Tamers12345MLP,Scootaloo can't calm down because she has anger issues
0:30:13,@KhakiCap,lol
0:30:14,@lordofshrimps,Okay Rainbow Dash
0:30:17,@lizania81,W RAINBOW DASH
0:30:18,@delta-v4x,Now Dash is lame
0:30:20,@solarismare,NOOOOO
0:30:20,@Hexen_4444,it was a prank bro
0:30:22,@PoppinCornBaby,BASED DASH
0:30:23,@insanianevi8089,D:
0:30:26,@applebloom2307,"Of course, Scoots is just a kid so she dioesnt yet know the difference beween banter and actual bullying yet."
0:30:27,@CelestialZizzy,WWWW
0:30:28,@GoldenCone69,we should put Scootaloo down.
0:30:31,@TheMTwinny,You can say....friendship isn't magic
0:30:31,@solarismare,lmaoooooo
0:30:33,@XxZ0MB1E_K1TTYxX,DAMN
0:30:34,@doublej209,:(
0:30:35,@jennythebean9117,Rainbow is right 
0:30:35,@PwnyHipster,This is already my favorite movie
0:30:37,@lordofshrimps,lol
0:30:37,@thedarknessinthelight9824,W bars
0:30:40,@solarismare,bruh
0:30:41,@vezsteseg-e8z,ow
0:30:42,@certafan,April fools Scoots
0:30:43,@vdn2468,deserved!
0:30:44,@TheMTwinny,HAHA GET REKT
0:30:44,@GoldenCone69,sharp Glass Cuts through Hoofs.
0:30:45,@Keiry2017,Fr
0:30:47,@jennythebean9117,Oh no 
0:30:48,@UngulaPropriaRQ,ah the poop bucket
0:30:48,@SonataDidIt,Despicable 
0:30:49,@GoldenCone69,yeah-
0:30:50,@solarismare,do not put your hoof in the poop bucket
0:30:50,@Code_monkey_like_you,Noooo Scoopapoo and Twinkie Balls broke up :loudly_crying_face::loudly_crying_face::loudly_crying_face::loudly_crying_face::loudly_crying_face:
0:30:51,@applebloom2307,oh hey its me
0:30:51,@BlueBoyo101,lmao
0:30:53,@doublej209,yeah
0:30:53,@PwnyHipster,yes
0:30:53,@BlueBoyo101,holy shit
0:30:57,@solarismare,DAMN LMFAO
0:30:58,@Tomerツ,ooooooooooooooooooo
0:31:00,@SonataDidIt,Applebloom spitting facts
0:31:02,@misakayy1911,DAMN
0:31:02,@ahmadpemberton5,crippled
0:31:03,@lordofshrimps,LOLLLLLLL
0:31:04,@applebloom2307,dam 
0:31:04,@delta-v4x,MAGIC
0:31:04,@solarismare,she kinda right though
0:31:05,@matius851,makes sense
0:31:05,@badnin707,whoa
0:31:05,@certafan,LMAOOOO
0:31:05,@BlackKanye,holy
0:31:06,@PwnyHipster,go off
0:31:06,@PoppinCornBaby,Jesus
0:31:07,@Morflow_,SHARINGAN
0:31:08,@doublej209,oh fuck
0:31:08,@lordofshrimps,Oh wow
0:31:08,@Feojsshsyydud,Lmao
0:31:08,@vinylgamer2688,W honesty
0:31:08,@applebloom2307,OH
0:31:09,@LUXE-DX,SANS
0:31:09,@XxZ0MB1E_K1TTYxX,OH NO
0:31:10,@lizania81,W
0:31:10,@jennythebean9117,Kiss
0:31:11,@TheMTwinny,OH NO
0:31:11,@UngulaPropriaRQ,oh fuck this shit happening again
0:31:12,@beabuzzkill,oh my god she's sans
0:31:12,@Aromaticgrassitem,SANS
0:31:12,@neargaming2057,Green eye powers?
0:31:12,@slitherwing30,Is there a reason they changed eye colors or did I forget
0:31:14,@solarismare,SANS?
0:31:15,@kkorrrnerrrrr,damn
0:31:16,@lordofshrimps,The eye thing
0:31:17,@LUXE-DX,HOLY
0:31:17,@Fizzyy_Wizzyy,im at work:<
0:31:17,@GoldenCone69,NO DAD. NO MOM. SCOOTALOO LIVES IN THE BASEMENT UNDERNEATH THE ADOPTION CENTRER
0:31:17,@delta-v4x,SLAY SCOOT
0:31:17,@Solums,Eye lore
0:31:18,@springystarscout,FEAR
0:31:18,@TheMTwinny,THE EYE....LORE
0:31:19,@ItsameDesire,oh finally some eye action
0:31:20,@Jakechi1999,What music is this?
0:31:20,@starlightArson,weed sans
0:31:20,@XxZ0MB1E_K1TTYxX,HOLY SHIT
0:31:21,@Padtygalaxy,Magic scooter 
0:31:23,@Ckaboom,GREEN SANS
0:31:24,@ahmadpemberton5,NOOOO
0:31:25,@Mangle12354,Oh my Celestia what the pony
0:31:26,@PwnyHipster,HAUL ASS APPLE BLOOM
0:31:27,@NubMcMoofin,:face_holding_back_tears:
0:31:27,@doublej209,sans
0:31:28,@Tomerツ,bad time
0:31:30,@certafan,A bully would never
0:31:31,@LUXE-DX,SANS SCOOTALO
0:31:32,@jennythebean9117,Oh no
0:31:32,@UltimateStarky,didn't soarin already do this
0:31:32,@t.tnetwork8654,there mixed eyes are becoming lore revelant now
0:31:33,@solarismare,HOLY SHIT
0:31:33,@applebloom2307,"Wait, it is sans"
0:31:33,@GoldenCone69,NAHH--
0:31:33,@Lorkhanable,kino episode
0:31:34,@TheMTwinny,THE EYE THING WAS SO LONG AGO
0:31:35,@Feojsshsyydud,I’m so green
0:31:35,@ahmadpemberton5,DAMNNN
0:31:35,@misakayy1911,NOOOOOOOOOOOOOOOOOOOO
0:31:35,@solarismare,ORBITAL LASER
0:31:35,@BlueBoyo101,Apple acres burns again
0:31:35,@SonataDidIt,the apples deserve this to be honest
0:31:36,@dominicunderwood4911,NOOOOOOO
0:31:36,@lordofshrimps,CRAZY B PLOT
0:31:36,@Keiry2017,GIRL HAS HER EYES
0:31:37,@NubMcMoofin,:exploding_head:
0:31:38,@vinylgamer2688,poor inbreads
0:31:40,@AnimeGames16,RIP
0:31:42,@Luckystarfriendship,omggg
0:31:42,@vdn2468,WOAH
0:31:43,@thedarknessinthelight9824,holy shiit
0:31:43,@haileykitty6993,Scootaloo became a god
0:31:44,@Padtygalaxy,F----
0:31:45,@SeriouslySodium,green sans
0:31:46,@applebloom2307,OH Remember Sans loves scootaloo????
0:31:47,@theconfusedasian7685,Legendary callback
0:31:49,@PoppinCornBaby,Why is her magic so strong 
0:31:50,@GoldenCone69,infinite??
0:31:51,@lizania81,"OH BECAUSE THEY HAVE EACH OTHER EYE, LOREE"
0:31:52,@liquidtamers12345,whoae fucking mlp village is it
0:31:52,@lordofshrimps,THAT IS NOT TRUE
0:31:54,@SonataDidIt,Thank you Celestia
0:31:55,@applebloom2307,or am i old
0:31:55,@MillerTheDarkTransPrince,yayyy
0:31:57,@pixiemations3585,i wuz wondeing when the eye thing was gonna have it's moment 
0:31:57,@jennythebean9117,Run!
0:31:58,@GoldenCone69,Soarin 2.0??
0:31:58,@Lucario4thewin,who she talking to?
0:32:00,@delta-v4x,SKELETON
0:32:00,@KhakiCap,how many times has Apple orchard burnt down?
0:32:02,@Jakechi1999,Tirek no!!!!!
0:32:02,@solarismare,lord tirek
0:32:03,@liquidtamers12345,TIREK
0:32:03,@badnin707,i was wondering when that would be relevant again
0:32:04,@lordofshrimps,W tirek
0:32:04,@misakayy1911,LMAO
0:32:05,@XxZ0MB1E_K1TTYxX,OH
0:32:06,@TheMTwinny,LMAO
0:32:06,@LUXE-DX,Nooo
0:32:09,@springystarscout,WHAT
0:32:09,@solarismare,scootaloo
0:32:10,@lordofshrimps,What is going on
0:32:11,@NubMcMoofin,:face_holding_back_tears:
0:32:11,@doublej209,spike
0:32:14,@PwnyHipster,Godaloo
0:32:18,@solarismare,WHAT IS GOING ON
0:32:18,@Tomerツ,wut
0:32:19,@Binary_Forever,Yeah ok
0:32:21,@liquidtamers12345,jojo ass logic
0:32:23,@KhakiCap,not another alicorn
0:32:23,@KvVuld,jojo's final boss stand
0:32:23,@UngulaPropriaRQ,damn we got scootagod 
0:32:24,@lordofshrimps,WHAT IS GOING ON
0:32:25,@PoppinCornBaby,lol
0:32:26,@KhakiCap,lol
0:32:26,@agoatheadbaby3512,Shit just keeps happening.
0:32:27,@jennythebean9117,Scoot becomes god
0:32:27,@UltimateStarky,sure man what the hell
0:32:29,@GoldenCone69,... bruh.
0:32:29,@KhakiCap,yikes
0:32:30,@solarismare,oh so she is just thanos
0:32:30,@DragonBorne1991,Hi Spike
0:32:30,@Tamers12345MLP,damn
0:32:31,@solarismare,cool
0:32:31,@xamxsu,no way :loudly_crying_face:
0:32:31,@DoffeeNull,psedoloo
0:32:32,@thedarknessinthelight9824,HUHHH
0:32:33,@PwnyHipster,wtf
0:32:33,@applebloom2307,dam
0:32:38,@TheMTwinny,So is this the main plot???
0:32:39,@solarismare,scootathanos
0:32:40,@starlightArson,"oh ok, scootraloo became the chainsaw man devil "
0:32:42,@agoatheadbaby3512,"Oh, it's like that one Twilight Zone episode."
0:32:43,@GoldenCone69,CELESTIA WHY AEE YOU EVEN THE PRINCESS?!
0:32:44,@PwnyHipster,@DoffeeNull lol good one
0:32:45,@delta-v4x,"Tamers, you could have prevented this!!!"
0:32:47,@solarismare,gg bubba
0:32:49,@vinylgamer2688,bruh worst ruler ever 
0:32:49,@KhakiCap,gg ez
0:32:51,@LUXE-DX,Dawww I came here for yuri
0:32:52,@TheMTwinny,GG BUBBA
0:32:53,@jennythebean9117,:skull::skull::skull::skull:
0:32:53,@solarismare,DO IT RAINBOW
0:32:54,@LUXE-DX,OH SHI
0:32:54,@lizania81,gg bubba
0:32:55,@Code_monkey_like_you,YOO CELESTIA’S BACKING DOWN LIKE THAT
0:32:55,@badnin707,lmfao
0:32:55,@kkorrrnerrrrr,xDD
0:32:56,@dominicunderwood4911,So it's a JoJo villain's stand
0:32:58,@applebloom2307,bb gugga
0:33:04,@SeriouslySodium,is this a The Twilight Zone reference??
0:33:06,@springystarscout,LMAO
0:33:08,@Jakechi1999,F
0:33:08,@solarismare,LMFAO
0:33:08,@GoldenCone69,APPLEJACK NOOOOOO
0:33:08,@UngulaPropriaRQ,i did not expect this to be the yuri timeline parcel core but i'll take it 
0:33:09,@misakayy1911,LMAO
0:33:11,@solarismare,APPLEJACK
0:33:11,@jennythebean9117,Save the world!
0:33:12,@TheMTwinny,LMAO
0:33:13,@lizania81,LOLLLL
0:33:13,@user-mt3ol2yd8s,please do a new Dandy's world episode :)
0:33:15,@vinylgamer2688,w rarity 
0:33:15,@kkorrrnerrrrr,nooo AJ 
0:33:15,@applebloom2307,I think its a bit like Jjk abilities too
0:33:15,@XxZ0MB1E_K1TTYxX,NOOO
0:33:16,@vdn2468,xD
0:33:16,@PwnyHipster,LMAO
0:33:16,@starlightArson,LMAO
0:33:17,@agoatheadbaby3512,AppleJack died.
0:33:17,@ssum.things,princess celestia being a FRAUD like usual
0:33:18,@springystarscout,Appleshield 
0:33:19,@ItsameDesire,THEY KILLED APPLEJACK
0:33:21,@certafan,Success!
0:33:22,@badnin707,apples catching the strays
0:33:23,@TheMTwinny,AJ YOU HAD TO TAKE ONE FOR THE TEAM
0:33:24,@Feojsshsyydud,Applejack goes through to much 
0:33:25,@solarismare,OH HELL NAH
0:33:25,@Aromaticgrassitem,rip applebrap
0:33:28,@doublej209,oh no
0:33:29,@MillerTheDarkTransPrince,nooo AppleJack
0:33:30,@Hexen_4444,good
0:33:30,@springystarscout,NOOOO
0:33:32,@jennythebean9117,Noooooo
0:33:32,@XxZ0MB1E_K1TTYxX,YAYYYYYYYY
0:33:32,@SonataDidIt,Auntie pinkie <3
0:33:33,@dominicunderwood4911,"YAY, Applejack's new voice sucks, hopefully the old one will be used in the surgery."
0:33:33,@vinylgamer2688,XD
0:33:33,@agoatheadbaby3512,Poop bucket.
0:33:33,@Mel23155,NOO I WAS LATE
0:33:34,@applebloom2307,onno
0:33:35,@ahmadpemberton5,NOOOOO
0:33:35,@Code_monkey_like_you,"OH MY GOD, THEY KILLED APPLEJACK"
0:33:35,@solarismare,goodbye pinkie
0:33:35,@XxZ0MB1E_K1TTYxX,NOOOOOOO
0:33:36,@springystarscout,Cherry Jam
0:33:37,@BlackKanye,F
0:33:38,@Jakechi1999,Raaaa
0:33:38,@Tamers12345MLP,Earth Ponies are a liability anyway
0:33:39,@neargaming2057,How many times as each pony died in this series?
0:33:39,@NubMcMoofin,:loudly_crying_face:
0:33:40,@PwnyHipster,rip
0:33:41,@Mel23155,OMG
0:33:41,@liquidtamers12345,LMAOOO
0:33:41,@agoatheadbaby3512,PINKIE NOOOOOO
0:33:42,@solarismare,RAAAAA
0:33:42,@SuperCaptainFail,an awful lot of characters use this baby voice im noticing
0:33:42,@XxZ0MB1E_K1TTYxX,OH MY GOD
0:33:43,@lizania81,NOOOO
0:33:45,@KhakiCap,crickey...
0:33:46,@MalachiAntoine-o8y,atleast they have a new color for baked beans
0:33:48,@delta-v4x,7 IQ POINTS
0:33:48,@Mel23155,Oh god
0:33:52,@LightTim,AGREED
0:33:52,@vinylgamer2688,factssss XD
0:33:52,@matius851,thank god
0:33:53,@haileykitty6993,more like horse burgers
0:33:53,@jennythebean9117,Pinkie deserves it 
0:33:53,@solarismare,7iq points total lfmdsofksdofksd
0:33:53,@applebloom2307,I used to be sacred of this ts when i was a kid
0:33:56,@LightTim,BONE HEADS FOR LIFE
0:33:58,@TheMTwinny,THAT LITTLE SHIT
0:34:02,@PwnyHipster,LMAO
0:34:03,@jennythebean9117,:loudly_crying_face::loudly_crying_face::loudly_crying_face::loudly_crying_face:
0:34:04,@BrownPilledFartCel,this is chaos
0:34:04,@Mel23155,Damn
0:34:07,@ahmadpemberton5,THAT WAS SO WHOLESOME UNTIL PINKIE GOT STABBED
0:34:10,@GoldenCone69,Let he die a Virgin!
0:34:11,@applebloom2307,same
0:34:12,@LUXE-DX,DANN
0:34:13,@solarismare,OMG
0:34:14,@solarismare,HER EYE
0:34:15,@makotoikari4854,violence
0:34:16,@LUXE-DX,NOOOO
0:34:17,@PwnyHipster,OH SHIT
0:34:18,@TheMTwinny,OOF
0:34:18,@agoatheadbaby3512,AAAAAAAUUUUUGH
0:34:22,@Jakechi1999,Death by stinky winds!
0:34:23,@UngulaPropriaRQ,STINKY WINDS
0:34:24,@dominicunderwood4911,:face-fuchsia-tongue-out::face-fuchsia-tongue-out:
0:34:25,@springystarscout,OH NO
0:34:25,@UltimateStarky,of course
0:34:25,@Hmon160,yay
0:34:25,@solarismare,blast that shit
0:34:26,@jennythebean9117,Zamn 
0:34:26,@ok7777-j3s,.
0:34:26,@MalachiAntoine-o8y,down the hatch
0:34:27,@UngulaPropriaRQ,THE MOST POWERFUL TECHNIQUE 
0:34:28,@slitherwing30,Where do you find these sound effects
0:34:28,@nico22999,"Ah, of course"
0:34:28,@crestposting,fluttershy always playin
0:34:29,@vinylgamer2688,flutterbut gooooo
0:34:29,@doggerlander,AIEEEEEEEE
0:34:29,@applebloom2307,death by stinky winds!!
0:34:30,@GoldenCone69,how didn't her lungs die from the smell?
0:34:30,@haileykitty6993,I thought she loved Rainbow Dash
0:34:30,@Mel23155,OML
0:34:31,@Luckystarfriendship,I am laughing right now
0:34:32,@PwnyHipster,She's immune!?
0:34:32,@matius851,wish that was me
0:34:32,@Tomerツ,WTF
0:34:32,@MillerTheDarkTransPrince,yayyy
0:34:33,@solarismare,FLUTTERSHY NOOOOO
0:34:33,@NubMcMoofin,:exploding_head::exploding_head:
0:34:34,@LUXE-DX,WAG
0:34:35,@liquidtamers12345,WHAT
0:34:35,@lordofshrimps,OH MY GOD
0:34:35,@delta-v4x,FLUTTERSHY NO
0:34:35,@TheMTwinny,LMAOOOOOOOO
0:34:36,@solarismare,OH MY GOD
0:34:36,@applebloom2307,damn
0:34:37,@KhakiCap,w o t ? !
0:34:38,@springystarscout,LMAO??
0:34:38,@agoatheadbaby3512,WHAT WHAT STA
0:34:38,@Mel23155,WHAT
0:34:40,@LemmonTea,:face-blue-smiling:
0:34:40,@certafan,See that's what I've been saying
0:34:41,@PwnyHipster,OMG
0:34:41,@PoppinCornBaby,BRUHHH
0:34:41,@ahmadpemberton5,WTF THIS IS A FEVER DREAM
0:34:43,@DylanTheCatt,wtf
0:34:44,@BlackKanye,what the fuck is happening
0:34:45,@PwnyHipster,STOP
0:34:46,@Mel23155,DONT DO IT
0:34:46,@springystarscout,LMFJEOTORYQVA
0:34:46,@27McCracken,How Chinese of her
0:34:47,@ok7777-j3s,oh no
0:34:47,@rockyroad2256,Trixiebell is so weak that Scootaloo stole the main villain role from him 
0:34:47,@Hexen_4444,where did you get this audio?
0:34:48,@CelestialZizzy,OMG
0:34:48,@LemmonTea,Twi NOOOO
0:34:49,@doublej209,WHERE TRIXIE
0:34:49,@solarismare,NOOOO
0:34:49,@Slackjaw55,WE'RE HOME
0:34:49,@Binary_Forever,This is the best episode
0:34:50,@Aromaticgrassitem,is flutter the chosen fart champion?
0:34:51,@solarismare,TWILIGHT STOP
0:34:51,@liquidtamers12345,death 3
0:34:52,@agoatheadbaby3512,THE STAKES JUST KEEP GETTING HIGHER
0:34:52,@jennythebean9117,Fart harder!
0:34:54,@MillerTheDarkTransPrince,epic
0:34:54,@Solums,How strong she is
0:34:54,@solarismare,TWILIGHT NOOOOO
0:34:54,@XxZ0MB1E_K1TTYxX,NO WAY
0:34:56,@Jakechi1999,Only Bardonic can save them now...
0:34:58,@jennythebean9117,Oh no
0:34:59,@springystarscout,DRAGON
0:34:59,@UngulaPropriaRQ,OH SNAP 
0:34:59,@TheMTwinny,Meanwhile....Trixie is having a fight someplace else
0:34:59,@lordofshrimps,Oh its that thing
0:35:00,@LUXE-DX,ON NO
0:35:00,@PwnyHipster,SCORCHING TWILIGHt
0:35:01,@solarismare,scorching twilight
0:35:01,@LemmonTea,Now this just got epic
0:35:02,@kkorrrnerrrrr,holy shit
0:35:02,@starlightArson,super sayan
0:35:02,@lordofshrimps,So cool
0:35:03,@Mel23155,EGO???
0:35:05,@applebloom2307,love it!!!
0:35:05,@Hyloaf,oh shit
0:35:06,@GoldenCone69,SSJS3.
0:35:06,@solarismare,LMAO
0:35:06,@slitherwing30,Oh twi has locking in
0:35:07,@agoatheadbaby3512,WHHHAAAAA
0:35:08,@FlawlessSparkleMoonisb4ck,Oh yes.
0:35:08,@lordofshrimps,JOBBER
0:35:08,@springystarscout,Rapidash 
0:35:09,@Code_monkey_like_you,YOO IT’S SUPER SONIC
0:35:09,@slitherwing30,WHAT
0:35:10,@SonataDidIt,OMG
0:35:10,@Mira-ep3cd,What is happening right now
0:35:11,@crestposting,WHAT
0:35:11,@solarismare,DRAGON
0:35:11,@Slackjaw55,when'
0:35:11,@beabuzzkill,LOL
0:35:12,@solarismare,OH NO
0:35:12,@lunaaspall4052,out of drink
0:35:12,@doublej209,yoooo
0:35:12,@LUXE-DX,OH
0:35:12,@UngulaPropriaRQ,DRAGON TWI
0:35:13,@delta-v4x,I'm ded
0:35:13,@doggerlander,not even Gojo Satoru could survive
0:35:13,@XxZ0MB1E_K1TTYxX,YEAHHHH
0:35:13,@UngulaPropriaRQ,OH FUCk
0:35:13,@27McCracken,WHAT
0:35:13,@FlawlessSparkleMoonisb4ck,GO MOM
0:35:13,@NubMcMoofin,:exploding_head::exploding_head:
0:35:14,@applebloom2307,she cute like that
0:35:14,@vinylgamer2688,baddie
0:35:15,@PwnyHipster,DRAGON TWILIGHT
0:35:15,@Slackjaw55,s the linkin park?
0:35:15,@lordofshrimps,What is going on
0:35:15,@TheMTwinny,WHAT THE
0:35:15,@applebloom2307,OOOOOOOO
0:35:16,@UngulaPropriaRQ,ITS HHAPPENING 
0:35:16,@GoldenCone69,:skull:
0:35:16,@liquidtamers12345,LMAOOO
0:35:17,@KhakiCap,lol
0:35:17,@springystarscout,YESSSSS
0:35:17,@beabuzzkill,oh omg i forgot about that
0:35:17,@SuperCaptainFail,HOLY MOLY
0:35:17,@Padtygalaxy,Wtc dragon!
0:35:17,@SonataDidIt,Scaly time
0:35:17,@SeriouslySodium,broç
0:35:18,@dominicunderwood4911,WHAT THE
0:35:18,@applebloom2307,SHES BACK
0:35:19,@misakayy1911,OH MY GOOOOOOOOOOOOOOOOOOD
0:35:20,@beabuzzkill,yeah she has that that's awesome
0:35:21,@KungaBungaonToast,what the fuck is this
0:35:21,@PoppinCornBaby,OH SHIT
0:35:22,@ahmadpemberton5,emo twilight
0:35:22,@lordofshrimps,Jobber
0:35:22,@vinylgamer2688,smash
0:35:23,@starlightArson,AND THIS IS TO GO EVEN FURTHER BEYOND
0:35:23,@delta-v4x,AAAAAAAAAAAAAAAAA
0:35:23,@agoatheadbaby3512,IT'S LIKE DRAGONBALLLLL
0:35:23,@UngulaPropriaRQ,LMAOOOO
0:35:24,@Mel23155,DANG
0:35:25,@applebloom2307,GOTTA DRAW
0:35:26,@LemmonTea,lmao
0:35:26,@Solums,Dragon powers?
0:35:27,@beabuzzkill,OH MY GOD NOT AGAIN
0:35:27,@PwnyHipster,Abyssal Twilight???
0:35:27,@solarismare,OH FUCKING
0:35:27,@jennythebean9117,Super Sayian 
0:35:28,@slitherwing30,She just showing of now :loudly_crying_face:
0:35:28,@Mira-ep3cd,YOOO
0:35:28,@BlackKanye,kek
0:35:28,@NubMcMoofin,:exploding_head::exploding_head:
0:35:29,@HopeIsEpic.,YEAH THE DRAGON POWERS
0:35:29,@GoldenCone69,HOW POWERFUL IS FLUTTERSHY?
0:35:30,@ok7777-j3s,yayyyy
0:35:30,@TheMTwinny,"DRAGON TWILIGHT....AND IT DIDN""T WORK"
0:35:30,@Aromaticgrassitem,just cork it
0:35:30,@LUXE-DX,OH CRAP
0:35:31,@DownyDuck,:face-blue-wide-eyes::face-blue-wide-eyes::face-blue-wide-eyes::face-blue-wide-eyes::face-blue-wide-eyes::face-blue-wide-eyes:
0:35:31,@solarismare,ABYSSAL TWILIGHT
0:35:32,@Skidum1,when did she get dragon powers
0:35:32,@KungaBungaonToast,bruh what
0:35:32,@lizania81,OH GOD BRO
0:35:32,@certafan,Her final final form!
0:35:33,@Morflow_,TWILIGHT BLANCO
0:35:33,@springystarscout,W
0:35:33,@Feojsshsyydud,Why does she keep saying it
0:35:33,@KungaBungaonToast,bruh what
0:35:33,@Keiry2017,Shit no
0:35:33,@XxZ0MB1E_K1TTYxX,OHHHHHHHH YEAHHHHHHHHHHHHH
0:35:34,@27McCracken,WHAT THE LORE IS HAPPENING
0:35:34,@UngulaPropriaRQ,OH FUCK EVEN MORE
0:35:34,@ssum.things,ig this means fluttershy justs upscale her
0:35:35,@KungaBungaonToast,bruh hat
0:35:36,@misakayy1911,OOOOOOOOOOOOOOOOOOOOOOOO
0:35:37,@xamxsu,WOAAAAAAAAAAAAAA
0:35:37,@SonataDidIt,This is so fucking good
0:35:37,@Lucario4thewin,that went well
0:35:37,@applebloom2307,So many forms >< >< >< >< >< ><
0:35:38,@Luv_Kyle,yess her form is BACKCKK
0:35:38,@LemmonTea,Top 10 MLP MOMENTS
0:35:38,@SeriouslySodium,damn
0:35:39,@lordofshrimps,I like how it just blasts music
0:35:39,@matius851,oh fraudlight
0:35:40,@vinylgamer2688,bro what in the dragon ball
0:35:40,@Mel23155,EMO TWILIGHT???
0:35:40,@haileykitty6993,how many forms does she have?!
0:35:42,@Tamers12345MLP,Fluttershy is powerful as fuck god damn
0:35:43,@XxZ0MB1E_K1TTYxX,:awesome:
0:35:43,@Hexen_4444,shut up Rarity
0:35:43,@solarismare,GOD DAMN
0:35:44,@agoatheadbaby3512,OOOOO STICKHEAD
0:35:45,@solarismare,SHE DEAD
0:35:46,@Mira-ep3cd,Oh my god
0:35:47,@UltimateStarky,thank you powerscaling
0:35:47,@applebloom2307,AAAA
0:35:47,@LemmonTea,HOLY
0:35:47,@SuperCaptainFail,Is she even half as strong as 1% of Bartleby's strength in this form???
0:35:48,@lordofshrimps,GOATLIGHT
0:35:48,@PwnyHipster,YES
0:35:50,@LUXE-DX,RIP. BOZO
0:35:52,@doggerlander,FLUTTERGOD:loudly_crying_face::loudly_crying_face::loudly_crying_face:
0:35:52,@doublej209,RUP
0:35:52,@SonataDidIt,Yay!
0:35:53,@xamxsu,oh my god :loudly_crying_face:
0:35:53,@TheMTwinny,RARITY
0:35:53,@dominicunderwood4911,I half expected her to turn into her Equestria Girls form
0:35:53,@NubMcMoofin,:saluting_face:
0:35:54,@Mel23155,Damn…
0:35:55,@DragonBorne1991,This isn't even her final form
0:35:55,@applebloom2307,ohno
0:35:55,@Feojsshsyydud,OMY
0:35:56,@UngulaPropriaRQ,bye fluttershy
0:35:57,@PwnyHipster,based Rara and Twi
0:35:57,@TheMTwinny,LMAOOOOOOOOOOOOOOOOOOO
0:35:57,@springystarscout,DAMN
0:35:58,@delta-v4x,Cheerilee lives in a project
0:35:58,@jennythebean9117,Zamn 
0:35:58,@LemmonTea,YOU MADE THIS LMAO
0:35:59,@Feojsshsyydud,OMG
0:36:01,@XxZ0MB1E_K1TTYxX,BOZOOO
0:36:02,@vdn2468,RIP Fluttershy
0:36:03,@solarismare,nine miles per hours
0:36:04,@PoppinCornBaby,Damn
0:36:05,@slitherwing30,I didn’t think scootaloo would be the main threat this epsiode
0:36:06,@Luckystarfriendship,Damn
0:36:06,@agoatheadbaby3512,MS. CHEERLY WATCH OUT
0:36:07,@LemmonTea,Shit stain
0:36:07,@UngulaPropriaRQ,good thing twi busted out all the forms for that one 
0:36:08,@TheMTwinny,TWILIGHT DIDN'T DO SHIT
0:36:08,@loolooluka,Flutter nooo :face-purple-crying:
0:36:11,@UltimateStarky,67
0:36:12,@Code_monkey_like_you,Sir there’s been a second Scootaloo
0:36:13,@Aromaticgrassitem,im confused
0:36:14,@vinylgamer2688,the chicken flies XD
0:36:16,@jennythebean9117,Rara
0:36:16,@Morflow_,67
0:36:17,@solarismare,67
0:36:17,@Tamers12345MLP,Rarity fucking pooped herself
0:36:17,@SonataDidIt,no...
0:36:18,@BlackKanye,lol
0:36:20,@applebloom2307,NO
0:36:21,@lordofshrimps,67
0:36:21,@dribvox,SIX SEVEN!!!!!!!
0:36:21,@Jakechi1999, What would happen if Fluttershy recieves a new form? True Chinese Fluttershy form?
0:36:22,@14i-,67
0:36:22,@certafan,67!!!!!!!!!!
0:36:22,@misakayy1911,6 7
0:36:22,@Slackjaw55,67?
0:36:23,@Solums,67
0:36:23,@springystarscout,Bruh 
0:36:23,@PwnyHipster,As one does
0:36:24,@Keiry2017,Eh
0:36:25,@applebloom2307,NO MORE 67
0:36:26,@GoldenCone69,You drew this @Tamers12345MLP why are you even saying she is as power as fuck?
0:36:26,@DragonBorne1991,NO
0:36:26,@lizania81,67
0:36:27,@kkorrrnerrrrr,xDDD
0:36:30,@PwnyHipster,6 7
0:36:30,@solarismare,the fucking burger king
0:36:31,@Hexen_4444,that's a spell?
0:36:31,@vinylgamer2688,67
0:36:31,@DylanTheCatt,67
0:36:33,@UltimateStarky,SATORU GOJO?
0:36:35,@BlueBoyo101,WTF
0:36:35,@LemmonTea,Rarity always does that
0:36:36,@PwnyHipster,The girlies
0:36:36,@jennythebean9117,Poopy butt
0:36:37,@slitherwing30,LMAO WHAT
0:36:37,@AnimeGames16,WHAT
0:36:37,@MariahCraig-w5y,the flip
0:36:38,@UngulaPropriaRQ,OOH WAIT 
0:36:38,@TheMTwinny,@slitherwing30 There's like THREE main threats in this episode
0:36:39,@Jakechi1999,JJK?
0:36:39,@GlimmyGOD,NO WAY 
0:36:39,@SeriouslySodium,GOJOOO
0:36:40,@Lucario4thewin,who?
0:36:40,@lordofshrimps,Dont look at me
0:36:40,@GoldenCone69,GOJO?!!!
0:36:40,@Mel23155,6….7
0:36:41,@LUNN4T1C,GIRL
0:36:41,@LemmonTea,GOJI
0:36:41,@solarismare,rainbow dash looks fucked up
0:36:42,@Morflow_,GOJO?!
0:36:42,@solarismare,WHAT
0:36:42,@dominicunderwood4911,67
0:36:42,@Luv_Kyle,GOJO?
0:36:42,@vanveleca,WHAT
0:36:42,@doublej209,YOOOO
0:36:42,@lordofshrimps,OH MY GOD
0:36:42,@SeriouslySodium,THE GOAT
0:36:43,@misakayy1911,WHAT
0:36:43,@nico22999,???
0:36:43,@Tomerツ,WHAT
0:36:44,@NubMcMoofin,:exploding_head::exploding_head::exploding_head::exploding_head:
0:36:44,@moriorinvictus69,GOJO?!
0:36:44,@solarismare,I'M SORRY??
0:36:45,@GoldenCone69,GOJO?!
0:36:45,@PwnyHipster,GOJO
0:36:45,@KungaBungaonToast,what
0:36:46,@LemmonTea,YOOOO
0:36:46,@XxZ0MB1E_K1TTYxX,GOJO???????
0:36:46,@UngulaPropriaRQ,oh hi gojo
0:36:46,@KungaBungaonToast,thefuck
0:36:46,@theconfusedasian7685,W cameo
0:36:46,@jennythebean9117,lol 
0:36:46,@lunaaspall4052,oh god
0:36:46,@ahmadpemberton5,GOJO
0:36:46,@applebloom2307,GOJO?????
0:36:47,@agoatheadbaby3512,Ok.
0:36:47,@solarismare,GOJO?????
0:36:47,@Code_monkey_like_you,Huhhhh????
0:36:47,@beabuzzkill,OH MY GOD JOJO
0:36:47,@LUXE-DX,GOJO?!?!
0:36:47,@TheMTwinny,HAHAHAHAHAHAAHAHHA
0:36:47,@crestposting,what is that 
0:36:47,@doggerlander,MY GOAAAAAAAAAT
0:36:47,@springystarscout,WHAT
0:36:48,@beabuzzkill,GOJO
0:36:49,@t.tnetwork8654,gojo!!!!!!
0:36:49,@misakayy1911,WHATTTTTTTTTTTTTTTTT
0:36:50,@Solums,GOJO??!!
0:36:50,@beabuzzkill,LOLLLL
0:36:51,@solarismare,WHAT IS THIS
0:36:51,@PoppinCornBaby,WHAT
0:36:51,@Mel23155,GOJO!?
0:36:51,@loolooluka,GOJO????
0:36:52,@LUNN4T1C,LMAOOO
0:36:52,@Aromaticgrassitem,jukai
0:36:52,@Binary_Forever,What the fuck is this
0:36:53,@cricket_gaming_hd9439,GOJO
0:36:53,@OrpheusHart,YOOOO HOLY SHIT
0:36:53,@clunker6712,The Go Goat
0:36:53,@GodsRighthandman,bruh
0:36:53,@Skidum1,lol why
0:36:53,@wheres_waddle1913,WTH?!
0:36:53,@mareliezjulio,WHY THE FUCK GOJO HERE
0:36:54,@TheMTwinny,WHAT THE HELL IS GOING ON
0:36:54,@vdn2468,WHAT HAHAHAHA
0:36:54,@servednopurpose,IM SORRY WHAT
0:36:54,@applebloom2307,gOJO?!?!?!
0:36:54,@makotoikari4854,I was just thinking about that show too...
0:36:54,@neargaming2057,Wtf
0:36:55,@vinylgamer2688,yooooooooooooo
0:36:56,@papafrank769,GOJO
0:36:56,@SeriouslySodium,YEAAAAAAAAAAAAAAAAAAAAAA
0:36:56,@ssum.things,blue judas
0:36:56,@Lucario4thewin,from what?
0:36:57,@lordofshrimps,OH MY GOD
0:36:57,@certafan,Should've called for Sukuna ngl
0:36:57,@matius851,ew a homosexual
0:36:57,@mareliezjulio,YEEAAAH
0:36:57,@vinylgamer2688,WWWWWWWW
0:36:58,@MillerTheDarkTransPrince,gojo
0:36:58,@agoatheadbaby3512,Ok.
0:36:58,@XxZ0MB1E_K1TTYxX,WHAT THE FUCK
0:36:58,@NubMcMoofin,YOAWIIMO
0:36:58,@jennythebean9117,lol 
0:36:58,@Cinnaloaff,GOJO?!
0:36:59,@wheres_waddle1913,Gojo?!
0:36:59,@HandlerOfHorses,I expected Meegan
0:37:00,@muggz7752,ARE YOU SERIUOUS
0:37:01,@nico22999,I wasnt expecting that
0:37:01,@PwnyHipster,BEST FUCKIGN MOVIE
0:37:02,@Mira-ep3cd,GOJO
0:37:03,@solarismare,TAMERS WHAT
0:37:03,@27McCracken,Bro what the fuck is happening
0:37:03,@Cattle.ink.3,NOT GOJO:loudly_crying_face::raised_hand:
0:37:03,@Tomerツ,HUUHHHHH?!?!?!?
0:37:04,@Luckystarfriendship,GOJO??!??????
0:37:04,@Solums,WHY GOJO IS HERE
0:37:05,@SeriouslySodium,TRHOW IT BACK GOJO
0:37:06,@frickenvicker1261,GOJO??
0:37:06,@Mel23155,Damn
0:37:06,@Jakechi1999,Is this a real VA?
0:37:07,@ok7777-j3s,... Me too. You can leave that glass barrier.
0:37:07,@gamertuberonmask,I’m late but GOJO?!
0:37:08,@TheDeadestDorito,what the fuck gojo
0:37:08,@dominicunderwood4911,"Finally, Tamers bringing back the anime."
0:37:08,@servednopurpose,they gave gojo a bbl
0:37:10,@xamxsu,what the fuk
0:37:13,@Hexen_4444,who is that?
0:37:14,@NitroboneExtinct,TAMERS MAKE JJK SERIES
0:37:15,@TheMTwinny,THIS IS INSANE
0:37:15,@KvVuld,OH
0:37:15,@lordofshrimps,THROW IT GOJO
0:37:16,@gamertuberonmask,WHY IS HO
0:37:17,@SeriouslySodium,YEAHHHHHHHHHHHH
0:37:18,@muggz7752,can you comb and brush my Hãær?
0:37:18,@Tamers12345MLP,:black_circle::black_circle:
0:37:18,@XxZ0MB1E_K1TTYxX,DAMNNNNNNN
0:37:18,@DylanTheCatt,gojo my beloved
0:37:18,@starlightArson,LMAO
0:37:18,@GodsRighthandman,cant beat the power of friendship
0:37:18,@gamertuberonmask,.
0:37:19,@TheSchwartz96,ABSOLUTE CINEMA
0:37:19,@LUXE-DX,HAHAHH
0:37:19,@UngulaPropriaRQ,OH DAMN 
0:37:19,@SeriouslySodium,DO IT
0:37:19,@hoelt1,yeah rarity
0:37:19,@GoldenCone69,I KNEW IT!
0:37:20,@solarismare,LMFAOOOOO
0:37:20,@PwnyHipster,Tamers got the actual VA
0:37:20,@lilygalarza6529,OH MY GOD GOJO
0:37:20,@mareliezjulio,YEESSS
0:37:20,@applebloom2307,Gojo looks like that cannonly
0:37:21,@NubMcMoofin,:face_savoring_food:
0:37:21,@XxZ0MB1E_K1TTYxX,:eyes:
0:37:22,@jennythebean9117,Gojo
0:37:23,@Tianhuo,10/10
0:37:23,@rockyroad2256,That slap
0:37:23,@SeriouslySodium,HELL YEAAAAAAAAAAAAAAAAAAAAAAAA
0:37:24,@PwnyHipster,BASED RARITY
0:37:24,@Tosaster,bruh im late
0:37:24,@ok7777-j3s,oh..
0:37:24,@lizania81,DAMMMNNNNN
0:37:26,@FlawlessSparkleMoonisb4ck,YES
0:37:26,@Keiry2017,THROW IT GOJO
0:37:27,@matius851,wish that was me
0:37:28,@gamertuberonmask,I JUST PAUSED MY COMMENT
0:37:29,@vdn2468,LMAOOOO peak episode
0:37:29,@kalebc56,:black_circle::black_circle:
0:37:30,@LemmonTea,:face-fuchsia-tongue-out:
0:37:30,@gamertuberonmask,.
0:37:30,@GoldenCone69,GOJO IS THROWING IT BACK!
0:37:31,@TheDeadestDorito,AW HELL NAH
0:37:31,@certafan,:black_circle::black_circle::waving_hand:
0:37:31,@ok7777-j3s,lol
0:37:33,@geekangel6110,GOJO FART ON ME
0:37:34,@crestposting,sweet celestia
0:37:34,@Tomerツ,:bomb::bomb::waving_hand:
0:37:35,@gamertuberonmask,I PAUSED IT AGAIN
0:37:35,@lurker-i5m,holy fucking shit
0:37:36,@SeriouslySodium,THE STRONGEST OF THEM ALL
0:37:36,@Code_monkey_like_you,:black_circle::black_circle::waving_hand:
0:37:36,@lordofshrimps,POWER
0:37:36,@TheMTwinny,:black_circle::black_circle:
0:37:37,@Luckystarfriendship,Throwback
0:37:38,@NubMcMoofin,:face_savoring_food::face_savoring_food::face_savoring_food:
0:37:38,@UngulaPropriaRQ,DAMN GOJO GO GO
0:37:38,@27McCracken,HES WORKING IT GOD DAMN
0:37:39,@solarismare,bro throwing is back
0:37:39,@agoatheadbaby3512,turdcutter
0:37:39,@LemmonTea,holy
0:37:40,@muggz7752,I can’t
0:37:41,@vinylgamer2688,damn make it shake
0:37:42,@gamertuberonmask,OH MY GOSH
0:37:42,@lordofshrimps,OH MY GOD
0:37:42,@SeriouslySodium,THE STRONGEST OF TODAY
0:37:43,@PwnyHipster,LETS GO
0:37:43,@GoldenCone69,someone throw money at him!!!
0:37:44,@Morflow_,This is beyond cinema
0:37:45,@DonteThompson-v6t,gg
0:37:45,@TheMTwinny,:black_circle::black_circle:
0:37:45,@muggz7752,TURDCUTTER
0:37:46,@XxZ0MB1E_K1TTYxX,YES KING
0:37:46,@FoolsGil,he is the honored one
0:37:46,@lordofshrimps,This is so peak
0:37:48,@Mel23155,Damn
0:37:50,@papafrank769,Ts is the greatest thing ever 
0:37:51,@liquidtamers12345,fucking hell
0:37:52,@Mel23155,YES
0:37:52,@XxZ0MB1E_K1TTYxX,GO GO GOO
0:37:52,@vinylgamer2688,GO GOJO GO
0:37:52,@PwnyHipster,Who would win between Gojo and Bartleby>?
0:37:53,@ahmadpemberton5,TAMER YOU ATE WITH THIS SHIT
0:37:53,@Jakechi1999,Fluttershy vs Gojo when?
0:37:53,@UngulaPropriaRQ,BACK TO BACK SHAKING THE WORLD 
0:37:54,@solarismare,uhhhh
0:37:54,@SeriouslySodium,PEAK JJK MOMENT
0:37:55,@GoldenCone69,YEAAHHHHHH
0:37:55,@muggz7752,This fucking rules
0:37:55,@27McCracken,MORE
0:37:56,@ok7777-j3s,W
0:37:56,@MillerTheDarkTransPrince,back that ahh up gojo
0:37:57,@DragonBorne1991,:black_circle::black_circle:
0:37:57,@slitherwing30,Am I high
0:37:57,@neargaming2057,Uhh
0:37:57,@Lucario4thewin,did it work?
0:37:57,@vanveleca,:black_circle::black_circle::dashing_away:
0:37:58,@mareliezjulio,thank u
0:37:58,@DylanTheCatt,Jesus please sit on me pls
0:37:58,@LvXGameMaster,Did you pray today?
0:37:59,@solarismare,lmfaooooooooo
0:37:59,@LUXE-DX,COME ON
0:38:00,@nico22999,Cinema
0:38:00,@LemmonTea,still going lmao
0:38:01,@Mel23155,KEEP HITTING DA
0:38:01,@FlawlessSparkleMoonisb4ck,:money_bag: 
0:38:01,@mareliezjulio,thank u
0:38:02,@Solums,GO GOJO GO
0:38:03,@doublej209,this is bananas
0:38:05,@solarismare,HE DID IT
0:38:05,@Jakechi1999,He's Earth bending!
0:38:06,@Lorkhanable,bartleby could help
0:38:06,@NubMcMoofin,:saluting_face:
0:38:07,@lordofshrimps,W GOJO
0:38:07,@LUXE-DX,YEYEYYE
0:38:08,@TheMTwinny,NOT EVEN GOKU CAN COMPETE
0:38:09,@PwnyHipster,This goes so hard
0:38:09,@Code_monkey_like_you,let’S GOOOOOOO
0:38:10,@applebloom2307,This is what he was doinf in the prison relm
0:38:12,@Aromaticgrassitem,i wish rarity still had her penthouse
0:38:13,@makotoikari4854,lmao
0:38:14,@lizania81,OUR HEROO
0:38:15,@LUNN4T1C,HAHAH
0:38:16,@UngulaPropriaRQ,thanks gojo 
0:38:16,@vinylgamer2688,daddyyyy
0:38:17,@LUXE-DX,I see u rarity 
0:38:18,@Keiry2017,Did you pray today? 
0:38:19,@AnimeGames16,Is that a TTS voice?
0:38:19,@SonataDidIt,oh god...
0:38:19,@applebloom2307,dam
0:38:20,@solarismare,WHAT
0:38:22,@agoatheadbaby3512,DAMN
0:38:22,@doggerlander,my glorious blue eyed king saves the day again
0:38:22,@Skidum1,gojo satoru is truly the strongest
0:38:23,@jennythebean9117,You can do it!
0:38:23,@doublej209,same
0:38:24,@PwnyHipster,True
0:38:24,@Solums,Deam
0:38:25,@moriorinvictus69,TRVKE
0:38:25,@TheDeadestDorito,damn
0:38:26,@Feojsshsyydud,Agreed
0:38:27,@TheMTwinny,Okay bye
0:38:27,@Cattle.ink.3,oop-
0:38:28,@LUXE-DX,RARITY X GOJO?!?
0:38:28,@GodsRighthandman,oh actually gpho
0:38:28,@muggz7752,OH
0:38:29,@dominicunderwood4911,"Fax, rarity is best"
0:38:29,@SeriouslySodium,53 yr old
0:38:29,@Mel23155,LMAO
0:38:30,@FlawlessSparkleMoonisb4ck,DO IT AGAIN
0:38:31,@GoldenCone69,HE IS THE LIGHT SKIN GOD FOR A REASON!
0:38:32,@certafan,"See he gets it! Damn, how hard is that to admit"
0:38:32,@applebloom2307,ohno
0:38:33,@muggz7752,SHIP SHIP SHIP
0:38:34,@Keiry2017,Jeez 
0:38:35,@LemmonTea,53
0:38:37,@Solums,True gojo
0:38:38,@Luckystarfriendship,She's 17 :loudly_crying_face::loudly_crying_face::loudly_crying_face::loudly_crying_face:
0:38:44,@jennythebean9117,Zamn
0:38:45,@patricebtown2482,I just get why see gojo here nvm
0:38:46,@Keiry2017,Ponyxhuman
0:38:48,@doggerlander,I ship it
0:38:48,@Code_monkey_like_you,@AnimeGames16 Tamers uses mostly TTS voices (
0:38:48,@Jakechi1999,f
0:38:49,@vinylgamer2688,nooo not miss cheerly 
0:38:50,@Morflow_,damn
0:38:51,@Luckystarfriendship,I'm just kidding
0:38:51,@Lucifer-t1x,WHAT
0:38:51,@ahmadpemberton5,damn...
0:38:51,@kkorrrnerrrrr,xDDDDDD
0:38:52,@Lucario4thewin,whoops
0:38:52,@UngulaPropriaRQ,well
0:38:53,@doublej209,rarity....
0:38:53,@Mel23155,Oop
0:38:53,@Aromaticgrassitem,Gojo praising rarity is a big W
0:38:54,@UngulaPropriaRQ,f
0:38:54,@PwnyHipster,just took it
0:38:56,@GoldenCone69,... Rarity you had one job.
0:38:57,@TheMTwinny,She just takes it
0:38:57,@jennythebean9117,53
0:38:57,@gamertuberonmask,I’m curious how Tamers would draw the Ponies in Equestria Girls style(Human version)
0:38:59,@MillerTheDarkTransPrince,damn
0:39:00,@loolooluka,welp
0:39:01,@agoatheadbaby3512,Rrmarityh you doorknob.
0:39:01,@Feojsshsyydud,Why did she just let her take it
0:39:02,@LemmonTea,:0
0:39:04,@gamertuberonmask,.
0:39:05,@Padtygalaxy,Oh oo
0:39:06,@PoppinCornBaby,She’s too fast
0:39:06,@UngulaPropriaRQ,OH SHIT 
0:39:08,@solarismare,good job
0:39:08,@PwnyHipster,FUG
0:39:09,@GoldenCone69,:|
0:39:10,@XxZ0MB1E_K1TTYxX,NOOOO
0:39:11,@Keiry2017,:text-green-game-over::text-green-game-over:
0:39:11,@doublej209,owari da
0:39:12,@TheMTwinny,LOL SHE ORANGE
0:39:12,@LUXE-DX,OH NO
0:39:14,@certafan,GUH
0:39:15,@agoatheadbaby3512,OOOOOH NOOO
0:39:15,@applebloom2307,dam
0:39:15,@vinylgamer2688,:/
0:39:16,@PoppinCornBaby,LMAO
0:39:16,@GodsRighthandman,rarity x gojo
0:39:16,@UltimateStarky,worth
0:39:16,@Code_monkey_like_you,Nooooo the caveat!!!!
0:39:17,@jennythebean9117,Rara!
0:39:19,@applebloom2307,aww
0:39:21,@ahmadpemberton5,thats fair
0:39:22,@Lucario4thewin,oh no
0:39:22,@Tomerツ,worth it
0:39:22,@Aromaticgrassitem,This is too much like a real MLP movie
0:39:22,@Jakechi1999,GOTTEM
0:39:23,@SonataDidIt,LOL
0:39:23,@Lucifer-t1x,NAH MOMMY AND DADDY 
0:39:24,@Tamers12345MLP,Scootaloo won...
0:39:24,@Morflow_,NOOOO
0:39:24,@vinylgamer2688,10/10 plot 
0:39:24,@solarismare,LMFAOOOOOO
0:39:25,@kkorrrnerrrrr,o7
0:39:25,@UngulaPropriaRQ,YES 
0:39:25,@ssum.things,son
0:39:25,@Exiledlama,LMAO
0:39:26,@PwnyHipster,BASED
0:39:26,@solarismare,GOTTEM
0:39:26,@applebloom2307,oh god thats kinda sad
0:39:26,@TheDeadestDorito,a
0:39:27,@doublej209,worth it
0:39:27,@Gaalnr,lol
0:39:27,@UngulaPropriaRQ,VALID SHOT 
0:39:28,@moriorinvictus69,deserved
0:39:29,@agoatheadbaby3512,OH FUCK
0:39:29,@Solums,XD
0:39:30,@vdn2468,XD
0:39:30,@GoldenCone69,rarity is useless.
0:39:30,@SeriouslySodium,Twilight.....
0:39:31,@PwnyHipster,WORTH
0:39:31,@delta-v4x,Scootaloo W
0:39:32,@Keiry2017,:eyes:
0:39:32,@LemmonTea,RARITY NOOOO
0:39:32,@doggerlander,LMFAOOOO
0:39:33,@certafan,"Wow, uncalled for"
0:39:35,@XxZ0MB1E_K1TTYxX,HLOY SHIT
0:39:36,@solarismare,soooob
0:39:37,@KhakiCap,"Scootaloo, the destroyer of Worlds"
0:39:37,@muggz7752,HOLY SHIT
0:39:37,@lizania81,W
0:39:38,@UngulaPropriaRQ,rarity went out on a w
0:39:38,@kkorrrnerrrrr,xD
0:39:39,@LUXE-DX,SCOOTALOO WINS?!?!
0:39:39,@Padtygalaxy,Use your magic make rd you mom scootaloo
0:39:39,@TheDeadestDorito,april fools is wild
0:39:40,@SonataDidIt,LOL
0:39:41,@PoppinCornBaby,VALID CRASHOUT
0:39:42,@LemmonTea,BRO
0:39:42,@agoatheadbaby3512,TWILIGHT YOU JUST
0:39:42,@Hexen_4444,what?
0:39:43,@solarismare,OH SHIT
0:39:43,@gamertuberonmask,DAMN
0:39:43,@applebloom2307,Lol thats me
0:39:44,@solarismare,SHE IS BITING
0:39:45,@TheMTwinny,YOU JUST SAID HER NAME
0:39:45,@haileykitty6993,she just said Scootaloo!
0:39:46,@27McCracken,Ofc she remembers the white one
0:39:48,@PwnyHipster,Rarity went out like a boss I don't care
0:39:50,@LemmonTea,ARE WE DEAD ASS XD
0:39:51,@GoldenCone69,:|..
0:39:51,@NubMcMoofin,:disappointed_face:
0:39:51,@Feojsshsyydud,Ragebait
0:39:53,@crestposting,now this is dark web
0:39:54,@solarismare,rip sweetie belle
0:39:55,@Tomerツ,no way
0:39:57,@ok7777-j3s,...
0:39:58,@vinylgamer2688,XD
0:39:58,@solarismare,43 MINUTES LMFAO
0:40:00,@GoldenCone69,ARE THEY STILL GOING??
0:40:00,@LUXE-DX,Meanwhile
0:40:00,@gamertuberonmask,OH MY GOODNESS
0:40:01,@MillerTheDarkTransPrince,valid crashout
0:40:01,@vinylgamer2688,lmaooo
0:40:01,@lordofshrimps,w combo
0:40:01,@applebloom2307,waiwaiywait is she gonna likeee merge with him???
0:40:02,@jennythebean9117,Bruh
0:40:02,@makotoikari4854,I SAW THAT
0:40:02,@beabuzzkill,that poor thing
0:40:04,@solarismare,holy shit
0:40:05,@liquidtamers12345,43
0:40:05,@LUXE-DX,THE JESTER
0:40:05,@PwnyHipster,43 minute beatdown
0:40:06,@Hyloaf,BEN?
0:40:06,@lordofshrimps,LOL
0:40:06,@doublej209,dead
0:40:06,@applebloom2307,with Trixie belle??
0:40:06,@ahmadpemberton5,bros getting jummped
0:40:06,@TheMTwinny,MEANWHILE....AT THE BACKROOMS
0:40:06,@agoatheadbaby3512,"Oh, they're still going."
0:40:07,@lizania81,they're still going???
0:40:07,@slitherwing30,What the ef what that
0:40:07,@matius851,oh yeah this fraud
0:40:08,@Aromaticgrassitem,Whats her name?
0:40:09,@NubMcMoofin,:exploding_head:
0:40:09,@ssum.things,finally
0:40:09,@Binary_Forever,Lolol
0:40:09,@XxZ0MB1E_K1TTYxX,NOOOOOO
0:40:10,@SonataDidIt,what was that
0:40:10,@solarismare,SORRY?
0:40:11,@misakayy1911,LMAO
0:40:11,@solarismare,BEN?
0:40:12,@moriorinvictus69,:eyes:
0:40:13,@Itsyourgirl33,Yeaaaaaaa
0:40:13,@lordofshrimps,wtf was that
0:40:14,@PoppinCornBaby,there still doing this
0:40:14,@LemmonTea,Rip
0:40:16,@moriorinvictus69,what was that?!
0:40:16,@mareliezjulio,BEN
0:40:16,@Solums,Ban
0:40:17,@BlackKanye,Whyy did you do that for 40 minutes though if you could do that
0:40:17,@Padtygalaxy,Run kid! Oh it plushie?
0:40:17,@haileykitty6993,Ben?!
0:40:17,@Aromaticgrassitem,NOOOOO MY CLOWN BOYYYY
0:40:18,@Mel23155,In da Backrooms?
0:40:18,@pixiemations3585,HAHAHA
0:40:18,@gamertuberonmask,WAIT WHAT DO YALL MEAN THEYRE STILL GOING?! I JOINED LATE
0:40:18,@mareliezjulio,WTH
0:40:20,@LUXE-DX,HWAT THE
0:40:21,@Solums,Ben
0:40:22,@PwnyHipster,love her braces
0:40:23,@Mira-ep3cd,THEYRE STILL THERE
0:40:23,@XxZ0MB1E_K1TTYxX,MY TWINK
0:40:23,@jennythebean9117,Zamn 
0:40:24,@Lucario4thewin,it's always some end of the universe shit with these gay horses
0:40:24,@certafan,Trixed you!
0:40:25,@crestposting,is that fucking yamibo
0:40:25,@agoatheadbaby3512,must've been the wind
0:40:25,@lordofshrimps,that creature
0:40:26,@papafrank769,Ben?
0:40:28,@GlimmyGOD,VIRE
0:40:29,@XxZ0MB1E_K1TTYxX,:broken_heart:
0:40:29,@clunker6712,He’s been getting his salad tossed for more than ten minutes 
0:40:29,@Hyloaf,YES
0:40:31,@Itsyourgirl33,NOOOOOOOOO
0:40:31,@vinylgamer2688,definition of side quests 
0:40:32,@Luckystarfriendship,What is
0:40:35,@KungaBungaonToast,who the fuck is that
0:40:35,@beabuzzkill,WHAT
0:40:36,@SonataDidIt,yummy
0:40:37,@doublej209,don't do it
0:40:37,@crestposting,eat it
0:40:37,@dribvox,WOAHHHHHHHHHHHHHHHHH
0:40:37,@NubMcMoofin,:exploding_head::exploding_head::exploding_head::exploding_head:
0:40:38,@LUXE-DX,HUH
0:40:38,@onitami,i wish that were me
0:40:38,@GoldenCone69,oh hell nahh
0:40:38,@lordofshrimps,FLAWLESS VOE
0:40:38,@jennythebean9117,Nooooooooo
0:40:39,@beabuzzkill,OH
0:40:39,@glad7636,Yummy
0:40:39,@UngulaPropriaRQ,fricking mawshot
0:40:40,@solarismare,OH MY GOD
0:40:41,@XxZ0MB1E_K1TTYxX,YEAG
0:40:43,@Cheeseandblood,wait does it have pink Danganronpa blood
0:40:43,@solarismare,FLAWLESS WHAY
0:40:43,@Tamers12345MLP,He was just unprepared for a 2v1
0:40:43,@SonataDidIt,What a demon
0:40:44,@applebloom2307,i knew shed eat him!!!!!
0:40:44,@doggerlander,KWAB
0:40:44,@matius851,wish that was me
0:40:44,@doublej209,bad idea
0:40:45,@XxZ0MB1E_K1TTYxX,YESSSSSSS
0:40:45,@beabuzzkill,i thought that was going the other way for a second :fear:
0:40:46,@TheMTwinny,DED
0:40:46,@LUXE-DX,VORW
0:40:46,@springystarscout,EW
0:40:46,@neargaming2057,HUH
0:40:47,@vinylgamer2688,w Flawlesss vorrrr
0:40:47,@TheDeadestDorito,Yummy :drooling_face:
0:40:47,@GoldenCone69,The Femboy Is dead
0:40:47,@Padtygalaxy,Rip
0:40:51,@haileykitty6993,ate bro like a chip
0:40:51,@thedarknessinthelight9824, God that's hot
0:40:53,@applebloom2307,aw
0:40:54,@papafrank769,Oh god
0:40:54,@Aromaticgrassitem,RIP Trixiebelle : (
0:40:54,@solarismare,NOOOOOOO
0:40:55,@solarismare,WHY
0:40:55,@insanianevi8089,gg
0:40:59,@solarismare,OMFG
0:41:01,@delta-v4x,That's great value
0:41:01,@solarismare,YESSS
0:41:02,@solarismare,YESSS
0:41:03,@UngulaPropriaRQ,this mfer been alive since the dawn of time now hes crying 
0:41:03,@LemmonTea,The sweet peas lol
0:41:04,@Tomerツ,my brain is melting
0:41:04,@solarismare,LETS GO
0:41:05,@doublej209,finally
0:41:05,@SkullCalipers,Brotato chip got ate.
0:41:06,@GoldenCone69,Sweet peats?
0:41:09,@solarismare,AAAAA
0:41:10,@LUXE-DX,RIP BOOTLEG SHDOW MILK
0:41:11,@Mel23155,Sweet peas??
0:41:11,@TheMTwinny,>great value
0:41:12,@BlackKanye,Great Value chads rise up
0:41:13,@XxZ0MB1E_K1TTYxX,AWWWW
0:41:13,@TheDeadestDorito,not the sweet peas
0:41:14,@Feojsshsyydud,Save him
0:41:15,@Tamers12345MLP,Great Value peas are legit
0:41:15,@SonataDidIt,God the voice <3
0:41:15,@PwnyHipster,Mommy
0:41:15,@LUXE-DX,WHO DIS
0:41:16,@applebloom2307,pretty voice
0:41:16,@MillerTheDarkTransPrince,finally the lore
0:41:18,@springystarscout,Hi Isabella from TPN
0:41:18,@lordofshrimps,Random flashback
0:41:19,@Padtygalaxy,Rip:headstone::headstone::headstone::headstone::headstone::headstone::headstone::headstone::headstone::headstone::headstone::headstone:
0:41:21,@jennythebean9117,:loudly_crying_face::loudly_crying_face::loudly_crying_face::loudly_crying_face:
0:41:21,@matius851,why she has the trans flag as hair
0:41:22,@KhakiCap,is that Switzerland?
0:41:22,@FlawlessSparkleMoonisb4ck,SWEET PEAS
0:41:23,@LemmonTea,they are fr
0:41:23,@solarismare,I LOVE HER
0:41:25,@lordofshrimps,Great Value Sweet peas are good
0:41:26,@solarismare,STARCATCHER!!!!
0:41:27,@Keiry2017,Wut-
0:41:27,@BlackKanye,@Tamers12345MLP hell yeah brother
0:41:29,@XxZ0MB1E_K1TTYxX,:transgender_flag::transgender_flag::transgender_flag:
0:41:36,@solarismare,I LOVE YOU STARCATCHER
0:41:36,@Mel23155,SWEET PEAS!!
0:41:37,@TheDeadestDorito,sweet peas are decent
0:41:38,@vinylgamer2688,shes such a mommy
0:41:42,@SeriouslySodium,mf you became a bully tf is he talking about
0:41:43,@Padtygalaxy,Poor kid
0:41:43,@PoppinCornBaby,Damn why she sound kinda :flushed_face: 
0:41:43,@OrpheusHart,@makotoikari4854 G3 PONY HAD THOSE COLORS
0:41:44,@jennythebean9117,:loudly_crying_face::loudly_crying_face::loudly_crying_face::loudly_crying_face::loudly_crying_face:
0:41:46,@Tamers12345MLP,No this isn't switzerland this is equestria
0:41:50,@agoatheadbaby3512,:/
0:41:50,@applebloom2307,oneechaaaaaaan
0:41:50,@Code_monkey_like_you,Trans rights are pony rights
0:41:51,@LUXE-DX,I like her lol
0:41:53,@solarismare,nooooooo
0:41:54,@GoldenCone69,@Tamers12345MLP what if one of the Ponies is bisexual? how would they feel about it?
0:41:55,@jennythebean9117,Ginger Latino lore
0:41:55,@PwnyHipster,even a ant
0:41:56,@KvVuld,it was nice back then
0:41:56,@dominicunderwood4911,100% she's not even supposed to be trans lol
0:41:59,@agoatheadbaby3512,>:(
0:42:02,@doublej209,why are all manlets like this
0:42:04,@Luckystarfriendship,"Honestly, it's just kind of sad"
0:42:04,@Aromaticgrassitem,"If he was a warrior prince, he would use 2 daggers and cast magic. Trixiebelle i mean"
0:42:04,@PwnyHipster,I love this Ginger Latino
0:42:09,@solarismare,that's true..
0:42:11,@SeriouslySodium,Pre-Equestrian era was better (lie)
0:42:12,@TheMTwinny,WHO'S THIS SOUND OF MUSIC LOOKING MFERS?
0:42:15,@Keiry2017,Ehhh
0:42:18,@Tamers12345MLP,Early equestria was just like switzerland before Celestia came along and ruined it
0:42:22,@XxZ0MB1E_K1TTYxX,awwww
0:42:23,@lordofshrimps,that does not mean anything starcather
0:42:24,@solarismare,AYO
0:42:25,@Mel23155,>:(
0:42:25,@certafan,"""I have no enemies."""
0:42:25,@Jakechi1999,"Ah, so you're setting up Trixiebell vs Scootaloo huh?"
0:42:26,@SonataDidIt,ohhhh
0:42:26,@MillerTheDarkTransPrince,Trans rights are ponies rights
0:42:27,@Itsyourgirl33,AWWWW
0:42:27,@delta-v4x,"That's problematic. Please, continue."
0:42:29,@Hexen_4444,Star catcher is right
0:42:29,@applebloom2307,uuuuuuuuuuu
0:42:30,@misakayy1911,uhh
0:42:30,@pokefreak2112,mommy?
0:42:30,@PwnyHipster,AW
0:42:31,@vinylgamer2688,W moment 
0:42:31,@agoatheadbaby3512,Whugh
0:42:31,@solarismare,WHAT IS GOING ON
0:42:32,@OrpheusHart,GOD i WISH THAT WAS ME
0:42:32,@lordofshrimps,why is she doing that
0:42:33,@vinylgamer2688,aaaaa
0:42:34,@TierAnon,UNF
0:42:34,@XxZ0MB1E_K1TTYxX,HES SO CUTE
0:42:34,@GoldenCone69,oh.
0:42:34,@TheMTwinny,OH NO
0:42:34,@LUXE-DX,HOLY MOLY
0:42:35,@PwnyHipster,MOMMY
0:42:36,@Tomerツ,?
0:42:36,@KhakiCap,"i'm prety sure it's Switzerland City, Equestria"
0:42:36,@applebloom2307,Oneeechaaaaaaaaaaaaaaaan
0:42:36,@GlimmyGOD,he is gonna get cucked again
0:42:37,@TheDeadestDorito,OH SHITTT
0:42:37,@FlawlessSparkleMoonisb4ck,Angst :(
0:42:38,@NitroboneExtinct,Mommy
0:42:39,@lordofshrimps,she even has a predator voice
0:42:39,@muggz7752,COLTCU EMR
0:42:40,@SkullCalipers,Ayo.
0:42:40,@agoatheadbaby3512,Ough
0:42:40,@PoppinCornBaby,MOMMY
0:42:41,@LUXE-DX,MOMMY PONY
0:42:41,@misakayy1911,UNF
0:42:42,@neargaming2057,IS HISTORY CHANGING
0:42:42,@solarismare,I AM SORRY?
0:42:42,@XxZ0MB1E_K1TTYxX,MAMA
0:42:44,@TheDeadestDorito,HOLY FUCK
0:42:44,@papafrank769,I love this oc bullshit
0:42:46,@SeriouslySodium,@tamer12345MLP and G1?
0:42:47,@PacuandoSegs,Mommy pony
0:42:49,@mareliezjulio,him
0:42:50,@muggz7752,COLT FUCKING
0:42:50,@FlawlessSparkleMoonisb4ck,ZOOWEEMAMA
0:42:51,@mareliezjulio,yes
0:42:52,@applebloom2307,Oneechan!!!!
0:42:52,@jennythebean9117,Kiss
0:42:52,@solarismare,trixie belle is so fucking small lmfao
0:42:53,@Aromaticgrassitem,The Sunstone was the holy artifact that lit the place up. Old Equestria was pretty lit
0:42:55,@muggz7752,DUDE
0:42:55,@UngulaPropriaRQ,"SHE'S NOT AN """"""ORDINARY GIRL"""""" with the hair colours lmaooooooo"
0:42:56,@Potatogalsunite,shit im so late
0:42:57,@cricket_gaming_hd9439,steak too juicy lobster too buttery
0:42:59,@Ivan-em2bg,hell yeah
0:43:01,@Tomerツ,AYO
0:43:03,@Keiry2017,:eyes-purple-crying:
0:43:03,@doublej209,ae
0:43:05,@OrpheusHart,unf
0:43:05,@Mel23155,Oh
0:43:06,@pokefreak2112,awwww <3
0:43:07,@Binary_Forever,Smol
0:43:07,@Itsyourgirl33,AWWWWW
0:43:07,@solarismare,nope!
0:43:07,@SonataDidIt,what a small little incel
0:43:08,@beabuzzkill,OH MY GOD he's tinyyy
0:43:08,@XxZ0MB1E_K1TTYxX,AWWWWW
0:43:10,@PacuandoSegs,Ayo?!
0:43:12,@beabuzzkill,he only need one popcorn
0:43:13,@GoldenCone69,from straight to being Gay but Being in Denial.
0:43:13,@kkorrrnerrrrr,awwww
0:43:14,@PwnyHipster,MOMMY!!!!
0:43:15,@Cuttie._.cuttie,LOVERSS
0:43:16,@Ivan-em2bg,why is it kinda deep guys
0:43:16,@jennythebean9117,:O
0:43:17,@Keiry2017,:eyes:
0:43:18,@Feojsshsyydud,IT SHOULDVE BEEN ME
0:43:18,@Lucario4thewin,grumpy
0:43:21,@agoatheadbaby3512,Waaugh.
0:43:21,@Aromaticgrassitem,They are so sweet together
0:43:22,@solarismare,YOU ARE GRUMPY
0:43:24,@muggz7752,COLT SHOTA SS
0:43:24,@Tomerツ,kiss
0:43:24,@Mel23155,STOP CRYIN
0:43:25,@Feojsshsyydud,NOT HIM
0:43:26,@ahmadpemberton5,bro a tsudere
0:43:27,@solarismare,IT SHOULD OF BEEN ME ACTUALLY
0:43:27,@TierAnon,/ss/
0:43:29,@muggz7752,COLT SS HOLY FUCK
0:43:30,@Tomerツ,kiss
0:43:30,@dominicunderwood4911,THEY DONT LOOK REMOTELY SIMILAR IN AGE
0:43:30,@TheMTwinny,So Starcatcher does things with the....uh...
0:43:31,@lordofshrimps,She is def a predator
0:43:33,@jennythebean9117,Grumpy
0:43:35,@vinylgamer2688,:weary_cat:
0:43:35,@sadraiju808,a gwumpy little guy
0:43:37,@OrpheusHart,/ss/ chads rise up
0:43:39,@doublej209,aaww
0:43:42,@agoatheadbaby3512,I'm sad. But it's also messed up.
0:43:43,@UltimateStarky,good lord
0:43:44,@LUXE-DX,OH NO
0:43:44,@PoppinCornBaby,YES SIR
0:43:44,@GoldenCone69,and where were you to protect him Loser?
0:43:46,@solarismare,noooooo
0:43:46,@XxZ0MB1E_K1TTYxX,HES SOOOO CUTE
0:43:46,@muggz7752,FOAL FUCKING
0:43:46,@mareliezjulio,WHY ARE TGHERE SO MANY PREDS WHAT THE HELL
0:43:49,@XxZ0MB1E_K1TTYxX,:loudly_crying_face:
0:43:51,@mareliezjulio,OH MY FUCK
0:43:52,@certafan,Aw man...
0:43:52,@TheMTwinny,Trixiebelle is legal tho r-right?
0:43:54,@UngulaPropriaRQ,he's latino so he's like a foot shorter on average
0:43:54,@jennythebean9117,>:3 grumpy 
0:43:56,@solarismare,YESSS
0:43:56,@applebloom2307,wait this music i know iw
0:43:56,@ssum.things, escaped death two times
0:43:57,@SonataDidIt,aww Trixie <3
0:43:57,@solarismare,HE'S BACK
0:43:57,@LUXE-DX,IH
0:43:57,@misakayy1911,HES BACK
0:43:58,@GoldenCone69,LET'S GOO!
0:43:58,@clunker6712,Long ahh backstory for someone who got packed up in like 15 minutes
0:44:00,@Solums,Yes!
0:44:01,@SeriouslySodium,Meimei and Starcatcher would be friends ngl
0:44:03,@XxZ0MB1E_K1TTYxX,YEAHHHHHHHH
0:44:04,@vinylgamer2688,w hes back 
0:44:04,@applebloom2307,Awwww. bwcuase its her!!1
0:44:04,@Tamers12345MLP,They're around the same age she's just tall and he's short
0:44:04,@PwnyHipster,Nice Trixie
0:44:11,@solarismare,WHAT
0:44:11,@LUXE-DX,lore
0:44:12,@jennythebean9117,Oh no my heart 
0:44:14,@doublej209,what
0:44:14,@Aromaticgrassitem,"Trixie clan keeps growing, gangalang!"
0:44:16,@TheMTwinny,A WHAT?
0:44:17,@XxZ0MB1E_K1TTYxX,HES BACKK
0:44:17,@agoatheadbaby3512,huh
0:44:18,@muggz7752,Sure I totally believe you tmaers
0:44:20,@misakayy1911,???????????????????????
0:44:20,@TheMTwinny,ANOTHER ONE
0:44:23,@ThePipLad,i want a hug
0:44:23,@solarismare,I AM SORRY WHAT?
0:44:25,@Mel23155, Nice
0:44:27,@lordofshrimps,sure
0:44:30,@PwnyHipster,Trixie Belle Trixie Sweetie Belle. Is Rarity related to Trixie? I hope so
0:44:32,@solarismare,that's true tamers
0:44:33,@misakayy1911,WHAT ARE YOU TALKING ABOUT
0:44:34,@vinylgamer2688,huh 
0:44:34,@Aromaticgrassitem,"Silly alicorn, Tricks are for kids"
0:44:34,@springystarscout,G2
0:44:35,@SonataDidIt,Oh...
0:44:37,@TheMTwinny,"@Tamers12345MLP Alright everyone, it's good"
0:44:41,@doublej209,LORE
0:44:41,@LUXE-DX,TRIXIE BELL 2?!
0:44:43,@jennythebean9117,:O
0:44:45,@muggz7752,SS MORE SS
0:44:49,@solarismare,STOP CALLING HER A PREADTOR
0:44:50,@Itsyourgirl33,NOOOOOOOO
0:44:50,@GoldenCone69,WHY DIDN'T YOU JUST CLONE YOURSELF IDIOT?!
0:44:51,@zaneanator3021,Thank god
0:44:53,@Morflow_,ah yes of course
0:44:54,@Tianhuo,The family tree grows
0:44:54,@dominicunderwood4911,There's being slightly shorter & then there's only coming up to her knees
0:44:55,@PwnyHipster,Trix are for kids
0:44:56,@Mel23155,OMG
0:44:57,@SonataDidIt,So good
0:44:58,@agoatheadbaby3512,I've lost so much track of the pony lore what is happening?
0:44:59,@makotoikari4854,:(
0:44:59,@KhakiCap,yippi3
0:44:59,@lordofshrimps,SHE IS A PREDATOR MOST DEFIENTLY
0:45:01,@Mel23155,Oop
0:45:02,@Hyloaf,ouch
0:45:03,@applebloom2307,aw
0:45:03,@misakayy1911,AAAAAAAAAAAAAAAAAA
0:45:04,@gummy8440,they're stuck in backrooms foreeever
0:45:04,@agoatheadbaby3512,YIPPEEE
0:45:04,@mareliezjulio,eeeeeeeeeeeeeeeeeeee
0:45:04,@vinylgamer2688,XD
0:45:05,@certafan,Yippee!
0:45:05,@Lucario4thewin,not the teeth
0:45:05,@LUXE-DX,Watch it be Pomni as a pony
0:45:05,@clunker6712,So that’s why he’s so small
0:45:08,@TheMTwinny,JESUS
0:45:10,@liquidtamers12345,loreeee
0:45:10,@XxZ0MB1E_K1TTYxX,I WANNA HUG HIM
0:45:10,@UngulaPropriaRQ,LOUD IGRA 
0:45:10,@CozyYote,poor baby
0:45:10,@GoldenCone69,where is his horn?
0:45:11,@moriorinvictus69,horn gone
0:45:13,@muggz7752,SHOTS RYONA
0:45:14,@lizania81,OUCHH
0:45:16,@PwnyHipster,dang
0:45:16,@solarismare,trixie wtf
0:45:16,@doggerlander,ryona pony
0:45:17,@Lorkhanable,that yell
0:45:18,@muggz7752,SHOTA RYONAAAA
0:45:19,@TheMTwinny,THIS SHORT ASS GOT ABUSED :<
0:45:21,@PoppinCornBaby,Why are clowns so mean should have gone to clown college
0:45:21,@solarismare,OMG SKYWISHES
0:45:23,@Itsyourgirl33,Aww poor him
0:45:24,@certafan,Yo why he trauma dumping tho?
0:45:25,@jennythebean9117,Nooooo
0:45:36,@agoatheadbaby3512,She just keeps going.
0:45:37,@lordofshrimps,Why IS he trauma dumping
0:45:38,@makotoikari4854,slendy
0:45:38,@Hexen_4444,Luna?
0:45:40,@muggz7752,Every pony trauma dumps dude 
0:45:42,@jennythebean9117,I care :pleading_face:
0:45:42,@Tomerツ,"""yeah but can you dont?"""
0:45:43,@PwnyHipster,Got rekt
0:45:44,@SeriouslySodium,"the fact celestia already did all that without turning into someone else or losing magic, he's not just an incel homophobic but also sucks with magic. Celestia would probably laugh her ass off"
0:45:45,@Lucario4thewin,uhhh
0:45:45,@GoldenCone69,should've clone yourself Clown Boy?
0:45:45,@delta-v4x,Oh fuck
0:45:47,@gummy8440,Introduce him to Arinos NOW
0:45:47,@UngulaPropriaRQ,hi slenderman
0:45:47,@beabuzzkill,Find my Yuri
0:45:48,@lordofshrimps,SLENDERMAN
0:45:48,@applebloom2307,yo
0:45:49,@BlackKanye,uh
0:45:49,@kkorrrnerrrrr,ono
0:45:49,@GoldenCone69,is that Slenderman?
0:45:50,@agoatheadbaby3512,HHHEBD
0:45:51,@doggerlander,AIEEE SCARYYYY
0:45:51,@t.tnetwork8654,if that isnt its true form wtf is trixiebelles alicorn/true form
0:45:52,@dominicunderwood4911,Pred on Shota
0:45:52,@moriorinvictus69,hi slendy
0:45:52,@haileykitty6993,Slenderman?!
0:45:53,@Aromaticgrassitem,"He's just a poor boy, nobody loves him..."
0:45:53,@MillerTheDarkTransPrince,slender man
0:45:54,@Mel23155,IM CRYIN:pensive_face:
0:45:54,@vinylgamer2688,ayooooo slender man
0:45:54,@Lucario4thewin,uhhhhhhh
0:45:55,@PoppinCornBaby,lol
0:45:55,@TheMTwinny,HEY WHAT'S UP SLENDERMAN
0:45:57,@vanveleca,JEFF
0:45:57,@Tomerツ,HEROBRAIN
0:45:57,@TheDeadestDorito,slenderman-
0:45:57,@vazquezzavaladarielaalejan6147,HELP
0:45:57,@UngulaPropriaRQ,he's just straight up chilling
0:45:57,@misakayy1911,LMAOP
0:45:58,@BlackKanye,kek
0:45:58,@NubMcMoofin,:exploding_head:
0:45:58,@agoatheadbaby3512,THE SLENDER MAN
0:45:58,@DragonBorne1991,SLENDERMAN
0:45:58,@Padtygalaxy,Oh hi slender men 
0:45:58,@Solums,Colect my yuri
0:45:58,@XxZ0MB1E_K1TTYxX,WHST
0:45:58,@delta-v4x,Hi Steve
0:45:59,@SonataDidIt,STEVE
0:45:59,@Feojsshsyydud,SLENDER
0:45:59,@applebloom2307,yo
0:45:59,@vezsteseg-e8z,is that jeff
0:46:00,@lordofshrimps,HELLO?????
0:46:00,@misakayy1911,JEFF
0:46:01,@OrpheusHart,HEROBRINE LMAO
0:46:01,@vinylgamer2688,hes canon right ?
0:46:01,@springystarscout,SLENDER???
0:46:02,@Jakechi1999,Creepypastas?
0:46:02,@UngulaPropriaRQ,oh yo jeff and herobrine too
0:46:03,@PwnyHipster,LMAO
0:46:03,@GoldenCone69,Jeff the killer
0:46:03,@solarismare,"they aren't gone, they're inside you"
0:46:03,@applebloom2307,behind you
0:46:04,@MillerTheDarkTransPrince,jeff
0:46:04,@jennythebean9117,:loudly_crying_face::loudly_crying_face::loudly_crying_face::loudly_crying_face:
0:46:04,@PwnyHipster,JEFF
0:46:05,@TheMTwinny,OH HEY JEFF THE KILLER
0:46:05,@XxZ0MB1E_K1TTYxX,JEFF???
0:46:05,@DragonBorne1991,STEVE
0:46:05,@vdn2468,hi jeff
0:46:06,@Elysian-Gilivanti,slendy boi and jeff!!
0:46:06,@CozyYote,something with “wishes” would 100% be my pony name tf
0:46:06,@AnimeGames16,SLENDERMAN???
0:46:06,@springystarscout,HYPNO WHERE
0:46:06,@doublej209,damn
0:46:06,@Feojsshsyydud,HEROBRINe
0:46:06,@muggz7752,GET OUT
0:46:07,@vazquezzavaladarielaalejan6147,Creepypastas
0:46:07,@DonteThompson-v6t,ewwwwwwww
0:46:08,@agoatheadbaby3512,JEFF THE KILLER???
0:46:09,@certafan,Yo Eyeless Jack lfg
0:46:09,@UngulaPropriaRQ,they're just out here watching this shit go down
0:46:10,@Cattle.ink.3,Jeff and Herobrine
0:46:10,@Solums,Puzyno
0:46:10,@mr.bananaman9805,HEROIN
0:46:10,@Aromaticgrassitem,his namea jeff
0:46:10,@kalebc56,my name jeff
0:46:12,@doggerlander,SCARYYYY I HAVE TO RUN AWAYYYY
0:46:13,@HopeIsEpic.,this is really fuckin scary omg
0:46:14,@haileykitty6993,why there creepypastas everywhere?!
0:46:15,@jennythebean9117,Slanderman!
0:46:16,@GoldenCone69,FLASHBACK
0:46:17,@lordofshrimps,THATS SO TRUE THOUGH TRIXIE
0:46:20,@SonataDidIt,yay!
0:46:21,@Mira-ep3cd,Why is Slender and Jeff here :loudly_crying_face:
0:46:22,@solarismare,AWHHHH
0:46:23,@GoldenCone69,Gay Bacon?? :loudly_crying_face:
0:46:24,@beabuzzkill,gaycon!!
0:46:24,@jennythebean9117,Jeff!
0:46:25,@kkorrrnerrrrr,woooooooooo
0:46:25,@SonataDidIt,LOL
0:46:26,@PwnyHipster,I love gay bacon
0:46:26,@lordofshrimps,SINS OF THE FATHER IS THE WORSE TROPE TO EVER EXIST
0:46:26,@agoatheadbaby3512,gay bacon
0:46:27,@Jakechi1999,SpongeBob party!
0:46:27,@zaneanator3021,Gay bacon
0:46:28,@certafan,35 lmao
0:46:29,@vazquezzavaladarielaalejan6147,LESBIAN GIFT?
0:46:30,@Peejaylew,I WAS ON TIME FOR THE BIRTHDAY
0:46:30,@sadraiju808,YA GAY BACON
0:46:30,@agoatheadbaby3512,wooooo
0:46:30,@BlackKanye,I don't like that scream
0:46:30,@solarismare,35 LMFAO
0:46:31,@XxZ0MB1E_K1TTYxX,yummy
0:46:32,@Mel23155,Happy birthday 
0:46:32,@TheMTwinny,Spongebob partyyyyyyyyy
0:46:35,@springystarscout,Based Spong party 
0:46:36,@TheDeadestDorito,gay bacon-
0:46:36,@makotoikari4854,SEGGS
0:46:38,@delta-v4x,I feel seen
0:46:40,@SkullCalipers,LOL
0:46:42,@vazquezzavaladarielaalejan6147,NAHH
0:46:42,@solarismare,TRIXIEBELLE WHAT
0:46:42,@BlackKanye,what
0:46:44,@OrpheusHart,LMAO
0:46:44,@misakayy1911,LMAO
0:46:45,@Peejaylew,WHAT
0:46:45,@SonataDidIt,What a mindset
0:46:46,@PwnyHipster,LOL NO
0:46:46,@XxZ0MB1E_K1TTYxX,AWWWWW
0:46:47,@lordofshrimps,WHAT?????
0:46:47,@KhakiCap,Meine Mama hat mir einfach erlaubt. Dass ich Cola trinken darf. Wie cool ist das bitte? Jetzt zock' ich Fortnite Und trink' Cola. Yippiee!
0:46:47,@jennythebean9117,Yippee!
0:46:47,@TheDeadestDorito,GET THAT HEADDD
0:46:48,@vdn2468,LOL
0:46:49,@solarismare,36 HAHAHAHAHAH
0:46:50,@mareliezjulio,i want him dwad
0:46:52,@applebloom2307,he really is an incel waaah ><
0:46:52,@Hexen_4444,who the fuck are these people?
0:46:52,@vinylgamer2688,valid thinking 
0:46:53,@solarismare,39?????
0:46:53,@muggz7752,HUHHHH
0:46:53,@kkorrrnerrrrr,xDDDDD
0:46:53,@agoatheadbaby3512,Trixiebelllll noooooooooo
0:46:55,@Exiledlama,LMAO
0:46:55,@papafrank769,Multi media ahh episode 
0:46:55,@crestposting,extremely jester
0:46:56,@muggz7752,LAMOOOOOOO
0:46:56,@PoppinCornBaby,BASED
0:46:56,@vinylgamer2688,XD
0:46:59,@SonataDidIt,oh my....
0:46:59,@Itsyourgirl33,OOP
0:47:00,@TheDeadestDorito,DAMN
0:47:01,@lizania81,HHAHAHAH
0:47:01,@solarismare,SHE IS 40????
0:47:02,@doublej209,GRANMA
0:47:02,@LUXE-DX,HUH
0:47:02,@Jakechi1999,OOF
0:47:03,@neargaming2057,40?????
0:47:03,@OrpheusHart,UHHHH
0:47:03,@agoatheadbaby3512,huuugh
0:47:04,@Mel23155,36?…39??
0:47:04,@PwnyHipster,GODDAMN
0:47:05,@NubMcMoofin,:exploding_head:
0:47:05,@lordofshrimps,SHE'S NOT A PREDATOR?????
0:47:06,@applebloom2307,waitwat
0:47:06,@matius851,she's old af
0:47:07,@KohJhonesItula,LMAO
0:47:07,@TheMTwinny,40................ WTF
0:47:08,@GoldenCone69,I beg her Pordan?
0:47:08,@lordofshrimps,DAMNIT
0:47:09,@misakayy1911,????????????
0:47:10,@XxZ0MB1E_K1TTYxX,OMG
0:47:10,@Mel23155,Wait
0:47:12,@Lucario4thewin,"mmmm, nope"
0:47:12,@KhakiCap,40 o_o
0:47:12,@jennythebean9117,Zamn
0:47:13,@SeriouslySodium,40??????????????
0:47:13,@ItsameDesire,OOF
0:47:13,@SkullCalipers,Not adopted in 40 years. BRUTAL.
0:47:13,@loolooluka,40 yrs old :skull:
0:47:14,@muggz7752,This is a messss
0:47:15,@vinylgamer2688,legal smashhhh
0:47:16,@solarismare,WHAT DO YOU MEAN SHE IS 40
0:47:16,@agoatheadbaby3512,What do these ponies take to look so young?
0:47:18,@vinylgamer2688,XD
0:47:18,@LUXE-DX,NO SHE. NOT
0:47:18,@TheMTwinny,HOW OLD IS HE NOW????
0:47:18,@muggz7752,Dude
0:47:20,@mr.bananaman9805,grown ass woman age regressing
0:47:20,@misakayy1911,LAMO
0:47:23,@Itsyourgirl33,:face_with_raised_eyebrow::face_with_raised_eyebrow::face_with_raised_eyebrow:
0:47:25,@Jakechi1999,They're all adults?
0:47:25,@doggerlander,ITS OVER FOR YOU
0:47:25,@TheDeadestDorito,40 is aild
0:47:25,@Hexen_4444,Loili
0:47:25,@CozyYote,lmao
0:47:26,@muggz7752,WHATS HAPPENING
0:47:26,@certafan,LMAOOOOO
0:47:27,@DownyDuck,okay dude
0:47:27,@muggz7752,OH
0:47:28,@Tomerツ,40?!??!.
0:47:28,@Padtygalaxy,Mini horse 
0:47:28,@clunker6712,Bro they’re just short
0:47:28,@jennythebean9117,Damn she is old
0:47:29,@mareliezjulio,wtf is this plot
0:47:29,@pokefreak2112,i would love her :3
0:47:29,@SeriouslySodium,btw twilights is canonically 51
0:47:30,@TheDeadestDorito,wild
0:47:30,@Aromaticgrassitem,dwarf horses are a kind of horse
0:47:32,@dominicunderwood4911,SHES STILL INTO THE LITTLE ONES
0:47:33,@mareliezjulio,yo wth
0:47:33,@Itsyourgirl33,LOL
0:47:35,@Mel23155,She’s 40??
0:47:35,@muggz7752,I WAS JUST RESEARCHINH MINI HIRSES WOWWW
0:47:36,@lizania81,Ohh sho she's a horse and he's a pony that's why he's so small???
0:47:39,@UngulaPropriaRQ,im choking holy shit 
0:47:40,@doublej209,so this is what got changed
0:47:41,@PoppinCornBaby,LOL SHE LOST INTREST
0:47:42,@agoatheadbaby3512,This is like that one old man pony.
0:47:43,@delta-v4x,"You all will be 40 or die trying, fr fr"
0:47:43,@solarismare,AWHHHH
0:47:44,@beepbeepok,GOD DAMN ITRTT
0:47:45,@GoldenCone69,WHO'S THE OLDER ONE?!
0:47:47,@lizania81,or am I dumb
0:47:48,@Peejaylew,LOL
0:47:50,@XxZ0MB1E_K1TTYxX,NOOO
0:47:51,@beabuzzkill,LOL
0:47:51,@Mel23155,Bruh
0:47:52,@solarismare,god damn
0:47:54,@jennythebean9117,Damn short horse 
0:47:54,@kkorrrnerrrrr,xDDD
0:47:54,@beepbeepok,WHAT DID I MISS AGAIN?
0:47:58,@muggz7752,Lmao
0:48:00,@doggerlander,trixibielle always ruining the moment
0:48:00,@Mel23155,YET•
0:48:01,@GoldenCone69,Your 40!
0:48:01,@PwnyHipster,I love these derpy ass horses
0:48:02,@agoatheadbaby3512,Whaaagh?
0:48:03,@solarismare,skywishes aaaaaaaa
0:48:09,@jennythebean9117,:O
0:48:12,@PwnyHipster,flawless logic
0:48:12,@vazquezzavaladarielaalejan6147,WHATTT
0:48:13,@Lucario4thewin,these stupid horses
0:48:15,@solarismare,oh my
0:48:16,@lordofshrimps,Please no
0:48:17,@doublej209,OH NONONO
0:48:17,@beepbeepok,oh
0:48:18,@Peejaylew,WHCYA MAID DRESS
0:48:18,@beabuzzkill,she got raptured
0:48:20,@applebloom2307,sniff it
0:48:21,@lordofshrimps,dont do it
0:48:22,@nico22999,please yes
0:48:23,@beepbeepok,maid outfit?
0:48:23,@agoatheadbaby3512,NOO DON'T LOOK
0:48:24,@solarismare,OH GOD
0:48:25,@NubMcMoofin,:face_savoring_food:
0:48:25,@Hyloaf,nice
0:48:26,@solarismare,LMFAOOOOO
0:48:26,@PwnyHipster,SNIFFF
0:48:26,@beepbeepok,AYOO
0:48:26,@Hexen_4444,"""SHE SAID SHE WAS 40!"""
0:48:26,@SkullCalipers,LOL
0:48:27,@Mel23155,A maid dress??
0:48:27,@UngulaPropriaRQ,oh she into it
0:48:28,@lordofshrimps,stop
0:48:28,@SonataDidIt,OMG
0:48:28,@vazquezzavaladarielaalejan6147,Also why her heair is trans flag colored
0:48:29,@SeriouslySodium,40 yr btw
0:48:30,@Aromaticgrassitem,There are so many horses....
0:48:30,@dominicunderwood4911,oh wow
0:48:30,@SonataDidIt,The origin
0:48:31,@Feojsshsyydud,I sniffed my screen
0:48:31,@LUXE-DX,HAHA
0:48:31,@vazquezzavaladarielaalejan6147,AYOO
0:48:31,@beepbeepok,NAHHHHH
0:48:31,@solarismare,AYOOOOOO
0:48:32,@GlimmyGOD,sniffa
0:48:32,@Binary_Forever,Ok
0:48:32,@Peejaylew,OH NO
0:48:32,@Electricstumble_YT,What the fuck
0:48:33,@lordofshrimps,stop do that agan
0:48:33,@applebloom2307,relatable
0:48:34,@lordofshrimps,no
0:48:34,@GoldenCone69,why are you smelling it still???
0:48:35,@KungaBungaonToast,yp
0:48:35,@TheMTwinny,sniffa sniffa
0:48:35,@TheDeadestDorito,WHAT THE FUCK
0:48:36,@hollywareham6810,crazy
0:48:36,@Mel23155,AYO
0:48:36,@solarismare,OH MY GOD
0:48:37,@Solums,What
0:48:37,@PoppinCornBaby,SNIFF
0:48:37,@papafrank769,Oh god
0:48:38,@SkullCalipers,My favorite.
0:48:38,@XxZ0MB1E_K1TTYxX,OH MY
0:48:39,@Tomerツ,:loudly_crying_face::loudly_crying_face::loudly_crying_face:
0:48:40,@Luckystarfriendship,wow
0:48:40,@agoatheadbaby3512,cool.
0:48:40,@LUXE-DX,huh
0:48:41,@BadroBrayan,"i just came , did our lord and savior jinx made an appearance ????"
0:48:42,@GoldenCone69,where did you come from?
0:48:42,@Dalekoverhauls,Damn I miss a lot of this o far
0:48:43,@Peejaylew,AYO
0:48:43,@TheDeadestDorito,OH HELL NAHHH
0:48:44,@doublej209,she twilight sparkle after all
0:48:44,@TheMTwinny,oh my goooooooood
0:48:44,@Electricstumble_YT,I JUST JOINED
0:48:45,@lordofshrimps,This is why twilight is a smell freak
0:48:45,@nico22999,big horse..
0:48:46,@quien-9751,oh ok
0:48:47,@Feojsshsyydud,Licks screen
0:48:47,@Mel23155,IS THIS YURI?
0:48:48,@springystarscout,Cute 
0:48:48,@Electricstumble_YT,GYAR
0:48:48,@Keiry2017,So much yuri ponies
0:48:49,@muggz7752,That horse is older than tras what
0:48:49,@Itsyourgirl33,AWW
0:48:49,@beepbeepok,i wish i was here in the start
0:48:50,@XxZ0MB1E_K1TTYxX,DAMNNNN :exploding_head:
0:48:52,@dominicunderwood4911,Fucking hell
0:48:53,@YamTheBag,guelp…
0:48:55,@MillerTheDarkTransPrince,yuri
0:48:56,@jennythebean9117,Gay
0:48:57,@agoatheadbaby3512,IT JUST KEEPS GOING
0:49:00,@TheMTwinny,SHE 40 THO
0:49:01,@Electricstumble_YT,:face-red-droopy-eyes:
0:49:02,@beepbeepok,this PEAK:saluting_face::loudly_crying_face::loudly_crying_face::loudly_crying_face:
0:49:02,@GoldenCone69,you are the money?
0:49:03,@PacuandoSegs,Mommy yuri
0:49:03,@LUXE-DX,LOOK AT HER. HOLY SMAH
0:49:04,@TheDeadestDorito,OH MY FUCK
0:49:08,@agoatheadbaby3512,FLY TO SUN TAMERS
0:49:10,@Electricstumble_YT,HOW DID YOU EAT YOUR ALLOWENCEP
0:49:10,@MamaShimaVT,i love u tammers
0:49:10,@jennythebean9117,>:3
0:49:11,@solarismare,SHE IS SO FUCKING CUTE
0:49:11,@XxZ0MB1E_K1TTYxX,YOU'RE OVERFEEDING US TAMERS
0:49:12,@solarismare,HELP ME
0:49:13,@LUXE-DX,OMGOMGOMGOMG
0:49:14,@Tomerツ,KISS
0:49:14,@Luckystarfriendship,:face-fuchsia-wide-eyes::face-fuchsia-wide-eyes:
0:49:14,@Mel23155,SHES 40
0:49:14,@beabuzzkill,:face-blue-wide-eyes:
0:49:16,@Electricstumble_YT,They in love
0:49:17,@GoldenCone69,HOW OLD IS STAR CATCHER?
0:49:17,@TheDeadestDorito,GIVE THE HEAD
0:49:18,@muggz7752,Where’s the SS
0:49:20,@Electricstumble_YT,JUST KISS GNG
0:49:21,@TheMTwinny,HOW OLD IS SKY WISHES HAHAHA
0:49:22,@BlackKanye,She should just simply eat it immediately at once
0:49:24,@solarismare,TAMERS YOU ARE GOING TO KILL ME
0:49:25,@Lucario4thewin,yuri?
0:49:26,@muggz7752,SS WHEN
0:49:26,@UltimateStarky,this feels wrong
0:49:26,@MillerTheDarkTransPrince,I ship it
0:49:26,@hollywareham6810,wild
0:49:27,@certafan,"My wishes came true, pain peko"
0:49:28,@Peejaylew, L
0:49:28,@Skidum1,40yr old btw
0:49:29,@PwnyHipster,the size difference if unf
0:49:30,@pokefreak2112,holy peak
0:49:32,@Peejaylew,O
0:49:33,@Peejaylew,L
0:49:33,@jennythebean9117, X3 
0:49:35,@Peejaylew,L
0:49:35,@XxZ0MB1E_K1TTYxX,IM SOOOO FULL :drooling_face::drooling_face::drooling_face:
0:49:35,@moriorinvictus69,age regressed adult miniature horse btw
0:49:36,@Peejaylew,O
0:49:36,@Peejaylew,L
0:49:38,@springystarscout,Dancing in the Clouds retold
0:49:39,@Mel23155,GNG SHES UNG
0:49:39,@KhakiCap,40...
0:49:39,@agoatheadbaby3512,TO THE ATMOSPHERE AND BEYOND TAMERS
0:49:41,@muggz7752,I WANT THE COLT INVOLVED
0:49:42,@SonataDidIt,WishCatcher <3
0:49:42,@Peejaylew,Y
0:49:43,@PoppinCornBaby,It’s okay guys they’re just tiny horses 
0:49:43,@Feojsshsyydud,Should’ve been me
0:49:44,@Aromaticgrassitem,Tall mommy
0:49:46,@solarismare,she's 40 btw
0:49:47,@lordofshrimps,This really might be a movie fr
0:49:47,@SeriouslySodium,doomed yuri :folded_hands:
0:49:49,@Keiry2017,Eh
0:49:50,@Tamers12345MLP,Skywishes is 40 and Star Catcher is mid 50's
0:49:50,@Allontae_Romel,It’s time!!!!
0:49:53,@PoppinCornBaby,Not to be confused with little ponies 
0:49:53,@GoldenCone69,@Tamers12345MLP !!! How old is the trans hair girl?!!
0:49:53,@LUXE-DX,Why r the purple ones always into tall white ones
0:49:53,@dominicunderwood4911,Creep mommy
0:49:54,@muggz7752,SSSSSSSSSS
0:49:56,@KungaBungaonToast,any other age regressed adult miniature horses in chat
0:49:57,@Tomerツ,my brain is gone
0:49:58,@GoldenCone69,WHATTY
0:49:58,@BlackKanye,lowes
0:49:59,@Peejaylew,AINT NO WAY PEOPLE GOONNING
0:49:59,@Electricstumble_YT,KISS
0:50:00,@Cuttie._.cuttie,Ryber was my old name btw
0:50:02,@PwnyHipster,@Tamers12345MLP I love old lady yuri
0:50:03,@agoatheadbaby3512,ohkey
0:50:03,@papafrank769,50
0:50:04,@solarismare,"is that so, tamers"
0:50:05,@KhakiCap,mid 50s- ouch
0:50:07,@applebloom2307,MID 50S?!?!
0:50:09,@GoldenCone69,50
0:50:09,@delta-v4x,MID-50S
0:50:11,@TheMTwinny,YOUR AGE?!?!?!!?
0:50:11,@KvVuld,"dats good hags, Tamers"
0:50:11,@Hexen_4444,SS!? stop talking about Himmler!
0:50:11,@Electricstumble_YT,50 and 40 are we serious
0:50:11,@Mel23155,AY
0:50:13,@crestposting,a gay pony?
0:50:14,@clunker6712,"I just realized why everyone is mentally stunted in equestria, they keep reincarnating the mentality challenged ponies from this adult orphanage"
0:50:16,@doublej209,what age is trixibillie
0:50:17,@GoldenCone69,50 FUCKING YEARS?!
0:50:18,@gamer_javian2,ah HELL NA
0:50:18,@TheDeadestDorito,mid 50s lol
0:50:18,@Slackjaw55,55?
0:50:20,@PwnyHipster,Based Hag Yuri
0:50:21,@Peejaylew,.
0:50:21,@jennythebean9117,True
0:50:22,@UltimateStarky,this feels so wrong
0:50:22,@MamaShimaVT,@Tamers12345MLP yuri???
0:50:22,@Tomerツ,No nononono
0:50:22,@XxZ0MB1E_K1TTYxX,MID 50?? :drooling_face:
0:50:23,@Mel23155,MID-50s?
0:50:23,@SkullCalipers,Hag yuri.
0:50:23,@cricket_gaming_hd9439,"star catcher is perfect, just cause the wrapper is wrinkled dont mean the candy aint sweet."
0:50:25,@BlackKanye,damn 50 looks like THAT?
0:50:26,@sadraiju808,the little leg kickies
0:50:28,@Lucario4thewin,here we go
0:50:31,@PoppinCornBaby,She so pretty for a fifty year old
0:50:31,@agoatheadbaby3512,OH MY GOOOOOOOOOD
0:50:32,@applebloom2307,AWW
0:50:34,@lordofshrimps,Why did she do that
0:50:35,@delta-v4x,What creams do they use?
0:50:35,@PwnyHipster,backflip
0:50:35,@LUXE-DX,She aged like wone
0:50:36,@Keiry2017,Yuri ponies asf
0:50:37,@Mel23155,YET
0:50:38,@LUXE-DX,Wine
0:50:39,@TheDeadestDorito,OH
0:50:39,@WARPCORPORATlON,SISTER YURI
0:50:40,@muggz7752,Shota
0:50:40,@Skidum1,Hag x Hag
0:50:43,@NubMcMoofin,:disappointed_face:
0:50:43,@PoppinCornBaby,What 
0:50:44,@TheDeadestDorito,OH SHIT
0:50:45,@TheMTwinny,GET OUT WHILE YOU CAN SKY WISHES
0:50:46,@Electricstumble_YT,Ayo???
0:50:47,@MillerTheDarkTransPrince,Yuri
0:50:47,@jestermaxxed,hag age regression yuri :drooling_face:
0:50:48,@beepbeepok,why is only 862 viewing this
0:50:49,@Allontae_Romel,Why are they not cursing? Is this video the only one for kids or something :rolling_on_the_floor_laughing::rolling_on_the_floor_laughing::rolling_on_the_floor_laughing:
0:50:49,@dominicunderwood4911,"Better hope she doesn't go too close to a playground or she'll be ""reminded"" again"
0:50:49,@papafrank769,Wone
0:50:51,@XxZ0MB1E_K1TTYxX,OH
0:50:53,@LUXE-DX,HAG X HAG LOL
0:50:55,@agoatheadbaby3512,OOOOOGH
0:50:55,@Mel23155,YURI YURIII
0:50:59,@Aromaticgrassitem,back to clown boyo
0:51:04,@LUXE-DX,OPPP
0:51:04,@jennythebean9117,Kiss
0:51:05,@Cuttie._.cuttie,WILL IT ENDDD
0:51:06,@TheDeadestDorito,OOOOPP
0:51:06,@XxZ0MB1E_K1TTYxX,NO WAY
0:51:07,@Peejaylew,YURI
0:51:09,@lordofshrimps,hello???
0:51:10,@dominicunderwood4911,"if its that easy to ""remind"" her around the small ones"
0:51:10,@agoatheadbaby3512,huh
0:51:10,@beepbeepok,56.1k people should be watching this
0:51:11,@muggz7752,SHOTAAAA
0:51:11,@certafan,NOOOOOOOO TRIXIEBELLE DONT LISTEN NOOOOOOOOOO
0:51:12,@Electricstumble_YT,She’s listening
0:51:14,@solarismare,SHE IS CUTE
0:51:14,@muggz7752,THREEWAY
0:51:15,@SonataDidIt,Just like Twilight
0:51:16,@LUXE-DX,OMG
0:51:18,@vinylgamer2688,bruh
0:51:19,@TheMTwinny,WHYYYYYYYYYYY
0:51:19,@PwnyHipster,Honestly relatable
0:51:19,@delta-v4x,College for a 40 years old?
0:51:22,@UngulaPropriaRQ,i want to be a housewife too please 
0:51:23,@zaneanator3021,This is what the dating market is like when you turn 40
0:51:24,@dominicunderwood4911,Housewife lolicon
0:51:26,@mareliezjulio,little loser
0:51:28,@LUXE-DX,THE DRESSS
0:51:28,@Electricstumble_YT,She would be an old lady
0:51:29,@papafrank769,Wait how old is bell
0:51:33,@SonataDidIt,Catcher spitting facts
0:51:34,@PwnyHipster,Housewife is underrted ngl
0:51:34,@jennythebean9117,:O
0:51:34,@doublej209,She so fucked up
0:51:34,@dominicunderwood4911,jeez
0:51:35,@delta-v4x,"She's not wrong, there is a real wage difference"
0:51:37,@solarismare,DO NOT SAY HOUSEWIFE LOLICON YOU FREAKS
0:51:39,@SuperCaptainFail,the wages thing is not true anymore!!
0:51:40,@WARPCORPORATlON,sister yuri sister yuri
0:51:40,@ItsameDesire,Nah certificate is good enough
0:51:40,@matius851,4 weeks old
0:51:42,@GoldenCone69,BRO IS BROKEN
0:51:42,@vinylgamer2688,she failed for 40 years already her time over 
0:51:47,@mareliezjulio,oh my fucking god what the fuck is with you creeps and lolies
0:51:47,@Lucario4thewin,pain
0:51:48,@Mel23155,Dang
0:51:48,@XxZ0MB1E_K1TTYxX,NOOO MY BABY
0:51:48,@jennythebean9117,Fr fr
0:51:49,@misakayy1911,ITS OVER
0:51:50,@mr.bananaman9805,HOUSELOLI
0:51:50,@SkullCalipers,NGMI
0:51:51,@ItsameDesire,wage gap is not that big anyways now
0:51:51,@certafan,Whoa! you can see the exact moment his soul died!
0:51:52,@Hyloaf,Rodger?
0:51:53,@AssataFofana-o6q,i farted
0:51:53,@LUXE-DX,NOOOO
0:51:55,@liveloveea,WE NEED MORE DANDYS WORLD:loudly_crying_face::loudly_crying_face::victory_hand:
0:51:56,@muggz7752,SHOTA
0:51:57,@SonataDidIt,rodger
0:51:57,@LUXE-DX,YURI WINS 
0:51:58,@TheDeadestDorito,WOWWW
0:51:58,@UngulaPropriaRQ,RODGER?????
0:51:59,@beabuzzkill,oh my god its rodger
0:51:59,@SuperCaptainFail,RODGER!?
0:51:59,@Itsyourgirl33,NOOOOOOOOOOOOOOOO
0:52:00,@misakayy1911,RODGER
0:52:01,@Keiry2017,Wow holy moly simp
0:52:04,@UngulaPropriaRQ,oh this dude
0:52:04,@solarismare,brooo wtf
0:52:05,@14i-,rodger
0:52:05,@AssataFofana-o6q,WHERES DANDYS WORLD
0:52:06,@delta-v4x,WEIRD AS SHIT
0:52:07,@PwnyHipster,LMAO
0:52:08,@mareliezjulio,ooo
0:52:08,@matius851,dilf
0:52:08,@ItisWhatitis-r1p,This is crazy 
0:52:09,@Mel23155,HOLY
0:52:09,@GoldenCone69,do I see Braeburn's dad?
0:52:09,@liveloveea,RODGERR
0:52:10,@Morflow_,on god frfr
0:52:10,@UltimateStarky,Hi Silverstar
0:52:11,@PoppinCornBaby,NOOOOO
0:52:13,@Lucario4thewin,baked potatoes
0:52:14,@XxZ0MB1E_K1TTYxX,OOP
0:52:14,@SeriouslySodium,"""playing favorite with these 20yr men and women"""
0:52:14,@TheMTwinny,SKYWISHES IS 40-50 YEARS OLD?????????
0:52:14,@NubMcMoofin,:disappointed_face:
0:52:15,@delta-v4x,The guy is real
0:52:15,@lordofshrimps,so true
0:52:15,@PwnyHipster,LEAVE HER ALONE
0:52:17,@Peejaylew,RODGER
0:52:19,@mareliezjulio,whose this fine gentleman
0:52:19,@SeriouslySodium,40*
0:52:19,@muggz7752,Where am I 
0:52:20,@applebloom2307,Houseloli houseloli houseloli
0:52:21,@mareliezjulio,yesss
0:52:21,@Peejaylew,YO
0:52:22,@cricket_gaming_hd9439,rodger?
0:52:22,@SeriouslySodium,40*
0:52:22,@makotoikari4854,bald
0:52:23,@fishgundotfun,THOSE ARE 40 YEAR OLD MINORS!!!!!!!
0:52:25,@mareliezjulio,whats his name
0:52:26,@ItisWhatitis-r1p,BALD
0:52:26,@vinylgamer2688,brooo nooooooooooooooooooooooooo
0:52:27,@LUXE-DX,RODGER PONY
0:52:28,@GoldenCone69,NO HAIR+
0:52:29,@Lucario4thewin,bald!
0:52:29,@SkullCalipers,BALD BALD
0:52:29,@UltimateStarky,MY EYES
0:52:30,@KhakiCap,BALD
0:52:30,@PoppinCornBaby,IT SHOULD HAVE BEEN RODGER
0:52:30,@Tomerツ,BALD
0:52:32,@certafan,Do Ponies in ponyville also eat baked carrots?
0:52:32,@GoldenCone69,NO HAIR++
0:52:32,@kkorrrnerrrrr,noooooooooooo
0:52:32,@beepbeepok,BEAUTIFUL 
0:52:32,@OrpheusHart,BALD
0:52:32,@misakayy1911,BALD
0:52:33,@MillerTheDarkTransPrince,nooo
0:52:33,@beabuzzkill,BALDDD BALLDDD
0:52:33,@delta-v4x,Based and norwood-pilled
0:52:33,@ahmadpemberton5,BALD BALD BALD
0:52:33,@Mel23155,GOD DAMN
0:52:34,@mr.bananaman9805,BALD
0:52:34,@lordofshrimps,DOMIUM
0:52:36,@Solums,Bald
0:52:36,@muggz7752,I need to get higher
0:52:36,@GoldenCone69,NO HAIR++++
0:52:36,@Tomerツ,MY EYESSS
0:52:36,@Itsyourgirl33,LOL
0:52:39,@matius851,chopped dilf
0:52:39,@ItisWhatitis-r1p,BALD PONY MAN
0:52:39,@Tamers12345MLP,I had to clarify that that they eat potatoes because horses don't eat meat.
0:52:40,@Luckystarfriendship,Egg
0:52:40,@PwnyHipster,BALD
0:52:40,@KhakiCap,BALD BOZO
0:52:40,@solarismare,man wtf
0:52:41,@Jakechi1999,@muggz7752 He's in his 30s-40s.
0:52:41,@beepbeepok,HES BALD
0:52:41,@vdn2468,BALD
0:52:41,@DragonBorne1991,MY EYES
0:52:41,@muggz7752,WOAH
0:52:43,@applebloom2307,MY eyeeeeeess
0:52:43,@jennythebean9117,Fr fr 
0:52:44,@Feojsshsyydud,:nauseated_face:
0:52:44,@zaneanator3021,Norwood
0:52:45,@XxZ0MB1E_K1TTYxX,NOOOO
0:52:48,@Cattle.ink.3,#bold
0:52:50,@pixiemations3585,BALD
0:52:52,@solarismare,candy floss coke
0:52:52,@TheDeadestDorito,damn
0:52:53,@GoldenCone69,empty cans
0:52:55,@MillerTheDarkTransPrince,oh noooo
0:52:57,@beepbeepok,oh right they don’t eat meat
0:53:01,@BlackKanye,Are the ponies irish
0:53:02,@agoatheadbaby3512,NOOOOO NOT THE DIET COKES!!!!!!
0:53:03,@GoldenCone69,Yes
0:53:04,@ItisWhatitis-r1p,I mean fair enough 
0:53:04,@haileykitty6993,"ew, diet?"
0:53:05,@Jakechi1999,There's cotton candy coke?
0:53:10,@Tianhuo,cotten candy cokey beloved \o/
0:53:11,@cricket_gaming_hd9439,"""horses dont eat meat"" what about applebottom to care package?"
0:53:12,@Mel23155,DIET??
0:53:13,@jennythebean9117,Noooooooooooooo
0:53:15,@delta-v4x,"I've lost track where we are, but I'm enjoying every minute"
0:53:15,@SkullCalipers,Diet Coke is good.
0:53:16,@GoldenCone69,coca Cola is the best
0:53:22,@vinylgamer2688,noooooo dont leaveeeeeeeee
0:53:23,@XxZ0MB1E_K1TTYxX,BABY
0:53:25,@certafan,Or braeburn to Soarin
0:53:26,@solarismare,nooooooo
0:53:27,@ItisWhatitis-r1p,Meat eaters 
0:53:27,@TheDeadestDorito,diet dr pepper tho :loudly_crying_face:
0:53:36,@Hexen_4444,Diet Coke is fucking shit
0:53:36,@PoppinCornBaby,They’re so heckin smol
0:53:39,@papafrank769,Tamers is bell 40?
0:53:43,@Lorkhanable,pure insanity
0:53:44,@TheMTwinny,40 YEAR OLD HADOPTED HORSES?!?!?!?!?!?
0:53:45,@MillerTheDarkTransPrince,noooo
0:53:45,@GoldenCone69,wouldn't be me.
0:53:47,@Keiry2017,NOOO
0:53:49,@BlackKanye,So trixiebelle is a 40 year old femboy jester?
0:53:51,@SeriouslySodium,this movie is so fucking good
0:53:54,@vinylgamer2688,nooo shes sadddd
0:53:56,@CashtheWisconsinite,:goat::goat::goat::goat::goat::goat::goat:
0:53:57,@GoldenCone69,shadow man
0:53:57,@solarismare,HELLO?
0:53:59,@solarismare,THE SHADOW?
0:54:00,@jennythebean9117,:loudly_crying_face::loudly_crying_face::loudly_crying_face::loudly_crying_face::loudly_crying_face:
0:54:02,@Lucario4thewin,not cool dude
0:54:04,@Mel23155,That’s sad
0:54:04,@lordofshrimps,who is that
0:54:04,@Tamers12345MLP,Trixiebelle is around 40 yeah
0:54:06,@beabuzzkill,scp 106...
0:54:06,@KhakiCap,h o o m a b
0:54:07,@PwnyHipster,@SeriouslySodium Its seriously my favorite Tamers movie of all time so far
0:54:08,@DragonBorne1991,THE SHADOW?!?
0:54:08,@NubMcMoofin,:disappointed_face:
0:54:08,@ItisWhatitis-r1p,WHO IS THAT 
0:54:09,@Tomerツ,wtf is going on i the backrooms
0:54:09,@kkorrrnerrrrr,;__;
0:54:11,@clunker6712,Isn’t bell older than 40 since he is a fragment of the alicorn tho
0:54:11,@springystarscout,SLENDER
0:54:13,@papafrank769,Oh shit
0:54:13,@lordofshrimps,not cool dude
0:54:14,@Padtygalaxy,Adopt him trixie!
0:54:15,@Mel23155,WHATS DA THING
0:54:16,@Tianhuo,is that the G man?
0:54:18,@XxZ0MB1E_K1TTYxX,im sad
0:54:18,@BlackKanye,Twink death is not real
0:54:21,@miatamiatamiata45,im stil here
0:54:24,@certafan,I like to imagine this is the actual backrooms and the horrors are sipping the tea rn
0:54:24,@Keiry2017,SHIT
0:54:25,@PoppinCornBaby,Hello slenderman
0:54:26,@SonataDidIt,<3
0:54:27,@springystarscout,CREEPYPASTA ARC PLEASE TAMERS
0:54:29,@solarismare,starcatcher...
0:54:30,@XxZ0MB1E_K1TTYxX,:broken_heart:
0:54:30,@Tamers12345MLP,I don't know who that shadow is I just got backrooms backgrounds from google
0:54:31,@Keiry2017,HOLY MOLY 
0:54:33,@GoldenCone69,WAIT HOW OLD IS HE NOW TODAY @Tamers12345MLP ?!
0:54:33,@beepbeepok,the backrooms?
0:54:34,@KhakiCap,h o o m a n ? who are thou?
0:54:37,@delta-v4x,"I choose to believe it's not an orphanage, but a community college"
0:54:37,@solarismare,thanks tamers
0:54:38,@PwnyHipster,Emotional Support Slenderman
0:54:38,@beepbeepok,oh
0:54:41,@Padtygalaxy,Adopt him trixie!
0:54:42,@vinylgamer2688,@Tamers12345MLP how old is flawless?
0:54:45,@Keiry2017,HOLY MOLY TRAUMA AND LORE
0:54:49,@solarismare,AYO
0:54:51,@solarismare,LETS GOOOOO
0:54:52,@TheMTwinny,This is great promo for the Backrooms movie
0:54:52,@GoldenCone69,welp he's gone. nvm
0:54:52,@lordofshrimps,VERY CONVIENT
0:54:52,@wheres_waddle1913,Superhero 
0:54:53,@SonataDidIt,ohohoh
0:54:54,@beepbeepok,backrooms is a place
0:54:54,@PwnyHipster,YES
0:54:55,@lordofshrimps,WAIT
0:54:56,@Mel23155,Where did Vro go
0:54:56,@lordofshrimps,WAIT
0:54:57,@TheDeadestDorito,OH
0:54:57,@lordofshrimps,NO
0:54:58,@UngulaPropriaRQ,oh hey it's the b plot 
0:54:58,@lordofshrimps,NO
0:54:59,@lordofshrimps,NO
0:54:59,@XxZ0MB1E_K1TTYxX,OMGGGG
0:55:03,@beepbeepok,where weird things happen
0:55:04,@lordofshrimps,PLEASE NO
0:55:05,@Tamers12345MLP,Flawless is a little over a uear but she's technically 27 or 28
0:55:05,@Tomerツ,he's 40
0:55:05,@Mel23155,NO
0:55:07,@delta-v4x,"NOOOOO! SWEETIE, HE'S FUCKING FORTY AND BALD"
0:55:07,@TheDeadestDorito,OMG
0:55:08,@beabuzzkill,does she know he's 40
0:55:11,@DragonDuppy,WHT THE FUCK. WHY AM I ALWAYS LATE?! I just woke up from my nap
0:55:11,@certafan,Oh? Oh is there gonna be more? I thought he'd be a one off for some reason
0:55:12,@beepbeepok,damn
0:55:13,@ItisWhatitis-r1p,It comes full circle 
0:55:15,@Aromaticgrassitem,My boy is doing well now
0:55:15,@solarismare,"she is turning 28 this year, isn't she?"
0:55:16,@Mel23155,UGHhHhH🫩
0:55:17,@KhakiCap,angery
0:55:18,@muggz7752,BOOOO I NEED SS
0:55:19,@Jakechi1999,I knew it! Twixiebell vs Scootaloo! Lets go!
0:55:20,@jennythebean9117,Save the day!
0:55:21,@GoldenCone69,I'm not taking about Flawless.
0:55:21,@PwnyHipster,PRIMAL AND RAW
0:55:21,@muggz7752,SS
0:55:22,@beepbeepok,WOW
0:55:23,@Tomerツ,DO NOT FALL IN LOVE
0:55:24,@beepbeepok,just wow
0:55:31,@solarismare,starcatcher aaaaa
0:55:32,@kkorrrnerrrrr,sweet <3
0:55:32,@beepbeepok,this peak
0:55:32,@Keiry2017,Green aure with files 
0:55:40,@delta-v4x,Flawless has flawless age
0:55:43,@TheMTwinny,yay good pony
0:55:44,@DragonDuppy,Tamers is like 30 or some shit
0:55:46,@Padtygalaxy,Trixie should adopt bell
0:55:46,@XxZ0MB1E_K1TTYxX,OMG??
0:55:50,@jennythebean9117,Destroy Scoots
0:55:51,@lordofshrimps,But scootaloo is the one who was an asshole
0:55:52,@ItisWhatitis-r1p,A whole bunch of flies
0:55:54,@PwnyHipster,I love this so much
0:55:57,@Lucario4thewin,true words
0:55:57,@GoldenCone69,@jakechi1999 Sweetie belle is a child
0:55:59,@lordofshrimps,Sweetiebelle doesnt have to do anything
0:56:03,@Tamers12345MLP,trixiebelle is old as shit he doesn't need to be adopted
0:56:04,@wheres_waddle1913,"Ooh, I like the"
0:56:05,@NubMcMoofin,:saluting_face:
0:56:10,@Mira-ep3cd,Awe
0:56:11,@Itsyourgirl33,AWWWWWWW
0:56:11,@certafan,Ough... Damn. Yeah it was a tall order but you've changed my favorite pony to trixiebell officially.
0:56:11,@TheDeadestDorito,lol
0:56:12,@solarismare,OH HEL NAH
0:56:14,@GoldenCone69,the circus.
0:56:14,@vinylgamer2688,bruh
0:56:14,@Aromaticgrassitem,i still remember that ep where the CC had good voices
0:56:15,@vdn2468,Aww
0:56:15,@papafrank769,Slime scooter 
0:56:16,@solarismare,HAHAHAHAHAHA
0:56:17,@lordofshrimps,trixiebelle is like 250
0:56:18,@TheMTwinny,What if Scootaloo just shoots Trixiebelle
0:56:18,@vinylgamer2688,XD
0:56:19,@UngulaPropriaRQ,KARMA 
0:56:19,@beabuzzkill,DO IT
0:56:21,@beabuzzkill,PULL THE TRIGGER
0:56:23,@wheres_waddle1913,What?!
0:56:23,@SonataDidIt,LOL
0:56:24,@BluududytXD,Belle is a UNC 
0:56:26,@lordofshrimps,LOLLLLLLLLLLLLLLLLLLLLLLLLLLLLLLLLLLLLLL
0:56:27,@NubMcMoofin,:exploding_head:
0:56:28,@Solums,Karma
0:56:28,@solarismare,HOLY UNC
0:56:28,@thedarknessinthelight9824,Aww
0:56:30,@makotoikari4854,:balloon::balloon:
0:56:30,@UltimateStarky,OLD
0:56:30,@applebloom2307,Wait but its been 10000000 years!?!?!?!
0:56:31,@C21H23NO5msn,yay
0:56:31,@PwnyHipster,PONY's can live that long!?
0:56:31,@TheMTwinny,lmaooooooooooooooo
0:56:31,@sadraiju808,Grampa no
0:56:33,@Hyloaf,oh
0:56:33,@certafan,They age like Bionicles God damn
0:56:34,@XxZ0MB1E_K1TTYxX,DAMN
0:56:35,@wheres_waddle1913,How is he alive?!
0:56:35,@PoppinCornBaby,HES SO OLD
0:56:35,@vinylgamer2688,that had me tearing and then circus
0:56:35,@applebloom2307,dam they old
0:56:36,@jennythebean9117,You can do it
0:56:36,@crestposting,it
0:56:38,@TheDeadestDorito,THE HELLY
0:56:38,@ssum.things,"wait your telling me he 1,400 years old"
0:56:38,@ahmadpemberton5,ILL ADOPT HIM
0:56:39,@thedarknessinthelight9824,YEAAHHHHH
0:56:39,@solarismare,I AM SORRY?
0:56:40,@Orion-tk5hl,DID UNC SNAP
0:56:40,@MillerTheDarkTransPrince,:exploding_head::exploding_head::exploding_head::exploding_head::exploding_head::exploding_head:
0:56:41,@wheres_waddle1913,OH
0:56:41,@OrpheusHart,HAHAHA
0:56:41,@misakayy1911,WHAT
0:56:42,@lordofshrimps,YEA IM TAKING THAT DOWNNNNNNNNNNNNNNNNN
0:56:43,@applebloom2307,DAM
0:56:43,@agoatheadbaby3512,OH MY GOD
0:56:43,@KhakiCap,O_O
0:56:45,@NubMcMoofin,:disappointed_face:
0:56:45,@crestposting,it's too much like real life
0:56:46,@MillerTheDarkTransPrince,OMG
0:56:47,@jennythebean9117,Zamn 
0:56:47,@haileykitty6993,bro is gonna take them out
0:56:48,@solarismare,STOOOOOP
0:56:48,@Skidum1,amazing
0:56:48,@muggz7752, Dude
0:56:49,@Tomerツ,67
0:56:49,@Tianhuo,wtf?????
0:56:49,@solarismare,OH MY GOD
0:56:49,@longusername_process,why is this the moment I open the stream bru
0:56:49,@loolooluka,D:
0:56:50,@doggerlander,damn trixiebelle say something
0:56:51,@HandlerOfHorses,Oh.
0:56:51,@GoldenCone69,"he's 1,821 years?"
0:56:51,@Jakechi1999,What song was playing earlier?
0:56:51,@vazquezzavaladarielaalejan6147,HELP????????
0:56:51,@solarismare,67
0:56:51,@wheres_waddle1913,WHAT
0:56:54,@Keiry2017,Shit no
0:56:54,@UltimateStarky,67
0:56:55,@misakayy1911,6 7
0:56:55,@TheMTwinny,6 7
0:56:55,@ahmadpemberton5,67 67
0:56:55,@KungaBungaonToast,67
0:56:55,@mr.bananaman9805,67
0:56:56,@applebloom2307,NOT AGAUN
0:56:56,@ItisWhatitis-r1p,Old as man 
0:56:56,@dovaak,again 
0:56:57,@PwnyHipster,67 year old minor
0:56:58,@lizania81,67
0:56:58,@neargaming2057,Not the cursed number
0:56:58,@Orion-tk5hl,67
0:56:59,@vdn2468,6 7
0:56:59,@Solums,What
0:56:59,@muggz7752,AH
0:56:59,@agoatheadbaby3512,BAHAHAHAHA IT JUST KEEPS GOING
0:57:00,@DragonBorne1991,DAMNIT
0:57:00,@Cuttie._.cuttie,WHEN WILL IT END
0:57:00,@sleepysmt,SIX SEEEEVEEEENNN
0:57:00,@solarismare,67 !
0:57:01,@KhakiCap,"""TAD"" old?"
0:57:02,@Cattle.ink.3,wait what now!?
0:57:02,@jennythebean9117,6 7
0:57:03,@Skidum1,67
0:57:03,@14i-,67
0:57:05,@beabuzzkill,SIX SEVEN
0:57:05,@BlackKanye,yooo
0:57:05,@AshenDorasha,67
0:57:05,@Hyloaf,g7
0:57:05,@BluududytXD,OOP
0:57:05,@ItisWhatitis-r1p,Oh no 
0:57:06,@Padtygalaxy,"He still act like kid , he need right"
0:57:06,@clunker6712,So trixebell was at least 400 when the others were 40
0:57:06,@Code_monkey_like_you,67
0:57:07,@Peejaylew,67
0:57:07,@Aromaticgrassitem,4
0:57:07,@27McCracken,GG gramps
0:57:07,@wheres_waddle1913,Oh my god
0:57:09,@Diskaria,67
0:57:10,@certafan,Did someone say... SIX SEVEN?
0:57:11,@PwnyHipster,rekt
0:57:12,@agoatheadbaby3512,BAHAHAHAH
0:57:14,@ok7777-j3s,67
0:57:16,@ItisWhatitis-r1p,The number of hell
0:57:17,@HopeIsEpic.,let em know trixiebelle !!
0:57:17,@Tamers12345MLP,Horses can survive for a thousand years if their will is strong enough or have good health care
0:57:17,@Lucario4thewin,bang
0:57:18,@solarismare,HAHA GOT FUCKED
0:57:19,@hollywareham6810,dam
0:57:20,@papafrank769,4?
0:57:20,@MamaShimaVT,lol
0:57:20,@XxZ0MB1E_K1TTYxX,HUH
0:57:21,@PwnyHipster,I think I love this grandpa
0:57:21,@lordofshrimps,wow
0:57:22,@crestposting,it's too much like my real life
0:57:22,@UngulaPropriaRQ,based based based 
0:57:23,@thedarknessinthelight9824,loollllllllll
0:57:23,@mareliezjulio,tamers expect a new patreon
0:57:23,@TheMTwinny,THEY DED
0:57:23,@lizania81,WWWW
0:57:23,@GoldenCone69,Nice
0:57:23,@NubMcMoofin,:saluting_face:
0:57:23,@Solums,Karma
0:57:25,@zaneanator3021,OH HOLY SHIT
0:57:26,@lordofshrimps,w
0:57:28,@Feojsshsyydud,A
0:57:28,@neargaming2057,That was three rounds and he had a double barrel
0:57:28,@ahmadpemberton5,DAMN STARIGHT
0:57:28,@agoatheadbaby3512,:D
0:57:30,@muggz7752,INANSE
0:57:30,@TheDeadestDorito,THEY GOT SLIMED OUT
0:57:31,@Feojsshsyydud,w
0:57:32,@delta-v4x,WHAT WHAT YEARS
0:57:32,@applebloom2307,ajoker refernce
0:57:33,@jennythebean9117,Do it
0:57:33,@vinylgamer2688,w 
0:57:33,@Slackjaw55,don't go to the circus tomorrow
0:57:34,@vazquezzavaladarielaalejan6147,HELP????
0:57:36,@Luckystarfriendship,w
0:57:36,@Hexen_4444,He's going postel
0:57:36,@liquidtamers12345,amazing
0:57:37,@Tianhuo,GGs no RE
0:57:37,@matius851,crazy
0:57:38,@TheMTwinny,AVENGED 
0:57:39,@Jakechi1999,w
0:57:41,@thedarknessinthelight9824,BAANG
0:57:41,@Aromaticgrassitem,happy : )
0:57:43,@solarismare,trixiebelle W arc
0:57:43,@thedarknessinthelight9824,BANG BANG
0:57:46,@GoldenCone69,"The Femboy is 1,461 years old.."
0:57:50,@doublej209,:)
0:57:51,@muggz7752,WHy is everyone a unicorn 
0:57:51,@jennythebean9117,Yeah :3
0:57:53,@GoldenCone69,BRUH-
0:57:55,@ssum.things,arinos?
0:57:57,@wheres_waddle1913,He going hunting
0:57:57,@muggz7752,He’s a shota
0:57:57,@doggerlander,grandpa
0:57:57,@KhakiCap,"sweet celestia, he's from the Eldrich times"
0:57:58,@C21H23NO5msn,cant believe im alive 
0:57:59,@Mel23155,This shi is to peak
0:58:01,@GoldenCone69,CUTE FEMBOY??
0:58:05,@applebloom2307,Unicorns are the highest race
0:58:06,@doublej209,racism
0:58:06,@Padtygalaxy,Bell need parent figure in his life. 
0:58:08,@Gaalnr,everyone has tried to kill trixie at this point
0:58:10,@SonataDidIt,Family <3
0:58:12,@muggz7752,Where’s my SS tamers
0:58:13,@wheres_waddle1913,Why does his horn keep disappearing 
0:58:14,@lizania81,w Trixie I love her she's my goat bro
0:58:15,@sadraiju808,oh yeah a young 40
0:58:16,@delta-v4x,"YOU CAN""T BE A SHOTA AT FORTY"
0:58:20,@solarismare,trixie is literally starcatcher reincarnated
0:58:20,@jennythebean9117,Destroy them
0:58:21,@Aromaticgrassitem,shota coded ong
0:58:21,@XxZ0MB1E_K1TTYxX,i need him badly
0:58:22,@doublej209,40 years old
0:58:23,@vinylgamer2688,he deserves more love :3
0:58:25,@muggz7752,Yes you can 
0:58:28,@clunker6712,“Young”
0:58:29,@solarismare,scream seven lol
0:58:29,@Skidum1,why is this shotajiji so cute
0:58:30,@muggz7752,Vamps
0:58:31,@vazquezzavaladarielaalejan6147,OMGG
0:58:32,@agoatheadbaby3512,okay thanks tamers
0:58:33,@lordofshrimps,valid
0:58:33,@Luv_Kyle,SCREEN 67
0:58:34,@delta-v4x,You're a norwood reaper victim at 40
0:58:35,@BlackKanye,40 year old shota?! HOLY
0:58:36,@Keiry2017,67
0:58:36,@applebloom2307,kiss
0:58:38,@PwnyHipster,Sweetiebelle get your girl
0:58:41,@lordofshrimps,w B plot
0:58:41,@Keiry2017,:cat-orange-whistling::cat-orange-whistling::cat-orange-whistling::cat-orange-whistling:
0:58:41,@applebloom2307,filly kiss
0:58:44,@solarismare,STOP TALKING ABOUT SHOTA YOU CREEPS
0:58:45,@27McCracken,OH YEAH SCREAM 7
0:58:45,@vinylgamer2688,the scoooter 
0:58:45,@MillerTheDarkTransPrince,kiss
0:58:47,@wheres_waddle1913,Kiss
0:58:49,@ahmadpemberton5,doomed yuri
0:58:50,@jennythebean9117,Listen to your heart!
0:58:53,@hollywareham6810,something gonna happen
0:58:53,@muggz7752,Mmmm shotaaa
0:58:59,@jennythebean9117,Kiss
0:59:02,@GoldenCone69,THEIR CHILDREN :loudly_crying_face: DON'T MAKE THEM DATE.
0:59:03,@vazquezzavaladarielaalejan6147,DOOMED YURI
0:59:05,@papafrank769,Oh gods
0:59:06,@XxZ0MB1E_K1TTYxX,kiss
0:59:08,@ahmadpemberton5,kiss
0:59:09,@vinylgamer2688,kissss the scooter
0:59:10,@ahmadpemberton5,kiss
0:59:11,@XxZ0MB1E_K1TTYxX,KISS
0:59:11,@ahmadpemberton5,kiss
0:59:14,@delta-v4x,"Do not kiss, that would be inappropriate"
0:59:15,@XxZ0MB1E_K1TTYxX,PLEASE
0:59:15,@vazquezzavaladarielaalejan6147,SYBAU
0:59:15,@agoatheadbaby3512,;_;
0:59:16,@ahmadpemberton5,kiss
0:59:16,@Tomerツ,kiss
0:59:16,@Skidum1,rockyroad is the best
0:59:16,@TheDeadestDorito,KISS
0:59:17,@GoldenCone69,NO
0:59:18,@vazquezzavaladarielaalejan6147,KISS
0:59:18,@KhakiCap,DON'T KISS
0:59:18,@Aromaticgrassitem,abblebottom bloom needs revenge for scooters bullshit
0:59:19,@lordofshrimps,THATS COMPLETELY NORMAL
0:59:19,@muggz7752,Kick
0:59:19,@Solums,kiss
0:59:19,@vazquezzavaladarielaalejan6147,KISS
0:59:19,@springystarscout,KISS
0:59:20,@GoldenCone69,NOO
0:59:21,@applebloom2307,cute
0:59:21,@vazquezzavaladarielaalejan6147,KISS
0:59:21,@agoatheadbaby3512,It's so beautiful.
0:59:22,@Tomerツ,KISS
0:59:23,@GoldenCone69,NOOOOO
0:59:23,@Peejaylew,KISS
0:59:25,@ahmadpemberton5,KISS
0:59:25,@GoldenCone69,NO
0:59:25,@KhakiCap,DON'T
0:59:26,@Feojsshsyydud,Why are people so comfortable saying shota
0:59:26,@ahmadpemberton5,KISS
0:59:27,@vazquezzavaladarielaalejan6147,KISS
0:59:27,@GoldenCone69,no
0:59:27,@certafan,Don't horses have the memory of a goldfish?
0:59:27,@ok7777-j3s,NOOOO
0:59:28,@accident767,Kiss
0:59:28,@ahmadpemberton5,KISS
0:59:28,@GoldenCone69,NO
0:59:29,@papafrank769,don’t 
0:59:30,@SOPHiAO-m4z,KISS
0:59:30,@ahmadpemberton5,KISS
0:59:30,@GoldenCone69,NO
0:59:30,@delta-v4x,NO
0:59:30,@vazquezzavaladarielaalejan6147,YEAHHH
0:59:31,@SkullCalipers,They're going to kiss
0:59:31,@vinylgamer2688,Pleaseeee 
0:59:32,@Tomerツ,KISS
0:59:32,@GoldenCone69,NO
0:59:32,@vazquezzavaladarielaalejan6147,KISS
0:59:33,@jennythebean9117,:o
0:59:33,@delta-v4x,No
0:59:33,@DragonBorne1991,KISS
0:59:33,@Keiry2017,Yuri
0:59:34,@TheDeadestDorito,FUCKING KISS
0:59:34,@GoldenCone69,NO
0:59:34,@delta-v4x,NO
0:59:35,@vazquezzavaladarielaalejan6147,KISS
0:59:35,@Tomerツ,kiss
0:59:35,@muggz7752,KICK
0:59:36,@ok7777-j3s,NOO
0:59:36,@lordofshrimps,CHILDREN CAN FALL IN LOVE PEOPLE
0:59:36,@SOPHiAO-m4z,KIDS
0:59:36,@vinylgamer2688,yesssss
0:59:36,@GoldenCone69,NO
0:59:36,@delta-v4x,NO
0:59:36,@doublej209,KISS
0:59:37,@Tomerツ,kiss
0:59:37,@lordofshrimps,KISS
0:59:38,@Lucario4thewin,love hurts and i love to hurt
0:59:38,@GoldenCone69,NO
0:59:38,@sadraiju808,this is so fucking depressing
0:59:38,@lordofshrimps,KISS
0:59:39,@MillerTheDarkTransPrince,kiss
0:59:39,@vazquezzavaladarielaalejan6147,YESS MAKE EM KISS
0:59:39,@Luckystarfriendship,"Please, kiss"
0:59:39,@ahmadpemberton5,KISS
0:59:39,@Keiry2017,Yuri 
0:59:39,@lordofshrimps,KISS
0:59:39,@delta-v4x,DO NOT WANT
0:59:40,@lordofshrimps,KISS
0:59:41,@agoatheadbaby3512,Resolution........
0:59:41,@delta-v4x,NO
0:59:41,@solarismare,here we go
0:59:41,@ahmadpemberton5,KISS
0:59:41,@grassyisthebestbfdicharacter,just kiss already
0:59:41,@SOPHiAO-m4z,KISS TWIN
0:59:42,@lordofshrimps,KISS
0:59:42,@applebloom2307,kiss
0:59:42,@XxZ0MB1E_K1TTYxX,THEY ARE SOOO CUTE :pleading_face:
0:59:43,@Tomerツ,yesssss
0:59:43,@delta-v4x,No
0:59:43,@ahmadpemberton5,KISS
0:59:43,@applebloom2307,kiss
0:59:43,@vdn2468,KISS
0:59:44,@loolooluka,a lot of people forgetting these are *fictional* characters
0:59:44,@applebloom2307,kiss
0:59:45,@GoldenCone69,NO FUCKING KISSING!
0:59:45,@ahmadpemberton5,KISS
0:59:46,@lordofshrimps,KISS
0:59:46,@applebloom2307,kiss
0:59:47,@PwnyHipster,KISSSS
0:59:47,@SOPHiAO-m4z,KISSS
0:59:47,@ok7777-j3s,NO
0:59:47,@GoldenCone69,NO!
0:59:48,@ahmadpemberton5,KISS
0:59:48,@Peejaylew,kiss. 
0:59:48,@vazquezzavaladarielaalejan6147,OMG
0:59:49,@vinylgamer2688,dooooo ittttttt
0:59:50,@GoldenCone69,no!
0:59:50,@Peejaylew,PLEASE
0:59:50,@SuperCaptainFail,FRIENDSHIP IS MAGIC
0:59:50,@ItisWhatitis-r1p,Yep no kiss
0:59:51,@vezsteseg-e8z,kiss already omg
0:59:51,@beabuzzkill,oh my god title drop
0:59:51,@wheres_waddle1913,kiss
0:59:52,@lordofshrimps,SAY THAT AGAIN????
0:59:52,@doublej209,she said
0:59:52,@dribvox,BARS
0:59:52,@insanianevi8089,Cinema
0:59:52,@solarismare,HAHA YES
0:59:53,@Itsyourgirl33,KISS NOW
0:59:53,@KhakiCap,DO NOT DO IT. DO NOT KISS
0:59:53,@delta-v4x,Lolnope
0:59:54,@beabuzzkill,absolute cinema
0:59:54,@Raz0reyes,:trophy-yellow-smiling::trophy-yellow-smiling::trophy-yellow-smiling::trophy-yellow-smiling::trophy-yellow-smiling::trophy-yellow-smiling:
0:59:54,@PoppinCornBaby,PDA PDA PDA
0:59:54,@vazquezzavaladarielaalejan6147,SHE SAID IT
0:59:54,@SonataDidIt,ay
0:59:55,@PwnyHipster,SHE SAID IT
0:59:55,@XxZ0MB1E_K1TTYxX,KISS
0:59:55,@Tomerツ,friendship is magic
0:59:55,@DownyDuck,She said it
0:59:55,@MillerTheDarkTransPrince,kiss
0:59:55,@GoldenCone69,THANK GOD!!!
0:59:55,@t.tnetwork8654,she said the title
0:59:56,@Peejaylew,NOO
0:59:56,@jennythebean9117,:loudly_crying_face::loudly_crying_face::loudly_crying_face::loudly_crying_face:
0:59:56,@SonataDidIt,<3
0:59:57,@agoatheadbaby3512,SHE SAID THE LINE
0:59:58,@matius851,she said the thing
0:59:58,@sleepysmt,SHE SAID THE LINE
1:00:00,@kkorrrnerrrrr,she said the line letsgoooo
1:00:00,@GoldenCone69,NO KISS!
1:00:00,@ItisWhatitis-r1p,Say that again 
1:00:00,@Itsyourgirl33,KISS NOWWWWWWW
1:00:01,@doggerlander,WOOOOOHHHHH
1:00:01,@Aromaticgrassitem,Scoo would be a kicked dog if someone actually kicked her
1:00:01,@muggz7752,lol
1:00:01,@grassyisthebestbfdicharacter,booooo
1:00:02,@delta-v4x,"No kiss, kek"
1:00:02,@mr.bananaman9805,"aH, SHE SAID IT"
1:00:03,@NubMcMoofin,:saluting_face:
1:00:03,@BluududytXD,YAY
1:00:05,@vinylgamer2688,gangdammmmm
1:00:05,@sadraiju808,they said the thing
1:00:06,@nico22999,that gif was ancient
1:00:06,@makotoikari4854,limitless wish
1:00:06,@Feojsshsyydud,YAY
1:00:06,@PwnyHipster,Apple Bloom breaking it down
1:00:06,@Itsyourgirl33,KISSSSS
1:00:07,@mareliezjulio,thank TAMERA they didnt kiss good lord
1:00:07,@ahmadpemberton5,FUUUUUCK
1:00:08,@GoldenCone69,DON'T FUCKIN' KISS!
1:00:09,@applebloom2307,She bringin em all back
1:00:10,@SkullCalipers,Baited
1:00:10,@TheDeadestDorito,AA
1:00:11,@UltimateStarky,YIPPEE
1:00:11,@TheMTwinny,"Damn, why is Applejack back"
1:00:11,@lordofshrimps,:clapping_hands::clapping_hands::clapping_hands::clapping_hands::clapping_hands::clapping_hands::clapping_hands::clapping_hands:
1:00:11,@SOPHiAO-m4z,KISSSS
1:00:12,@neargaming2057,The line has been said
1:00:14,@vazquezzavaladarielaalejan6147,FRIENDSHIP IS MAGIC
1:00:15,@KhakiCap,"yippie, friendship is magic"
1:00:15,@PoppinCornBaby,Roll credits
1:00:15,@ItisWhatitis-r1p,Say it louder this time 
1:00:16,@Jakechi1999,Tirek!
1:00:16,@Itsyourgirl33,KISSS NOWWWWWW
1:00:17,@lordofshrimps,ow
1:00:18,@jennythebean9117,She said it!
1:00:19,@vazquezzavaladarielaalejan6147,OMG
1:00:20,@lordofshrimps,my ears
1:00:20,@vazquezzavaladarielaalejan6147,YES
1:00:21,@SkullCalipers,LOL
1:00:21,@lizania81,friendship is magic? say that again?
1:00:22,@delta-v4x,SHE'S NOT GAY!!!!!]
1:00:23,@Morflow_,OWNED
1:00:24,@applebloom2307,Fillycon is magic
1:00:24,@SkullCalipers,I'm not gay Greg
1:00:24,@thedarknessinthelight9824,FRIENDSHIP IS MAGIC
1:00:25,@vazquezzavaladarielaalejan6147,NOOOOOOOO
1:00:25,@ahmadpemberton5,YESS DATE
1:00:25,@agoatheadbaby3512,is princess celestial going to kill scootaloo?
1:00:26,@vinylgamer2688,noooooo
1:00:27,@springystarscout,BRUH
1:00:27,@Itsyourgirl33,KISS NOWWWWWW
1:00:27,@misakayy1911,LMAO
1:00:27,@muggz7752,YAHYA I SEE YOU
1:00:27,@certafan,Limitless bread sticks from Olive Garden!
1:00:27,@NubMcMoofin,:disappointed_face::disappointed_face::face_holding_back_tears:
1:00:28,@PwnyHipster,goddamn
1:00:29,@beabuzzkill,LOL
1:00:30,@doublej209,NOO :(
1:00:30,@TheMTwinny,LMAOOOOOOOOOOOOOOOOOOOOOO
1:00:31,@SonataDidIt,LOL
1:00:33,@Aromaticgrassitem,Friendship is Whatever god says it is
1:00:34,@Itsyourgirl33,KISSSSSSS NOWWW
1:00:35,@applebloom2307,Fillycon is magic
1:00:37,@vinylgamer2688,racisim for L
1:00:37,@vazquezzavaladarielaalejan6147,NOOOOOOO
1:00:38,@SonataDidIt,Celestia spitting facts
1:00:39,@Tianhuo,heck :3
1:00:39,@BluududytXD,BRUHH
1:00:40,@hollywareham6810,damn
1:00:40,@Hyloaf,damn
1:00:40,@slushdrinker,celestia always wins dawg
1:00:41,@delta-v4x,"Celestia is based, Daybreaker for president"
1:00:41,@doggerlander,classic Celestia
1:00:42,@Itsyourgirl33,KISSS NOWWWWWWWWWWWW
1:00:43,@lizania81,W racism
1:00:44,@XxZ0MB1E_K1TTYxX,this chat is beautiful
1:00:44,@UltimateStarky,based
1:00:45,@KhakiCap,lol
1:00:45,@solarismare,riiiiip
1:00:46,@Padtygalaxy,250$ 
1:00:47,@TheMTwinny,YOU BLEW IT SWEETIE
1:00:47,@NubMcMoofin,:face_holding_back_tears::face_holding_back_tears:
1:00:47,@lordofshrimps,NOOOOOOOOOOOOOOO
1:00:47,@muggz7752,Yayyy
1:00:48,@sadraiju808,damn Tia
1:00:48,@KungaBungaonToast,based
1:00:48,@Itsyourgirl33,KISS NOWWWWWWWWW
1:00:51,@delta-v4x,W in chats
1:00:51,@27McCracken,I love celestia 
1:00:52,@vazquezzavaladarielaalejan6147,NOOOO
1:00:53,@GoldenCone69,finally your useful Celestia.
1:00:54,@delta-v4x,Huge support
1:00:54,@jennythebean9117,:loudly_crying_face::loudly_crying_face::loudly_crying_face::loudly_crying_face:
1:00:55,@vazquezzavaladarielaalejan6147,OMGG
1:00:55,@PwnyHipster,Damn Celestia
1:00:56,@Keiry2017,Eh
1:00:57,@vazquezzavaladarielaalejan6147,YES
1:00:58,@lizania81,w
1:00:58,@lordofshrimps,WHAT A NICE STORY
1:00:58,@KungaBungaonToast,ruh roh
1:00:58,@KvVuld,grats on this being over an hour!
1:00:58,@vinylgamer2688,tamer kill celestia next for thisssss
1:00:58,@vazquezzavaladarielaalejan6147,YES
1:00:59,@applebloom2307,YO
1:00:59,@Mira-ep3cd,I love how everyone in this series is gay and hypocritical 
1:01:00,@Tomerツ,15?!!.!
1:01:00,@NubMcMoofin,:exploding_head::exploding_head:
1:01:00,@Aromaticgrassitem,Based Celestia. Based Daybreaker
1:01:00,@wheres_waddle1913,Oh?!
1:01:01,@zaneanator3021,W
1:01:01,@agoatheadbaby3512,;_;
1:01:01,@firewolf595,WHAT
1:01:02,@UngulaPropriaRQ,that fit goes off 
1:01:02,@BluududytXD,PEAKK
1:01:02,@springystarscout,Timeskip??
1:01:02,@GoldenCone69,NO-
1:01:02,@PwnyHipster,TIME SKIP
1:01:02,@TheMTwinny,15 YEARS LATER
1:01:03,@XxZ0MB1E_K1TTYxX,OMGG
1:01:03,@Hyloaf,what the fuck
1:01:03,@solarismare,AYOOOO
1:01:03,@applebloom2307,Future!!!!
1:01:03,@SonataDidIt,omg
1:01:03,@Solums,Time skip
1:01:04,@SkullCalipers,Celestia runs Equestria like Iran
1:01:04,@UngulaPropriaRQ,OH THEY 
1:01:05,@lizania81,OH GOD
1:01:05,@vazquezzavaladarielaalejan6147,WHAAT
1:01:05,@GoldenCone69,NO..
1:01:05,@muggz7752,They do that anyways
1:01:05,@Lorkhanable,cool
1:01:06,@solarismare,SHE IS SO CUTE
1:01:06,@vdn2468,ohhh is that a time skip
1:01:06,@agoatheadbaby3512,WHA
1:01:06,@Tomerツ,HUHHHH
1:01:06,@doggerlander,WHAT
1:01:06,@UngulaPropriaRQ,WHAT THE 
1:01:07,@jennythebean9117,:loudly_crying_face::loudly_crying_face::loudly_crying_face::loudly_crying_face::loudly_crying_face:
1:01:07,@neargaming2057,WAIT WHAT
1:01:07,@doublej209,MARRIEED
1:01:07,@PwnyHipster,Love her voice
1:01:07,@XxZ0MB1E_K1TTYxX,AWWWWWW
1:01:08,@ssum.things,princess celestia being a fraud as usual
1:01:08,@vazquezzavaladarielaalejan6147,PEAAAAK
1:01:08,@UngulaPropriaRQ,CLOWN?????
1:01:09,@lordofshrimps,WHY ARE YOU A CLOWN
1:01:09,@GoldenCone69,NOOO
1:01:09,@vazquezzavaladarielaalejan6147,PEAK
1:01:09,@PwnyHipster,YES
1:01:09,@delta-v4x,What is this timeline
1:01:09,@lizania81,WHAT
1:01:09,@hollywareham6810,crazy
1:01:09,@beabuzzkill,what on earth is goin onn
1:01:10,@vazquezzavaladarielaalejan6147,PEAK
1:01:10,@BlackKanye,timeskip?
1:01:10,@Keiry2017,We want yuri!! 
1:01:11,@applebloom2307,cutecuteucteucteicte
1:01:11,@vazquezzavaladarielaalejan6147,PEAK
1:01:11,@agoatheadbaby3512,THE FUTURE?????
1:01:11,@springystarscout,AWWW
1:01:11,@dribvox,WUH???????????
1:01:13,@grassyisthebestbfdicharacter,yoooooo
1:01:13,@GoldenCone69,NOOOOOO
1:01:13,@vazquezzavaladarielaalejan6147,PEAAAAAK
1:01:13,@KhakiCap,clown
1:01:13,@Orion-tk5hl,AWWWWWWWWWWWWWW
1:01:14,@MillerTheDarkTransPrince,yayyyyy
1:01:14,@solarismare,SHE SOUNDS SO CUTE
1:01:14,@Mira-ep3cd,AWE
1:01:14,@Lucario4thewin,what's this?
1:01:15,@ahmadpemberton5,holy
1:01:16,@applebloom2307,HOLY PEAK
1:01:16,@PwnyHipster,CLOWNIBELLE
1:01:17,@XxZ0MB1E_K1TTYxX,SHES SOOOOO CUTE
1:01:17,@TheMTwinny,WHY IS SHE A CLOWN????
1:01:18,@Padtygalaxy,wtf !!!!
1:01:18,@vinylgamer2688,:0
1:01:19,@vazquezzavaladarielaalejan6147,AND THEY GOT MARRIED
1:01:19,@PoppinCornBaby,Oh shit 
1:01:19,@lordofshrimps,WAIT THIS PEAK THOUGH
1:01:19,@kkorrrnerrrrr,thank you tamers once again for delivering the goods <3
1:01:19,@GoldenCone69,DON'T KISS
1:01:20,@TheDeadestDorito,OH SHI
1:01:21,@vinylgamer2688,omgggggggggg
1:01:22,@sleepysmt,YESSSSSSSSS PEEEAAAAKKKK
1:01:23,@Aromaticgrassitem,Timeline Switchup! what?????
1:01:23,@vazquezzavaladarielaalejan6147,PEAAAAK
1:01:24,@vinylgamer2688,W
1:01:25,@misakayy1911,TIMESKIP¿¿¿¿¿¿¿¿¿¿¿¿¿¿¿¿¿¿¿¿¿¿¿¿¿
1:01:25,@Itsyourgirl33,KISSS
1:01:25,@vinylgamer2688,W
1:01:25,@jennythebean9117,Time skip
1:01:26,@agoatheadbaby3512,WHAT
1:01:26,@thedarknessinthelight9824,A TIMESKIP??
1:01:26,@vinylgamer2688,W
1:01:27,@Aromaticgrassitem,Woah
1:01:29,@27McCracken,THANK YOU TAMERS12345
1:01:29,@KhakiCap,goofball
1:01:30,@gawravtclips.,w
1:01:32,@vazquezzavaladarielaalejan6147,TAMER I LOVE YOU
1:01:32,@solarismare,hello timeskip
1:01:32,@agoatheadbaby3512,She's a clown????
1:01:32,@haileykitty6993,so they become a couple? nice!
1:01:34,@xamxsu,YOOOO
1:01:35,@lonewildstar6188,YOOO
1:01:35,@DownyDuck,THANK YOU TAMERS. I LOVE YOU
1:01:36,@Skidum1,CUTE!!!!!
1:01:36,@XxZ0MB1E_K1TTYxX,I LOVE THEM
1:01:37,@Keiry2017,:eyes:
1:01:37,@jennythebean9117,Why she a clown?
1:01:37,@PwnyHipster,I love them!
1:01:38,@PoppinCornBaby,Why is it always the clown
1:01:38,@Itsyourgirl33,KISSSSSS
1:01:39,@GoldenCone69,THIS CLOWN.
1:01:39,@springystarscout,WE LOVE U TAMERS
1:01:41,@vazquezzavaladarielaalejan6147,PEAK CONTENT
1:01:42,@doublej209,GAY LESBIAN GAY LESBIAN
1:01:44,@lordofshrimps,Why is she a clown
1:01:44,@Itsyourgirl33,PLZZZ KISSSS
1:01:45,@applebloom2307,She works as a clown thats kyuuuuute
1:01:46,@vazquezzavaladarielaalejan6147,OMGGGGG
1:01:46,@GoldenCone69,NO KISSING!
1:01:46,@hollywareham6810,crazy
1:01:46,@delta-v4x,That's sweet
1:01:47,@solarismare,LETS GOOOOO
1:01:47,@SonataDidIt,cute
1:01:47,@NubMcMoofin,:smiling_face_with_hearts::smiling_face_with_hearts::smiling_face_with_hearts::smiling_face_with_hearts:
1:01:48,@vazquezzavaladarielaalejan6147,LESBIANS
1:01:48,@neargaming2057,Does this mean we see the others in the future as well?
1:01:49,@Padtygalaxy,She a clown?
1:01:49,@Lucario4thewin,ok cute
1:01:50,@ahmadpemberton5,YESSSSS
1:01:50,@vezsteseg-e8z,YESSSSSS
1:01:50,@applebloom2307,EEEEEEEEEE
1:01:51,@wheres_waddle1913,"Aw!,!"
1:01:51,@vazquezzavaladarielaalejan6147,LESBIANS
1:01:51,@BluududytXD,@Tamers12345MLP YOUR SO PEAKKK
1:01:51,@PwnyHipster,SO CUTE!!!!
1:01:53,@ItisWhatitis-r1p,Gay people 
1:01:53,@solarismare,LESBIANS
1:01:53,@agoatheadbaby3512,What's with the clowns and jesters?
1:01:54,@vazquezzavaladarielaalejan6147,YES KISSING
1:01:54,@lizania81,OHHH SHES SO CUTEE BOTH PF THEM ARE SO CUTEEE I LOVE YOUE TAMERSSSJDJRR
1:01:54,@applebloom2307,CUTE
1:01:54,@UltimateStarky,good lord
1:01:54,@Cattle.ink.3,AWWWWW
1:01:55,@wheres_waddle1913,Yay!
1:01:55,@Skidum1,CUTE!!!!!!!!!!!
1:01:56,@Itsyourgirl33,IM BEGGING YOU PLZ KISSS
1:01:56,@scarlethorse5391,#1
1:01:56,@Solums,yay
1:01:57,@emqmp4,OMGGGGG
1:01:57,@SkullCalipers,She's taking after her sister Rarity who is a clown inside
1:01:57,@vdn2468,AWWWW
1:01:57,@MillerTheDarkTransPrince,:smiling_face_with_hearts::smiling_face_with_hearts::smiling_face_with_hearts::smiling_face_with_hearts::smiling_face_with_hearts:
1:01:59,@XxZ0MB1E_K1TTYxX,I LOVE GAY PEOPLE
1:01:59,@vinylgamer2688,yayayayyayayyay the kiss
1:02:01,@sadraiju808,this is really cute
1:02:01,@lordofshrimps,this is lowkey peak though?
1:02:02,@certafan,YESSSSS god it's just so PEAK
1:02:03,@UngulaPropriaRQ,tamers is singlehoofedly restoring the public image of clowns 
1:02:04,@Aromaticgrassitem,"Clown college is powerful, i see"
1:02:06,@PwnyHipster,THIS IS THE BEEESSSTTT
1:02:07,@vazquezzavaladarielaalejan6147,WHAAAAT
1:02:11,@delta-v4x,"Tamers, you're great"
1:02:11,@Keiry2017,Shit
1:02:11,@vdn2468,they're so cute
1:02:11,@vinylgamer2688,lets goooooo they cuteeeee
1:02:12,@jennythebean9117,Gay
1:02:13,@doublej209,aawwww :red_heart::red_heart::red_heart::red_heart:
1:02:13,@wheres_waddle1913,Whoa!
1:02:13,@BluududytXD,I LOVE THISS
1:02:14,@UngulaPropriaRQ,OH YOU KICKED HER ASS 
1:02:15,@agoatheadbaby3512,Whhhaaaggh
1:02:16,@TheMTwinny,So this video was abotu these two after all
1:02:16,@Itsyourgirl33,KISSSSSSSSSSSSSSSSSSSSSSSSSS
1:02:18,@Padtygalaxy,She fast then rainbow dash!
1:02:18,@vazquezzavaladarielaalejan6147,TAMERS I LOVE YOU
1:02:19,@lizania81,She can fly???
1:02:20,@ahmadpemberton5,IM BISEXUAL
1:02:21,@slitherwing30,She sounds like a class of 09 character
1:02:22,@PwnyHipster,Outflown by cripple Rainbow in shambles
1:02:23,@vinylgamer2688,goood gay
1:02:24,@hollywareham6810,peak
1:02:24,@GoldenCone69,at least she doesn't Kiss mouth to mouth.
1:02:25,@lordofshrimps,Oh wow
1:02:26,@muggz7752,They’re so cute aww
1:02:26,@vazquezzavaladarielaalejan6147,LOVE IIIT
1:02:27,@solarismare,haha gay
1:02:28,@lordofshrimps,W aura
1:02:28,@LvXGameMaster,..................this sounds like a dream.
1:02:28,@Aromaticgrassitem,This episode has been kinda trippy
1:02:28,@SkullCalipers,MOGGED
1:02:29,@Keiry2017,Dang
1:02:30,@27McCracken,YOU ALL BETTER THANK TAMERS12345 RIGHT NOW FOR THIS MOVIE RIGHT NOW
1:02:30,@XxZ0MB1E_K1TTYxX,AWWWW
1:02:30,@Cuttie._.cuttie,WHERE'S THE NAMES
1:02:31,@ahmadpemberton5,I LOVE HOMOSEXUALS
1:02:31,@Itsyourgirl33,KISSSSSSSSSSSSSSSSSSSSSSSSSSSSS
1:02:33,@thedarknessinthelight9824,HUH??
1:02:34,@lonewildstar6188,this is peak
1:02:34,@wheres_waddle1913,CUTE
1:02:35,@Padtygalaxy,She can fly!
1:02:36,@doggerlander,CHADcootalobros? we WIN
1:02:36,@vazquezzavaladarielaalejan6147,OMG
1:02:36,@mareliezjulio,i think tamers hates clowns 
1:02:37,@vazquezzavaladarielaalejan6147,NOOO
1:02:38,@Luckystarfriendship,w
1:02:39,@jennythebean9117,:O
1:02:39,@TheDeadestDorito,OOO
1:02:41,@misakayy1911,THERE SHE IS
1:02:42,@vazquezzavaladarielaalejan6147,NOT THE HOMOSEXUALS
1:02:42,@PwnyHipster,oh fuck
1:02:42,@solarismare,rainbow dash looks exactly the same
1:02:43,@TheMTwinny,Aw shit
1:02:45,@applebloom2307,ohno
1:02:46,@mareliezjulio,scootaloo sounds like nicole
1:02:48,@BluududytXD,I LOVE YURI
1:02:51,@delta-v4x,NOOO!
1:02:51,@BluududytXD,Ooooo
1:02:54,@Itsyourgirl33,KISSSSS
1:02:56,@vazquezzavaladarielaalejan6147,123 I WANT YUTI
1:02:56,@solarismare,YEAH
1:02:57,@certafan,Rainbow Dash has become her abusive father. Excellent.
1:02:58,@lordofshrimps,They are ruining my cute yuri
1:02:59,@ItisWhatitis-r1p,:face-fuchsia-poop-shape:
1:02:59,@Itsyourgirl33,KISSSSSSSSSSSS
1:02:59,@KhakiCap,chill-out ranbow
1:03:00,@vazquezzavaladarielaalejan6147,YURI
1:03:00,@t.tnetwork8654,class of friendship
1:03:00,@misakayy1911,YAH
1:03:01,@GoldenCone69,she is the coolest now Rainbow Dash.
1:03:01,@delta-v4x,DON'T STEAL HER FROM SWEATY BELL
1:03:02,@vazquezzavaladarielaalejan6147,YURI
1:03:02,@agoatheadbaby3512,Oh they going to kill each other?
1:03:03,@vazquezzavaladarielaalejan6147,YURI
1:03:03,@vinylgamer2688,W scooter
1:03:03,@XxZ0MB1E_K1TTYxX,SHE DOES
1:03:04,@Itsyourgirl33,KISSSSSSSSSSS
1:03:07,@springystarscout,Smug 
1:03:08,@solarismare,ehehehehehe
1:03:09,@Luckystarfriendship,:face-fuchsia-poop-shape::face-fuchsia-poop-shape::face-fuchsia-poop-shape::face-fuchsia-poop-shape::face-fuchsia-poop-shape::face-fuchsia-poop-shape:
1:03:10,@SkullCalipers,She can't help it.
1:03:10,@Padtygalaxy,Scootaloo can fly!
1:03:12,@Itsyourgirl33,KISSSSS
1:03:13,@Cuttie._.cuttie,WHERE'S THE NAMESS
1:03:13,@kkorrrnerrrrr,that's so sweet <33¨
1:03:14,@XxZ0MB1E_K1TTYxX,AWWW
1:03:15,@BluududytXD,Lol
1:03:16,@Itsyourgirl33,KISSSSSSS
1:03:16,@PwnyHipster,I love this so goddamn much
1:03:17,@Tianhuo,:3
1:03:17,@lordofshrimps,Scootaloo has aura now
1:03:17,@UngulaPropriaRQ,ngl i shit myself sometimes too it really does impact your ability to move
1:03:17,@27McCracken,Is this the series finale??
1:03:19,@PoppinCornBaby,Lmao
1:03:20,@Itsyourgirl33,KISSSSSSSSSS
1:03:21,@solarismare,SHE CAN FLY!
1:03:24,@doggerlander,dashbros...
1:03:24,@Keiry2017,Sensitive dashie 
1:03:26,@Itsyourgirl33,KISSSSSSSSSSSSSSSSSS
1:03:26,@TheDeadestDorito,lol
1:03:27,@jennythebean9117,:smiling_face_with_horns:
1:03:28,@PwnyHipster,Scootaloo grew up to be a ChadStacy
1:03:29,@XxZ0MB1E_K1TTYxX,OMGGG :pleading_face:
1:03:31,@Itsyourgirl33,KISSSSSSSSSSSS
1:03:31,@Gaalnr,"I don't like the idea of her being able to fly, this shit better be a dream"
1:03:32,@Lucario4thewin,lol
1:03:33,@solarismare,HUH
1:03:33,@vazquezzavaladarielaalejan6147,NO
1:03:33,@solarismare,WTF
1:03:34,@KhakiCap,"""RIGHT THIS INSTANT"""
1:03:34,@makotoikari4854,omg
1:03:34,@TheMTwinny,Stay mad Dash
1:03:35,@NubMcMoofin,:exploding_head::exploding_head:
1:03:35,@haileykitty6993,so she can fly?
1:03:36,@ssum.things,lol
1:03:36,@vazquezzavaladarielaalejan6147,OWWWWW
1:03:36,@SkullCalipers,LOL
1:03:36,@beabuzzkill,LOLLL
1:03:36,@delta-v4x,Thank GOd
1:03:36,@Gaalnr,thank fuck
1:03:37,@lordofshrimps,NOOOOOOOOOOO
1:03:37,@solarismare,WHAT THE FUCK????
1:03:37,@XxZ0MB1E_K1TTYxX,HUH
1:03:37,@SonataDidIt,AHHHHHHHHHHHHH
1:03:37,@misakayy1911,LMAO
1:03:37,@vdn2468,NOOOOOOOOO
1:03:37,@vinylgamer2688,scoots is gonna get grounded 
1:03:38,@neargaming2057,Oh
1:03:38,@lordofshrimps,NOOOOOOOOOOOOOOOOO
1:03:39,@vezsteseg-e8z,NOOO
1:03:39,@vazquezzavaladarielaalejan6147,NOOOOOOOOOOOOOOOOO
1:03:39,@springystarscout,LMAO WHQT
1:03:39,@Luckystarfriendship,lol
1:03:39,@wheres_waddle1913,O
1:03:40,@Solums,Noo
1:03:40,@ssum.things,a dream
1:03:40,@GoldenCone69,THANK GOD IT WAS A NIGHTMARE
1:03:40,@TheMTwinny,LMAOOOOOOOOOOOOOOOOOOOOOOOOOOOOOOOOO
1:03:40,@Padtygalaxy,Dream! 
1:03:41,@PwnyHipster,IT WASNT REAL
1:03:41,@UltimateStarky,lol
1:03:41,@14i-,NOOOO
1:03:41,@lizania81,LMAOOO
1:03:41,@lordofshrimps,You ruined it
1:03:41,@DownyDuck,noooo
1:03:42,@Itsyourgirl33,KISSSSSS
1:03:42,@vazquezzavaladarielaalejan6147,WHYYYYYYYYYY
1:03:42,@BlackKanye,kek
1:03:42,@Tianhuo,LMMMAAAOOOI
1:03:42,@vinylgamer2688,noooooooooo
1:03:44,@Luv_Kyle,AHAHHAHA
1:03:44,@applebloom2307,NOOOOOOOO
1:03:44,@KhakiCap,lol
1:03:45,@misakayy1911,LMAOOOOOOOOOOOOOOOOOOOOOOOOOOOO
1:03:45,@MillerTheDarkTransPrince,noooo
1:03:45,@sleepysmt,NOOOOOOOOOOOOO
1:03:45,@emqmp4,WHATTT NO WAY
1:03:45,@solarismare,TAMERS HAHAHAHAH
1:03:45,@LvXGameMaster,Yeah called it.
1:03:46,@wheres_waddle1913,Oh no
1:03:46,@vinylgamer2688,whyyyyyyyyyy
1:03:46,@ahmadpemberton5,NOOOOO
1:03:46,@vazquezzavaladarielaalejan6147,HELP
1:03:46,@vdn2468,:face-purple-crying::face-purple-crying::face-purple-crying:
1:03:47,@Solums,XD
1:03:47,@scarlethorse5391,HAHAHAAAHHAHAA
1:03:47,@TheSwegBucket,LMAO
1:03:47,@NubMcMoofin,:disappointed_face::loudly_crying_face:
1:03:47,@Skidum1,NOOOOOOO
1:03:47,@Sram_jpeg,NOOOOOOOOOOOOOOOOOOOOOOOOOOOOOOOOOOOOOOOOOOOOOOOOOOOOOOOOOOOOOOOOOOOOOOOOOO
1:03:48,@TheMTwinny,WAS JUST A DREAM BRO
1:03:48,@SkullCalipers,HAHAHAHAHAHAH
1:03:49,@agoatheadbaby3512,IT WAS A DREAMM
1:03:49,@gawravtclips.,nooooo
1:03:50,@lonewildstar6188,nooo
1:03:50,@Aromaticgrassitem,Sweetie and Scootaloo alt reality was nice
1:03:51,@solarismare,I AMN CRYING
1:03:51,@vinylgamer2688,whyyyyyyyyyyyyyyyyyyyyyyy
1:03:51,@PoppinCornBaby,LMAO
1:03:51,@UngulaPropriaRQ,IT WAS ALL A DREAM LMAO
1:03:52,@XxZ0MB1E_K1TTYxX,NOOOO
1:03:52,@KvVuld,someday
1:03:52,@wheres_waddle1913,NOOOO
1:03:52,@vazquezzavaladarielaalejan6147,NOT THE HOMOSEXUAL NIGHTMARE
1:03:53,@kkorrrnerrrrr,nooooooooooooooooooooooooooooooooooooooooooooooooo
1:03:54,@lonewildstar6188,:face-purple-crying::face-purple-crying::face-purple-crying:
1:03:54,@jennythebean9117,Damn window
1:03:54,@muggz7752,LMAO
1:03:54,@SkullCalipers,LMAO 
1:03:56,@ItsameDesire,PERSONA
1:03:56,@certafan,Homosexual nightmares lmao
1:03:56,@pixiemations3585,nooooooooo
1:03:56,@Solums,XD
1:03:57,@BluududytXD,DONT 
1:03:57,@PwnyHipster,HOMOSEXUAL REPRESSIOn
1:03:59,@GoldenCone69,just do it already
1:03:59,@Hyloaf,Golly!
1:03:59,@agoatheadbaby3512,IT WAS A DREEEEAAMM!!!!!
1:04:00,@delta-v4x,"Tamers, you're a magnificient basterd"
1:04:00,@vazquezzavaladarielaalejan6147,:loudly_crying_face:
1:04:01,@solarismare,IT WAS ALL A DREAM TYPE SHIT
1:04:01,@KhakiCap,"gameloft model, lol"
1:04:01,@Treekotrouble,understandable
1:04:01,@MillerTheDarkTransPrince,nooo
1:04:01,@BluududytXD,Phew
1:04:01,@thedarknessinthelight9824,OH MY GOD
1:04:01,@vdn2468,"why tamers, why"
1:04:02,@UltimateStarky,omg cozy glow
1:04:03,@DownyDuck,:face-purple-crying::face-purple-crying::face-purple-crying:
1:04:03,@Peejaylew,Gun crazy
1:04:04,@springystarscout,COZY
1:04:05,@jennythebean9117,lol 
1:04:05,@xamxsu,:loudly_crying_face:
1:04:05,@GoldenCone69,it's still going?!!
1:04:06,@lordofshrimps,COZY GLOW
1:04:06,@applebloom2307,Awwwwwww ><
1:04:06,@SkullCalipers,Cinema
1:04:07,@hollywareham6810,a dream
1:04:07,@misakayy1911,WOOOOOOOOOOOOOO
1:04:08,@Morflow_,SCREAM 7!!!
1:04:08,@DragonBorne1991,reference
1:04:09,@certafan,YAAAAYY
1:04:09,@Lucario4thewin,ya it sucks
1:04:10,@PoppinCornBaby,Tamers is so cool
1:04:13,@lordofshrimps,:clapping_hands::clapping_hands::clapping_hands::clapping_hands::clapping_hands::clapping_hands::clapping_hands:
1:04:13,@xamxsu,that is so cute bro
1:04:13,@NubMcMoofin,:disappointed_face::disappointed_face::disappointed_face:
1:04:13,@beabuzzkill,LOLLLL
1:04:14,@muggz7752,THE FILLY
1:04:14,@certafan,BOOOOOOO
1:04:14,@wheres_waddle1913,XD
1:04:15,@uuushaa,WOOOOOOOO
1:04:16,@TheMTwinny,WHo bailed Cozy out????
1:04:18,@PwnyHipster,lmao
1:04:19,@Aromaticgrassitem,Rainbowdash Ender
1:04:19,@doggerlander,it does
1:04:19,@muggz7752,COZY GLOW
1:04:20,@insanianevi8089,yeah it was ass
1:04:22,@haileykitty6993,I thought Cozy was going to jail
1:04:22,@lordofshrimps,:sleepy_face::sleepy_face:
1:04:24,@Cheeseandblood,was that hollow bastion
1:04:24,@jennythebean9117,Don’t do it!
1:04:24,@GoldenCone69,BRUH WHY ARE YOU SNEAKING IN
1:04:27,@springystarscout,LMFAO
1:04:28,@solarismare,LMFAOOO
1:04:28,@PwnyHipster,Tol
1:04:29,@delta-v4x,Celestia is comming
1:04:29,@ahmadpemberton5,WTF
1:04:29,@vazquezzavaladarielaalejan6147,HELP
1:04:30,@kkorrrnerrrrr,xDDDDDDDDDDD
1:04:30,@KvVuld,based dinosaur
1:04:31,@misakayy1911,LMAO
1:04:31,@scarlethorse5391,LOOOOOOOOOOONG
1:04:32,@lizania81,LOLLL
1:04:32,@vinylgamer2688,poor car
1:04:33,@TheMTwinny,LMAO
1:04:34,@sleepysmt,LOL
1:04:35,@SonataDidIt,CUTIE FLAWLESS
1:04:35,@vinylgamer2688,XD
1:04:37,@The_Silly_Patootie,HELP?
1:04:38,@SonataDidIt,AND TRIXIE <3
1:04:40,@jennythebean9117,lol 
1:04:41,@delta-v4x,UNO REVERSE
1:04:42,@certafan,Her longe necke is the stuff of legenda
1:04:42,@Cuttie._.cuttie,THE NAMESSS
1:04:43,@solarismare,FLAWLESSS!!!!
1:04:45,@GoldenCone69,fried Chicken.
1:04:47,@turntwolfo7956,oh right that haopened
1:04:47,@GoldenCone69,nvm
1:04:49,@SkullCalipers,LOL
1:04:50,@UltimateStarky,womp womp
1:04:50,@solarismare,LMFAO
1:04:50,@NubMcMoofin,:disappointed_face:
1:04:51,@TheDeadestDorito,OOP
1:04:51,@vinylgamer2688,XD
1:04:52,@Luv_Kyle,SCREEN 7
1:04:52,@applebloom2307,oh nooo
1:04:52,@vinylgamer2688,XD
1:04:53,@KhakiCap,lol
1:04:53,@PwnyHipster,LMAO
1:04:55,@TheMTwinny,NOOOOOOOOOOOOOOOOOO
1:04:55,@springystarscout,W episode 
1:04:55,@SonataDidIt,So good
1:04:56,@ssum.things,celestia just breathing air atp
1:04:57,@jennythebean9117,Chrissy
1:04:58,@XxZ0MB1E_K1TTYxX,LMAO
1:04:59,@vinylgamer2688,karma
1:05:00,@emqmp4,LMAOOO
1:05:00,@Aromaticgrassitem,Scream me having a bad time
1:05:02,@The_Silly_Patootie,CRYING
1:05:02,@doublej209,nice ending
1:05:03,@delta-v4x,Flawless is sweet
1:05:05,@PoppinCornBaby,LMAO
1:05:05,@SonataDidIt,Flawless is such a good daughter 
1:05:07,@lizania81,Yeeyyyyy
1:05:08,@GoldenCone69,just put the popcorn in the bucket
1:05:08,@liquidtamers12345,now the yoshi bucket
1:05:11,@vazquezzavaladarielaalejan6147,I love this
1:05:13,@lizania81,w daughter
1:05:13,@jennythebean9117,Poggers 
1:05:14,@vazquezzavaladarielaalejan6147,this is peak
1:05:14,@solarismare,she is such a good daughter
1:05:15,@cricket_gaming_hd9439,best movie bucket recently is iron lung
1:05:17,@vazquezzavaladarielaalejan6147,NOOO
1:05:18,@GoldenCone69,finally -
1:05:18,@solarismare,outro!!!
1:05:19,@vazquezzavaladarielaalejan6147,NOT THE END
1:05:20,@vinylgamer2688,W flawless moenys 
1:05:20,@UngulaPropriaRQ,HAHAHAH
1:05:21,@The_Silly_Patootie,UHHHH
1:05:21,@PwnyHipster,CWEDITS
1:05:21,@doggerlander,I always believed in you flawless
1:05:22,@solarismare,10/10 movie
1:05:22,@vazquezzavaladarielaalejan6147,:loudly_crying_face:
1:05:23,@Lorkhanable,kino
1:05:23,@BluududytXD,NOOO
1:05:23,@applebloom2307,weeeeeeeeeeeee
1:05:23,@TheMTwinny,CREDITS
1:05:24,@Aromaticgrassitem,These ponies are good
1:05:24,@lizania81,OHHH
1:05:25,@Padtygalaxy,It over 
1:05:25,@27McCracken,GG
1:05:25,@TheDeadestDorito,WOW
1:05:26,@ahmadpemberton5,W END
1:05:26,@kkorrrnerrrrr,thank you tamers this was peak once again :red_heart: :red_heart: 
1:05:26,@Luckystarfriendship,This was a good movie
1:05:28,@Feojsshsyydud,Amazing
1:05:28,@scarlethorse5391,HAHAHAHAHAA
1:05:29,@matius851,credits jumpscare
1:05:30,@liquidtamers12345,Lmaoo
1:05:30,@applebloom2307,this was peak
1:05:30,@SkullCalipers,Tamers is an auteur and every decision he makes is the right one.
1:05:30,@PwnyHipster,10/10 movie actually
1:05:30,@lizania81,NOO I DON'T WANT IT TO ENDDD
1:05:31,@Mira-ep3cd,TWILIGHT
1:05:31,@KhakiCap,gg ez
1:05:31,@XxZ0MB1E_K1TTYxX,PEAKKKKK
1:05:31,@NubMcMoofin,:smiling_face_with_hearts::smiling_face_with_hearts:
1:05:31,@vinylgamer2688,W
1:05:32,@The_Silly_Patootie,NOOOO ITS OVER
1:05:33,@solarismare,AAAAAAAAAAA
1:05:33,@delta-v4x,"Worthwhile, indeed"
1:05:33,@vinylgamer2688,W
1:05:33,@BluududytXD,Welp
1:05:33,@vazquezzavaladarielaalejan6147,NOOOOO
1:05:33,@muggz7752,Lmao
1:05:33,@vdn2468,This episode was so peak
1:05:34,@SonataDidIt,cute twi
1:05:34,@lordofshrimps,PEAK
1:05:35,@solarismare,I love them
1:05:36,@papafrank769,This is one of the best episode in the series 
1:05:36,@agoatheadbaby3512,okay
1:05:36,@XxZ0MB1E_K1TTYxX,20/10
1:05:36,@NubMcMoofin,:saluting_face::saluting_face:
1:05:37,@BluududytXD,10/19
1:05:37,@MillerTheDarkTransPrince,yesss
1:05:38,@vazquezzavaladarielaalejan6147,DONT EEEND
1:05:38,@KhakiCap,:face-blue-smiling:
1:05:38,@doublej209,11/10
1:05:38,@lunaaspall4052,cinema
1:05:39,@LUNN4T1C,WWWWWWWWWWWWWW
1:05:39,@UltimateStarky,Thank you TAmers
1:05:40,@lizania81,PEAKKK
1:05:40,@moriorinvictus69,I WAS HERE
1:05:41,@TheDeadestDorito,AMAZING FUCKING MOVIE
1:05:41,@sara17_animation,WOWWWW
1:05:41,@Aromaticgrassitem,Wild episode
1:05:41,@AsianVamp,W
1:05:42,@XxZ0MB1E_K1TTYxX,:mending_heart:
1:05:42,@Luckystarfriendship,www
1:05:43,@jennythebean9117,:loudly_crying_face::loudly_crying_face::loudly_crying_face::loudly_crying_face::loudly_crying_face:
1:05:43,@wheres_waddle1913,YES! ANOTHER SEXY PIGEON SONG!
1:05:43,@BluududytXD,10/10”
1:05:44,@KhakiCap,:eyes-purple-crying:
1:05:44,@loolooluka,amazing video yet again!!!
1:05:44,@muggz7752,TWI
1:05:45,@27McCracken,THANK YOU TAMERS
1:05:45,@gawravtclips.,20/10
1:05:45,@Itsyourgirl33,I LOVE THISSS
1:05:45,@The_Silly_Patootie,SOWHQOWOSIFOAJQBDOCK
1:05:46,@PwnyHipster,Best movie. Like ACTUALLY the best movie
1:05:46,@PawOnTheBurger,10/10
1:05:48,@lordofshrimps,Guys how long was this
1:05:48,@Solums,PEAK KINO
1:05:49,@vdn2468,10/10 easily
1:05:49,@sleepysmt,CINEMA
1:05:50,@KohJhonesItula,SPANISH
1:05:50,@MillerTheDarkTransPrince,200/10
1:05:50,@vazquezzavaladarielaalejan6147,FUCKING PEAK CINEMA
1:05:50,@MamaShimaVT,w
1:05:50,@Mel23155,12.0/10
1:05:50,@GoldenCone69,where Spike coming back for no reason @Tamers12345MLP
1:05:50,@MamaShimaVT,w
1:05:50,@donshade1937,Beautiful 
1:05:51,@MamaShimaVT,w
1:05:51,@vinylgamer2688,10/flawlesss
1:05:51,@MamaShimaVT,w
1:05:52,@Lucario4thewin,:ok_hand::ok_hand::ok_hand:
1:05:52,@vazquezzavaladarielaalejan6147,I LOVE THIS
1:05:52,@MamaShimaVT,w
1:05:52,@beabuzzkill,"awesome movie tamers, plz make moar, we love u"
1:05:52,@MamaShimaVT,w
1:05:53,@MamaShimaVT,w
1:05:53,@Elly-w-zaza,W
1:05:53,@MamaShimaVT,w
1:05:53,@MamaShimaVT,w
1:05:54,@MamaShimaVT,w
1:05:54,@liquidtamers12345,kino
1:05:54,@MamaShimaVT,w
1:05:55,@MamaShimaVT,w
1:05:55,@DragonBorne1991,
1:05:56,@certafan,Is this another Sexy Pigeons banger? Immaculate Episode AS ALWAYS my Goat Tamers12345
1:05:56,@C21H23NO5msn,best day ever
1:05:56,@applebloom2307,CUTEUCTEUCTEUCTEUCTEUCTE
1:05:56,@Tomerツ,10/10!!!
1:05:57,@neargaming2057,So how much of this was real and how much was scoot's dream?
1:05:57,@solarismare,w
1:05:57,@uuushaa,w
1:05:57,@vinylgamer2688,W
1:05:57,@SkullCalipers,Way better than Scream 7
1:05:57,@The_Silly_Patootie,W
1:05:57,@BluududytXD,W
1:05:57,@vinylgamer2688,W
1:05:57,@delta-v4x,Fucking W
1:05:57,@PoppinCornBaby,CINEMA
1:05:58,@jennythebean9117,W
1:05:58,@vazquezzavaladarielaalejan6147,1000000000/10
1:05:58,@muggz7752,W
1:05:58,@uuushaa,w
1:05:58,@Aromaticgrassitem,"This was great, and it was like a really long episode too"
1:05:58,@vinylgamer2688,W
1:05:58,@rockstoneson6330,Better than scream 7
1:05:58,@Jakechi1999,Amazing.
1:05:58,@solarismare,w
1:05:58,@xamxsu,w
1:05:58,@solarismare,w
1:05:58,@solarismare,w
1:05:58,@solarismare,w
1:05:59,@solarismare,w
1:05:59,@solarismare,w
1:05:59,@solarismare,w
1:05:59,@Tomerツ,w
1:06:00,@MamaShimaVT,w
1:06:00,@solarismare,w
1:06:00,@xamxsu,w
1:06:00,@lordofshrimps,w
1:06:00,@solarismare,w
1:06:00,@uuushaa,w
1:06:00,@MillerTheDarkTransPrince,W
1:06:00,@solarismare,w
1:06:01,@lordofshrimps,w
1:06:01,@xamxsu,w
1:06:01,@lordofshrimps,w
1:06:01,@MamaShimaVT,w
1:06:01,@solarismare,w
1:06:01,@xamxsu,w
1:06:01,@lordofshrimps,w
1:06:02,@xamxsu,w
1:06:02,@ItsameDesire,flawless/10
1:06:02,@xamxsu,w
1:06:02,@xamxsu,w
1:06:02,@lordofshrimps,w
1:06:02,@Elysian-Gilivanti,THANK YOU TAMERS 10/10 YET AGAIN
1:06:02,@xamxsu,w
1:06:03,@AshenDorasha,w
1:06:03,@lordofshrimps,w
1:06:03,@solarismare,w
1:06:03,@KhakiCap,:goodvibes:
1:06:03,@solarismare,w
1:06:04,@xamxsu,w
1:06:04,@lordofshrimps,w
1:06:04,@servednopurpose,w 
1:06:05,@lordofshrimps,w
1:06:05,@Feojsshsyydud,W
1:06:05,@lordofshrimps,w
1:06:05,@jennythebean9117,W
1:06:06,@sleepysmt,W
1:06:06,@HandlerOfHorses,w
1:06:06,@Morflow_,w
1:06:06,@Itsyourgirl33,W
1:06:07,@Jakechi1999,Amazing.
1:06:07,@wheres_waddle1913,W
1:06:07,@Feojsshsyydud,A
1:06:07,@Sweetie-r9p9r,w
1:06:07,@mr.bananaman9805,w
1:06:08,@mr.bananaman9805,w
1:06:08,@ahmadpemberton5,w
1:06:08,@Orion-tk5hl,W
1:06:08,@ahmadpemberton5,w
1:06:08,@SkullCalipers,W
1:06:09,@SkullCalipers,W
1:06:09,@vazquezzavaladarielaalejan6147,W
1:06:09,@TheDeadestDorito,w
1:06:09,@ahmadpemberton5,w
1:06:10,@wheres_waddle1913,W
1:06:11,@hollywareham6810,w
1:06:11,@applebloom2307,OOOOOOOOOOOOOOO
1:06:11,@XxZ0MB1E_K1TTYxX,W
1:06:11,@Cinnaloaff,W
1:06:11,@ahmadpemberton5,w
1:06:11,@ahmadpemberton5,w
1:06:13,@chicken3990,Absolute cinema
1:06:13,@XxZ0MB1E_K1TTYxX,I I NEED THIS SHOTA
1:06:14,@Tianhuo,w
1:06:14,@Cattle.ink.3,this gets a 10/infinity
1:06:14,@Itsyourgirl33,WWWW
1:06:14,@BrownPilledFartCel,w
1:06:14,@KhakiCap,w
1:06:14,@vazquezzavaladarielaalejan6147,W
1:06:14,@uuushaa,w
1:06:14,@GoldenCone69,W
1:06:14,@Jakechi1999,What song is this?
1:06:14,@ahmadpemberton5,w
1:06:15,@BrownPilledFartCel,w
1:06:15,@beabuzzkill,w
1:06:15,@TheMTwinny,"ONE OF THE LONEST TAMERS VIDEOS EVER, RIGHT NEXT TO SONIC UNDERGROUND: WORLD WAR 3"
1:06:15,@Sram_jpeg,WAIT THAT WAS AN HOUR. we ate goooood today
1:06:15,@Keiry2017,Wwwww
1:06:15,@Feojsshsyydud,YUMMY
1:06:15,@DownyDuck,:raised_hand::neutral_face::raised_hand:
1:06:15,@solarismare,STARCATCHER!!!!
1:06:16,@Skidum1,PURE CINEMA
1:06:16,@Luckystarfriendship,w
1:06:16,@wheres_waddle1913,O
1:06:16,@BrownPilledFartCel,w
1:06:16,@TheDeadestDorito,w
1:06:16,@GoldenCone69,W
1:06:16,@vazquezzavaladarielaalejan6147,W
1:06:16,@mr.bananaman9805,w
1:06:17,@Keiry2017,Wwww
1:06:17,@mr.bananaman9805,w
1:06:17,@BlackKanye,HOLY
1:06:17,@thedarknessinthelight9824,"TAMERS, THANK YOU FOR MORE PEAK"
1:06:17,@Itsyourgirl33,W
1:06:18,@sadraiju808,"Thanks Tamers, you're the GOAT"
1:06:18,@doggerlander,zamn
1:06:18,@vezsteseg-e8z,s
1:06:20,@MamaShimaVT,w
1:06:20,@DragonBorne1991,W
1:06:21,@MillerTheDarkTransPrince,W
1:06:21,@Keiry2017,Www
1:06:21,@vezsteseg-e8z,w
1:06:21,@GlimmyGOD,WwWwWwWwWwW
1:06:21,@uuushaa,wwww
1:06:21,@Itsyourgirl33,W
1:06:21,@emqmp4,w
1:06:21,@TheBronzeBoner,I wuz here :>
1:06:22,@Luckystarfriendship,w
1:06:22,@applebloom2307,dam
1:06:22,@GoldenCone69,WWWW
1:06:22,@Keiry2017,Wwww
1:06:23,@wheres_waddle1913,Me
1:06:23,@solarismare,W
1:06:23,@Feojsshsyydud,CAKE
1:06:23,@MamaShimaVT,w
1:06:23,@Tomerツ,peak
1:06:23,@zaneanator3021,W
1:06:24,@Keiry2017,Www
1:06:24,@Luckystarfriendship,w
1:06:24,@vezsteseg-e8z,w
1:06:24,@loolooluka,w
1:06:25,@TheDeadestDorito,w
1:06:25,@Keiry2017,W
1:06:25,@GoldenCone69,WWWW
1:06:26,@XxZ0MB1E_K1TTYxX,W
1:06:26,@dovaak,w
1:06:26,@KhakiCap,w
1:06:27,@Keiry2017,Ww
1:06:28,@kkorrrnerrrrr,W
1:06:28,@Luckystarfriendship,w
1:06:28,@MamaShimaVT,w
1:06:29,@SonataDidIt,Fractured
1:06:29,@GoldenCone69,LET'S GOO
1:06:30,@vazquezzavaladarielaalejan6147,ABSOLUTE TAMERS CINEMA
1:06:30,@Luckystarfriendship,w
1:06:30,@ItisWhatitis-r1p,WW
1:06:30,@BluududytXD,TAMER IS THE GOAT 
1:06:30,@XxZ0MB1E_K1TTYxX,W
1:06:31,@MillerTheDarkTransPrince,W
1:06:32,@Keiry2017,:face-red-droopy-eyes::face-blue-smiling::face-blue-smiling::face-blue-smiling::face-blue-smiling::face-blue-smiling::face-blue-smiling::face-blue-smiling:
1:06:32,@Itsyourgirl33,W
1:06:32,@MamaShimaVT,w
1:06:33,@wheres_waddle1913,Peak
1:06:33,@Juluuvian,w
1:06:34,@ManoG70,W
1:06:35,@applebloom2307,CUTEUCUEUCUTW
1:06:35,@MamaShimaVT,w
1:06:36,@XxZ0MB1E_K1TTYxX,W
1:06:36,@TheDeadestDorito,w
1:06:36,@jennythebean9117,Pretty epic Tamers
1:06:36,@Keiry2017,W
1:06:37,@vazquezzavaladarielaalejan6147,W
1:06:37,@wheres_waddle1913,Peak
1:06:37,@Keiry2017,Ww
1:06:37,@Cattle.ink.3,W
1:06:37,@Orion-tk5hl,PEAK I HAD TO CHANGED MY PEED UNDERWEAR TWICE
1:06:38,@PacuandoSegs,W
1:06:38,@Keiry2017,Ww
1:06:38,@T-R-d7z,W
1:06:39,@PwnyHipster,VELVET
1:06:39,@Keiry2017,W:hand-pink-waving::face-red-droopy-eyes:
1:06:39,@MamaShimaVT,w
1:06:39,@KhakiCap,w
1:06:40,@The_Silly_Patootie,OH
1:06:40,@vazquezzavaladarielaalejan6147,W
1:06:40,@RoySimilus,W
1:06:41,@vazquezzavaladarielaalejan6147,W
1:06:42,@solarismare,W
1:06:42,@Lucario4thewin,"your best one yet, Tamers."
1:06:43,@vazquezzavaladarielaalejan6147,WWW
1:06:43,@MamaShimaVT,w
1:06:44,@Keiry2017,W
1:06:44,@vazquezzavaladarielaalejan6147,WW
1:06:44,@Slackjaw55,"thank you, tamer."
1:06:45,@gawravtclips.,w
1:06:46,@ManoG70,absolute peak omg
1:06:46,@Keiry2017,W
1:06:46,@vazquezzavaladarielaalejan6147,W
1:06:47,@LightTim,W
1:06:47,@SkullCalipers,W
1:06:47,@MamaShimaVT,w
1:06:47,@GoldenCone69,STAND OFF?
1:06:48,@certafan,Women in suits goes cray
1:06:49,@vazquezzavaladarielaalejan6147,W
1:06:49,@MamaShimaVT,w
1:06:50,@voidberrie,so peak
1:06:50,@Keiry2017,Peak movie
1:06:50,@Peejaylew,END IF THE SHOW
1:06:51,@XxZ0MB1E_K1TTYxX,W
1:06:51,@Bestfandoms,Flawless was amazing 
1:06:51,@RoySimilus,And w outro
1:06:51,@TheMTwinny,Ponies in suits....hell yeah brother
1:06:51,@Peejaylew,W
1:06:52,@MamaShimaVT,w
1:06:52,@uuushaa,perfect
1:06:52,@PwnyHipster,Aura
1:06:52,@PacuandoSegs,Truly PEAK
1:06:52,@solarismare,10/10
1:06:53,@jakiyrahmason4824,w
1:06:53,@ssum.things,sonion
1:06:54,@Keiry2017,Peak
1:06:55,@Itsyourgirl33,W
1:06:55,@The_Silly_Patootie,Bye guys!!!!
1:06:55,@XxZ0MB1E_K1TTYxX,W
1:06:55,@vazquezzavaladarielaalejan6147,THANK YOU FOR EVERYTHING TAMERS
1:06:56,@Keiry2017,W
1:06:56,@MillerTheDarkTransPrince,W
1:06:56,@TheDeadestDorito,wow ty tamers
1:06:57,@KhakiCap,true crime game human gun png
1:06:57,@Keiry2017,W
1:06:58,@Padtygalaxy,:red_heart::red_heart::red_heart::red_heart::red_heart::red_heart::red_heart::red_heart::red_heart::red_heart::red_heart::red_heart::red_heart::red_heart::red_heart::red_heart::red_heart::red_heart::red_heart::red_heart::red_heart::red_heart::red_heart::red_heart::red_heart::red_heart::red_heart::red_heart::red_heart::red_heart::red_heart::red_heart::red_heart::red_heart:
1:06:58,@solarismare,hi mari
1:06:59,@vinylgamer2688,w
1:06:59,@wheres_waddle1913,Yay!
1:06:59,@delta-v4x,LIGHTBULBBBBB
1:06:59,@vinylgamer2688,w
1:06:59,@TheMTwinny,HOLD
1:06:59,@vinylgamer2688,w
1:07:00,@Keiry2017,Aura
1:07:00,@vinylgamer2688,w
1:07:00,@vinylgamer2688,w
1:07:00,@vinylgamer2688,w
1:07:01,@SkullCalipers,Built like a lightbulb
1:07:01,@Peejaylew,AYO
1:07:01,@TheDeadestDorito,uh
1:07:03,@TheMTwinny,MID CREDITS SECNE
1:07:04,@NubMcMoofin,:disappointed_face::disappointed_face::face_holding_back_tears:
1:07:04,@vinylgamer2688,w
1:07:04,@solarismare,THE FUCKING LIGHTBULB LMFAO
1:07:05,@XxZ0MB1E_K1TTYxX,W
1:07:05,@applebloom2307,Aww bby
1:07:06,@KhakiCap,lol
1:07:07,@Peejaylew,YO PAUSE
1:07:07,@The_Silly_Patootie,LMAO
1:07:08,@BluududytXD,LOL
1:07:09,@platesmcplates9057,hello
1:07:10,@GoldenCone69,Just use Pink for F sake!
1:07:10,@Aromaticgrassitem,NEXT TIME. ON DRAGON. BALL. Z.
1:07:10,@XxZ0MB1E_K1TTYxX,YURI
1:07:11,@PwnyHipster,Sadge
1:07:11,@jennythebean9117,Murder
1:07:12,@emqmp4,LMAOO
1:07:12,@Keiry2017,Aura
1:07:12,@Padtygalaxy,:red_heart::red_heart::red_heart::red_heart::red_heart::red_heart::red_heart::red_heart::red_heart::red_heart::red_heart:
1:07:14,@TheDeadestDorito,w
1:07:17,@muggz7752,Damn
1:07:18,@lordofshrimps,Starlight please just take that down
1:07:18,@Keiry2017,W
1:07:19,@SkullCalipers,Wine and pizza in bed
1:07:21,@Keiry2017,W
1:07:22,@Keiry2017,W
1:07:25,@Keiry2017,Peak
1:07:25,@crestposting,a gay pony?
1:07:28,@solarismare,cheap wine uh huh
1:07:28,@SkullCalipers,Cheap wine W
1:07:29,@delta-v4x,Glimmer is sweet
1:07:29,@PwnyHipster,gay panics
1:07:30,@Keiry2017,W
1:07:30,@emqmp4,so real
1:07:33,@The_Silly_Patootie,OH WHAT
1:07:33,@MillerTheDarkTransPrince,W
1:07:34,@PwnyHipster,wholesome
1:07:36,@GlimmyGOD,glimmy cute
1:07:38,@Itsyourgirl33,OOP
1:07:39,@vazquezzavaladarielaalejan6147,SHE IS ACE??
1:07:40,@agoatheadbaby3512,She is becoming a wine mom.
1:07:40,@RoySimilus,W
1:07:40,@BluududytXD,YURII
1:07:41,@lizania81,They're so cute I wish I had someone like Starlight
1:07:42,@XxZ0MB1E_K1TTYxX,I loveee themmm
1:07:43,@GoldenCone69,USE THE plant HANGER
1:07:43,@lordofshrimps,GREAT CHARACTER DEVELOPMENT
1:07:45,@RoySimilus,Episode
1:07:45,@NubMcMoofin,:racehorse::racehorse::horse::horse::horse::racehorse::horse:
1:07:46,@The_Silly_Patootie,UHM
1:07:48,@sadraiju808,damn dawg thats kinda hot
1:07:49,@Aromaticgrassitem,they bangin
1:07:51,@RoySimilus,im crying
1:07:52,@PwnyHipster,Love these two
1:07:52,@Itsyourgirl33,UMMMM
1:07:53,@Keiry2017,Yuri 
1:07:55,@XxZ0MB1E_K1TTYxX,Awwwww
1:07:55,@solarismare,i love you
1:07:55,@Tomerツ,YAY
1:07:55,@vazquezzavaladarielaalejan6147,OMGG
1:07:56,@solarismare,iguess
1:07:56,@Itsyourgirl33,:face_with_raised_eyebrow:
1:07:57,@GoldenCone69,she fainted
1:07:57,@C21H23NO5msn,gay horses 
1:07:58,@voidberrie,lovely
1:07:58,@MillerTheDarkTransPrince,:horse::unicorn::horse::unicorn::horse::unicorn::horse::unicorn:
1:07:59,@Aurapone,Cute
1:07:59,@santiagosoto288,tsundere
1:08:00,@Tomerツ,she said it
1:08:00,@solarismare,EHEHEHEHEHEH
1:08:00,@Skidum1,cute!
1:08:00,@lordofshrimps,Great character development
1:08:01,@TheDeadestDorito,wow
1:08:01,@loolooluka,W YURI
1:08:01,@NubMcMoofin,:smiling_face_with_hearts::smiling_face_with_hearts::smiling_face_with_hearts:
1:08:01,@Keiry2017,Yuri
1:08:02,@solarismare,SO CUTE
1:08:02,@UngulaPropriaRQ,this was a long ass movie hell yeah 
1:08:02,@delta-v4x,I'm so for it
1:08:03,@badnin707,aww
1:08:03,@lizania81,SHE SAID ITT
1:08:04,@jennythebean9117,These two should promote Tamers patron 
1:08:04,@neargaming2057,Emotionally healthy Glimmer?
1:08:06,@GoldenCone69,JUST DO IT FOR THEE GAME.
1:08:06,@PoppinCornBaby,DEVELOPMENT 
1:08:06,@sleepysmt,WOAAAHHH
1:08:06,@The_Silly_Patootie,CRYING
1:08:07,@Aromaticgrassitem,The MLP Tamersverse grows!!!
1:08:07,@PwnyHipster,So CUTE
1:08:07,@Peejaylew,lol
1:08:07,@solarismare,HI STARCATCHER
1:08:07,@XxZ0MB1E_K1TTYxX,HIIII MAMAAAA
1:08:08,@certafan,Oh so now they're cute?
1:08:08,@vazquezzavaladarielaalejan6147,I LOVE GAY HORSES
1:08:09,@Luckystarfriendship,hiii
1:08:09,@muggz7752,GET NASTY
1:08:09,@solarismare,HIIII
1:08:09,@Solums,So yuri
1:08:10,@crestposting,Goodness
1:08:12,@PwnyHipster,MOMMY
1:08:12,@nico22999,wife
1:08:12,@Feojsshsyydud,MOMMY
1:08:12,@XxZ0MB1E_K1TTYxX,MAMAAAA
1:08:13,@emqmp4,OMGGG
1:08:14,@wheres_waddle1913,Hi
1:08:14,@BluududytXD,Yeah
1:08:14,@RoySimilus,?
1:08:15,@Misi_Jinjahl,yey
1:08:15,@vazquezzavaladarielaalejan6147,YESSS
1:08:15,@GoldenCone69,WE DID LOVE IT.
1:08:15,@applebloom2307,hellow Oneechan
1:08:16,@TheMTwinny,YOU CREEPY
1:08:16,@Aromaticgrassitem,i sure did mam
1:08:16,@Tomerツ,I WILL
1:08:17,@lordofshrimps,Time for my ad
1:08:17,@ahmadpemberton5,yes
1:08:17,@agoatheadbaby3512,SKYWISHES
1:08:17,@liquidtamers12345,stream broke
1:08:17,@SonataDidIt,Mommy Catcher about to tell us to subscribe
1:08:18,@KhakiCap,time for me to sleep
1:08:18,@hollywareham6810,crazy
1:08:18,@vazquezzavaladarielaalejan6147,I DO
1:08:18,@RoySimilus,I am
1:08:18,@solarismare,I WILL STARCATCHER
1:08:18,@Solums,MOMMY
1:08:19,@lizania81,YESS
1:08:19,@Lucario4thewin,im a real human bean
1:08:19,@Feojsshsyydud,MOMMY
1:08:20,@scarlethorse5391,Hi!
1:08:20,@vazquezzavaladarielaalejan6147,I DO
1:08:21,@XxZ0MB1E_K1TTYxX,MAMA :eyes:
1:08:21,@vazquezzavaladarielaalejan6147,I DO
1:08:21,@Aromaticgrassitem,mama
1:08:21,@sleepysmt,MOMMY
1:08:21,@PacuandoSegs,Yes Mommy
1:08:21,@ahmadpemberton5,yes
1:08:21,@Keiry2017,JUST KISS HER FOR THE GAME YOU WILL BE A PLAYER
1:08:22,@vdn2468,YES MOMMY
1:08:22,@LightTim,THERE I AM GARY
1:08:22,@BluududytXD,HI TWIN
1:08:22,@certafan,I AM a Real One! HELL YEAH I AM
1:08:23,@MillerTheDarkTransPrince,yey
1:08:23,@nico22999,Please adopt me
1:08:23,@BlackKanye,I'm a real one guys YESSS
1:08:23,@PwnyHipster,GIVE TAMERS MONEY
1:08:24,@Treekotrouble,hell yeah we real ones
1:08:24,@The_Silly_Patootie,IT WAS CRAZY
1:08:24,@Itsyourgirl33,YEAAAAAAAA
1:08:24,@delta-v4x,"Okay, I'll consider upping my tier"
1:08:25,@BluududytXD,I WILL
1:08:25,@PoppinCornBaby,MOMMY
1:08:25,@vazquezzavaladarielaalejan6147,I DO DO DO
1:08:25,@jennythebean9117,:3
1:08:27,@agoatheadbaby3512,"YO, SHE CALLED ME A REAL ONE"
1:08:27,@Itsyourgirl33,MOMMY
1:08:28,@KhakiCap,g'night y'all
1:08:28,@applebloom2307,Oneechan oneechan oneechan oneechan oneechan oneechan oneechan one
1:08:28,@GoldenCone69,WE KNOW
1:08:28,@vazquezzavaladarielaalejan6147,MOMMY
1:08:28,@muggz7752,SHOTA SSSSS
1:08:29,@gawravtclips.,yeah
1:08:29,@Luckystarfriendship,What is that app???
1:08:30,@ahmadpemberton5,I WILL MOMMY
1:08:30,@solarismare,GIVE TAMERS MONEY
1:08:30,@thedarknessinthelight9824,LOL
1:08:31,@grassyisthebestbfdicharacter,mommy sorry
1:08:31,@vazquezzavaladarielaalejan6147,MOMMYYYYYYY
1:08:32,@glad7636,Ok creepy old woman
1:08:32,@lordofshrimps,Maybe if Flawless told me to do this
1:08:32,@C21H23NO5msn,love you tamers
1:08:33,@Tomerツ,YES MOMMY
1:08:34,@sadraiju808,I would but I'm a broke bitch
1:08:34,@moriorinvictus69,so many subs jesus
1:08:34,@Feojsshsyydud,IM GONNA BUST
1:08:34,@PwnyHipster,MOMMYYYYYYYYYYY
1:08:35,@UltimateStarky,please stop falling for the dead maid mommy
1:08:35,@BluududytXD,OKI TWIN
1:08:35,@muggz7752,SHITA
1:08:36,@ahmadpemberton5,YES MA'AM
1:08:36,@Tianhuo,10/10 text to speech voice
1:08:36,@hoelt1,peak
1:08:36,@Itsyourgirl33,MOMMMY
1:08:38,@applebloom2307,Oneeeechaaaaaaaannnn
1:08:38,@wheres_waddle1913,Already do!
1:08:38,@TheDeadestDorito,MOMMOM
1:08:39,@Zombiekiller-cz3lb,SHES IS BEST MOM
1:08:40,@lizania81,I WILL DONATE ALL MY SAVINGS TO YOU WHEN I GET A JOB BABYGIRL
1:08:41,@NubMcMoofin,:saluting_face::saluting_face:
1:08:41,@AnimeGames16,o7
1:08:42,@GoldenCone69,the End?
1:08:43,@muggz7752,SHOTA FUCKING
1:08:44,@vazquezzavaladarielaalejan6147,TAMERS TAKE MY GODDAM MONWY
1:08:44,@The_Silly_Patootie,Bye guys!!!!
1:08:44,@MillerTheDarkTransPrince,Shota SSS
1:08:44,@TheMTwinny,STILL WAITING FOR THE NEXT SONIC UNDERGROUND VIDEO @Tamers12345MLP 
1:08:44,@Mira-ep3cd,Loved it
1:08:46,@papafrank769,I might put this series on a sd card or something 
1:08:46,@thedarknessinthelight9824,MOMMY
1:08:46,@GoldenCone69,THE END?
1:08:47,@kkorrrnerrrrr,o7
