timestamp,author,message
0:00:00,@vazquezzavaladarielaalejan6147,YEIII
0:00:01,@TC-mn2re,0
0:00:01,@ෆKevrine_Kmෆ,PEAK
0:00:02,@pinkpupbutt9299,LETS GOOO
0:00:02,@beepbeepok,HERE WE GO
0:00:02,@AkitoKitsune,IM GAY GUYS
0:00:02,@solarismare,LATE STAGE CAPITALISM
0:00:03,@Diskaria,the horse show episode 55
0:00:03,@NubMcMoofin,:racehorse::racehorse::horse::racehorse::horse::racehorse::horse::horse::racehorse::racehorse:
0:00:03,@devingibson1076,show time
0:00:03,@TC-mn2re,9
0:00:04,@UngulaPropriaRQ,damn she right 
0:00:04,@jennythebean9117,:blue_circle::blue_circle:
0:00:04,@pixelated6451,Oh.
0:00:04,@rmanz123,LETS GOO
0:00:05,@Zedpo1,Get ready pony dorks 
0:00:06,@amandapeters3100,Omg
0:00:06,@pinkpupbutt9299,RAAAHHHH
0:00:06,@laurenbrowne8514,TAMERS IS HERE
0:00:07,@GleeperGeeber,0
0:00:07,@hollywareham6810,yooo
0:00:07,@SketchyZero,Hey @Tamers12345MLP 
0:00:07,@woxiangshuozhongwen,I LUV YOU GLIM GLAM
0:00:08,@ivydinosaur,wOooooOOoOoooOoo
0:00:08,@freynoso47,Mary
0:00:08,@TC-mn2re,11
0:00:09,@SonataDidIt,lesbians
0:00:09,@voidberrie,YEAHHHHHHHHHHHHHH
0:00:09,@NubMcMoofin,:smiling_face_with_hearts::smiling_face_with_hearts::smiling_face_with_hearts:
0:00:09,@JakesFavorites,"@jennythebean me too kid, me too"
0:00:10,@Place-Holder,"If we get Christmas in July, I guess it only makes sense we get Halloween in May."
0:00:10,@solarismare,PRIVATE EQUITIY THAT'S TRUE
0:00:10,@beepbeepok,chrismas
0:00:10,@liquidtamers12345,:racehorse::horse:
0:00:11,@Hyloaf,Mary :blue_heart:
0:00:11,@TC-mn2re,9
0:00:11,@WithoutFlaw,LETS GOOOOOOOOOOOOOOOOO
0:00:12,@kalebc56,:blue_circle::blue_circle::waving_hand:
0:00:12,@Pinterest.Bassie,OOHH
0:00:12,@TC-mn2re,8
0:00:12,@rmanz123,GLIMMY MY BELOVED
0:00:13,@AnimeGames16,:blue_circle::blue_circle::waving_hand:
0:00:14,@TC-mn2re,6
0:00:14,@agoatheadbaby3512,No mask?
0:00:14,@laurenbrowne8514,Im so excited 
0:00:15,@TC-mn2re,4
0:00:16,@UltimateStarky,glimmy
0:00:16,@jennythebean9117,:3
0:00:16,@TC-mn2re,32
0:00:17,@Yourlocalhugger,THIS GONNa BE GOOD
0:00:18,@UngulaPropriaRQ,DAMN SHE RIGHT SPIT THAT SHIT 
0:00:18,@PoppinCornBaby,MARY
0:00:18,@TC-mn2re,1
0:00:19,@solarismare,SO TRUE MARRIE
0:00:20,@jo3a548,shut it Mari
0:00:21,@pinkpupbutt9299,SPEAK QUEEN
0:00:21,@jennythebean9117,Poners 
0:00:23,@beepbeepok,whos that in the window?
0:00:25,@missz4637,fuck capitalism
0:00:26,@thebrickbuilder835,omgghgggghyg:face-fuchsia-wide-eyes::face-fuchsia-wide-eyes::face-fuchsia-wide-eyes::face-fuchsia-wide-eyes::face-fuchsia-wide-eyes::face-fuchsia-wide-eyes::face-fuchsia-wide-eyes::face-fuchsia-wide-eyes::face-fuchsia-wide-eyes::face-fuchsia-wide-eyes::face-fuchsia-wide-eyes::face-fuchsia-wide-eyes::face-fuchsia-wide-eyes::face-fuchsia-wide-eyes:
0:00:29,@TheMTwinny,:blue_circle::blue_circle::waving_hand: BARDONIC FOREVER
0:00:29,@ෆKevrine_Kmෆ,LET'S GO TY TY TY TY TY TY TY TY TY TY TY TY TY TY TAMERS FOR THIS VID
0:00:30,@shrimpkuuu,Had to tune in you already know it
0:00:32,@dominicunderwood4911,I hate Mari
0:00:33,@JarriusWoods-c3l9f,:face-purple-smiling-tears:
0:00:34,@solarismare,SHE IS SO CUTE
0:00:34,@jennythebean9117,Based
0:00:35,@AsIntendedToBe,let's eat the rich
0:00:35,@solarismare,I LOVE HER
0:00:36,@The_Official_Douchebag,"she is so right, fucking love women"
0:00:37,@LightTim,Mary this is why you are a torture puppet
0:00:38,@beepbeepok,bruh
0:00:38,@Aromaticgrassitem,mari is here
0:00:39,@ArlecchinoFan163,Oh-
0:00:41,@jo3a548,WALPIRGIS MENTIONED
0:00:41,@Erisrose-moon,WOOOKKKEEE :face_screaming_in_fear: 
0:00:42,@SkullCalipers,Marxist rant ignored
0:00:45,@solarismare,HOWLING AT THE MOON
0:00:45,@Bornflawless,Oh yeah 
0:00:45,@shrimpkuuu,Mariiii
0:00:47,@pinkpupbutt9299,YEEEAAAA
0:00:48,@beepbeepok,HALLOWEEEEEEN
0:00:49,@woxiangshuozhongwen,FLAWLESS
0:00:49,@Hyloaf,AWOOOOOOO
0:00:49,@ෆKevrine_Kmෆ,STARLIGHT UR MINE-
0:00:51,@jennythebean9117,My food came 
0:00:51,@Bornflawless,More tamers mlp!
0:00:52,@solarismare,OMG LMFAO
0:00:52,@Barktholomeu,I LOVE MARI!
0:00:53,@kalebc56,waluigi night????
0:00:54,@UporotijUtug,deep philosophy from the first seconds... this is why we are here
0:00:54,@SketchyZero,Late Halloween
0:00:56,@PwnyHipster,She do be howling tho
0:00:57,@lordofshrimps,Lol?
0:00:58,@beepbeepok,:loudly_crying_face:
0:00:58,@woxiangshuozhongwen,TRIXI THE GOAT
0:00:58,@ORYX_999,AWWOOO THE ALPHA
0:00:59,@UngulaPropriaRQ,pinkie is a vet????
0:01:00,@solarismare,halloween in may
0:01:00,@xd_mars,The vet??.
0:01:01,@Barktholomeu,awwooooo
0:01:01,@pinkpupbutt9299,LMAOO
0:01:01,@delta-v4x,TO THE VET
0:01:03,@CocoMikea,TAKE HER TO THE VET!
0:01:04,@Padtygalaxy,Dog twi
0:01:04,@hollywareham6810,crazy
0:01:04,@UltimateStarky,AND SLEEPING IN THE MIDDLE OF A SUMMER AFTERNOON
0:01:04,@Lucario4thewin,here we go
0:01:05,@valoryvapeskin6965,Ayo furry Twilight?
0:01:05,@freynoso47,Cute dogie sparkle
0:01:06,@jo3a548,OH FUCK
0:01:06,@solarismare,yes you did
0:01:06,@TheMTwinny,Twilight's becoming a furry 2.0
0:01:06,@AsIntendedToBe,discord ref?
0:01:07,@beepbeepok,WHAT
0:01:07,@IancosiguaMartinez,Sonny boiiiiii
0:01:08,@ivydinosaur,pants
0:01:08,@solarismare,OH SHIT
0:01:08,@ORYX_999,i feel her alpha energy
0:01:10,@solarismare,SCOOTALOO
0:01:12,@UngulaPropriaRQ,OH FOR REAL?
0:01:13,@Nander___,walpurgisnacht? madoka reference?
0:01:13,@beepbeepok,WHEN WAS SHE A VET?
0:01:13,@gamertuberonmask,Is this going to be those “Dareen Younes” videos based off the title?
0:01:14,@jo3a548,AAAAAAAAAAA
0:01:15,@pinkpupbutt9299,DAMN
0:01:16,@Gwenniepiggy,omg
0:01:17,@NubMcMoofin,:exploding_head::exploding_head:
0:01:17,@beepbeepok,oh
0:01:17,@dominicunderwood4911,"SERVER IS A TERRIBLE JOB, BUT MORE WOMEN TAKE THAT JOB THAN MEN, ITS A REAL STAT"
0:01:18,@lilmacfarlan3,lol when did this start
0:01:18,@hollywareham6810,lol
0:01:19,@PwnyHipster,oh crap
0:01:19,@GlimmyGOD,THICC JEANS 
0:01:19,@pixelated6451,datass
0:01:19,@Hexen_4444,Pinkies a Doctor?
0:01:20,@woxiangshuozhongwen,THAT CAKE
0:01:21,@SonataDidIt,twi nooooo
0:01:21,@pinkpupbutt9299,LORE DROP ???
0:01:23,@solarismare,hi fluttershy
0:01:24,@ponytart,huh
0:01:25,@UngulaPropriaRQ,oh damn that's crazy
0:01:25,@liquidtamers12345,Huh
0:01:26,@ෆKevrine_Kmෆ,PINKIE!!!! 
0:01:26,@lordofshrimps,W cake
0:01:27,@Dorky_Crow,Pinkie doesn't have a Vetinary License
0:01:27,@DemonteBrown-c9m,scot
0:01:28,@ptkebr,oh my God it's real!
0:01:28,@solarismare,ITALY?
0:01:28,@neargaming2057,SCOOTALOO IS A WEREPONY?
0:01:28,@shadey_z1241,Zamn 
0:01:30,@solarismare,MENTIONED?
0:01:30,@læeesz,twi damn...
0:01:32,@Aromaticgrassitem,Scootaloo is a dog
0:01:32,@Diskaria,She's going beast mode
0:01:33,@woxiangshuozhongwen,CHINESE FLUTTERSHY FTW
0:01:33,@shrimpkuuu,omfg
0:01:34,@jennythebean9117,Ponewf
0:01:34,@SketchyZero,Ware-a-loo??!!!
0:01:35,@solarismare,hi rarity
0:01:36,@beepbeepok,oh
0:01:36,@jo3a548,Italy
0:01:38,@Tamers12345MLP,lol Twilight Sparkle has a fat butt
0:01:39,@shrimpkuuu,She’s a werepony 
0:01:39,@delta-v4x,Twilight is a WERELOO
0:01:40,@solarismare,MY LITTLE PONY ITALY
0:01:41,@UngulaPropriaRQ,The My Little Pony Version of Italy 
0:01:41,@SkullCalipers,My Little Pony version of Italy mentioned
0:01:42,@jennythebean9117,Oh Shit
0:01:42,@Gwenniepiggy,mlp version of italy stfuuu
0:01:42,@delta-v4x,WERE IN THE LOO
0:01:43,@PwnyHipster,Rarara
0:01:44,@Yourlocalhugger,Scootalo needs to be sent to vet
0:01:44,@ෆKevrine_Kmෆ,WHAT 
0:01:44,@beepbeepok,?
0:01:47,@TheMTwinny,"""In the My Little Pony version of Italy"""
0:01:48,@freynoso47,they're gonna go to sapienza
0:01:48,@woxiangshuozhongwen,Love that gystt
0:01:49,@solarismare,germany
0:01:51,@jennythebean9117,Zamn
0:01:52,@董海静,I'm CHINESE
0:01:54,@SomeOrdinaryPlumber,Little Italy
0:01:55,@solarismare,GAY
0:01:56,@Hexen_4444,Wingbardy?
0:01:57,@jennythebean9117,Mama Mia
0:01:58,@jo3a548,OH ON
0:01:59,@solarismare,GAAAAAy
0:02:00,@ptkebr,thanks for the new video tamers12345
0:02:00,@moisturizer1355,Italy exists in MLP:(
0:02:00,@beepbeepok,BEEF
0:02:01,@pinkpupbutt9299,GAY
0:02:02,@ෆKevrine_Kmෆ,SCOOTALOO NEEDS MEDICINE 
0:02:02,@KohJhonesItula,o_O
0:02:03,@lilmacfarlan3,Tamers is watching with us Lololol
0:02:03,@SketchyZero,Are we gonna see Flutterbat????
0:02:03,@UngulaPropriaRQ,Starlight is just going to normal germany 
0:02:04,@hollywareham6810,lol
0:02:05,@solarismare,wingbardy mentioned?
0:02:07,@PwnyHipster,nice
0:02:07,@SonataDidIt,Omg
0:02:08,@emqmp4,europe arc
0:02:08,@beepbeepok,nahh
0:02:10,@delta-v4x,Glimmer is going to the real Germany
0:02:10,@BrownPilledFartCel,girls will be girls
0:02:11,@pixelated6451,what?
0:02:11,@LUNN4T1C,omggg
0:02:12,@jennythebean9117,Also where did Pinkie get a degree 
0:02:13,@freynoso47,I want another ep where they go to Stalliongrad
0:02:14,@delta-v4x,East Germany
0:02:14,@SonataDidIt,"twistsr,aaa"
0:02:14,@jo3a548,CUTE OUTFITS
0:02:14,@ADWLOVERANDMM2,GAYYYYYYYYY
0:02:14,@Aromaticgrassitem,"they are like, both dark horses"
0:02:14,@pinkpupbutt9299,YYOOOOO
0:02:16,@PoppinCornBaby,Sus
0:02:17,@solarismare,fluttershy sharting
0:02:18,@amandapeters3100,I'm more excited for the new shrimpo and Tisha new video 
0:02:20,@Kinahwuzhere,Blushing!!!!!
0:02:23,@laurenbrowne8514,Mlp Verizon of Italy I’m crine 
0:02:23,@CocoMikea,tamer pls do a monster high one!
0:02:23,@jennythebean9117,Gay
0:02:25,@beepbeepok,why the fuck is there a narrater
0:02:26,@pinkpupbutt9299,WEREPONIES REAL
0:02:27,@lurker-i5m,why would she not be a hot werewolf 
0:02:28,@jennythebean9117,:kiss:
0:02:29,@lordofshrimps,Ok
0:02:29,@TheMTwinny,FLUTTERSHY FARTED FIRST OH MY
0:02:29,@solarismare,taco stand lol
0:02:30,@kalebc56,how did tamrs know??
0:02:31,@WithoutFlaw,HOGWARTS
0:02:32,@WithoutFlaw,LMAO
0:02:32,@freynoso47,"poor fluttersh*ts getting left out by the girls, as always"
0:02:35,@LightTim,THE WAY THE STORY IS MORPHING
0:02:37,@solarismare,67!
0:02:37,@beepbeepok,old train
0:02:37,@woxiangshuozhongwen,LMAO RARIRTY
0:02:37,@jo3a548,FUCK YEAH TACOS
0:02:38,@solarismare,67!!!!
0:02:39,@ORYX_999,bro I just realized twilight has so many powers
0:02:39,@UngulaPropriaRQ,67
0:02:40,@Hyloaf,67
0:02:40,@va_fail,and pinkie is here too
0:02:41,@solarismare,67!!!
0:02:41,@Gwenniepiggy,67
0:02:41,@jo3a548,6 7
0:02:42,@LightTim,IS BREAKING MY SIDES
0:02:43,@jennythebean9117,And fluttershy
0:02:43,@ෆKevrine_Kmෆ,I'M A MINI A MINI MINI CREWMATE-
0:02:43,@LightTim,67
0:02:44,@solarismare,67
0:02:46,@slitherwing30,Meatball subs are gas 
0:02:46,@PwnyHipster,67
0:02:46,@valoryvapeskin6965,Good lord
0:02:47,@beepbeepok,NOOOOOO
0:02:47,@solarismare,6 7!
0:02:48,@neargaming2057,Will we see Zecora?
0:02:48,@hollywareham6810,noooo
0:02:51,@scall0p31w,67
0:02:52,@jennythebean9117,67
0:02:55,@Aromaticgrassitem,"THE RICH GET RICHER, RARITY IS MAKIN IT"
0:02:57,@beepbeepok,bruh
0:02:58,@solarismare,fluttershy caked up
0:02:58,@Slackjaw55,marewolf missed opportunity
0:02:58,@lilmacfarlan3,67
0:02:59,@power2meChannel,omg 
0:03:00,@Jax_funny_bunny,67
0:03:00,@mr.bananaman9805,67
0:03:01,@jennythebean9117,Mmmmmm tacos
0:03:02,@freynoso47,"I like the premise of this episode, the snow setting is comfy"
0:03:06,@solarismare,I love fwaless
0:03:06,@pinkpupbutt9299,YOOOO THEY LOOK SO COOL
0:03:06,@jennythebean9117,67
0:03:07,@Solums,67 why
0:03:08,@pixelated6451,miluwakee protocol
0:03:08,@solarismare,fwales...
0:03:09,@lordofshrimps,Why is Flawless aura farming like a vammpire
0:03:11,@beepbeepok,🫩
0:03:13,@jennythebean9117,Yummy
0:03:13,@BrownPilledFartCel,67
0:03:17,@pinkpupbutt9299,SLAY
0:03:18,@solarismare,OH NO VAMPRIES
0:03:19,@UngulaPropriaRQ,to be fair with you tacos are baller 
0:03:23,@delta-v4x,Why is marshmallow talking
0:03:23,@Padtygalaxy,Trixie wear resident evil outfit
0:03:24,@jo3a548,Vampires?
0:03:25,@Yourlocalhugger,Pinkie just looks silly and I luv it
0:03:26,@power2meChannel,67
0:03:27,@AkitoKitsune,GUYS WE ARE ALL CRACKING WEREWOLF TWILIGHT
0:03:27,@pinkpupbutt9299,YOOO
0:03:27,@woxiangshuozhongwen,PONY VOLTOURI
0:03:28,@beepbeepok,LOOK AT
0:03:29,@valoryvapeskin6965,Oh it's THEM!
0:03:29,@Aromaticgrassitem,"6 million tacos, baby"
0:03:30,@SketchyZero,Bat Ponies??!!
0:03:30,@jennythebean9117,Mood
0:03:31,@solarismare,THE BATs
0:03:31,@ෆKevrine_Kmෆ,AYO
0:03:33,@Yourlocalhugger,WE LOVE YOU TAMERs
0:03:34,@beepbeepok,WHATTT
0:03:34,@jo3a548,LSDAFOASLFASOFL
0:03:34,@UngulaPropriaRQ,AAAAAAAAA VAMPIRES 
0:03:35,@pixelated6451,SON 
0:03:35,@pinkpupbutt9299,AYO
0:03:36,@TheMTwinny,"""THE MY LITTLE PONY VERSION OF ITALY"""
0:03:36,@solarismare,SKYWISHES?
0:03:36,@SonataDidIt,wtf
0:03:37,@solarismare,WTF
0:03:38,@iamboomer7805,rarity...
0:03:38,@jo3a548,ENTER
0:03:39,@solarismare,HI SKYWISHES
0:03:39,@hollywareham6810,lol
0:03:39,@power2meChannel,ew haha
0:03:39,@shrimpkuuu,LMFAO
0:03:41,@beepbeepok,NAHHH WHY SHE LICKINGGG
0:03:42,@JarriusWoods-c3l9f,:face-purple-smiling-tears::face-purple-smiling-tears::face-purple-smiling-tears::face-purple-smiling-tears:
0:03:42,@freynoso47,LEGO BAT PIECES
0:03:42,@Hexen_4444,I don't think it snows this much in Italy
0:03:43,@nico22999,They better
0:03:43,@xamxsu,WOOOOOOOOOO
0:03:44,@dovaak,scary
0:03:44,@pinkpupbutt9299,DAMN
0:03:44,@læeesz,rarity is so real
0:03:45,@NubMcMoofin,:exploding_head::exploding_head::exploding_head::exploding_head::smiling_face_with_hearts:
0:03:45,@solarismare,SKYWISHES IS A VAMPIRE?
0:03:45,@slitherwing30,UH OH
0:03:46,@Tamers12345MLP,Fuck I regret not using marewolf instead now
0:03:46,@solarismare,WTF
0:03:46,@Padtygalaxy,I’m getting resident evil feelings
0:03:47,@ADWLOVERANDMM2,Ahahahah
0:03:48,@Yourlocalhugger,I tROLL MY FRIENDS WITh YOu DW VIDS
0:03:49,@solarismare,WHAT THE FUCK
0:03:49,@mr.bananaman9805,i think you got transylvania and italy mixed up
0:03:49,@SonataDidIt,wishes
0:03:49,@pinkpupbutt9299,DAMN
0:03:49,@QuietCicada99,SKYWISHES 
0:03:50,@nico22999,whoaaaaa
0:03:50,@lordofshrimps,whatever
0:03:50,@UngulaPropriaRQ,oh she's definitely a vampire 
0:03:51,@IONindustries627,OH
0:03:51,@Dorky_Crow,Rarity is a weirdo
0:03:51,@xd_mars,YOOOO SHE FINEEEEEE
0:03:51,@WithoutFlaw,NOOO WAAAAAAAAAYYYYYYYY
0:03:51,@pinkpupbutt9299,DAMN
0:03:52,@moisturizer1355,Yoooooo
0:03:52,@santiagosoto288,she's alive
0:03:52,@GlimmyGOD,hazbin hotel vibes 
0:03:53,@beepbeepok,i am not going on there
0:03:53,@nico22999,Cute
0:03:54,@kalebc56,shes italian????
0:03:54,@solarismare,WHAT DO YOU MEAN SHE IS A VAMPIRE 
0:03:54,@UltimateStarky,oh
0:03:56,@Gwenniepiggy,the taco stand is giving shrek Chimichanga stand
0:03:56,@power2meChannel,okay slaaaay
0:03:56,@Ponk1,oh naah
0:03:57,@jennythebean9117,MLP version of Italy 
0:03:57,@shadey_z1241,Nice
0:03:57,@beepbeepok,she tall to
0:03:57,@Joseph-e8y3v,smash
0:04:01,@Aromaticgrassitem,marewolf was clever
0:04:02,@hollywareham6810,yooooooo
0:04:03,@solarismare,fwaless!
0:04:03,@Nander___,she's even older now
0:04:04,@jo3a548,Diaper
0:04:04,@power2meChannel,smash
0:04:04,@neargaming2057,HOW IS SKY WISHES ALIVE
0:04:05,@moisturizer1355,Sky??!!!
0:04:05,@Solums,smash
0:04:05,@beepbeepok,bruh
0:04:06,@SramLabs,WAIT WHAT!
0:04:07,@agoatheadbaby3512,Hey! It's What's her Face!
0:04:10,@TheMTwinny,Oh that's Skywishes
0:04:10,@solarismare,she does
0:04:10,@jennythebean9117,She look gay
0:04:12,@UngulaPropriaRQ,valid crashout pinkie 
0:04:12,@The_Official_Douchebag,I want to clop with that poney
0:04:12,@Padtygalaxy,Diaper!
0:04:12,@pinkpupbutt9299,YO
0:04:13,@beepbeepok,HAHA
0:04:13,@IONindustries627,NO WAYYYYY
0:04:14,@power2meChannel,omg XD
0:04:15,@SketchyZero,Dipper Pinkie?
0:04:15,@NitroboneExtinct,WHO IS THIS AGAIN?
0:04:16,@roberthoelting3430,Rarity just bought a Tight Tacos franchise
0:04:17,@ADWLOVERANDMM2,YOOO
0:04:18,@lilmacfarlan3,Fffucking wow
0:04:18,@hollywareham6810,lol
0:04:20,@delta-v4x,Pinkie is based
0:04:24,@jennythebean9117,SKYWISHES!
0:04:26,@UltimateStarky,based
0:04:26,@UporotijUtug,but... That's usually a thing for Romania (most likely stolen from Italy but eh)
0:04:27,@power2meChannel,these faces XD
0:04:27,@Tamers12345MLP,Vampires are immortal or some shit
0:04:27,@UngulaPropriaRQ,sometimes you just want to squat and drop 
0:04:28,@solarismare,SKYWISHES!!!!!!!
0:04:30,@lilmacfarlan3,Pamper Pie
0:04:31,@woxiangshuozhongwen,Rarity so smart
0:04:32,@TheMTwinny,Lol I already forgotten who Skywishes is haha hee
0:04:32,@beepbeepok,..
0:04:33,@Padtygalaxy,2 time diaper been seen in series
0:04:34,@freynoso47,"so is the my little pony version of italy, the equestria equivalent of transylvania"
0:04:35,@solarismare,twilight borkle
0:04:35,@KvVuld,based
0:04:36,@jo3a548,cute
0:04:36,@Aromaticgrassitem,piss and shitville
0:04:36,@jennythebean9117,Me too 
0:04:36,@pinkpupbutt9299,YOO
0:04:40,@ptkebr,"@Tamers12345MLP if she's a vampire, why isn't she in Transylvania?"
0:04:41,@NubMcMoofin,:smiling_face_with_hearts:
0:04:41,@luiseduardoramirezarmenta9453,reeeeeeee
0:04:41,@Hexen_4444,ABDL
0:04:42,@Dorky_Crow,Doesn't Garlic kill vampires?
0:04:42,@boxboy-q5p,yooooooooo this is cool
0:04:44,@beepbeepok,WHATTT
0:04:46,@woxiangshuozhongwen,NERD
0:04:47,@luiseduardoramirezarmenta9453,:egg2::egg2::egg2::egg2::egg2:
0:04:47,@jo3a548,cute
0:04:47,@sadraiju808,I think I love were-Twi
0:04:47,@va_fail,it's more romania 
0:04:48,@shrimpkuuu,Oh my god she’s a small dog
0:04:49,@jennythebean9117,lol 
0:04:50,@pinkpupbutt9299,LMAO
0:04:51,@delta-v4x,Bork-bork
0:04:53,@Tamers12345MLP,I learned that from twilight when I made the Sonic underground twilight parody
0:04:54,@solarismare,DO NOT KILL SKYWISHES
0:04:54,@shrimpkuuu,Teacup Twi
0:04:56,@Dorky_Crow,no wait doesnt any bulbous plant like garlic or onion kill a vampire?
0:04:57,@FForox11GO,butte
0:04:59,@pinkpupbutt9299,LMAO
0:04:59,@solarismare,SKYWISHES!!!!!!
0:05:00,@jennythebean9117,Save her
0:05:01,@beepbeepok,nice
0:05:03,@PwnyHipster,She still has leukemia
0:05:04,@SketchyZero,WAIT wasn't were Twilight Foreshadowed in the Death of Trixie Lulumoon
0:05:06,@solarismare,yay I love books!
0:05:07,@hollywareham6810,dam
0:05:07,@valoryvapeskin6965,Lmao that's cannon!?
0:05:09,@kalebc56,:blue_circle::blue_circle::waving_hand:
0:05:12,@jestermaxxed,omg i forgot pinkie has cancer
0:05:12,@liquidtamers12345,leukemia arc
0:05:13,@Slackjaw55,YOOOO LEUKEMIA
0:05:15,@solarismare,backkground ponies lol
0:05:15,@freynoso47,also is sky wishes the mlp version of netflix's castlevania's dracula
0:05:16,@jo3a548,NO
0:05:17,@TheMTwinny,Pinkie you need to stop being so extra
0:05:18,@woxiangshuozhongwen,STARLIGHT *GLIMMER* THE PONY VAMPIRE
0:05:19,@solarismare,yes she did
0:05:22,@jennythebean9117,:loudly_crying_face::loudly_crying_face::loudly_crying_face::loudly_crying_face:
0:05:22,@beepbeepok,talker room?
0:05:22,@pinkpupbutt9299,LOL
0:05:23,@SketchyZero,At the part where she dressed like a dog
0:05:23,@domamechstudio,im seeing but cheeks
0:05:24,@Aromaticgrassitem,this manor mare is cool
0:05:24,@LightTim,BACKGROUND
0:05:26,@Hyloaf,owned
0:05:26,@The_Official_Douchebag,SONIC UNDERGROUNDS MENTIONED THIS TOTALLY MEANS WE WILL GET ANOTHER EPISODE CHAT
0:05:28,@beepbeepok,HHA
0:05:28,@ptkebr,MY EYES
0:05:30,@jo3a548,OH NO
0:05:32,@AkitoKitsune,imagine
0:05:33,@jennythebean9117,She have the cancer 
0:05:33,@solarismare,in italy lol
0:05:37,@lilmacfarlan3,I love how you’re here with us tamers this is wonderful
0:05:37,@delta-v4x,BLOOD MOON RISING
0:05:38,@beepbeepok,jesus christ
0:05:39,@jo3a548,run tirxie
0:05:39,@solarismare,great and powerful twixie
0:05:39,@TheMTwinny,Y'all background ponies 
0:05:41,@beepbeepok,SHE IS
0:05:41,@Padtygalaxy,resident evil feeling
0:05:41,@hollywareham6810,bros cooked
0:05:43,@solarismare,OH NO
0:05:43,@pinkpupbutt9299,WOWZA
0:05:44,@KarenFerranti-h4s,TAMERS I HAVE AN EPISODE IDEA FOR DANDYS WORLD SERIES: BOXTENS EVIL YANDERE SIDE FOR ASTRO
0:05:44,@beepbeepok,SHE ISSSSSS
0:05:44,@moisturizer1355,If Twilight is supposed to be a reincarnation of Sky wishes; why is she alive?
0:05:45,@jo3a548,ASLFOASFLASFOASLF
0:05:47,@lordofshrimps,Whatever bro
0:05:47,@UngulaPropriaRQ,DAMN WHAT A MOVE 
0:05:48,@solarismare,NOOO DO NOT HURT HEr
0:05:49,@Yourlocalhugger,She vampire?
0:05:50,@beepbeepok,oh
0:05:52,@ADWLOVERANDMM2,Ahahahahaha
0:05:53,@foreverlikeatheorem,I can confirm this is what italy looks like
0:05:53,@pinkpupbutt9299,DAMN
0:05:53,@Gwenniepiggy,ooh get her trixie
0:05:53,@beepbeepok,KNEW IT
0:05:53,@Exiledlama,LMAO
0:05:53,@Yourlocalhugger,O:
0:05:55,@ADWLOVERANDMM2,Yo
0:05:55,@WithoutFlaw,:skull:
0:05:55,@solarismare,OH SHIT
0:05:56,@pixelated6451,Terraria
0:05:57,@solarismare,BAT PONY
0:06:00,@Hexen_4444,never liked Italy anyway
0:06:00,@solarismare,AAAAAAAAA
0:06:01,@shadey_z1241,Oh shit
0:06:03,@solarismare,LOUD NOISE
0:06:04,@beepbeepok,YEAHH
0:06:04,@slitherwing30,Sky wishes used supersonic
0:06:05,@jo3a548,AAAAAAAAAAAA
0:06:07,@power2meChannel,awww so tiny
0:06:07,@PoppinCornBaby,Well that was fast
0:06:08,@ෆKevrine_Kmෆ,@jennythebean9117 huh-
0:06:08,@pinkpupbutt9299,WHAT THE FUCK
0:06:08,@roberthoelting3430,touhou moon
0:06:09,@Padtygalaxy,Rip headphone user
0:06:10,@UltimateStarky,mama mia
0:06:11,@jo3a548,NOOOOOOOOOOOOOOOOOOOOOOO
0:06:12,@SkullCalipers,Chomp
0:06:12,@lordofshrimps,oh my god
0:06:13,@delta-v4x,Trixie Survivor
0:06:14,@pinkpupbutt9299,DAMN
0:06:14,@UngulaPropriaRQ,OH NO 
0:06:14,@NubMcMoofin,:exploding_head::exploding_head:
0:06:14,@beepbeepok,NOOO
0:06:15,@pinkpupbutt9299,DAMN
0:06:15,@QuietCicada99,NOOOOO
0:06:16,@xd_mars,OMGGGGG
0:06:17,@pinkpupbutt9299,DAMN
0:06:17,@ponytart,fuckin zubaaaat
0:06:18,@Yourlocalhugger,NO TRIXIE
0:06:19,@agoatheadbaby3512,NOOOOO
0:06:19,@jennythebean9117,Trixie Vampire Slayer?
0:06:21,@Solums,epic battle tamers
0:06:22,@shrimpkuuu,OMG
0:06:22,@solarismare,TWIXIE!
0:06:22,@jo3a548,OH FUCK
0:06:23,@NitroboneExtinct,IS PARCELCORE COMING BACK?
0:06:23,@power2meChannel,mama a vamp gothu
0:06:23,@TheMTwinny,OH NO
0:06:23,@Aromaticgrassitem,Trixpire baby!!!
0:06:24,@LeslieTait,NAHHHHHH
0:06:24,@neargaming2057,Welp
0:06:25,@pinkpupbutt9299,WOW
0:06:26,@Ponk1,Rip
0:06:26,@lordofshrimps,thats very freaky miss
0:06:26,@va_fail,i mean bat form 
0:06:28,@rockyroad2256,She used screech and it’s super effective 
0:06:28,@beepbeepok,oh noo
0:06:28,@AkitoKitsune,damn
0:06:30,@jennythebean9117,Epic Fight
0:06:31,@pinkpupbutt9299,WHAT THE FUCK
0:06:32,@freynoso47,This reminds me of that episode where Sonic's lover Bartleby was a vampire
0:06:32,@SellyWelly7,Absolute cinema
0:06:33,@agoatheadbaby3512,TRIXIE NOOOOOO
0:06:34,@solarismare,shadow!!!
0:06:34,@hollywareham6810,bros cool
0:06:36,@jo3a548,AAAAAAAAAAAAAAAAAAAA
0:06:37,@domamechstudio,you mean mister
0:06:41,@solarismare,i love you skywishes!
0:06:41,@Gwenniepiggy,holy shit
0:06:42,@hollywareham6810,I meant cook
0:06:42,@Padtygalaxy,Oh vimp vs werewolf 
0:06:43,@jennythebean9117,Don’t bite me I’m type 2
0:06:44,@liquidtamers12345,trixie washed in 0.0001 seconds
0:06:46,@delta-v4x,EVERYPONY
0:06:46,@pinkpupbutt9299,GOD DAMN
0:06:47,@solarismare,where is starcatcher @Tamers12345MLP 
0:06:48,@beepbeepok,..
0:06:50,@jo3a548,OH FGUCK
0:06:52,@solarismare,SLAP
0:06:53,@woxiangshuozhongwen,LMAO
0:06:53,@UngulaPropriaRQ,OH DAMN 
0:06:54,@luiseduardoramirezarmenta9453,what :skull:
0:06:55,@jo3a548,DAYUMMM
0:06:58,@lilmacfarlan3,Trixie bloodmoon 
0:06:58,@vodka5988,kek
0:06:58,@jennythebean9117,Nooooooooo
0:06:59,@liquidtamers12345,Lmao
0:06:59,@pinkpupbutt9299,YO
0:07:00,@woxiangshuozhongwen,DAUYM
0:07:02,@beepbeepok,zamn
0:07:02,@pixelated6451,you just become mandom
0:07:03,@power2meChannel,lol
0:07:03,@Exiledlama,LMAO
0:07:03,@pixelated6451,lol
0:07:04,@beepbeepok,HAHAA
0:07:05,@UltimateStarky,like Dio...
0:07:05,@Aromaticgrassitem,yeaaaah!
0:07:05,@slushyhusky.ed1ts,whats up with the hazbinhotel music :loudly_crying_face:
0:07:05,@woxiangshuozhongwen,WHAY A GYATT
0:07:05,@freynoso47,dayum
0:07:05,@ෆKevrine_Kmෆ,Ah. 
0:07:06,@lordofshrimps,yeah all vampires can do that
0:07:06,@pixelated6451,MANDOM
0:07:07,@TheMTwinny,LMAO
0:07:08,@LeslieTait,LOL
0:07:08,@SkullCalipers,She let it happen
0:07:08,@mlpfimguy,KEK
0:07:10,@pixelated6451,MANDOM
0:07:10,@PwnyHipster,Max Caulfield
0:07:10,@xamxsu,:loudly_crying_face:
0:07:11,@QuietCicada99,OHSHIT
0:07:13,@valoryvapeskin6965,Sheeeesh~
0:07:14,@shadey_z1241,Bruh
0:07:14,@pinkpupbutt9299,LMAO
0:07:15,@freynoso47,She gave her the Aleena x Flora treatment lmao
0:07:16,@CozyYote,god damn it im late
0:07:16,@solarismare,OH SHIT
0:07:17,@beepbeepok,uh
0:07:18,@jennythebean9117,Vampire x Werewolf 
0:07:19,@ADWLOVERANDMM2,LOL
0:07:20,@solarismare,fwuttershy!
0:07:22,@ptkebr,the true mare's world!
0:07:23,@solarismare,LESBIAN
0:07:24,@solarismare,LESBIAN
0:07:24,@power2meChannel,nooo dont do it
0:07:25,@Hexen_4444,um actually ahh moment
0:07:25,@solarismare,LESBIAN
0:07:26,@hollywareham6810,wild
0:07:26,@pinkpupbutt9299,SHES GAY
0:07:28,@va_fail,hey applepackage son is also vampire he should have cameo 
0:07:29,@jennythebean9117,Me too Trixie
0:07:29,@ෆKevrine_Kmෆ,HOLY SPIRIT ACTIVATE 
0:07:30,@valoryvapeskin6965,Smash!
0:07:30,@PwnyHipster,LUL
0:07:31,@beepbeepok,HAHAA
0:07:32,@sadraiju808,those damn nails
0:07:32,@ADWLOVERANDMM2,AHAHAHHAHA
0:07:33,@NubMcMoofin,:face_savoring_food:
0:07:33,@hollywareham6810,lol
0:07:34,@power2meChannel,lol
0:07:36,@ෆKevrine_Kmෆ,SHE'S LESBIAN
0:07:36,@luiseduardoramirezarmenta9453,reeeeeeee
0:07:36,@mr.bananaman9805,LESBIAN
0:07:37,@LightTim,STRAIGHT PUNCH ATTACK
0:07:38,@SkullCalipers,"""Oh drat"""
0:07:38,@Gwenniepiggy,AH HER NAILS
0:07:38,@vdn2468,lol
0:07:38,@pinkpupbutt9299,YEA
0:07:39,@Angela-l2w6s,hi
0:07:40,@UltimateStarky,lesbian
0:07:40,@bradypurvis,TRIXIE! SMASH!
0:07:40,@pinkpupbutt9299,SLAY
0:07:41,@beepbeepok,her spike nails
0:07:41,@freynoso47,LEAVE MY CHINESE PONY ALONE
0:07:42,@solarismare,12 dollars....
0:07:43,@nico22999,The monotone insults lmao
0:07:44,@TheMTwinny,Ayo Rarity
0:07:45,@Tamers12345MLP,damn rarity is kinda sexy...
0:07:47,@xd_mars,The Nails lmaooo
0:07:47,@woxiangshuozhongwen,I ALWAYS THOUGHT RARITY WAS HOT NGL
0:07:49,@power2meChannel,the fingers lol
0:07:51,@solarismare,so true tamers
0:07:51,@beepbeepok,HAHA
0:07:53,@ෆKevrine_Kmෆ,WHAT
0:07:54,@jestermaxxed,she's so bad...
0:07:57,@beepbeepok,what did i just hear
0:07:59,@LightTim,Real tamers
0:07:59,@ෆKevrine_Kmෆ,Fr
0:08:00,@LightTim,Real
0:08:02,@jennythebean9117,Fr fr
0:08:02,@agoatheadbaby3512,Why not rewind time to before Trixie was bitten? Is she stupid?
0:08:02,@jo3a548,LOADSLASDOLAFDOL
0:08:02,@bradypurvis,@Tamers12345 Damn right.
0:08:04,@hollywareham6810,it's back
0:08:04,@delta-v4x,Fluttershy is jacked
0:08:04,@solarismare,CONGEALED?
0:08:05,@UngulaPropriaRQ,"""suffering"" na twilight wants to keep the nose "
0:08:05,@beepbeepok,SHES THERE
0:08:06,@Hexen_4444,Fluttershy is a part of Straight Pride
0:08:08,@JarriusWoods-c3l9f,:face-purple-smiling-tears::face-purple-smiling-tears:
0:08:10,@solarismare,twilight doggle
0:08:11,@hollywareham6810,it's gone
0:08:12,@beepbeepok,heee
0:08:13,@ෆKevrine_Kmෆ,She's like Teagan... 
0:08:13,@power2meChannel,lol
0:08:13,@freynoso47,damn i know rarity's got some tacos but she also got some CAKE
0:08:14,@WithoutFlaw,@Tamers12345MLP your design of Skywishes is fire
0:08:15,@woxiangshuozhongwen,SO BUFF
0:08:15,@LightTim,"Hey tamers, who wins in a fight? Fluttershy, or blueblood?"
0:08:15,@jennythebean9117,True Rarity 
0:08:17,@UltimateStarky,when will Sunset Shimmer come back
0:08:17,@PoppinCornBaby,Vamps vs Werewolves?
0:08:17,@AkitoKitsune,WE ARE ALL CRACKING RARITY
0:08:18,@xd_mars,Cutieeee
0:08:20,@pinkpupbutt9299,LOL
0:08:20,@applebloom2307,IM LATE GUYS 
0:08:21,@Yourlocalhugger,I’m a bisexual 
0:08:21,@PwnyHipster,based Twi
0:08:23,@SonataDidIt,twilight cutie
0:08:26,@jennythebean9117,True Pinkie
0:08:27,@jo3a548,Will there be a Twilight reference?
0:08:27,@hollywareham6810,I'm not
0:08:27,@applebloom2307,What did I miss?????
0:08:27,@solarismare,SHE GOT THAT DAWG IN HER
0:08:34,@valoryvapeskin6965,Pubby!
0:08:34,@Tamers12345MLP,Trixie already forgot she can just rewind time because she's a little bit retarded
0:08:35,@TheMTwinny,Ayo that Twilight scene looks dope Tamers
0:08:35,@solarismare,skywishes!
0:08:35,@PwnyHipster,doggo
0:08:35,@applebloom2307,EEEE FLAWLESS IS HEREEEE
0:08:36,@Lucario4thewin,damn dog
0:08:36,@va_fail,dog
0:08:36,@pixelated6451,woof.
0:08:36,@NubMcMoofin,:smiling_face_with_hearts::smiling_face_with_hearts:
0:08:38,@pinkpupbutt9299,Shes so puppy 
0:08:39,@Hexen_4444,this is definitely a Fetish
0:08:39,@agoatheadbaby3512,That was fast.
0:08:40,@liquidtamers12345,taco tuesday cancelled..
0:08:41,@jennythebean9117,Eat Homework 
0:08:42,@delta-v4x,SECRET BUT FUN
0:08:43,@Gwenniepiggy,she kinda looks like Spike in EQ
0:08:49,@solarismare,hi rarity
0:08:49,@freynoso47,Scooby Twilight Doo
0:08:50,@power2meChannel,definitely rewatching on Halloween
0:08:51,@Yourlocalhugger,TAMERS MAKe US BFDI VIDEOS AND MY LIFE IS YOURS-
0:08:52,@ෆKevrine_Kmෆ,LOL
0:08:53,@jennythebean9117,Puppy
0:08:54,@UltimateStarky,no hooves
0:08:54,@solarismare,she caked up
0:08:55,@Angela-l2w6s,so cute :smiling_face_with_hearts:
0:08:56,@lilmacfarlan3,Head pats 
0:08:57,@hollywareham6810,dam
0:08:58,@liquidtamers12345,peak
0:08:58,@jo3a548,DAYUUUUUUUUUM
0:08:59,@beepbeepok,HAHAA
0:08:59,@pinkpupbutt9299,DAMN
0:09:00,@woxiangshuozhongwen,CAKE
0:09:02,@domamechstudio,rarity and pinkie pie but cheeks reveal pt2
0:09:02,@Tamers12345MLP,Who the fuck is spike?
0:09:05,@Solums,she cute as wolf
0:09:05,@beepbeepok,GYAATTTTTTTT
0:09:07,@slushyhusky.ed1ts,what is this twilight 
0:09:08,@solarismare,who is spike?
0:09:08,@jo3a548,SLADAOPSDFLASFOASFLOALSFLSA
0:09:09,@xd_mars,Frl
0:09:13,@ෆKevrine_Kmෆ,NOT RARTIY WATCHING FROM THE WINDOW 
0:09:13,@Aromaticgrassitem,Lesbian Taco Thursday is cancelled due to aggressive dating
0:09:14,@pixelated6451,...??????
0:09:17,@jo3a548,oh hell yeah
0:09:20,@beepbeepok,dragon is spike
0:09:21,@solarismare,rarity wtf
0:09:21,@jo3a548,Rarity to the rescue
0:09:22,@ADWLOVERANDMM2,WHATTTTTT
0:09:24,@LeslieTait,HUH
0:09:25,@liquidtamers12345,I want to believe spike got the dr strange spell and we all just forget he exists.
0:09:26,@lilmacfarlan3,Head
0:09:26,@jennythebean9117,Oh shit vampires owes the tacos
0:09:26,@agoatheadbaby3512,Rarity no.
0:09:28,@ෆKevrine_Kmෆ,Bro doesn't know whose spike :broken_heart:
0:09:28,@domamechstudio,spoke is an stupid ahh dragon
0:09:28,@woxiangshuozhongwen,RARITY IS MY FAV
0:09:28,@beepbeepok,:crossed_fingers:
0:09:30,@power2meChannel,lol
0:09:31,@Gwenniepiggy,uh the dragon duh
0:09:32,@freynoso47,Rarity got some secret evil plans of her own
0:09:33,@va_fail,poor rarity
0:09:34,@ADWLOVERANDMM2,EYOOOOOOO
0:09:33,@beepbeepok,haha
0:09:36,@applebloom2307,Lol she jumped at that
0:09:37,@boxboy-q5p,wth:loudly_crying_face:
0:09:37,@woxiangshuozhongwen,DAMN THAT CAKE
0:09:38,@SalteySal,I cant tell if its delayed for me
0:09:39,@Yourlocalhugger,GAY?..
0:09:40,@pixelated6451,you didnt have to draw her like that oh my godd
0:09:41,@ෆKevrine_Kmෆ,PINKIE IS MY FAV
0:09:44,@pinkpupbutt9299,LOL
0:09:45,@Hexen_4444,Rarity is on a list
0:09:45,@DemonteBrown-c9m,ok what
0:09:46,@Angela-l2w6s,why??
0:09:46,@power2meChannel,lmao
0:09:47,@agoatheadbaby3512,Pinkie Pie please just learn how to be potty trained.
0:09:47,@beepbeepok,sideways
0:09:47,@LeslieTait,:anguished_face:
0:09:47,@solarismare,oh noooo
0:09:48,@jennythebean9117,Help Your Friends 
0:09:49,@SkullCalipers,:yellow_circle::yellow_circle:
0:09:54,@valoryvapeskin6965,Wait... Where is rainbow?
0:09:56,@Yourlocalhugger,KISS
0:09:58,@Dorky_Crow,Rarity is something else
0:10:01,@beepbeepok,
0:10:01,@sadraiju808,who doesn't his Pinkie?
0:10:01,@DemonteBrown-c9m,nothing n3w
0:10:02,@pinkpupbutt9299,NOOO
0:10:02,@power2meChannel,letttsss gooo
0:10:03,@jennythebean9117,Kiss
0:10:03,@va_fail,noo leave rarity alone
0:10:03,@PwnyHipster,I can't tell if pinkie is lying or not
0:10:04,@ok7777-j3s,wtf
0:10:05,@Dorky_Crow,DAMN
0:10:06,@solarismare,oooooof
0:10:07,@Yourlocalhugger,FLUTTERPIE KISS NO
0:10:08,@xd_mars,Bhahahahaa
0:10:09,@ෆKevrine_Kmෆ,LOL
0:10:09,@jestermaxxed,DO NOT BELIEVE HER LIES
0:10:11,@pinkpupbutt9299,I KNEW IT
0:10:11,@UngulaPropriaRQ,I TOLD YOU FLUTTERSHY 
0:10:12,@slushyhusky.ed1ts,oof
0:10:12,@beepbeepok,dang
0:10:13,@pinkpupbutt9299,PINKY
0:10:14,@Padtygalaxy,She has wings
0:10:14,@ෆKevrine_Kmෆ,POOR FLUTTERSHY 
0:10:15,@Yourlocalhugger,3:
0:10:18,@pinkpupbutt9299,YOU RUDE LOSER
0:10:19,@Yourlocalhugger,Why maa
0:10:21,@PwnyHipster,yup lying
0:10:22,@ෆKevrine_Kmෆ,Oh
0:10:23,@Gwenniepiggy,girl can literally fly
0:10:24,@solarismare,hahahaah
0:10:24,@TheMTwinny,Lmaooooooooo
0:10:25,@ADWLOVERANDMM2,GAYTTTTTT
0:10:25,@beepbeepok,just fly:smiling_face_with_tear:
0:10:28,@jo3a548,DESERRCVED
0:10:29,@ෆKevrine_Kmෆ,She has wings. 
0:10:30,@solarismare,pinkie dead
0:10:31,@slushyhusky.ed1ts,DAMB
0:10:31,@jennythebean9117,Fight Fight Fight
0:10:31,@laurenbrowne8514,FLUTTERSHY has wings…
0:10:37,@JarriusWoods-c3l9f,:face-purple-sweating:
0:10:37,@solarismare,CAP
0:10:38,@Lucario4thewin,pinkie uses that sob story again
0:10:40,@solarismare,CAAAA{
0:10:42,@applebloom2307,Clicked yes so quick
0:10:45,@jo3a548,WHAT
0:10:46,@PwnyHipster,Yes
0:10:46,@DemonteBrown-c9m,yes
0:10:46,@liquidtamers12345,Lmao
0:10:47,@beepbeepok,NOOOO
0:10:47,@delta-v4x,Here comes TRIXIEEEEE
0:10:47,@Hexen_4444,Yes :moai:
0:10:48,@NubMcMoofin,:face_holding_back_tears::face_holding_back_tears:
0:10:49,@ok7777-j3s,oh
0:10:49,@agoatheadbaby3512,AAAAA
0:10:50,@xd_mars,Yes ofc
0:10:50,@Yourlocalhugger,Welp
0:10:51,@power2meChannel,WOW
0:10:51,@slushyhusky.ed1ts,OH NO
0:10:52,@shrimpkuuu,PINKIE NO
0:10:53,@AkitoKitsune,YES
0:10:53,@Joseph-e8y3v,yes
0:10:55,@UngulaPropriaRQ,A KNIFE?????
0:10:55,@solarismare,who dat
0:10:58,@pinkpupbutt9299,YOOOOO
0:10:59,@boxboy-q5p,hell no why:loudly_crying_face:
0:10:59,@pixelated6451,#packwatch
0:11:00,@SkullCalipers,Good transition
0:11:02,@ok7777-j3s,yes
0:11:04,@TheMTwinny,Oh that wasn't Trixie
0:11:04,@pinkpupbutt9299,OMG
0:11:05,@SketchyZero,Will Sombra Appear?
0:11:05,@applebloom2307,Wait who
0:11:05,@jo3a548,OH FUCK
0:11:06,@laurenbrowne8514,Oop pinkies dead 
0:11:08,@agoatheadbaby3512,WAIT IT WAS FREAKING MARIONETTE
0:11:09,@jennythebean9117,Oh no!
0:11:10,@freynoso47,HOLY CRAP PINKIE PIE FROM THE HIT SERIES MY LITTLE PONY IS DEAD
0:11:12,@BrownPilledFartCel,cool transition dude
0:11:14,@UporotijUtug,Romanians...
0:11:15,@pinkpupbutt9299,DAMN
0:11:15,@ෆKevrine_Kmෆ,WOAH
0:11:16,@laurenbrowne8514,IS IT MARYYYY
0:11:18,@beepbeepok,damn
0:11:18,@xd_mars,YURIIIII
0:11:19,@drunkserval,What is this music
0:11:19,@liquidtamers12345,Yuri
0:11:19,@woxiangshuozhongwen,OML
0:11:20,@ෆKevrine_Kmෆ,WTFF
0:11:21,@power2meChannel,oooh lala
0:11:22,@applebloom2307,Wait Mari? Fr?
0:11:22,@slushyhusky.ed1ts,OH
0:11:25,@beepbeepok,love story
0:11:25,@xd_mars,YESSSS YURIIIII
0:11:27,@solarismare,drink a little....
0:11:29,@Gwenniepiggy,yuri time !!!!!!!!
0:11:29,@Aromaticgrassitem,cute vamp ponys
0:11:30,@Shamino1,Why does the weird OC pony look like she's been smoking weed for 3 days
0:11:30,@SalteySal,Is this Twilight as im the series not twilight sparkle
0:11:31,@jennythebean9117,Oh Shit
0:11:33,@Solums,Twilight?
0:11:33,@UporotijUtug,They will find you even in Italy
0:11:35,@ෆKevrine_Kmෆ,DO IT
0:11:35,@solarismare,I love my yuri
0:11:35,@xd_mars,VAMPIRE YURIIIII OMFGGGG
0:11:36,@power2meChannel,YURI YRI YURI
0:11:40,@slushyhusky.ed1ts,WHEREWOLF X VAMP
0:11:41,@ෆKevrine_Kmෆ,DRINK ITTTT
0:11:41,@va_fail,still better love story than twilight 
0:11:42,@jestermaxxed,surely just a little...
0:11:42,@pinkpupbutt9299,DAMN LESBIANS
0:11:42,@Tamers12345MLP,I can't believe Rainbow dash is fucking dead
0:11:43,@woxiangshuozhongwen,LESBIAN TWILIGHT
0:11:43,@shrimpkuuu,Marewolf and Batpony wives
0:11:44,@TheMTwinny,BLOODY YURI
0:11:44,@beepbeepok,wait werewolf vampire?
0:11:45,@solarismare,THAT'S HOT
0:11:47,@jennythebean9117,Supernatural Yuri!
0:11:48,@jo3a548,Oh hell yeah
0:11:52,@solarismare,BLOODY YUUUURI
0:11:52,@ADWLOVERANDMM2,HMMMM DID I INTERRUPT SOMETHING 
0:11:52,@beepbeepok,YES
0:11:52,@NubMcMoofin,:smiling_face_with_hearts::smiling_face_with_hearts::smiling_face_with_hearts:
0:11:53,@ෆKevrine_Kmෆ,... 
0:11:53,@xd_mars,PEAKKKKK
0:11:54,@hollywareham6810,crazy
0:11:54,@woxiangshuozhongwen,TWILIGHT WISHES
0:11:55,@Eclipse3462,What's upp people 
0:11:55,@Gwenniepiggy,vamp x werewolf yuri omg amazeballs
0:11:56,@drunkserval,Owari no Seraph flashbacks
0:11:56,@slushyhusky.ed1ts,DAMNNN
0:11:57,@solarismare,OMG
0:11:57,@agoatheadbaby3512,hmmmm
0:11:58,@freshglizzy3763,I'm late what I miss
0:11:58,@shrimpkuuu,AWWW HER TAIL WAG
0:11:59,@ෆKevrine_Kmෆ,OH
0:11:59,@Hexen_4444,Who's Yuri?
0:11:59,@UngulaPropriaRQ,SHES SO FAT OF BLOOD 
0:12:00,@Solums,peak
0:12:00,@solarismare,DRAINED TWILIGHT LMFAO
0:12:00,@Dorky_Crow,How did Rainbow dash died again?
0:12:00,@jestermaxxed,cinema
0:12:01,@Tamers12345MLP,Oh wait I meant Pinkie Pie lol. All of the ponies look the same to me
0:12:01,@pinkpupbutt9299,WOWZA
0:12:02,@WithoutFlaw,i'm tweaking
0:12:02,@valoryvapeskin6965,Holy Vampire Diary
0:12:02,@applebloom2307,Unffdd
0:12:02,@UngulaPropriaRQ,DAMN
0:12:03,@LeslieTait,damn..
0:12:04,@xd_mars,BHAHAHAHHAAAA
0:12:04,@lordofshrimps,This is just like Fate/Stay Night
0:12:04,@Aromaticgrassitem,Who is rainbow dash Tamers?
0:12:05,@SonataDidIt,tdots flashback
0:12:05,@pixelated6451,SONION
0:12:07,@ෆKevrine_Kmෆ,SHE'S SO SKINNY
0:12:07,@pixelated6451,OH M 
0:12:08,@Yourlocalhugger,.
0:12:09,@NubMcMoofin,:disappointed_face::disappointed_face:
0:12:09,@WithoutFlaw,CHUD TRIXIE
0:12:10,@Shamino1,Vampire Yuri is better than Pony Yuri so I approve of this.
0:12:10,@slushyhusky.ed1ts,:loudly_crying_face::loudly_crying_face:
0:12:10,@Dorky_Crow,oh pinkie LOL
0:12:11,@pixelated6451,GOD DAMN
0:12:12,@freynoso47,so Twilight is now an ex-alicorn marewolf vampire unicorn...
0:12:12,@WithoutFlaw,CHUD TRIXIE
0:12:14,@LeslieTait,YOOOOO
0:12:14,@Aromaticgrassitem,Tubby trix is cute
0:12:14,@LightTim,Rainbow dash is like johhny gat. She keeps dieing and keeps coming back
0:12:14,@TheMTwinny,Who cares about Dash fr
0:12:15,@solarismare,SHE IS SO DRAINED
0:12:17,@LUNN4T1C,LMAO
0:12:18,@delta-v4x,The great and powerful Ozempic
0:12:19,@agoatheadbaby3512,Fat pony reused.
0:12:20,@PoppinCornBaby,LMAO
0:12:21,@UltimateStarky,good
0:12:21,@minezombienia,tamers when's the next dandy's world episode so I can tell all my friends
0:12:25,@Dorky_Crow,LMAO
0:12:25,@liquidtamers12345,no
0:12:25,@jennythebean9117,Zamn
0:12:26,@power2meChannel,lmao
0:12:30,@liquidtamers12345,that is Apple Jack
0:12:31,@pixelated6451,"""i failed to see"" yeah we know"
0:12:32,@ෆKevrine_Kmෆ,uh
0:12:34,@applebloom2307,@lordofshrimps FATE MENTIONED
0:12:35,@slushyhusky.ed1ts,SHE TOOK ALL TWILIGHTS BLOOD :loudly_crying_face:
0:12:35,@pinkpupbutt9299,shes so dried up
0:12:36,@solarismare,yeah rarity
0:12:38,@Aromaticgrassitem,lmao ded pink one
0:12:40,@hollywareham6810,ones 1x1 brick
0:12:41,@ෆKevrine_Kmෆ,:loudly_crying_face:
0:12:42,@TheMTwinny,Twilight looking like Care Package that one time
0:12:43,@jennythebean9117,True 
0:12:43,@solarismare,like a horsie!
0:12:46,@applebloom2307,What the hell did I miss??? She's here now????
0:12:49,@jo3a548,cute
0:12:49,@xd_mars,Anorexic twilight 
0:12:49,@power2meChannel,lol
0:12:49,@pinkpupbutt9299,DAMN
0:12:52,@agoatheadbaby3512,The great and voluminous Trixie.
0:12:52,@NubMcMoofin,:smiling_face_with_hearts::smiling_face_with_hearts:
0:12:53,@power2meChannel,cutie
0:12:55,@applebloom2307,I was stuck in Manchester city waaaaah
0:12:56,@Hexen_4444,What?
0:12:56,@UporotijUtug,Always bet on Romanians
0:12:59,@dookyking4lyfe,I LOVE TAMER
0:13:00,@jo3a548,OH FUCK
0:13:00,@applebloom2307,Oh god she's so cute
0:13:01,@UngulaPropriaRQ,in pony italy they have 7-11
0:13:03,@PoppinCornBaby,Lmao 
0:13:03,@ෆKevrine_Kmෆ,OH WHAT
0:13:03,@woxiangshuozhongwen,Damn
0:13:03,@pinkpupbutt9299,YO
0:13:03,@solarismare,hi fwaless
0:13:06,@jennythebean9117,>:3
0:13:09,@SketchyZero,I know him
0:13:10,@iamboomer7805,ENTER
0:13:11,@jennythebean9117,Stop lying 
0:13:11,@woxiangshuozhongwen,LOOK AT THAT STALLIONS ASSETS
0:13:12,@power2meChannel,I LOVE TAMER
0:13:16,@Aromaticgrassitem,"aw shit, italian 7/11!"
0:13:17,@pixelated6451,he also a vamp aint he
0:13:18,@TheMTwinny,NEW CHARACTER ALERT
0:13:18,@slushyhusky.ed1ts,TWILIGHT STOP STARVING YOURSLEF
0:13:19,@UngulaPropriaRQ,oh he's a vampire too i guess
0:13:21,@Tamers12345MLP,Ha ha I bet Twilight weighs less than a sack of potatoes now
0:13:21,@pixelated6451,that moon too red
0:13:22,@Hexen_4444,THIS GUY!
0:13:23,@jennythebean9117,7/12 :3
0:13:24,@woxiangshuozhongwen,HES A BVAMPIRE
0:13:25,@solarismare,OH MY GOD
0:13:26,@solarismare,YESSS
0:13:26,@rAliusplate,"Sorry I'm late, it won't happen again.."
0:13:28,@Dorky_Crow,Is that a mud pony?
0:13:28,@solarismare,YESSSSSSS
0:13:29,@ADWLOVERANDMM2,:horse:
0:13:30,@scall0p31w,Oh this guy too
0:13:31,@SketchyZero,Wasn't he from that trouble shoes episode
0:13:31,@jennythebean9117,Zamn 
0:13:31,@solarismare,SKYWISHES!!!!
0:13:32,@HGJ-d2j,Rahhhhh 
0:13:35,@agoatheadbaby3512,HE'S ALSO A VAMPIRE OOOHH NOOOOO
0:13:38,@Dorky_Crow,:horse:
0:13:39,@ෆKevrine_Kmෆ,Suspicious 
0:13:41,@power2meChannel,LAMO
0:13:41,@hollywareham6810,twilights starving
0:13:41,@va_fail,gay sheriff from applelooooosa
0:13:47,@Shamino1,Tamers12345 CONFIRMED for having watched 'Monster'
0:13:49,@solarismare,epstein island lol
0:13:51,@WithoutFlaw,Tamers I'm getting skinny Care Package vibes :loudly_crying_face:
0:13:54,@KarenFerranti-h4s,he sounds like rodger
0:13:56,@woxiangshuozhongwen,EPSTIEN
0:13:56,@Yourlocalhugger,Tamers I will make you a wallpaper with your profile after this
0:13:56,@slushyhusky.ed1ts,:loudly_crying_face::loudly_crying_face::loudly_crying_face::loudly_crying_face::loudly_crying_face::loudly_crying_face:
0:13:57,@jennythebean9117,Lore!
0:13:59,@SalteySal,Oh shit
0:13:59,@Dorky_Crow,LOL
0:14:00,@UltimateStarky,oh
0:14:00,@LightTim,WAIT THE HORSES HAVE A EPSTINE ISLAND?!?!
0:14:00,@solarismare,taaco
0:14:02,@Solums,what
0:14:03,@Nander___,abstain island
0:14:04,@TheMTwinny,LMAO 
0:14:06,@pixelated6451,WILD COMPARISON
0:14:07,@freynoso47,RELEASE THE SKY WISH FILES
0:14:07,@jo3a548,OH GUVK
0:14:07,@pinkpupbutt9299,OH SHIT
0:14:09,@pinkpupbutt9299,LMAO
0:14:09,@JergoJackpot,SONIC UNDERGROUND NEVER FORGET
0:14:10,@Aromaticgrassitem,what DID happen on that island?
0:14:10,@solarismare,horse epstein
0:14:11,@Lorkhanable,monster anime?
0:14:13,@UporotijUtug,"So, twilight was turned into a doll"
0:14:14,@AndresCastro-ky8xd,hola
0:14:14,@slushyhusky.ed1ts,epstene reference 
0:14:17,@freshglizzy3763,Tak-oh
0:14:18,@missz4637,lesbian tacos
0:14:18,@power2meChannel,:O
0:14:18,@SketchyZero,Sheriff Silverstar!!!!!!!!!!
0:14:18,@Tamers12345MLP,Even horses hate Epstein
0:14:20,@pinkpupbutt9299,WHAT THE FUCK
0:14:23,@lilmacfarlan3,Epstaine 
0:14:23,@va_fail,monster is peak 
0:14:24,@hollywareham6810,bros gonna be a twig
0:14:26,@solarismare,so true tamers
0:14:26,@Angela-l2w6s,wtf :flushed_face:
0:14:27,@AndresCastro-ky8xd,a
0:14:27,@mlpfimguy,abstain island
0:14:27,@jo3a548,WHAT
0:14:28,@laurenbrowne8514,Hello??
0:14:29,@ෆKevrine_Kmෆ,ha
0:14:29,@solarismare,goodbye fwaless
0:14:30,@UngulaPropriaRQ,as you do
0:14:32,@freynoso47,"Epstein Island is now canon to MLP, SU, and Dandy's World all at once"
0:14:33,@lilmacfarlan3,Love it
0:14:33,@solarismare,HOLY SHIT HIII
0:14:35,@jennythebean9117,Rarity is a Vampire 
0:14:35,@SketchyZero,GUYS IT IS SHERIFF SILVERSTAR
0:14:36,@jo3a548,SHE CAN DO THAT?
0:14:39,@AndresCastro-ky8xd,hola
0:14:39,@Hexen_4444,Epmaine
0:14:40,@solarismare,SCHOOL BUS
0:14:41,@PoppinCornBaby,BASED
0:14:41,@liquidtamers12345,i am glad horses keep up with the news
0:14:41,@lordofshrimps,Convient abillity
0:14:42,@agoatheadbaby3512,She can just do that?
0:14:42,@pinkpupbutt9299,HOLY SHIT
0:14:43,@solarismare,oh my god
0:14:44,@Tamers12345MLP,Sherrif Sliverstar dated Tirek. There a little funfact
0:14:46,@xd_mars,Peak storytelling 
0:14:47,@PoppinCornBaby,THATS WHY SHES THE GOAT
0:14:48,@jo3a548,Rarity
0:14:48,@UngulaPropriaRQ,WHO ARE THESE TEENS??????
0:14:48,@Aromaticgrassitem,Horses have better life instincts than epsteinien beings
0:14:48,@HGGamerGirl-mlpm8,Hey
0:14:48,@solarismare,SO SMOL
0:14:49,@hollywareham6810,nah crazy she got left
0:14:49,@pinkpupbutt9299,WHAT THE FUCK
0:14:51,@UltimateStarky,wow!
0:14:52,@NubMcMoofin,:smiling_face_with_hearts::smiling_face_with_hearts:
0:14:54,@valoryvapeskin6965,oh good lord....
0:14:55,@Padtygalaxy,Lol trixie and rarity 
0:14:55,@PwnyHipster,cuuute
0:14:56,@jennythebean9117,Oh no
0:14:57,@solarismare,TYPE SHIT
0:14:57,@woxiangshuozhongwen,Big ass hat
0:14:59,@AndresCastro-ky8xd,a
0:15:00,@Hyloaf,shit
0:15:02,@pinkpupbutt9299,WHAT THE SHIT
0:15:02,@hollywareham6810,crazy
0:15:03,@slushyhusky.ed1ts,hea cute
0:15:03,@ADWLOVERANDMM2,/|\. 
0:15:05,@applebloom2307,Tirek dated everyone 
0:15:06,@Hexen_4444,Serial Killer
0:15:07,@doggerlander,they're so moe and kawai
0:15:07,@Joseph-e8y3v,when the hell was she able to do that
0:15:08,@freynoso47,"Wait i thought rarity was like, 42 years old"
0:15:11,@solarismare,awh schucks
0:15:11,@PwnyHipster,They're in cahoots
0:15:14,@neargaming2057,No way Rarity and Trixie killed the taco cart owner
0:15:14,@Nander___,i bet italian tacos would be fire
0:15:15,@Dorky_Crow,We all know Tirek ride Sheriff Silverstar :smirking_face:
0:15:15,@TheMTwinny,TYPE SHIT
0:15:15,@jennythebean9117,:3
0:15:17,@agoatheadbaby3512,WAIT FLAWLESS IS GOING TO CREATE A TIME LOPP
0:15:18,@pinkpupbutt9299,DAMN
0:15:20,@delta-v4x,Rarity is a wine mom
0:15:21,@pixelated6451,aw shucks??
0:15:23,@pixelated6451,ILL
0:15:23,@Solums,her hat is big
0:15:24,@pixelated6451,WATCH
0:15:25,@Tamers12345MLP,Of course Rarity would do this.
0:15:25,@pixelated6451,AS
0:15:28,@pixelated6451,YOU BLEED
0:15:28,@solarismare,WTF
0:15:28,@SkullCalipers,Robbed by fillies
0:15:29,@jennythebean9117,Type Shit
0:15:29,@solarismare,YOU KILLED HIM
0:15:30,@pixelated6451,FOR I 
0:15:31,@jo3a548,OH FUCK
0:15:31,@SketchyZero,Why are they babies
0:15:32,@woxiangshuozhongwen,RAMBONCTIOUS
0:15:32,@power2meChannel,lol
0:15:33,@liquidtamers12345,cute stallion
0:15:34,@Dorky_Crow,:smirking_face:
0:15:34,@pinkpupbutt9299,WHAT THE FUCK
0:15:37,@PwnyHipster,LOL
0:15:38,@hollywareham6810,rarity greed
0:15:39,@solarismare,trixie...
0:15:41,@Dorky_Crow,LOL
0:15:41,@jennythebean9117,12 dollars is a lot
0:15:41,@TheKalimanMX,gottem
0:15:41,@va_fail,"baby trixie has so big hat, cutee"
0:15:42,@jo3a548,LASDOASLDFASOFLASFOASFL
0:15:42,@Dorky_Crow,:horse:
0:15:42,@TheMTwinny,LMAO
0:15:42,@lilmacfarlan3,Damn…. 
0:15:43,@solarismare,get the puck out of here
0:15:45,@solarismare,HI FWALESS
0:15:45,@lordofshrimps,W
0:15:45,@0425stewart,OMG HI
0:15:46,@Joseph-e8y3v,packed up
0:15:46,@alex-d5z5w,omg I love this
0:15:48,@pinkpupbutt9299,LOL
0:15:49,@TheMTwinny,QUICK GET THE MONEY
0:15:50,@va_fail,both of them are cute
0:15:51,@ෆKevrine_Kmෆ,HAHAHA 
0:15:51,@woxiangshuozhongwen,How punny
0:15:52,@pixelated6451,:D
0:15:52,@slushyhusky.ed1ts,WHY ARE THEY KIDS NOW
0:15:53,@lordofshrimps,Uhhhhh
0:15:53,@power2meChannel,LMAO
0:15:54,@pinkpupbutt9299,WHAT THE FUCK
0:15:55,@Hexen_4444,:wilted_flower:
0:15:56,@0425stewart,THE FUCKING GUN HELP OUTA NO WHERE LMAOOO
0:15:58,@slitherwing30,Let’s make like hockey sticks and make the puck outta here
0:15:58,@jennythebean9117,Noooooo
0:15:59,@solarismare,GET THE MONEY
0:15:59,@doggerlander,lts get the puck out
0:16:01,@hollywareham6810,missed a chance of a shot
0:16:06,@solarismare,it is something trixie would do
0:16:07,@NubMcMoofin,:disappointed_face:
0:16:13,@misakayy1911,NOOOO THE TACO STALLION WAS SO NICE
0:16:14,@doggerlander,this is so fucked up
0:16:14,@lilmacfarlan3,FLAWLESS IS SO FUCKING CUTE IN THIS EPISODE 
0:16:15,@pinkpupbutt9299,HOLY SHIT LMFAO
0:16:15,@solarismare,CHAINSAW FGKSDOFKDS
0:16:17,@freynoso47,Flawless hitting the same pose as Bartleby in the Haunted Godmother x Dr Phil ep of SU
0:16:17,@solarismare,HAHAHAHAHAH
0:16:18,@0425stewart,WHAT THE FUCK IS THAT FACE TWILIGHT SPARKLE
0:16:20,@UngulaPropriaRQ,lmao
0:16:22,@woxiangshuozhongwen,Million dollar mansion to taco cart 
0:16:23,@pinkpupbutt9299,YEA GET INTO IT
0:16:23,@Gwenniepiggy,whahahahaaahg
0:16:24,@vodka5988,kino
0:16:27,@slushyhusky.ed1ts,oh no
0:16:27,@LightTim,SPLISH
0:16:27,@PwnyHipster,ez
0:16:28,@hollywareham6810,bros gonna die
0:16:29,@solarismare,hiii skywishes
0:16:30,@iamboomer7805,Noooooo
0:16:30,@0425stewart,NOT THE CHAINSAW
0:16:31,@hollywareham6810,lol
0:16:31,@ෆKevrine_Kmෆ,HUH :loudly_crying_face:
0:16:32,@Joseph-e8y3v,pack
0:16:33,@valoryvapeskin6965,cinema
0:16:33,@SeriouslySodium,"Trixie is such a hypocrite, talking about some ""dirty money"" when she did that shit."
0:16:34,@solarismare,type shit
0:16:34,@Aromaticgrassitem,But Rarity isnt like twilight!
0:16:34,@solarismare,type shit
0:16:35,@shadey_z1241,Nice 
0:16:35,@Dorky_Crow,Taco Tuesday would've saved the day
0:16:36,@power2meChannel,LMAO
0:16:37,@neargaming2057,Where did the chainsaw...
0:16:37,@jennythebean9117,Holy Shit
0:16:38,@agoatheadbaby3512,okey
0:16:38,@BrownPilledFartCel,cool transition bro
0:16:40,@fewchsia,i love the blood explosion splatter effects you should use them more often
0:16:40,@delta-v4x,Not the lollipop
0:16:40,@pinkpupbutt9299,CALL HER OUT
0:16:40,@liquidtamers12345,taco..
0:16:40,@sillystoneAmy,Lol:loudly_crying_face:
0:16:41,@PwnyHipster,shit
0:16:41,@ෆKevrine_Kmෆ,lemme change my pfp
0:16:45,@pixelated6451,type shii
0:16:46,@thebrickbuilder835,wwwwwwwwwwwww wewwwwwwwwwwwwwwwwwwwwww
0:16:46,@sillystoneAmy,RARITY
0:16:46,@SalteySal,Not type shit
0:16:47,@ADWLOVERANDMM2,AHAHAHAHA:eagle::eagle::eagle::eagle::eagle::eagle:
0:16:48,@Gwenniepiggy,omg rarity?
0:16:49,@jennythebean9117,Slay him!
0:16:51,@solarismare,yes twilight
0:16:55,@sillystoneAmy,Nooo not pinky pie
0:16:59,@solarismare,yes it does
0:17:00,@Shamino1,I can see the SU DNA in this scene.
0:17:02,@Dorky_Crow,Rarity killed Pinkie
0:17:03,@Shamino1,It's everywhere.
0:17:03,@0425stewart,their asses help
0:17:08,@solarismare,TRIXIE PEED IN THE DASHCON BAZLLPIT?
0:17:08,@UngulaPropriaRQ,NO WAY
0:17:09,@solarismare,WHAT
0:17:10,@pinkpupbutt9299,LOL
0:17:10,@NubMcMoofin,:disappointed_face:
0:17:11,@SomeOrdinaryPlumber,WHAT
0:17:12,@LightTim,HAHHAHAHA
0:17:12,@drunkserval,MYSTERY SOLVED AT LAST
0:17:12,@jo3a548,NO WAY
0:17:12,@slushyhusky.ed1ts,shes so cute
0:17:13,@hollywareham6810,crazy
0:17:13,@LightTim,I KNEW IT
0:17:15,@power2meChannel,EW
0:17:17,@delta-v4x,OH!
0:17:18,@jennythebean9117,Type shit type shit
0:17:18,@Dorky_Crow,EW
0:17:19,@NubMcMoofin,:exploding_head::exploding_head:
0:17:19,@SeriouslySodium,APPLEJACK
0:17:19,@misakayy1911,WHAT
0:17:20,@applebloom2307,LOL
0:17:20,@solarismare,SHE DID IT
0:17:22,@0425stewart,this is an actual normal image
0:17:22,@lordofshrimps,lol
0:17:22,@liquidtamers12345,Lmao
0:17:23,@PwnyHipster,Flutterjack
0:17:23,@UltimateStarky,ew
0:17:23,@Aromaticgrassitem,Triizzie
0:17:23,@Shamino1,That is ancient lore.
0:17:24,@ෆKevrine_Kmෆ,🫩
0:17:24,@jo3a548,KNOW THE BITCH WASD UP TO NO GOOD
0:17:24,@solarismare,OMG CUTE FWUTTERSHY
0:17:25,@solarismare,oh
0:17:25,@Gwenniepiggy,not applejack fhdd
0:17:26,@Gamerhead43560,Dash con is so old holy shit
0:17:26,@Tamers12345MLP,Oh shit...!
0:17:26,@applebloom2307,BASED REFERENCE THERE
0:17:26,@Dorky_Crow,LMAO
0:17:27,@delta-v4x,Dashcon 2013 resolved!
0:17:27,@Solums,dashcon..
0:17:28,@va_fail,APPLEJACK MENTIONED
0:17:28,@solarismare,thanks fluttershy
0:17:28,@shadey_z1241,Type shit
0:17:29,@TheMTwinny,FLUTTERSHY?!?!?
0:17:31,@0425stewart,Fluttershy? the fuck-
0:17:32,@PoppinCornBaby,AN ASIAN
0:17:33,@agoatheadbaby3512,"How many forms does Twilight have at this point? Dragon, werewolf, and now vampire?"
0:17:35,@pinkpupbutt9299,HOLY SHIT
0:17:36,@hollywareham6810,nah
0:17:37,@GlimmyGOD,i cant believe this
0:17:38,@lilmacfarlan3,Applejacks 1 second mention lol
0:17:39,@UngulaPropriaRQ,HOLY SHIT 
0:17:39,@freynoso47,THE CHINESE OVERLORD WAS BEHIND THIS ALL ALONG??
0:17:40,@ADWLOVERANDMM2,:pensive_face:
0:17:40,@hollywareham6810,crazy
0:17:41,@power2meChannel,FTUTTERSHY NO!
0:17:42,@0425stewart,watermelon :grinning_face: 
0:17:42,@jennythebean9117,Goddamn it Trixie!
0:17:43,@woxiangshuozhongwen,CHINESE SPY
0:17:48,@Xzonza1,aww filly fluttershy
0:17:51,@solarismare,thanks fluttershy
0:17:51,@applebloom2307,Tall filly Fluttershy Is so Moe!!!!!!
0:17:52,@jo3a548,kira moment
0:17:54,@power2meChannel,LMAO Spy
0:17:55,@pinkpupbutt9299,OMG
0:17:57,@PwnyHipster,The mastermind
0:17:57,@jennythebean9117,Nooooooo
0:17:59,@doggerlander,supreme leader
0:18:00,@Aromaticgrassitem,"Flutter conquered this bitch. She is a hell of a vamp, damn"
0:18:00,@0425stewart,:astonished_face: 
0:18:02,@DemonteBrown-c9m,omg
0:18:03,@UporotijUtug,that doesn't look so lethal...
0:18:03,@pinkpupbutt9299,DAMNNN
0:18:03,@SalteySal,Why would she admit this?
0:18:03,@va_fail,i know rarity did nothing wrong 
0:18:04,@lilmacfarlan3,Bros a fucking genius in entertainment 
0:18:05,@hollywareham6810,flutter shy a villain
0:18:07,@woxiangshuozhongwen,CHINESE SPY BALOON
0:18:12,@katseye77779,perfect:cat_with_wry_smile::cat_with_wry_smile::cat_with_wry_smile::cat_with_wry_smile::cat_with_wry_smile:
0:18:15,@0425stewart,LMAO
0:18:15,@slushyhusky.ed1ts,OH
0:18:16,@agoatheadbaby3512,hhuuughh
0:18:17,@lordofshrimps,LOL???
0:18:19,@solarismare,A MEXICAN LOL
0:18:22,@katseye77779,dang
0:18:22,@power2meChannel,LMAO
0:18:24,@Pinfan_No1,Twilight looks emo :loudly_crying_face: 
0:18:25,@jo3a548,"Fuck yeah, mexico represent"
0:18:25,@slushyhusky.ed1ts,:loudly_crying_face:
0:18:26,@woxiangshuozhongwen,SMART
0:18:26,@jennythebean9117,Holy moly
0:18:28,@solarismare,hi fwaless
0:18:29,@DemonteBrown-c9m,that's a master plan
0:18:29,@power2meChannel,:O
0:18:31,@freynoso47,"GET HER XI JINPIN AHH, TWILIGHT"
0:18:31,@katseye77779,LOLLLLL
0:18:32,@hollywareham6810,wild
0:18:39,@TheMTwinny,Twilight is right
0:18:39,@jo3a548,NOOOOOOOOOOOOOOOO
0:18:40,@solarismare,SHE DEAD
0:18:42,@solarismare,that's rarity
0:18:42,@delta-v4x,FLAWLESS NO
0:18:43,@jo3a548,ASDLASOFSALFSOALFLAOLFLASFLAS
0:18:44,@liquidtamers12345,Hotdogs
0:18:44,@pinkpupbutt9299,PINKE ???
0:18:44,@UngulaPropriaRQ,OH DAMN
0:18:44,@woxiangshuozhongwen,SHE IS ASIAN OF COURSE SHE IS SMART
0:18:45,@katseye77779,OO
0:18:46,@slushyhusky.ed1ts,PINKY
0:18:46,@Hexen_4444,eww
0:18:46,@Gwenniepiggy,omggg
0:18:47,@misakayy1911,OH MY GOD
0:18:48,@agoatheadbaby3512,AAAAAAA
0:18:48,@jennythebean9117,A Mexican 
0:18:49,@liquidtamers12345,JUST LIKE ME FR
0:18:49,@va_fail,damnn
0:18:50,@pinkpupbutt9299,OMG
0:18:51,@TheMTwinny,PINKIE
0:18:51,@power2meChannel,NOOO
0:18:51,@SalteySal,Flop
0:18:51,@katseye77779,...
0:18:51,@Solums,pinke
0:18:52,@xd_mars,Oh shitttt
0:18:54,@iamboomer7805,LOL
0:18:54,@jo3a548,KILLER QUEEN
0:18:54,@ADWLOVERANDMM2,LAGGGGGGG
0:18:56,@PoppinCornBaby,NO PINKIE
0:18:57,@jennythebean9117,Fluttershy 
0:18:58,@SeriouslySodium,omg she killed rarity
0:18:58,@PwnyHipster,Life is Strange
0:18:58,@hollywareham6810,Pinkie dead
0:18:59,@pixelated6451,MANDOM
0:19:00,@solarismare,hi skywishes
0:19:01,@winggweeps,MEXICANS
0:19:02,@slushyhusky.ed1ts,ah she rememberd
0:19:02,@lilmacfarlan3,$1 never getting back for condiments 
0:19:02,@agoatheadbaby3512,WHAT
0:19:03,@NubMcMoofin,:saluting_face:
0:19:06,@Aromaticgrassitem,"Flutter could just give the mexican like, 10 percent"
0:19:07,@power2meChannel,LMAO
0:19:07,@solarismare,she's so cute
0:19:09,@katseye77779,damn
0:19:11,@Shamino1,So she's DIO
0:19:14,@OrpheusHart,KING CRIMSON???
0:19:14,@jennythebean9117,Oh no
0:19:16,@Judithdith-mf7bs,where's braeburn and soaring? I ship them
0:19:16,@Joseph-e8y3v,damn
0:19:17,@TheMTwinny,GG Trixie
0:19:17,@solarismare,CUUUUUTE
0:19:18,@solarismare,OMG
0:19:18,@Dorky_Crow,All over tacos :loudly_crying_face:
0:19:19,@jo3a548,OG SHIT
0:19:19,@solarismare,STARCATCHER
0:19:20,@solarismare,HIIII
0:19:23,@solarismare,STARCATCHERRRR
0:19:29,@UngulaPropriaRQ,horse 
0:19:31,@pinkpupbutt9299,WOW MORE LORE
0:19:33,@NubMcMoofin,:horse:
0:19:33,@woxiangshuozhongwen,STARCATHCER
0:19:34,@PwnyHipster,horse
0:19:34,@solarismare,NOOOOOO
0:19:34,@lilmacfarlan3,Our second beloved
0:19:34,@Tamers12345MLP,the mane 6 fighting like this is so sad
0:19:35,@Gwenniepiggy,look at this graphh
0:19:35,@TheMTwinny,LORE
0:19:36,@katseye77779,oOoO
0:19:36,@va_fail,howrse
0:19:37,@solarismare,STARCATCHER NOOOOOOOOO
0:19:39,@NubMcMoofin,:racehorse:
0:19:39,@BrownPilledFartCel,horse
0:19:39,@delta-v4x,GRAPH
0:19:40,@jo3a548,Oh no
0:19:41,@Solums,LORE TIME
0:19:41,@Slackjaw55,TAKE A LOOK AT THIS GRAPH
0:19:42,@UltimateStarky,that's a horse
0:19:42,@pixelated6451,THATS NOT HOW KING KRIMSON WORKS
0:19:43,@hollywareham6810,wild
0:19:44,@solarismare,STOOOP
0:19:45,@WithoutFlaw,NOOO
0:19:45,@Tamers12345MLP,they should know friendship is magic or some shit
0:19:45,@SketchyZero,I know that doc
0:19:45,@Aromaticgrassitem,it would have been so funny if trixie just killed pinkie pie herself in that time rewind
0:19:45,@Hexen_4444,she sounds so vulnerable...
0:19:45,@pinkpupbutt9299,WHAT
0:19:47,@Hyloaf,damn
0:19:48,@solarismare,DO NOT DO THIS TO ME TAMERS
0:19:49,@katseye77779,i love lore!
0:19:49,@agoatheadbaby3512,what
0:19:50,@NubMcMoofin,:disappointed_face::disappointed_face::disappointed_face:
0:19:53,@hollywareham6810,what that
0:19:54,@slitherwing30,Their medical knowledge was this good 1300 years ago???
0:19:54,@unknownanimator4744,Wilson from housemd
0:19:54,@jo3a548,WHAT?
0:19:56,@lordofshrimps,Wow okay
0:19:58,@solarismare,TAMERS NOOOO
0:19:59,@power2meChannel,she fine
0:19:59,@pinkpupbutt9299,THE CITY IN THE BACK
0:20:01,@pinkpupbutt9299,LOL
0:20:02,@pixelated6451,moderate cognitive decline
0:20:02,@misakayy1911,OH NOOOO
0:20:03,@jennythebean9117,It’s a giraffe 
0:20:04,@pixelated6451,thats
0:20:04,@Solums,Noo
0:20:04,@Joseph-e8y3v,lore
0:20:05,@delta-v4x,Chinese books
0:20:06,@pixelated6451,dementia
0:20:07,@Judithdith-mf7bs,where is braeburn and soarin I ship them
0:20:08,@lilmacfarlan3,Can’t wait to rewatch this back so I’m not paying attention to chat and this
0:20:11,@jo3a548,OH FUCK
0:20:11,@Dorky_Crow,Oh its because she is from space...
0:20:12,@jennythebean9117,:loudly_crying_face::loudly_crying_face::loudly_crying_face:
0:20:13,@Dorky_Crow,Gravity and all
0:20:14,@katseye77779,SI
0:20:14,@pinkpupbutt9299,she is dead as hell
0:20:15,@solarismare,DO NOT DO THIS TO ME TAMERS
0:20:16,@hollywareham6810,skinny
0:20:18,@mr.bananaman9805,long ass neck
0:20:21,@agoatheadbaby3512,"These are the biggest words I have ever heard in one of your animations, Tamers."
0:20:22,@Shamino1,"Tamers ""ChatGPT write me a serious medical drama script right now"" 12345"
0:20:22,@Lucario4thewin,damn
0:20:24,@SramLabs,even when I'm on YT I'm still getting stuff for Step 1
0:20:26,@freynoso47,She got that aleena stare
0:20:27,@pinkpupbutt9299,WOW
0:20:27,@solarismare,SHE IS DRAINED
0:20:30,@NubMcMoofin,:face_holding_back_tears:
0:20:32,@slushyhusky.ed1ts,WHERE IS MY BOY APPLE BOTTOM 
0:20:32,@jennythebean9117,:loudly_crying_face::loudly_crying_face::loudly_crying_face::loudly_crying_face:
0:20:33,@hollywareham6810,lol
0:20:34,@misakayy1911,NOOOOO
0:20:35,@pixelated6451,LOL
0:20:35,@Gwenniepiggy,surgery tomorrow overseas??
0:20:37,@QuietCicada99,NOOO
0:20:37,@SketchyZero,THAT WAS DOCTOR HORSE
0:20:37,@Dorky_Crow,little brittle
0:20:37,@UporotijUtug,"so, she is cooked"
0:20:38,@TheMTwinny,LOL
0:20:39,@BrownPilledFartCel,devoided of life
0:20:39,@shadey_z1241,lol
0:20:40,@lilmacfarlan3,Trixie is the embodiment of starcatcher 
0:20:41,@DemonteBrown-c9m,awww
0:20:42,@ADWLOVERANDMM2,SHIT WERE IS THIS GOING
0:20:45,@UngulaPropriaRQ,damn that's crazy yo
0:20:45,@Joseph-e8y3v,she dry as hell
0:20:46,@TheMTwinny,WHY THEY LOOKING LIKE STICKS
0:20:46,@xd_mars,OMGGG IST HER GF??
0:20:46,@lilmacfarlan3,Keep that in mind
0:20:47,@katseye77779,tamers how dare you HOW DARE U as i say getting dragged in a white room
0:20:48,@pinkpupbutt9299,DAMN
0:20:49,@Angela-l2w6s,wow
0:20:49,@PwnyHipster,Cute
0:20:50,@pixelated6451,UM?
0:20:52,@solarismare,CUUUUUTE
0:20:52,@Aromaticgrassitem,damn. this is a good episode
0:20:52,@power2meChannel,awww
0:20:53,@lordofshrimps,why are we
0:20:53,@Shamino1,>Cancer center for a brain bleed
0:20:54,@jennythebean9117,Get part 8 Kira
0:20:54,@Shamino1,LMAO
0:20:55,@solarismare,NOOOOO
0:20:56,@delta-v4x,Why is it the cancer ward?
0:20:56,@solarismare,STOOOOOP
0:20:57,@lordofshrimps,uh ok
0:20:57,@woxiangshuozhongwen,SAME
0:20:58,@DemonteBrown-c9m,yes
0:20:58,@slushyhusky.ed1ts,she looks anorexic
0:20:58,@hollywareham6810,wild
0:20:58,@xd_mars,CUTEEEEE
0:21:00,@Joseph-e8y3v,nah
0:21:01,@PoppinCornBaby,ayo
0:21:01,@katseye77779,damnn
0:21:01,@NubMcMoofin,:loudly_crying_face:
0:21:02,@power2meChannel,yuri yuri
0:21:03,@shrimpkuuu,EEEEEK
0:21:04,@Solums,XD
0:21:07,@TheMTwinny,THOSE CRACKING NOISES
0:21:07,@pinkpupbutt9299,LOL
0:21:10,@solarismare,skywishes...
0:21:10,@UngulaPropriaRQ,lmao
0:21:11,@Gwenniepiggy,cvcsthst
0:21:15,@DemonteBrown-c9m,peak
0:21:15,@pinkpupbutt9299,DAMN
0:21:17,@jennythebean9117,Gay
0:21:18,@power2meChannel,yikes!
0:21:19,@pinkpupbutt9299,HOLY SHIT
0:21:21,@Judithdith-mf7bs,WHER'S MY BOYS BRAEBURN AND SOARIN
0:21:22,@Hexen_4444,Ha
0:21:23,@UltimateStarky,valid
0:21:24,@jo3a548,WHO
0:21:24,@Solums,Peak story
0:21:24,@shrimpkuuu,awwww
0:21:26,@pixelated6451,JEEZ.
0:21:26,@UngulaPropriaRQ,WAIT THE HAIR
0:21:28,@mr.bananaman9805,gotta have the hair in the mouth
0:21:29,@SketchyZero,Parcel Core?
0:21:30,@QuietCicada99,WAIT 
0:21:30,@UngulaPropriaRQ,ITS NOT 
0:21:31,@WithoutFlaw,IT'S HIM
0:21:31,@ෆKevrine_Kmෆ,MY POOR BABY 
0:21:32,@pixelated6451,wait that shillouete looks familiar
0:21:33,@pixelated6451,is that
0:21:34,@PwnyHipster,PARCELCORE
0:21:34,@winggweeps,The Trio Ends
0:21:35,@jo3a548,HE LOOK FAMILITEAR
0:21:36,@pixelated6451,parcel
0:21:36,@pinkpupbutt9299,WOW
0:21:36,@jennythebean9117,:loudly_crying_face::loudly_crying_face::loudly_crying_face::loudly_crying_face::loudly_crying_face::loudly_crying_face::loudly_crying_face::loudly_crying_face::loudly_crying_face::loudly_crying_face::loudly_crying_face::loudly_crying_face::loudly_crying_face::loudly_crying_face::loudly_crying_face::loudly_crying_face::loudly_crying_face::loudly_crying_face:
0:21:36,@hollywareham6810,crazy
0:21:36,@power2meChannel,OMG
0:21:36,@Padtygalaxy,Oh it him 
0:21:37,@WithoutFlaw,IT'S PARCEL CORE
0:21:37,@slitherwing30,Was that parcel???
0:21:38,@laurenbrowne8514,PARCEL CORE????
0:21:38,@solarismare,skywishes i love you
0:21:38,@QuietCicada99,PARCEL CORE 
0:21:42,@UngulaPropriaRQ,COULD IT BE PARCEL????
0:21:42,@agoatheadbaby3512,HEY NOT THAT FUCKER
0:21:42,@OrpheusHart,THE TIMELINES NOOO
0:21:42,@Kinahwuzhere,Parcel core
0:21:43,@katseye77779,beautiful lore
0:21:45,@Aromaticgrassitem,wew
0:21:46,@solarismare,YOO
0:21:47,@laurenbrowne8514,PLEASE LET APPLE BOTTOM SHOW UP
0:21:48,@lilmacfarlan3,This lore goes fucking crazy
0:21:49,@pinkpupbutt9299,YEA SLAY
0:21:50,@jo3a548,No way
0:21:51,@freynoso47,Applebottom's ancestor
0:21:52,@Solums,Parcel core
0:21:53,@jo3a548,IT CANT BE
0:21:53,@spiderb8,two timeline keks btfo
0:21:54,@solarismare,BRING STARCATCHER BACK AS A VAMPIRE
0:21:56,@woxiangshuozhongwen,DAMN RARITY 
0:21:58,@Tamers12345MLP,I don't even know what those medical symptoms were I just got them off google and I kinda winged it tbh
0:21:58,@jo3a548,THE TWO TIMELINES
0:22:00,@SalteySal,Damn how old is she
0:22:01,@Gwenniepiggy,oop pinkie
0:22:05,@jo3a548,NO
0:22:05,@katseye77779,i have a feeling its parcel
0:22:07,@jennythebean9117,She becomes a vampire 
0:22:08,@AndresCastro-ky8xd,holaaaa
0:22:09,@UngulaPropriaRQ,HE'S NOT A VAMPIRE HE'S AN OBLIVION PONY BUT LIKE 
0:22:09,@WithoutFlaw,@Tamers12345MLP fair
0:22:10,@UngulaPropriaRQ,IM DOWN
0:22:11,@freshglizzy3763,love this edgy donutsteel
0:22:12,@SketchyZero,ARINOS X FLAWLESS TEASE?
0:22:12,@TheMTwinny,I forgot who Parcel Core is
0:22:16,@ADWLOVERANDMM2,UMMMMM THIS IS REALLY RANDOM 
0:22:16,@hollywareham6810,crazy
0:22:18,@jo3a548,THIS DESTROY THE TWO TIMELINES THEORY
0:22:20,@solarismare,XDDD
0:22:21,@Nander___,the orphanage was in italy?!
0:22:22,@solarismare,love you skywishes
0:22:24,@Aromaticgrassitem,"vampire trixie. yay or nay, chat?"
0:22:25,@UngulaPropriaRQ,FLAWRINOS IS BACK ON THE TABLE 
0:22:25,@lilmacfarlan3,THIS LORE!!!
0:22:27,@pinkpupbutt9299,LOL
0:22:27,@SketchyZero,ARINOS VS FLAWLESS
0:22:28,@woxiangshuozhongwen,LMAO
0:22:28,@valoryvapeskin6965,Lmao
0:22:29,@solarismare,GERMANY
0:22:33,@UltimateStarky,lmao
0:22:34,@freynoso47,I still dont get the past ponies/starcatchers lore but I do think this ep is really good regardless
0:22:36,@lordofshrimps,LOL
0:22:38,@hollywareham6810,lol
0:22:39,@solarismare,GERMAN PONIES
0:22:41,@QuietCicada99,omg
0:22:41,@pixelated6451,oktoberfest?
0:22:41,@woxiangshuozhongwen,LMAO TWILIGHT 
0:22:42,@shadey_z1241,Google solves the day
0:22:42,@KohJhonesItula,Oh
0:22:43,@GlimmyGOD,MLP Bloodborne?
0:22:44,@dovaak,yeah of course 
0:22:45,@power2meChannel,LMAO
0:22:45,@pixelated6451,OKTOBERFEST??????????
0:22:48,@pixelated6451,oh
0:22:48,@NubMcMoofin,:face_savoring_food:
0:22:48,@WithoutFlaw,guten tag
0:22:49,@JakesFavorites,Two timelines was always to elaborate to be real
0:22:49,@vodka5988,kek
0:22:49,@pinkpupbutt9299,DAMN
0:22:49,@jo3a548,DAYUUUUUUUUUUUUUUUUM
0:22:52,@CHLOMAKl,I MISSED THE FUCKING EPISODE
0:22:52,@applebloom2307,Lol makes sense
0:22:53,@Tamers12345MLP,it's not italy it's the MLP version of italy which is different but the same name
0:22:53,@jennythebean9117,lol Google 
0:22:53,@hollywareham6810,piss
0:22:55,@Hexen_4444,Griffins?
0:22:55,@LightTim,PISS DRINKERS
0:22:56,@pixelated6451,ojh
0:22:57,@hollywareham6810,knew it
0:22:57,@TheMTwinny,"""The My Little Pony version of Germany"""
0:22:57,@katseye77779,LAMO
0:22:59,@lilmacfarlan3,Yum 
0:22:59,@applebloom2307,OH
0:23:01,@pinkpupbutt9299,SLAY
0:23:01,@katseye77779,.
0:23:02,@Joseph-e8y3v,wth
0:23:02,@power2meChannel,LOL
0:23:03,@Solums,PISS
0:23:04,@freshglizzy3763,It should have been ME
0:23:05,@katseye77779,LOL
0:23:06,@boxboy-q5p,oh um what did she say piss
0:23:08,@UltimateStarky,Jesus Christ what is that
0:23:11,@agoatheadbaby3512,okeeey
0:23:12,@woxiangshuozhongwen,It’s the voultori festival lol
0:23:15,@solarismare,BRING STARCATCHER BACK
0:23:15,@freynoso47,Fear the Alicorn Blood
0:23:16,@Princesscelestiason_starbright,yoooooo
0:23:20,@jo3a548,WHAT?
0:23:21,@Tamers12345MLP,it's okay trixie's into it
0:23:22,@jennythebean9117,Yippee 
0:23:22,@slushyhusky.ed1ts,i love them they are cute
0:23:23,@power2meChannel,Romantical ~
0:23:24,@Aromaticgrassitem,"Fluttershy, vampire slayer"
0:23:26,@iamboomer7805,WHAAAAAA?
0:23:26,@UngulaPropriaRQ,based
0:23:28,@valoryvapeskin6965,WHA!?
0:23:29,@katseye77779,oo
0:23:30,@solarismare,twixie
0:23:32,@jo3a548,Are we doing it?
0:23:32,@katseye77779,LOREEE
0:23:32,@PwnyHipster,OMG HER DAD IS COMING BACK!?
0:23:32,@WithoutFlaw,@Tamers12345MLP You should've called it Maretaly. (Idea came from liquidtamers12345)
0:23:33,@DemonteBrown-c9m,nice
0:23:33,@Lorkhanable,I will not forget our addage
0:23:34,@SonataDidIt,jackpot!?!?
0:23:34,@hollywareham6810,crazy
0:23:37,@solarismare,TRIXIEEE
0:23:39,@UngulaPropriaRQ,double valid
0:23:42,@ෆKevrine_Kmෆ,@Tamers12345MLP OKAYAMA
0:23:44,@katseye77779,AHHHHH
0:23:46,@Shamino1,Trixie's Dad sounds like an average American Dad tbh 
0:23:46,@applebloom2307,"Yeh, don't bring dad back"
0:23:51,@hollywareham6810,is she actually going to bring them back
0:23:53,@solarismare,cuuuuute
0:23:54,@lilmacfarlan3,Trixie Bloodmoon phase is actually dope as fuck
0:23:55,@jennythebean9117,Don’t revive him
0:23:55,@UngulaPropriaRQ,awwwww
0:23:55,@jo3a548,Cute
0:23:56,@UporotijUtug,Let's see if we will see him...
0:24:01,@solarismare,CUUUUUTE
0:24:01,@jennythebean9117,:loudly_crying_face:
0:24:02,@solarismare,YURI
0:24:02,@woxiangshuozhongwen,Can trixie the vampire get power from drinking piss as well as blood?
0:24:04,@Padtygalaxy,Bing them both back! 
0:24:04,@Shamino1,"Trixie's Dad is exactly like every dad in SU, and those men raised me."
0:24:05,@power2meChannel,"LET""S GOOO"
0:24:06,@Gwenniepiggy,aww so cute
0:24:08,@jennythebean9117,Kiss
0:24:10,@Aromaticgrassitem,She can rewind to retap
0:24:10,@agoatheadbaby3512,I thought she could always change fate?
0:24:12,@power2meChannel,Awwwwe
0:24:12,@ෆKevrine_Kmෆ,SHE WHAT
0:24:12,@jo3a548,CUTE
0:24:16,@xd_mars,MY FAVE LESBIAN 
0:24:18,@pinkpupbutt9299,LOL
0:24:18,@ෆKevrine_Kmෆ,KISS HER THEN
0:24:18,@solarismare,HOIT
0:24:19,@slushyhusky.ed1ts,AWWWWWWWWWWW
0:24:19,@hollywareham6810,how
0:24:20,@power2meChannel,LMAO
0:24:20,@NubMcMoofin,:smiling_face_with_hearts::smiling_face_with_hearts::smiling_face_with_hearts:
0:24:21,@solarismare,HOOOOOT
0:24:22,@valoryvapeskin6965,lmao
0:24:23,@Hexen_4444,who pegs who?
0:24:23,@jo3a548,UMMMMF
0:24:25,@solarismare,YUMMY
0:24:25,@va_fail,cute
0:24:25,@mlpfimguy,kek
0:24:25,@hollywareham6810,crazy
0:24:26,@jo3a548,HELL YEAG
0:24:27,@lilmacfarlan3,Head paaaaaaaaaats!!!!
0:24:27,@LightTim,BETTER THAN TWILIGHT
0:24:27,@katseye77779,.
0:24:28,@agoatheadbaby3512,What about that whole rewriting reality thing?
0:24:29,@laurenbrowne8514,So who the hell freed trixie and killed pinkie at the start
0:24:29,@applebloom2307,Cute cute cute cute cute cute cute
0:24:29,@WithoutFlaw,i'm dying
0:24:30,@Aromaticgrassitem,"Be kind, rewind"
0:24:30,@TheMTwinny,daw
0:24:30,@DemonteBrown-c9m,uuuuuuumm
0:24:32,@power2meChannel,TEEHEEE
0:24:32,@PoppinCornBaby,Whew
0:24:32,@GlimmyGOD,wowza
0:24:33,@katseye77779,EWW
0:24:33,@pixelated6451,HELL YES
0:24:33,@Dorky_Crow,:horse:
0:24:34,@NubMcMoofin,:smiling_face_with_hearts::smiling_face_with_hearts:
0:24:35,@agoatheadbaby3512,k
0:24:35,@applebloom2307,YABAI
0:24:36,@xd_mars,Cuteeeee
0:24:37,@hollywareham6810,Lol
0:24:37,@katseye77779,EWWWW
0:24:38,@DemonteBrown-c9m,yum
0:24:38,@woxiangshuozhongwen,DAMN
0:24:38,@lilmacfarlan3,Yes fuck!!!
0:24:38,@SketchyZero,YOUTUBE DO NO BAN
0:24:39,@solarismare,they shaking it
0:24:39,@lordofshrimps,goons
0:24:39,@SonataDidIt,cuties
0:24:39,@Joseph-e8y3v,yes yes yes
0:24:40,@laurenbrowne8514,Sesbien lex??
0:24:42,@jo3a548,bootcheeks
0:24:43,@applebloom2307,IWTWM
0:24:43,@mr.bananaman9805,can a vamp resurrect someone by turning a corpse and then givign them piss???
0:24:43,@pinkpupbutt9299,YURI
0:24:46,@slushyhusky.ed1ts,YESSSSSSASSASAAA
0:24:47,@jennythebean9117,Yippee 
0:24:49,@power2meChannel,HAHA
0:24:49,@Mira-ep3cd,YURIII
0:24:50,@jo3a548,WHO
0:24:50,@TheMTwinny,Now that's love
0:24:50,@solarismare,HI MARI
0:24:53,@UltimateStarky,work it girlypop
0:24:54,@UngulaPropriaRQ,oh damn
0:24:57,@pinkpupbutt9299,YOOOO
0:24:59,@UngulaPropriaRQ,that's not parcel core 
0:25:00,@NubMcMoofin,:smiling_face_with_hearts::smiling_face_with_hearts::smiling_face_with_hearts:
0:25:00,@power2meChannel,OMG
0:25:01,@Joseph-e8y3v,damn
0:25:04,@freynoso47,MARY NO
0:25:04,@woxiangshuozhongwen,MARY KINDA BAD NGL
0:25:05,@Joseph-e8y3v,no
0:25:06,@agoatheadbaby3512,*gulp*
0:25:07,@SkullCalipers,Walpurgisnacht
0:25:07,@laurenbrowne8514,MARI
0:25:08,@PoppinCornBaby,MARI
0:25:08,@valoryvapeskin6965,Holy Latin
0:25:10,@power2meChannel,:O
0:25:10,@jennythebean9117,Looks lit
0:25:11,@woxiangshuozhongwen,GLIM GLAM TOO
0:25:11,@katseye77779,dang
0:25:11,@TheMTwinny,HAHAHAHA MARI'S OUT THE HUNT
0:25:11,@applebloom2307,YOOOOO IT'S
0:25:15,@applebloom2307,ITS HER
0:25:17,@power2meChannel,HAHA
0:25:18,@ADWLOVERANDMM2,WHAT 
0:25:18,@slushyhusky.ed1ts,MARI
0:25:18,@Kinahwuzhere,Mari rahhhhhhh
0:25:18,@delta-v4x,Crystal Night Mary
0:25:18,@Aromaticgrassitem,yo wtf is mari and whatever doin here
0:25:19,@solarismare,HELP
0:25:19,@applebloom2307,It's me
0:25:21,@KvVuld,yoooo
0:25:21,@jo3a548,OH FUCK
0:25:26,@pinkpupbutt9299,LMAO\
0:25:26,@katseye77779,emo looking
0:25:27,@NubMcMoofin,:racehorse:
0:25:27,@solarismare,OH NO
0:25:28,@UngulaPropriaRQ,THAT'S WHAT THE WHOLE EP WAS LEADING UP TO
0:25:28,@mlpfimguy,KEK 
0:25:28,@power2meChannel,LOL
0:25:29,@Hexen_4444,Rob Zombie reference?
0:25:29,@UngulaPropriaRQ,LMAO
0:25:30,@jennythebean9117,Mary the Vampire Slayer 
0:25:31,@PwnyHipster,Littlest pet shop!
0:25:32,@hollywareham6810,they're going see them
0:25:33,@TheMTwinny,LMAO
0:25:34,@LightTim,WAS THIS ALL FOR THE LITTLEST PETSHOP JOKE?
0:25:35,@slushyhusky.ed1ts,LMAO
0:25:37,@freynoso47,LOL
0:25:38,@woxiangshuozhongwen,LITTLEST PET SHOP DOG LMAO
0:25:40,@solarismare,STARILIGHT STOP
0:25:42,@power2meChannel,POOKIE~
0:25:43,@applebloom2307,I WILL cosplay this version of Mari
0:25:44,@WithoutFlaw,LMAO
0:25:45,@lilmacfarlan3,lol nope
0:25:48,@katseye77779,NAUT
0:25:49,@jo3a548,OH FUCVK
0:25:52,@GlimmyGOD,Glimmy lore?!?!
0:25:55,@freynoso47,MS SPARKLE GET DOWN--
0:25:57,@jennythebean9117,Little Pet Shop!
0:25:58,@power2meChannel,awww
0:26:00,@solarismare,flashback
0:26:01,@KohJhonesItula,YO
0:26:02,@Aromaticgrassitem,is twilitht gonna get shot
0:26:02,@slushyhusky.ed1ts,NO
0:26:02,@KohJhonesItula,FINALLY
0:26:02,@agoatheadbaby3512,WHEN WILL WE SEE THE MARSHMALLOW INCIDENT?
0:26:04,@jo3a548,yeah
0:26:05,@Joseph-e8y3v,what was the marshmallow incident
0:26:06,@applebloom2307,Can't wait to find out about that!!!!!
0:26:06,@solarismare,slam
0:26:07,@SeriouslySodium,FINALLY
0:26:10,@Tamers12345MLP,:(
0:26:10,@jennythebean9117,Twilight is not a Vampire!
0:26:12,@solarismare,again?
0:26:12,@hollywareham6810,crazy
0:26:13,@slushyhusky.ed1ts,NO DONT YOU DARE
0:26:13,@power2meChannel,OMG
0:26:14,@jo3a548,OH FUCK
0:26:16,@UngulaPropriaRQ,hehehe
0:26:17,@laurenbrowne8514,ARE WE FINALLY GONNA SEE IT
0:26:17,@agoatheadbaby3512,WE'RE SEEING IT RIGHT NOW!!!
0:26:17,@OrpheusHart,HUGE LORE DROP
0:26:18,@TheMTwinny,LMAO WHAT IS THIS
0:26:19,@lilmacfarlan3,Ohmygod lol
0:26:20,@GlimmyGOD,Damn she was always a killer
0:26:22,@Gwenniepiggy,not aggain
0:26:22,@applebloom2307,LOL CANNON
0:26:23,@jo3a548,ALSDOASFLASFOLSF
0:26:24,@solarismare,donk
0:26:24,@woxiangshuozhongwen,DAMN
0:26:26,@power2meChannel,lol
0:26:27,@rowgacha2315,damn ...
0:26:28,@lordofshrimps,LOL????
0:26:28,@hollywareham6810,lol
0:26:29,@jennythebean9117,Another back story!
0:26:30,@PwnyHipster,THE INCIDENT
0:26:30,@NubMcMoofin,:smiling_face_with_hearts::smiling_face_with_hearts:
0:26:30,@pinkpupbutt9299,DAMN
0:26:31,@Aromaticgrassitem,bam
0:26:32,@slushyhusky.ed1ts,LOREEEEWE
0:26:35,@UngulaPropriaRQ,i wonder if this is as tragic as the FiM glimmer origin story
0:26:38,@PoppinCornBaby,Not again
0:26:39,@katseye77779,LOREEE
0:26:40,@jennythebean9117,Yippee 
0:26:40,@power2meChannel,so cuttte
0:26:41,@jo3a548,AMEN
0:26:42,@va_fail,i have flashbacks.
0:26:43,@freynoso47,PRINCESS MOE LESTIA
0:26:43,@moisturizer1355,"yo, lore!"
0:26:44,@woxiangshuozhongwen,Celestial the Christian
0:26:45,@KvVuld,she used to be good
0:26:45,@læeesz,finallyyy
0:26:49,@LightTim,CHRIST IS KING
0:26:49,@woxiangshuozhongwen,SAINT CELESTIAL
0:26:49,@agoatheadbaby3512,IT'S ANOTHER SHOW AND TELL INCIDENT!!
0:26:49,@lilmacfarlan3,MARSHMALLOW INCIDENT
0:26:51,@jo3a548,eternal rival
0:26:51,@DemonteBrown-c9m,umm
0:26:52,@LightTim,CELESTIA APPROVED
0:26:53,@TheKalimanMX,praise
0:26:53,@woxiangshuozhongwen,CELESITA
0:26:53,@PwnyHipster,finally we get to know the marshmallow incident
0:26:53,@Aromaticgrassitem,meh
0:26:54,@jennythebean9117,:D
0:26:54,@va_fail,cute baby rarity
0:26:55,@freynoso47,:green_heart: :blue_heart: :pink_heart:
0:26:56,@lilmacfarlan3,YEEEESSS!!!!
0:26:57,@TheMTwinny,Praise Jesus!
0:26:58,@jo3a548,cute
0:26:59,@hollywareham6810,crazy
0:26:59,@jennythebean9117,Adorable 
0:27:00,@SketchyZero,The Bible is overrated. Tamers is the true god
0:27:02,@UngulaPropriaRQ,SHE'S GONNA BUY LITTLE CAESARS 
0:27:03,@power2meChannel,aww :(
0:27:10,@Hexen_4444,Ponies are Christmaxxed
0:27:11,@va_fail,twilight was mean kid 
0:27:14,@jennythebean9117,:3
0:27:16,@solarismare,she shitting
0:27:16,@UltimateStarky,kinda based ngl
0:27:18,@jo3a548,OH NO
0:27:19,@jennythebean9117,Twilight!
0:27:21,@slushyhusky.ed1ts,DAMN
0:27:23,@katseye77779,dang it i went back because of the FEAKING AD.
0:27:24,@solarismare,LAXATIVE
0:27:24,@lilmacfarlan3,Oh man 
0:27:24,@solarismare,OH NO
0:27:25,@UngulaPropriaRQ,OH 
0:27:25,@jo3a548,NOOOOOOOOOOOOOOOOOOOOOOOOOO
0:27:26,@valoryvapeskin6965,Oh no...
0:27:28,@GlimmyGOD,oh shit
0:27:28,@Tamers12345MLP,Twilight was bitchy to everyone as a filly
0:27:28,@Padtygalaxy,Oh no
0:27:29,@UngulaPropriaRQ,THE VILLIAN ORIGIN STORY 
0:27:29,@Gwenniepiggy,NO
0:27:29,@lilmacfarlan3,Oh no
0:27:30,@pinkpupbutt9299,DAMN
0:27:31,@PwnyHipster,goddamn twi
0:27:31,@Hyloaf,u oh
0:27:31,@valoryvapeskin6965,OH NOOO
0:27:32,@shadey_z1241,Bruh 
0:27:32,@WithoutFlaw,it's over
0:27:32,@pinkpupbutt9299,OH NO
0:27:33,@hollywareham6810,a penny is crazy
0:27:33,@jo3a548,oure evil
0:27:34,@slushyhusky.ed1ts,THIS HAS BEEN SO LONG AWATED
0:27:35,@power2meChannel,:O
0:27:35,@NubMcMoofin,:disappointed_face:
0:27:35,@jennythebean9117,True 
0:27:36,@iamboomer7805,good god
0:27:36,@WithoutFlaw,NOO
0:27:37,@lordofshrimps,OH MY GOD
0:27:37,@Exiledlama,LMAO
0:27:37,@pixelated6451,loll l l ll l 
0:27:39,@freynoso47,DONT DO IT TWI
0:27:39,@solarismare,ha
0:27:40,@TheMTwinny,AYO
0:27:40,@solarismare,ha
0:27:40,@SramLabs,:0
0:27:40,@UngulaPropriaRQ,THIS IS WHY SHE'S A FARTBEAST 
0:27:40,@applebloom2307,Nooooo
0:27:41,@vegas_o3o,oh NO
0:27:41,@ෆKevrine_Kmෆ,BABY OIL?! 
0:27:41,@jo3a548,HAHA
0:27:43,@SkullCalipers,Ha ha
0:27:44,@Joseph-e8y3v,I understand now
0:27:44,@ok7777-j3s,oh That's messed up.
0:27:44,@jennythebean9117,PINKIE!
0:27:45,@ADWLOVERANDMM2,:( i feel so bad 
0:27:46,@lilmacfarlan3,OHHHH NOOOOOO
0:27:46,@power2meChannel,NOO
0:27:47,@TheMTwinny,BAD TWI
0:27:50,@solarismare,NOOOO
0:27:51,@solarismare,STOP
0:27:51,@doggerlander,twilight is so crazy bros
0:27:52,@lilmacfarlan3,NOOOOONONO
0:27:52,@laurenbrowne8514,Rainbow dash mentioned
0:27:52,@slushyhusky.ed1ts,THIS HAS BEEN SO LONG AWATED
0:27:52,@applebloom2307,Aww poorbby
0:27:52,@dum_es7509,tamers guess what chicken butt
0:27:53,@slushyhusky.ed1ts,NOOO
0:27:54,@strongback6550,Ha
0:27:56,@solarismare,NOOOO YOU'RE SO MEAN TWILIGHT
0:27:57,@katseye77779,oop
0:27:59,@valoryvapeskin6965,NOOOOOO
0:27:59,@solarismare,WAAAAA
0:28:00,@hollywareham6810,bros cooked
0:28:02,@pinkpupbutt9299,OH DAMN
0:28:02,@vegas_o3o,Twilight is confirmed #1 mass murder
0:28:02,@ADWLOVERANDMM2,Awwwww
0:28:02,@solarismare,FUUUUCK
0:28:02,@jennythebean9117,Twilight!
0:28:03,@pinkpupbutt9299,NO
0:28:03,@lilmacfarlan3,OOOOHHHHHHH
0:28:03,@slushyhusky.ed1ts,NOOO
0:28:04,@slushyhusky.ed1ts,THIS HAS BEEN SO LONG AWATED
0:28:06,@valoryvapeskin6965,TWILIGHT YOU DEVIL!
0:28:06,@Shamino1,I hate every single pony in ponyville it
0:28:06,@misakayy1911,OH NO
0:28:06,@pixelated6451,oh.
0:28:08,@Tamers12345MLP,Starlight no...! :sad_but_relieved_face:
0:28:09,@laurenbrowne8514,AWH STARLIGHT
0:28:09,@woxiangshuozhongwen,LORE LORE
0:28:09,@solarismare,BUUURP
0:28:11,@pixelated6451,wait a minute
0:28:13,@Shamino1,This is so unreal how much I hate ponies.
0:28:14,@Kinahwuzhere,Wait no 
0:28:15,@SkullCalipers,Here it comes
0:28:15,@solarismare,THE FUCKING NOISES
0:28:15,@power2meChannel,NO
0:28:16,@lilmacfarlan3,:pile_of_poo::pile_of_poo::pile_of_poo::pile_of_poo::pile_of_poo::pile_of_poo::pile_of_poo::pile_of_poo::pile_of_poo::pile_of_poo:
0:28:16,@solarismare,HELP
0:28:16,@WithoutFlaw,STARLIGHT NOOOOOO
0:28:17,@GlimmyGOD,OH FUCK
0:28:17,@ෆKevrine_Kmෆ,AH I GET IT
0:28:18,@hollywareham6810,lol
0:28:19,@UngulaPropriaRQ,glimmygod has entered the chat
0:28:19,@delta-v4x,NOOOOOO
0:28:20,@slushyhusky.ed1ts,NO
0:28:21,@vegas_o3o,Aaaand there goes Starlight
0:28:22,@pinkpupbutt9299,OH NO
0:28:22,@jo3a548,DAYUUUUM
0:28:23,@TheMTwinny,OOF
0:28:23,@jennythebean9117,Kiss
0:28:23,@freynoso47,she gon get a bad case of the poopies
0:28:23,@misakayy1911,NOOOOOOOOOOOOO
0:28:24,@lordofshrimps,oh my ears
0:28:24,@LightTim,WELCOME TO THE BROWN WATER PARK
0:28:25,@lilmacfarlan3,:pile_of_poo::pile_of_poo::pile_of_poo::pile_of_poo::pile_of_poo::pile_of_poo::pile_of_poo::pile_of_poo::pile_of_poo::pile_of_poo::pile_of_poo::pile_of_poo::pile_of_poo::pile_of_poo:
0:28:25,@slushyhusky.ed1ts,SHIT
0:28:26,@PoppinCornBaby,NOOO GLIMMER
0:28:26,@ADWLOVERANDMM2,HO NOOOOO
0:28:27,@applebloom2307,Ohh
0:28:27,@hollywareham6810,1000 yard stare
0:28:28,@Gamerhead43560,I may have to mute this part
0:28:28,@Gwenniepiggy,holy celest
0:28:28,@laurenbrowne8514,Twi u evil for this
0:28:29,@doggerlander,uh oh
0:28:30,@solarismare,poopy
0:28:30,@LightTim,THE LOG RIDE OF DOOOOOOOOOM
0:28:31,@dovaak,get ready rarity 
0:28:32,@applebloom2307,It's coming
0:28:32,@Shamino1,Celestia is the only good pony here.
0:28:33,@power2meChannel,LMAO celestia
0:28:34,@woxiangshuozhongwen,DAMN CELESTIA LOVES CAKE
0:28:36,@jo3a548,BIG BROWNING
0:28:36,@agoatheadbaby3512,NOOOOO
0:28:37,@jennythebean9117,Oh no
0:28:38,@TheKalimanMX,:pile_of_poo::pile_of_poo::pile_of_poo:
0:28:38,@solarismare,HOLY SHIT
0:28:40,@DownyDuck,based twilight
0:28:40,@freshglizzy3763,Dayyum!!
0:28:41,@bjcobbledick2818,EVERYPONY RUN
0:28:42,@applebloom2307,Oh no
0:28:42,@slushyhusky.ed1ts,OH NO
0:28:42,@solarismare,OH MY GOD
0:28:44,@NubMcMoofin,:disappointed_face::disappointed_face::disappointed_face:
0:28:44,@va_fail,:disappointed_face: 
0:28:45,@agoatheadbaby3512,OH GOD
0:28:45,@solarismare,BABOOEY
0:28:46,@Hyloaf,@GlimmyGOD 
0:28:46,@ptfoxylady,DON’T SHIT
0:28:46,@pixelated6451,okay son
0:28:46,@freynoso47,ITS MOE LESTIAS FAULT
0:28:47,@vegas_o3o,I recognize that laugh...
0:28:48,@WithoutFlaw,WORLD ENDING SHIT
0:28:48,@Hexen_4444,Average Teacher
0:28:48,@solarismare,MY EARS LMFAO
0:28:49,@slushyhusky.ed1ts,NOOOOOOO
0:28:49,@power2meChannel,DAYUM
0:28:50,@PwnyHipster,HOLY
0:28:50,@applebloom2307,Oh goodness
0:28:50,@jo3a548,LASDOAL>FASLFASOLFALFOLAFOLAOLSFOLXZOLFa
0:28:50,@solarismare,HELP ME
0:28:51,@vegas_o3o,OH. NO
0:28:52,@pinkpupbutt9299,OH GOD
0:28:52,@Gwenniepiggy,sonic fartboom
0:28:53,@slushyhusky.ed1ts,TWILIGHT
0:28:53,@ADWLOVERANDMM2,AHAHAHAHAHA
0:28:53,@delta-v4x,"Oh, this is VERDUN"
0:28:54,@solarismare,WHAT IS HAPPENING
0:28:54,@SalteySal,Omg
0:28:55,@NubMcMoofin,:face_screaming_in_fear::face_screaming_in_fear::face_screaming_in_fear::face_screaming_in_fear::face_screaming_in_fear:
0:28:55,@power2meChannel,LMAO
0:28:56,@jennythebean9117,Oh no
0:28:56,@Kinahwuzhere,Jesus
0:28:56,@Caprisunlover_444,Brah
0:28:56,@shrimpkuuu,LFMAOSOSO
0:28:56,@laurenbrowne8514,Omg
0:28:57,@applebloom2307,YO
0:28:56,@TheMTwinny,LMAO
0:28:57,@lordofshrimps,LOLLLLLLLLLL
0:28:57,@PoppinCornBaby,DAMN
0:28:57,@BrownPilledFartCel,bababoey
0:28:58,@agoatheadbaby3512,ALL OF THE NOISES
0:28:58,@iamboomer7805,BABABOOEY
0:28:58,@ok7777-j3s,Omg!
0:28:58,@dum_es7509,sound effects just happenin
0:28:58,@ADWLOVERANDMM2,AHAHAHAHAHAHAHHAHAHAHAHAHAHAHAHAHH
0:28:59,@nico22999,Damn
0:28:59,@spiderb8,GlimmyGod wins again
0:29:00,@hollywareham6810,lol
0:29:00,@Joseph-e8y3v,oh shit
0:29:00,@SkylerPerkins-t1u,RUNNNNNNNNN
0:29:01,@slitherwing30,I love undertime slopper 
0:29:02,@TheMTwinny,OOOOOOOOOOOOOOH MY GOD
0:29:02,@shadey_z1241,HOLY SHIT
0:29:02,@laurenbrowne8514,LUNA??
0:29:03,@slushyhusky.ed1ts,OMG
0:29:04,@solarismare,HELP ME
0:29:04,@OrpheusHart,ROFLMAO
0:29:04,@UporotijUtug,oughh
0:29:05,@lilmacfarlan3,:dashing_away::pile_of_poo::dashing_away::pile_of_poo::dashing_away::pile_of_poo::pile_of_poo::dashing_away::pile_of_poo::pile_of_poo::pile_of_poo::pile_of_poo::dashing_away::dashing_away:
0:29:06,@Tabledar,ITS THE END OF DAYS
0:29:06,@applebloom2307,MILLIONS MUST PERISH
0:29:07,@vegas_o3o,maw???
0:29:07,@hollywareham6810,fever dream
0:29:07,@Solums,nuke
0:29:07,@fewchsia,LMAO
0:29:09,@clockguy2793,i know damn well ima see this on twitter later
0:29:09,@jo3a548,NO
0:29:09,@Dorky_Crow,The shit of 87
0:29:09,@Caprisunlover_444,What is happening 
0:29:10,@laurenbrowne8514,LUNA AGAIN??
0:29:10,@slushyhusky.ed1ts,OMG HELP
0:29:11,@halesumoox,amazing
0:29:11,@solarismare,TAMERS I LOVE YOU
0:29:11,@NubMcMoofin,:loudly_crying_face::loudly_crying_face::loudly_crying_face:
0:29:12,@solarismare,LMFAOOO
0:29:12,@power2meChannel,LOL
0:29:13,@jennythebean9117,Twilight everyone died
0:29:14,@Tomerツ,WTF
0:29:14,@Tabledar,my singing monsters?
0:29:15,@pixelated6451,KAZAKHSTAN 
0:29:16,@Mira-ep3cd,Jesus :loudly_crying_face:
0:29:16,@ADWLOVERANDMM2,LMFAO
0:29:17,@va_fail,i can't believe twilight did this to starlight
0:29:17,@ok7777-j3s,oh NOOOOOO
0:29:17,@TheMTwinny,TAMER SUSED THE OMG SOUND CLIP HAHAHA
0:29:18,@Caprisunlover_444,What the fuck
0:29:18,@WithoutFlaw,LMAAAOOOOOO
0:29:21,@ෆKevrine_Kmෆ,THE POWER OF FART
0:29:21,@doggerlander,damn no wonder starswirl got low diffed
0:29:22,@laurenbrowne8514,Naw now I get starlights hate
0:29:22,@katseye77779,dang
0:29:23,@applebloom2307,GOD MARI IS SO CUTE
0:29:23,@vdn2468,HAHAHAHAHA
0:29:24,@freynoso47,Wtf lmaoooo
0:29:24,@power2meChannel,LMAO
0:29:26,@slushyhusky.ed1ts,LMAO
0:29:27,@solarismare,pony socials
0:29:28,@UngulaPropriaRQ,"@GlimmyGOD how does it feel, waking up every day a winner"
0:29:30,@woxiangshuozhongwen,LMAO WHO ARE THE TERRORITS
0:29:31,@SkullCalipers,LOL
0:29:31,@slushyhusky.ed1ts,HELP
0:29:31,@pinkpupbutt9299,OH GOD
0:29:31,@freynoso47,Pony Nine Eleven
0:29:33,@jo3a548,shartlight
0:29:33,@solarismare,shartlight shitter
0:29:36,@UporotijUtug,Nuclear guts
0:29:36,@pinkpupbutt9299,THATS SO GROSS
0:29:38,@pixelated6451,pony socials
0:29:39,@lilmacfarlan3,So THATS what’s twilight did
0:29:39,@Gwenniepiggy,shartlight shitter
0:29:39,@PwnyHipster,Shartlight Shitter
0:29:40,@WithoutFlaw,@woxiangshuozhongwen the changelings
0:29:40,@LightTim,STARLIGHT SHITTER
0:29:41,@moriorinvictus69,LOL
0:29:41,@Hexen_4444,W
0:29:41,@badnin707,llmfao
0:29:42,@power2meChannel,HAHAHA'
0:29:43,@misakayy1911,SHARTLIGHT SHITTER
0:29:43,@valoryvapeskin6965,Shartlight Shitter
0:29:44,@Aromaticgrassitem,"SHE IS THE ONE WHO FARTS, JESSIE"
0:29:45,@delta-v4x,Shartlight Shitter
0:29:48,@applebloom2307,YO
0:29:50,@doggerlander,OH NO NO SHARTLIGHTBROS???
0:29:51,@katseye77779,EWWWW DNAGMGDEJE DANG
0:29:52,@jo3a548,NOOOO
0:29:52,@vegas_o3o,Look at Trixie's hand..
0:29:54,@DownyDuck,deserved
0:29:55,@ෆKevrine_Kmෆ,Trixie is clam 
0:29:56,@hollywareham6810,wild
0:29:57,@solarismare,AWGH
0:29:57,@lilmacfarlan3,Fartlight shitter
0:29:58,@dum_es7509,yo this is kinda like a video
0:30:00,@jennythebean9117,:loudly_crying_face::loudly_crying_face::loudly_crying_face::loudly_crying_face:
0:30:00,@katseye77779,DAMN
0:30:02,@ADWLOVERANDMM2,Sheetlight shitter
0:30:03,@delta-v4x,In the world of ponies the only god is the one who SHARTS
0:30:05,@woxiangshuozhongwen,STARLIGHT SHITTER
0:30:05,@mr.bananaman9805,shartlight shitter
0:30:07,@pinkpupbutt9299,LOL
0:30:08,@power2meChannel,awww date idea!
0:30:08,@NubMcMoofin,:smiling_face_with_hearts::smiling_face_with_hearts::smiling_face_with_hearts:
0:30:09,@katseye77779,i sn
0:30:10,@agoatheadbaby3512,"WAIT, IS THIS WHY STARLIGHT KNOWS HOW TO USE FORBIDDEN FART MAGIC?"
0:30:10,@santiagosoto288,shartlight shitter
0:30:14,@vegas_o3o,NO WAIT I MEAN MARY
0:30:14,@applebloom2307,Yay 
0:30:14,@solarismare,mari LOL
0:30:15,@katseye77779,i can smell it…
0:30:16,@vegas_o3o,CRAP
0:30:16,@freynoso47,Sh*rtlight Sh*tter Lmaoooo
0:30:24,@jennythebean9117,Yea
0:30:25,@Hexen_4444,to shea
0:30:25,@TheMTwinny,MARI NO
0:30:27,@hollywareham6810,Mary's stupid lol
0:30:30,@solarismare,balloooney
0:30:30,@power2meChannel,Haha!
0:30:32,@applebloom2307,MARI YES
0:30:33,@jo3a548,Hell yeah
0:30:40,@laurenbrowne8514,STARLIHJT STOP
0:30:41,@jennythebean9117,Oh no
0:30:42,@badnin707,woww
0:30:42,@Aromaticgrassitem,balloooney
0:30:42,@NubMcMoofin,:disappointed_face:
0:30:43,@agoatheadbaby3512,damn
0:30:43,@slushyhusky.ed1ts,DAMN
0:30:45,@LightTim,GO MAKE ME A SANDMICH
0:30:46,@UngulaPropriaRQ,hi tirek
0:30:47,@laurenbrowne8514,MARI NO
0:30:47,@delta-v4x,Sudo make me a sandwich
0:30:49,@iamboomer7805,ENTER
0:30:50,@badnin707,shartlit strikes again
0:30:50,@slushyhusky.ed1ts,RUDE
0:30:51,@va_fail,hii tirek
0:30:52,@katseye77779,anyone?
0:30:52,@solarismare,thorax!
0:30:52,@laurenbrowne8514,TIREK??
0:30:52,@lordofshrimps,LOLLL
0:30:52,@jo3a548,oh yeah
0:30:54,@woxiangshuozhongwen,I thought tirek died
0:30:54,@PwnyHipster,My boy Tirek
0:30:54,@jo3a548,he is back
0:30:55,@misakayy1911,TYREK
0:30:55,@Tamers12345MLP,She's blind in one eye so you can't blame or making such a mistake
0:30:56,@applebloom2307,Awwew bby
0:30:56,@Padtygalaxy,Thoxa
0:30:56,@TheMTwinny,HAHAHAHA
0:30:57,@UngulaPropriaRQ,OH HE LIVED 
0:30:57,@bigr3dr4gon,is this twilight 
0:30:57,@NubMcMoofin,:exploding_head::exploding_head:
0:30:58,@jennythebean9117,Nooooo
0:30:59,@berng9271,Snatching
0:30:59,@TheMTwinny,TIREK WHAT
0:31:00,@lilmacfarlan3,Bal OOO nee 
0:31:00,@valoryvapeskin6965,THORAX!!!
0:31:00,@applebloom2307,He's back!!
0:31:00,@solarismare,oh nice
0:31:01,@lordofshrimps,HES ALIVE
0:31:02,@lordofshrimps,YAY
0:31:04,@ෆKevrine_Kmෆ,🫩
0:31:05,@hollywareham6810,lol
0:31:05,@PwnyHipster,HE's ALIVE!?
0:31:05,@OrpheusHart,YOOO THORAX
0:31:05,@MillerTheDarkTransPrince,lol
0:31:06,@UporotijUtug,Noooo
0:31:07,@freynoso47,TYREK AND BUG BOY
0:31:07,@power2meChannel,LMAO
0:31:07,@agoatheadbaby3512,"TAMERS, WHY COULD STARLIGHT SHARE HER HOMEMADE MARSHMALLOWS BUT TRIXIE CAN'T SHARE HER HOMEMADE LASAGNA??"
0:31:08,@Slackjaw55,thorbax!
0:31:08,@Kinahwuzhere,He lives ???
0:31:09,@UngulaPropriaRQ,thorax is a bug so he just put his head back on 
0:31:10,@Hexen_4444,THORAX!
0:31:10,@Gwenniepiggy,omg tirek so silly
0:31:13,@applebloom2307,"Yeh, he came back to life"
0:31:15,@pixelated6451,well you got one
0:31:15,@JimMilton-g2g,crazy
0:31:16,@WithoutFlaw,MASSIVE FUCKING PLOT TWIST LMFAAOOO
0:31:16,@jennythebean9117,Torek!
0:31:17,@roberthoelting3430,yay thorax is back
0:31:20,@Solums,What torax doing here
0:31:21,@TheMTwinny,LMAO WHAT EVEN IS HAPPENING
0:31:22,@jo3a548,Oh fuck
0:31:22,@delta-v4x,Thorax deserves it
0:31:23,@power2meChannel,:O
0:31:25,@freynoso47,FROM THE CHUCK E. CHEESES EP
0:31:26,@hollywareham6810,crazy
0:31:27,@jennythebean9117,Thorax is alive!
0:31:27,@ෆKevrine_Kmෆ,THORAX?! 
0:31:27,@solarismare,RUUUUN
0:31:28,@applebloom2307,WAIT YEH THORAX IS DED
0:31:29,@solarismare,VAMPIRE SWARM
0:31:31,@lilmacfarlan3,Of course thorax is back lol
0:31:31,@Shamino1,Tamers12345 is a World of Darkness enthusiast = CONFIRMED
0:31:31,@pinkpupbutt9299,YAOI
0:31:32,@Haddles37,I'm late noooi
0:31:33,@solarismare,teerek
0:31:35,@PwnyHipster,I mean Chrysalis survived decapitation
0:31:36,@JimMilton-g2g,holy
0:31:43,@UporotijUtug,Not the marketable Changling!
0:31:45,@Hexen_4444,London?
0:31:46,@ADWLOVERANDMM2,:locked::…………………………………
0:31:48,@katseye77779,"""hey hey"""
0:31:51,@solarismare,AUUUUUGH
0:31:51,@hollywareham6810,bros cook
0:31:53,@laurenbrowne8514,Idc abt this toxic yaoi Wheres apple package 
0:31:53,@UngulaPropriaRQ,HAHAHA
0:31:53,@jo3a548,NOOOOOOOOOOO
0:31:56,@gossmand,plss when vapmire child from apple bottom drawing gonna show up :folded_hands:
0:31:57,@xamxsu,Ts getting demonitized :loudly_crying_face:
0:31:57,@Padtygalaxy,Lol
0:31:57,@NubMcMoofin,:disappointed_face:
0:31:59,@va_fail,nooo
0:31:59,@pinkpupbutt9299,DAMNN
0:32:00,@applebloom2307,Noooo not again
0:32:00,@katseye77779,"""_NO PISS OFF"""
0:32:00,@misakayy1911,TYREK NO
0:32:01,@jennythebean9117,Oh no
0:32:01,@iamboomer7805,SAVE HIM
0:32:01,@Slackjaw55,gold
0:32:02,@pixelated6451,lol
0:32:02,@power2meChannel,LMAO
0:32:02,@Aromaticgrassitem,lmao
0:32:02,@hollywareham6810,taken away
0:32:02,@TheMTwinny,BLAP
0:32:03,@solarismare,DOGGIE LIGHT
0:32:05,@jo3a548,NOOOOOOOOOOOOOOOOOOOO
0:32:06,@Shamino1,DYING YODA ROTFLMAO
0:32:06,@UngulaPropriaRQ,twilight you freaky
0:32:07,@freynoso47,YODA DEATH SCREAM
0:32:07,@TheMTwinny,LMAO HE GONE
0:32:07,@PawOnTheBurger,yoda
0:32:09,@NubMcMoofin,:exploding_head::exploding_head:
0:32:09,@pinkpupbutt9299,LOL
0:32:10,@jo3a548,Werewolf Mari
0:32:10,@hollywareham6810,lol
0:32:11,@ok7777-j3s,...
0:32:11,@ෆKevrine_Kmෆ,WHERE'S CRYSTALIS AND IDK HER NAME I TOTALLY FORGOT 
0:32:11,@Shamino1,ROTFLMAO DYING YODA
0:32:12,@laurenbrowne8514,This is crazy
0:32:13,@PawOnTheBurger,yoda
0:32:13,@PoppinCornBaby,Bat sonar abilities
0:32:14,@jo3a548,Hell yeah
0:32:15,@valoryvapeskin6965,Freaky
0:32:16,@solarismare,hi starlight
0:32:18,@Slackjaw55,uh oh
0:32:20,@bigr3dr4gon,lol
0:32:20,@Aromaticgrassitem,vampireee
0:32:22,@ok7777-j3s,oh
0:32:23,@UngulaPropriaRQ,SHE DOES CANONICALLY
0:32:24,@solarismare,hi mari
0:32:24,@pixelated6451,uh ohhh
0:32:25,@ADWLOVERANDMM2,:locked::………………………………
0:32:26,@MooMoo_420,Damn she cooked like 100%
0:32:27,@solarismare,LETS GO
0:32:28,@TheMTwinny,OOF
0:32:32,@solarismare,LETS GOOOO MARI
0:32:32,@ADWLOVERANDMM2,:locked::………………………………
0:32:36,@laurenbrowne8514,Omg Mari yes
0:32:36,@freynoso47,SH*RTLIGHT SH*TTER
0:32:36,@TheMTwinny,She got bit too
0:32:39,@lordofshrimps,OHMY GOD
0:32:39,@lilmacfarlan3,Shartlight shitter 
0:32:40,@jo3a548,Oh no
0:32:42,@OrpheusHart,LMAO
0:32:42,@power2meChannel,HAHA
0:32:43,@pinkpupbutt9299,DAMN
0:32:44,@hulfe2514,YESSS
0:32:44,@hollywareham6810,crazy
0:32:45,@NubMcMoofin,:smiling_face_with_hearts:
0:32:47,@Aromaticgrassitem,"""russia"""
0:32:47,@TheMTwinny,RUSSIA????
0:32:47,@Hexen_4444,I thought this was Germany?
0:32:48,@ෆKevrine_Kmෆ,OH
0:32:49,@ADWLOVERANDMM2,:locked::………………………………
0:32:50,@CHLOMAKl,Adwlovershut the hell up goodness
0:32:51,@ADWLOVERANDMM2,:locked::………………………………
0:32:51,@Gwenniepiggy,sisters of russia :loudly_crying_face:
0:32:52,@ADWLOVERANDMM2,:locked::………………………………
0:32:53,@ADWLOVERANDMM2,:locked::………………………………
0:32:55,@MooMoo_420,:heart_with_ribbon:
0:32:57,@va_fail,I wish they would mention Poland too lol
0:32:59,@TheMTwinny,What the actual BUCK
0:33:01,@jennythebean9117,Russia this is Germany!
0:33:04,@solarismare,ehhehe snack
0:33:08,@jo3a548,bully
0:33:09,@UporotijUtug,I guess she said Prussia...
0:33:15,@applebloom2307,Plz say Mari isn't a terf
0:33:15,@UporotijUtug,Please?
0:33:16,@BrownPilledFartCel,we are in itali
0:33:18,@power2meChannel,TEEHEE
0:33:18,@Shamino1,Trans-feminist-Communist icon Mari may even be worse than Flawless.
0:33:19,@hollywareham6810,crazy
0:33:19,@applebloom2307,I love her so much
0:33:20,@Tamers12345MLP,The werewolves are multiplying :pensive_face:
0:33:21,@ෆKevrine_Kmෆ,:locked::.............
0:33:27,@laurenbrowne8514,Omg wtf
0:33:31,@ADWLOVERANDMM2,:locked::………………………………
0:33:31,@solarismare,NOT A RUG
0:33:32,@Joseph-e8y3v,this whole world is fucked
0:33:32,@ADWLOVERANDMM2,:locked::………………………………
0:33:33,@jo3a548,Cute
0:33:33,@Padtygalaxy,Wtf 
0:33:35,@NubMcMoofin,:smiling_face_with_hearts::smiling_face_with_hearts::smiling_face_with_hearts:
0:33:36,@SeriouslySodium,JUST AGE VERIFY IS NOT THAT HARD YOU IDIOTS
0:33:37,@hollywareham6810,why do I see locks
0:33:38,@slitherwing30,Have you really thought Mary???
0:33:38,@valoryvapeskin6965,Ayo
0:33:39,@laurenbrowne8514,SHARTLIGHT SHUT UP
0:33:39,@power2meChannel,OMG
0:33:39,@solarismare,SPIKE?
0:33:40,@Gwenniepiggy,huhhh???
0:33:41,@lordofshrimps,UH????
0:33:41,@solarismare,HELLO???
0:33:42,@jo3a548,oh fuck
0:33:42,@KvVuld,well well well
0:33:43,@solarismare,TARA STRONG WTF
0:33:44,@slitherwing30,Thoguh*
0:33:44,@badnin707,lmao
0:33:45,@vodka5988,Who the fuck is that?
0:33:45,@solarismare,LMFAO
0:33:45,@WithoutFlaw,what the fuck is going on :folded_hands:
0:33:45,@woxiangshuozhongwen,SPIKE
0:33:46,@freshglizzy3763,evil yuri
0:33:46,@iamboomer7805,SPIKE
0:33:46,@SeriouslySodium,USE A FAKE ID
0:33:47,@NubMcMoofin,:exploding_head::exploding_head:
0:33:48,@lordofshrimps,W FREAK
0:33:48,@iamboomer7805,ENTER
0:33:50,@slitherwing30,Though5
0:33:50,@WithoutFlaw,SPIKE LMAO
0:33:50,@TheMTwinny,SHE GONNA WHAT
0:33:52,@BrownPilledFartCel," ew, spike."
0:33:52,@duffel_brr,WHAT
0:33:53,@solarismare,thanks spike
0:33:54,@LUNN4T1C,SPIKEE
0:33:55,@delta-v4x,Who the fuck is Spike?!
0:33:55,@freynoso47,SPIKEEEE
0:33:55,@Solums,SPIKE HOW
0:33:56,@solarismare,spike is so mean
0:33:56,@TheMTwinny,Oh there's Spike
0:33:57,@Padtygalaxy,Skipe and tara strong!
0:33:57,@jennythebean9117,Nooooooooo
0:33:58,@Tabledar,hey look its spik
0:33:59,@solarismare,sparky!
0:34:00,@laurenbrowne8514,Who tf is tara strong and why is spike alive 
0:34:00,@Mira-ep3cd,SPIKE
0:34:01,@pinkpupbutt9299,WHAT THE FUCK
0:34:01,@slushyhusky.ed1ts,SPIKE????
0:34:02,@PwnyHipster,Yay Spike
0:34:02,@Aromaticgrassitem,Tara the Strong
0:34:03,@ADWLOVERANDMM2,WOW
0:34:03,@PoppinCornBaby,TARA STRONG 
0:34:06,@xd_mars,TARA? THATS MY NAMEEE
0:34:08,@bigr3dr4gon,lmao
0:34:08,@applebloom2307,Who
0:34:09,@solarismare,shut the hell up sparky
0:34:09,@hollywareham6810,walk off without pay
0:34:12,@ෆKevrine_Kmෆ,Aw.... 
0:34:12,@MooMoo_420,Why is SHE here :confused_face::confused_face:
0:34:18,@PoppinCornBaby,Ew sparky…
0:34:19,@agoatheadbaby3512,SHE BECOMES A WEREWOLF MARIONETTE BECOMES STARLIGHT'S ACTUAL PET DOG
0:34:19,@pinkpupbutt9299,YO
0:34:19,@applebloom2307,Spike whooooo
0:34:20,@freynoso47,The MLP version of Cosmo from dandys world
0:34:20,@jennythebean9117,Spike literally can’t die
0:34:21,@ෆKevrine_Kmෆ,SKIPE
0:34:23,@lilmacfarlan3,Oh yeah tournament of power episode 
0:34:28,@ෆKevrine_Kmෆ,SPIKE! 
0:34:29,@pinkpupbutt9299,DAMN
0:34:29,@power2meChannel,Spike no!
0:34:31,@TheMTwinny,SPARKY SOUNDS LIKE A DANDY'S WORLD THING
0:34:33,@ෆKevrine_Kmෆ,YAYAYAYA-
0:34:38,@applebloom2307,Yo
0:34:38,@jennythebean9117,Me too :3
0:34:47,@bigr3dr4gon,i hate spike
0:34:47,@CHLOMAKl,Flick
0:34:49,@Judithdith-mf7bs,where's braeburn and soarin?
0:34:49,@pinkpupbutt9299,LOL
0:34:50,@BrownPilledFartCel,its the same voice actor as dandy's world wtf
0:34:50,@power2meChannel,LOL
0:34:52,@ෆKevrine_Kmෆ,@TheMTwinny fr
0:34:56,@jennythebean9117,:O
0:34:58,@applebloom2307,Again lol
0:34:58,@UporotijUtug,"three months ago, huh?"
0:34:59,@MooMoo_420,He’s gonna join Scientology 
0:34:59,@duffel_brr,real
0:34:59,@ADWLOVERANDMM2,AHAHAHAH
0:34:59,@sweet_dreams-with_star,:hand_with_fingers_splayed:
0:35:08,@pinkpupbutt9299,OMG
0:35:10,@Padtygalaxy,High prest?
0:35:11,@power2meChannel,LMAO
0:35:11,@ෆKevrine_Kmෆ,SPPARKY SOUNDS LIKE COSMOS OLD VOICE
0:35:12,@Aromaticgrassitem,Spike is a weird ass side character
0:35:13,@jo3a548,loasdlsaoldlasdolol
0:35:13,@freynoso47,Freeze frame
0:35:14,@jennythebean9117,:skull::skull::skull:
0:35:15,@Hexen_4444,Emo Spike
0:35:16,@UngulaPropriaRQ,OH NO HE'S AN INCEL
0:35:22,@solarismare,EUNUCH SPIKE
0:35:22,@Mira-ep3cd,He’d fail a scientology speedrun
0:35:22,@pinkpupbutt9299,LOL
0:35:24,@jennythebean9117,Bro
0:35:28,@GlimmyGOD,DAMN THAT SHOT WAS TEASED LIKE A YEAR AGO
0:35:32,@bigr3dr4gon,LOL
0:35:34,@laurenbrowne8514,YES MARI
0:35:34,@xd_mars,How dare u say such a factual thing!!
0:35:34,@Gwenniepiggy,High priest surpreme of the bloodmoon
0:35:35,@agoatheadbaby3512,taser
0:35:36,@laurenbrowne8514,Nooo
0:35:38,@dum_es7509,boiii we all playing dandys world like silly gubbies boiiiiiiiiiiiiiiiiii
0:35:38,@power2meChannel,LOL
0:35:39,@pinkpupbutt9299,LOL
0:35:40,@TheMTwinny,TAZER TAZER TAZER
0:35:41,@SkullCalipers,Spike the uncastratable
0:35:44,@ok7777-j3s,lol
0:35:44,@Padtygalaxy,Spyro ref
0:35:45,@lilmacfarlan3,:scissors:
0:35:45,@solarismare,spike lmfao
0:35:46,@solarismare,stop
0:35:46,@vodka5988,lol
0:35:47,@ADWLOVERANDMM2,WHAT 
0:35:47,@TheKalimanMX,go spike
0:35:47,@nico22999,Aww
0:35:47,@jennythebean9117,Say a factial thing lol
0:35:49,@UngulaPropriaRQ,HE'S A CHUD 
0:35:50,@laurenbrowne8514,Omg Someome kill spike
0:35:50,@UngulaPropriaRQ,HAHAHA
0:35:53,@power2meChannel,:O
0:35:55,@TheMTwinny,LMAO
0:35:56,@slushyhusky.ed1ts,:loudly_crying_face::loudly_crying_face::loudly_crying_face::loudly_crying_face:
0:35:57,@solarismare,DO IT MARI
0:35:58,@ෆKevrine_Kmෆ,OH
0:35:58,@iamboomer7805,hes so real for that
0:36:00,@solarismare,PLEASE PUNT HIM
0:36:00,@OrpheusHart,BASED
0:36:01,@MooMoo_420,Spike gotta go
0:36:02,@valoryvapeskin6965,Andrew Spike
0:36:04,@Hexen_4444,he's a Reddit Mod
0:36:06,@applebloom2307,DO IT GIRL
0:36:06,@liquidtamers12345,it's funny he thinks he deserves to live
0:36:10,@laurenbrowne8514,Do it Mari
0:36:13,@va_fail,misogynist spike
0:36:13,@power2meChannel,HAHA
0:36:14,@PoppinCornBaby,You know what Mari is valid
0:36:14,@woxiangshuozhongwen,SPIKE THE DISCORD MOD
0:36:16,@Grizzo_Starr,chibi mlp oh mah gaw
0:36:22,@applebloom2307,Wait he's the guy at the door
0:36:26,@pinkpupbutt9299,LOL
0:36:29,@TheMTwinny,Maybe someone should unalive Spike for good this time
0:36:31,@Luv_Kyle,why is he a magickoopa now
0:36:33,@jo3a548,OH FUCK
0:36:34,@laurenbrowne8514,CLOCK IT TRIXIE
0:36:35,@solarismare,A JEEP
0:36:37,@hollywareham6810,lol
0:36:38,@iamboomer7805,TRIXIE BTFO
0:36:38,@duffel_brr,half knome??
0:36:39,@Nander___,mare pattern baldness
0:36:39,@power2meChannel,LOL
0:36:40,@OrpheusHart,BASED BASED
0:36:41,@SeriouslySodium,why was he looking at him like that
0:36:42,@pinkpupbutt9299,DAMN PINKIE
0:36:43,@laurenbrowne8514,PINKIE??
0:36:44,@lilmacfarlan3,TRIXIE BLOODMOON ERA
0:36:44,@OrpheusHart,GIGACHAD SPIKE
0:36:45,@PoppinCornBaby,Triggered
0:36:45,@delta-v4x,Based
0:36:46,@applebloom2307,He ded
0:36:47,@slushyhusky.ed1ts,A JEEP
0:36:48,@solarismare,FART
0:36:48,@xd_mars,Why trixies fit kinda hard
0:36:49,@okko_fanXD,LOL
0:36:50,@TheMTwinny,A JEEP????
0:36:51,@GlimmyGOD,BASED
0:36:51,@Tamers12345MLP,Spike is like Cancer you just can't get rid of him
0:36:52,@PoppinCornBaby,PINKIE
0:36:53,@delta-v4x,Better be short than bald
0:36:55,@NubMcMoofin,:disappointed_face:
0:36:57,@jennythebean9117,lol 
0:36:59,@pinkpupbutt9299,YEAAHHHH
0:36:59,@applebloom2307,Called it
0:36:59,@ADWLOVERANDMM2,- . -
0:37:00,@MooMoo_420,Ty starlight
0:37:00,@hollywareham6810,crazy
0:37:03,@va_fail,yay pinkie save the day
0:37:05,@Aromaticgrassitem,FART BASED WEAPONRY! FINALLY!
0:37:06,@freynoso47,pinkie is alive
0:37:06,@solarismare,DRAGONCEL LOL
0:37:07,@TheMTwinny,PINKIE
0:37:07,@pixelated6451,how many times are they going to kill you
0:37:08,@Hexen_4444,W Pinkie
0:37:09,@ok7777-j3s,lol
0:37:10,@solarismare,DRAGON INCEL HELP
0:37:14,@Tabledar,pinkie just cured cancer
0:37:14,@UngulaPropriaRQ,YOu'RE A MARECEL MARI DONT TALK SHIT 
0:37:15,@slushyhusky.ed1ts,:loudly_crying_face::loudly_crying_face::loudly_crying_face::loudly_crying_face::loudly_crying_face::loudly_crying_face::loudly_crying_face::broken_heart:
0:37:15,@applebloom2307,DRAGON INCEL
0:37:16,@pixelated6451,DRAGONCEL
0:37:18,@jo3a548,OH HELL YUAH
0:37:18,@jennythebean9117,Epic fight 
0:37:19,@lilmacfarlan3,Boo freaking hoo
0:37:21,@woxiangshuozhongwen,DAMN
0:37:21,@solarismare,HELP
0:37:22,@slitherwing30,HELP WHAT IS THIS
0:37:23,@solarismare,WHAT IS GOING ON
0:37:24,@pinkpupbutt9299,DAMN IT
0:37:25,@Hyloaf,alright
0:37:25,@UngulaPropriaRQ,AAAGHHHHH
0:37:26,@katseye77779,lol
0:37:27,@MooMoo_420,?
0:37:27,@iamboomer7805,LOL
0:37:27,@Tamers12345MLP,Dragons are like earth ponies where they have a naturally strong defense
0:37:28,@ADWLOVERANDMM2,What 
0:37:28,@pixelated6451,the fuck??
0:37:29,@applebloom2307,Yo wat
0:37:29,@liquidtamers12345,peak
0:37:30,@solarismare,WHAT IS THIS TAMERS
0:37:30,@freynoso47,GOANIMATE
0:37:30,@WithoutFlaw,WHAT IS HAPPENING
0:37:30,@PoppinCornBaby,lol
0:37:31,@shadey_z1241,lol
0:37:31,@shrimpkuuu,HUH?.
0:37:31,@UltimateStarky,alright well
0:37:32,@Gwenniepiggy,waahh help omg
0:37:32,@delta-v4x,SO REALISTIC
0:37:32,@power2meChannel,LMAO
0:37:32,@pinkpupbutt9299,GO MOTION
0:37:32,@solarismare,LMFAOOOO
0:37:32,@slushyhusky.ed1ts,HELP WHAT
0:37:33,@Aromaticgrassitem,this is on point
0:37:33,@TheMTwinny,LMAO WHAT THE HE
0:37:33,@Solums,3d
0:37:33,@valoryvapeskin6965,What the fuck!?
0:37:34,@halesumoox,plotagon!!
0:37:34,@hollywareham6810,crazy
0:37:34,@OrpheusHart,LMAOOO KINO
0:37:35,@lordofshrimps,PEAK
0:37:36,@applebloom2307,Love it
0:37:36,@Mira-ep3cd,What the fuck
0:37:37,@UltimateStarky,budget ran out
0:37:37,@glad7636,VYOND??????
0:37:38,@katseye77779,DAMN
0:37:39,@woxiangshuozhongwen,Wtf
0:37:39,@ok7777-j3s,lol
0:37:39,@laurenbrowne8514,THE BUDGET GOT CUT
0:37:40,@freynoso47,11/10 SCENE
0:37:40,@duffel_brr,OH NO
0:37:40,@neargaming2057,What
0:37:40,@lilmacfarlan3,Damn that was intense
0:37:40,@WithoutFlaw,WHAT THE FUCK IS GOING OOONNNN
0:37:40,@ADWLOVERANDMM2,HELP 
0:37:40,@agoatheadbaby3512,the sims?
0:37:41,@hollywareham6810,blue
0:37:41,@SeriouslySodium,THE ANIMATORS DIDNT GOT PAID
0:37:41,@NubMcMoofin,:saluting_face::saluting_face:
0:37:42,@E.p.x,wtf is ts?
0:37:42,@Kinahwuzhere,What happened to the budget 
0:37:43,@OrpheusHart,LMAO PEAK
0:37:43,@Hexen_4444,Budget cuts
0:37:43,@VodkaVodoka,Amazing
0:37:44,@mr.bananaman9805,PEAK
0:37:44,@SkullCalipers,Best animated fight scene
0:37:44,@gossmand,wtf is thisss :loudly_crying_face:
0:37:44,@jennythebean9117,Dragon cel lol
0:37:45,@Solums,Crazy ass battle
0:37:46,@gummy8440,YOOOOO GET EM
0:37:46,@UngulaPropriaRQ,WHERE DID TAMERS GET THE BUDGET FOR A 3D FIGHT SCENE ??????
0:37:46,@applebloom2307,Awww he cryin
0:37:47,@donshade1937,Greatest fight scene 
0:37:47,@doggerlander,this is heartbreaking why must they fight
0:37:47,@Aromaticgrassitem,budget issue
0:37:47,@sadraiju808,some seriously great fights
0:37:48,@nico22999,What a bold artistic choice
0:37:48,@ADWLOVERANDMM2,WTF
0:37:48,@E.p.x,:loudly_crying_face::folded_hands:
0:37:49,@UporotijUtug,THE BUDGET!
0:37:49,@JakesFavorites,Lolwut
0:37:50,@PoppinCornBaby,Dang ran out of money 
0:37:50,@slushyhusky.ed1ts,WTF??
0:37:50,@valoryvapeskin6965,Holy budget!
0:37:50,@liquidtamers12345,media change is peak
0:37:51,@NubMcMoofin,:smiling_face_with_hearts:
0:37:51,@MegaMiltank,:face-green-smiling::face-green-smiling:
0:37:51,@solarismare,WHAT IS GOING ON
0:37:52,@lilmacfarlan3,:face_with_open_mouth:
0:37:52,@TheMTwinny,I'M LOSING IT
0:37:52,@MooMoo_420,Nahhhh spike lost
0:37:53,@lurker-i5m,now ground him
0:37:53,@freynoso47,3D GOANIMATE
0:37:53,@ok7777-j3s,:face_holding_back_tears:
0:37:54,@solarismare,LUNA HIIOII
0:37:54,@WithoutFlaw,i'm crying
0:37:55,@jennythebean9117,Epic animation 
0:37:55,@laurenbrowne8514,Why does he look like zeek from zombies 
0:37:55,@xd_mars,Wtf 
0:37:55,@SeriouslySodium,betetr than invincible
0:37:55,@Nander___,it looks so realistic
0:37:56,@jo3a548,OH FUCK
0:37:57,@WithoutFlaw,i'm fucking crying
0:37:57,@Lucario4thewin,too violent tbh
0:37:58,@ADWLOVERANDMM2,YOOO
0:37:58,@Gwenniepiggy,why is she white
0:37:58,@WithoutFlaw,LMAO
0:37:59,@power2meChannel,LETS GOO
0:37:59,@NubMcMoofin,:smiling_face_with_hearts::smiling_face_with_hearts::smiling_face_with_hearts:
0:38:00,@Mira-ep3cd,Where did the budget go :loudly_crying_face:
0:38:00,@KvVuld,peak luna
0:38:00,@Slackjaw55,so that's where the extra week went.
0:38:00,@Padtygalaxy,Luna
0:38:01,@WithoutFlaw,??????
0:38:01,@ෆKevrine_Kmෆ,"""Confess your real love"" ahhh starlight"
0:38:02,@hollywareham6810,crazy
0:38:03,@UngulaPropriaRQ,yeah well luna is always peak
0:38:03,@lilmacfarlan3,:anguished_face::anguished_face::anguished_face::anguished_face:
0:38:03,@slushyhusky.ed1ts,OH THANK GOD
0:38:03,@Missmab123456,Polygon…
0:38:03,@solarismare,the piss mare
0:38:03,@MooMoo_420,Awww they’re so gay
0:38:04,@OrpheusHart,Absolute Cinema
0:38:05,@Tamers12345MLP,I didn't have time to animate another fight scene
0:38:06,@Solums,Luna!
0:38:06,@woxiangshuozhongwen,LUNA
0:38:07,@ෆKevrine_Kmෆ,HUH
0:38:07,@duffel_brr,who is that???
0:38:09,@Aromaticgrassitem,Luna!
0:38:10,@pinkpupbutt9299,LOL
0:38:10,@delta-v4x,PEAK LUNA
0:38:11,@neargaming2057,WHY IS LUNA HERE
0:38:11,@TheMTwinny,TAMERS LOSE BUDGET
0:38:11,@PoppinCornBaby,WOOONA
0:38:13,@crowpen,GROUNDED
0:38:13,@ෆKevrine_Kmෆ,WHAT IS THID
0:38:13,@duffel_brr,what is happening
0:38:14,@freynoso47,cute pinkie png
0:38:14,@MarthaBoctos,what even just happened:loudly_crying_face:
0:38:14,@applebloom2307,Touhou lookin moon
0:38:15,@laurenbrowne8514,Wtf is this
0:38:15,@Mira-ep3cd,LMAO
0:38:18,@UngulaPropriaRQ,HAHAHAH WHAT A TWIST 
0:38:19,@jennythebean9117,I shitted and Pissed myself 
0:38:20,@slitherwing30,Sometimes I forget every frame was manufactured by a real person
0:38:21,@Lucario4thewin,luna!
0:38:23,@solarismare,LMFAO
0:38:24,@jennythebean9117,Luna!
0:38:27,@WithoutFlaw,"@Tamers12345MLP respect ngl, this shit has been fucking funny so far lmao"
0:38:27,@agoatheadbaby3512,THE TWIST
0:38:27,@duffel_brr,true
0:38:27,@laurenbrowne8514,Isnt starlight purple
0:38:28,@solarismare,MOVE I'M GAY
0:38:28,@lordofshrimps,why
0:38:30,@hollywareham6810,Pinkie kidnapped
0:38:31,@jo3a548,LASFOASLFASOLFALSFOLASDL
0:38:32,@JimMilton-g2g,what in the
0:38:33,@UngulaPropriaRQ,HAHAHA
0:38:33,@UporotijUtug,Dammit no budget now :(
0:38:35,@Bornflawless,I lost track of what was even happening 
0:38:37,@Hexen_4444,Hole
0:38:37,@solarismare,BONK
0:38:38,@lilmacfarlan3,@tamers12345 the fight scene is beautiful as is
0:38:38,@pinkpupbutt9299,LOL
0:38:38,@jennythebean9117,Pinkie!
0:38:39,@va_fail,"""bestfriend"""
0:38:40,@delta-v4x,TAMERS IS BUDGETLESS! UP YOUR PATREON SUBS!
0:38:40,@ෆKevrine_Kmෆ,I'M HOMOPHOBIC 
0:38:41,@lordofshrimps,The music kinda hitting that
0:38:41,@UngulaPropriaRQ,BAT TRIXIE 
0:38:46,@solarismare,LMFAO
0:38:47,@pinkpupbutt9299,YEAH
0:38:48,@solarismare,based
0:38:48,@laurenbrowne8514,USING THE MOVE IM GAY CARD IS CRAZY
0:38:49,@vodka5988,based
0:38:50,@bigr3dr4gon,i love this
0:38:50,@jo3a548,OH NO
0:38:51,@slushyhusky.ed1ts,pokemon type shi
0:38:53,@solarismare,LUNA IS DANCING
0:38:53,@TheMTwinny,She's gay
0:38:55,@NubMcMoofin,:smiling_face_with_hearts::smiling_face_with_hearts::smiling_face_with_hearts:
0:38:55,@misakayy1911,OH NO
0:38:55,@katseye77779,LOL
0:38:57,@MooMoo_420,Oh
0:38:57,@ෆKevrine_Kmෆ,@delta-v4x SAME
0:38:57,@UltimateStarky,based
0:38:58,@laurenbrowne8514,Good
0:39:00,@Slackjaw55,kirk'd
0:39:00,@freshglizzy3763,"o,_,o"
0:39:00,@Aromaticgrassitem,Spike got double tapped
0:39:00,@liquidtamers12345,they shot spike in Germany
0:39:02,@Lucario4thewin,trixie is gay? since when?
0:39:02,@hollywareham6810,crazy
0:39:03,@slushyhusky.ed1ts,OH 
0:39:04,@jennythebean9117,Epic 
0:39:04,@jo3a548,That's fucked
0:39:04,@laurenbrowne8514,FINALLY HES DEAD
0:39:05,@Hexen_4444,MAGA Pony
0:39:05,@applebloom2307,I'm paying through patron! I think?
0:39:06,@freynoso47,"thats like, the third time spike has died"
0:39:07,@pinkpupbutt9299,YOOOO
0:39:07,@woxiangshuozhongwen,LMAO
0:39:09,@woxiangshuozhongwen,EPIC
0:39:09,@KvVuld,majoamogged
0:39:11,@TheMTwinny,BUT YOU JUST KILLED HIM
0:39:11,@solarismare,OMG DANCING PONIES
0:39:17,@jennythebean9117,A racist
0:39:19,@laurenbrowne8514,I can’t believe trixies gay ew
0:39:21,@solarismare,FART
0:39:24,@Aromaticgrassitem,Ravescape!
0:39:25,@lilmacfarlan3,:woman_dancing::man_dancing::woman_dancing::man_dancing::woman_dancing::man_dancing::mirror_ball::man_dancing:
0:39:26,@applebloom2307,What's wrong bby
0:39:26,@KohJhonesItula,yo
0:39:28,@duffel_brr,YOOO
0:39:29,@liquidtamers12345,marewold
0:39:29,@applebloom2307,Oh no!!
0:39:31,@jennythebean9117,Oh shit
0:39:32,@Tamers12345MLP,Why the fuck is Marionette confusing germany with russia
0:39:32,@pinkpupbutt9299,LOL
0:39:33,@woxiangshuozhongwen,THIGHS
0:39:34,@solarismare,HOLY SHIT
0:39:34,@hollywareham6810,crazy
0:39:34,@jo3a548,OH FUCK
0:39:35,@SkullCalipers,Transformation kino
0:39:35,@jennythebean9117,No
0:39:36,@UngulaPropriaRQ,OH DAMN
0:39:37,@laurenbrowne8514,WHY ARE WE LEAVING MARI 
0:39:38,@ADWLOVERANDMM2,:face_holding_back_tears:
0:39:38,@NubMcMoofin,:exploding_head::exploding_head:
0:39:38,@Hyloaf,woah
0:39:40,@solarismare,BIIIIIG
0:39:40,@hollywareham6810,wild
0:39:40,@valoryvapeskin6965,Oh daaaaeeeeuuum
0:39:41,@lordofshrimps,GOONS
0:39:41,@jennythebean9117,Hard bass
0:39:42,@PwnyHipster,This was foreshadowed ages ago
0:39:43,@Aromaticgrassitem,Maripire
0:39:44,@slitherwing30,LMFAO
0:39:44,@solarismare,HAHAHAHAHAHAH
0:39:45,@TheMTwinny,AYO
0:39:46,@hollywareham6810,lol
0:39:46,@shrimpkuuu,MARIIIII
0:39:47,@Tabledar,YESS
0:39:47,@ADWLOVERANDMM2,YOOO
0:39:47,@liquidtamers12345,Hahahaha
0:39:47,@valoryvapeskin6965,LMAO
0:39:47,@UltimateStarky,would
0:39:47,@power2meChannel,TEEHEE
0:39:48,@ෆKevrine_Kmෆ,BBG UR NOT GONNA BE CRUSHED TI DEATH
0:39:48,@NubMcMoofin,:loudly_crying_face::loudly_crying_face:
0:39:49,@MooMoo_420,Wat da hell
0:39:49,@solarismare,FUCKING HUSK
0:39:49,@Hyloaf,LMAO
0:39:50,@Solums,XD
0:39:50,@LightTim,Oh right she's pink
0:39:50,@Gwenniepiggy,omg furry mari
0:39:51,@pinkpupbutt9299,DAMN
0:39:51,@laurenbrowne8514,Oh starlight fw it
0:39:52,@slushyhusky.ed1ts,DWMNNNMMMMMMMMM 
0:39:52,@woxiangshuozhongwen,WTF 
0:39:52,@applebloom2307,YO
0:39:53,@va_fail,lmaoo
0:39:53,@mlpfimguy,KEK 
0:39:53,@hollywareham6810,LOL
0:39:54,@valoryvapeskin6965,HAHA
0:39:54,@shrimpkuuu,LMFAOOO
0:39:55,@misakayy1911,LOL
0:39:55,@lordofshrimps,OH hey its that one outro
0:39:55,@Shellydandysworld-x3p,ololol
0:39:56,@liquidtamers12345,juiced out
0:39:57,@Lucario4thewin,woof
0:39:57,@nico22999,Oh wow
0:39:58,@MooMoo_420,Oh my god
0:39:59,@freynoso47,DAMN SH*RTLIGHT GOT ET'D
0:39:59,@shadey_z1241,Oh shit
0:39:59,@hollywareham6810,she couldn't
0:39:59,@solarismare,NOOO FWALESS
0:39:59,@Padtygalaxy,Growth spurt 
0:40:00,@TheMTwinny,LMAOOOOOOO
0:40:01,@PoppinCornBaby,LMAO
0:40:01,@delta-v4x,Glimmer after not surviving
0:40:01,@ෆKevrine_Kmෆ,AYO
0:40:02,@slushyhusky.ed1ts,fire
0:40:04,@Kinahwuzhere,Lmao
0:40:05,@power2meChannel,DAMN
0:40:05,@jo3a548,Oh hell yeah
0:40:05,@pinkpupbutt9299,LOL
0:40:05,@vdn2468,LMAO
0:40:06,@MegaMiltank,:face-orange-biting-nails:
0:40:06,@UngulaPropriaRQ,flawless is thriving in italy
0:40:06,@ADWLOVERANDMM2,WHAT.
0:40:07,@va_fail,i want to see what happened
0:40:08,@slushyhusky.ed1ts,SHIT
0:40:09,@FForox11GO,she sure held her back
0:40:10,@solarismare,happy 5th birthday flawless
0:40:10,@Mira-ep3cd,BYE
0:40:10,@bigr3dr4gon,lol
0:40:10,@applebloom2307,POor Flawless!!!
0:40:11,@agoatheadbaby3512,whoops
0:40:12,@NubMcMoofin,:smiling_face_with_hearts::smiling_face_with_hearts::smiling_face_with_hearts:
0:40:12,@woxiangshuozhongwen,This is tripping on acid feels like
0:40:14,@jennythebean9117,Oh shit
0:40:14,@WithoutFlaw,i'm crying
0:40:14,@Padtygalaxy,L flawless
0:40:15,@jo3a548,DOG
0:40:17,@Shellydandysworld-x3p,WHATTTT
0:40:17,@slushyhusky.ed1ts,BAHAHAHAHAHA SHES A DOG
0:40:18,@power2meChannel,The LEACH lol
0:40:19,@ෆKevrine_Kmෆ,Ooh~! :red_heart:
0:40:20,@WithoutFlaw,what is happening anymore
0:40:21,@valoryvapeskin6965,Uurg!
0:40:21,@TheMTwinny,RIP My Little Pony Version Of Italy
0:40:23,@ෆKevrine_Kmෆ,NVM
0:40:23,@va_fail,lasagne
0:40:24,@doggerlander,oh she became like the abyss ending
0:40:25,@Tabledar,haha nice
0:40:26,@laurenbrowne8514,Oh shes a pet now
0:40:26,@solarismare,based
0:40:27,@Lucario4thewin,"man, Italy sucks"
0:40:27,@DownyDuck,damn
0:40:27,@liquidtamers12345,crazy ass
0:40:28,@shadey_z1241,ZAMN
0:40:28,@applebloom2307,Doggie!!
0:40:28,@lilmacfarlan3,SHES SO FUCKING CUTE with those BOWS!!! 
0:40:30,@ADWLOVERANDMM2,GAYTTTTTT
0:40:30,@power2meChannel,lol
0:40:31,@Aromaticgrassitem,flawless was hanging out with the vampire lady
0:40:33,@Solums,So trixie is now vempire?
0:40:34,@JimMilton-g2g,NO WAY
0:40:34,@TheMTwinny,So Mary's now a dawg
0:40:35,@UngulaPropriaRQ,SPIKE'S BACK HELL YEAH
0:40:37,@pinkpupbutt9299,WHAT THE FUCK
0:40:37,@iamboomer7805,HE TANKED THAT
0:40:39,@freynoso47,Poor flawless was abandoned in that mansion for a week lmao
0:40:39,@SkullCalipers,Spike is relentless
0:40:39,@laurenbrowne8514,Clock it mari
0:40:40,@solarismare,the dark web
0:40:41,@iamboomer7805,SPIKE TANKED THAT
0:40:41,@neargaming2057,HOW
0:40:43,@laurenbrowne8514,Omg kill spike
0:40:44,@Kinahwuzhere,Why isn’t spike dead 
0:40:45,@jsaenz96,I'm a Mexican twunk btw
0:40:46,@slushyhusky.ed1ts,SPIKE STFU
0:40:46,@TheMTwinny,SPIKE STILL ALIVE
0:40:47,@Padtygalaxy,Rocket launcher 
0:40:48,@ADWLOVERANDMM2,no
0:40:50,@solarismare,LMFAO
0:40:51,@doggerlander,you can't put down the GOAT spike
0:40:53,@solarismare,rip spike
0:40:57,@jennythebean9117,Me too 
0:40:58,@ok7777-j3s,"Really, how did he survive?"
0:40:58,@power2meChannel,LMAO
0:40:59,@pinkpupbutt9299,LOL
0:41:00,@laurenbrowne8514,FINALLY
0:41:00,@applebloom2307,He ded again
0:41:00,@NubMcMoofin,:face_holding_back_tears::face_holding_back_tears:
0:41:01,@Aromaticgrassitem,lol
0:41:02,@lilmacfarlan3,:anguished_face:
0:41:03,@doggerlander,KEKAROO
0:41:03,@pinkpupbutt9299,YEAAAHH
0:41:03,@WithoutFlaw,LMAO
0:41:03,@slushyhusky.ed1ts,FINALLY
0:41:04,@SeriouslySodium,AGAIN?
0:41:05,@vodka5988,lol
0:41:05,@Luv_Kyle,THE SPLAT NOISE
0:41:06,@TheMTwinny,LMAO
0:41:06,@iamboomer7805,its over
0:41:07,@jo3a548,Hell yeah
0:41:08,@SomeOrdinaryPlumber,SPORK FUCKING DIED?
0:41:08,@Lucario4thewin,oof
0:41:08,@Tamers12345MLP,f
0:41:08,@liquidtamers12345,Lmao
0:41:09,@UngulaPropriaRQ,oh shit spike actually died 
0:41:09,@jo3a548,laser tag
0:41:10,@Luv_Kyle,IM CRYIONG
0:41:10,@lilmacfarlan3,:headstone::headstone::headstone::headstone::headstone:
0:41:10,@Hexen_4444,He got it from Jaystation
0:41:11,@GlimmyGOD,5th spike death
0:41:11,@hollywareham6810,crazy
0:41:11,@woxiangshuozhongwen,CELEBRATION
0:41:12,@solarismare,thanks sparky
0:41:12,@TheMTwinny,RIP AGAIN
0:41:12,@neargaming2057,Literally what is happening now?
0:41:13,@Slackjaw55,rip
0:41:14,@Solums,F
0:41:14,@solarismare,F
0:41:14,@mr.bananaman9805,f
0:41:14,@WithoutFlaw,F
0:41:15,@slushyhusky.ed1ts,BRO I BET HES GONNA COME BACK
0:41:15,@laurenbrowne8514,YES CELEBRATE 
0:41:15,@applebloom2307,f
0:41:15,@iamboomer7805,f
0:41:15,@duffel_brr,SPIKE IS DEAD
0:41:16,@SeriouslySodium,please dont come back please dont come back please dont come back 
0:41:16,@LightTim,S
0:41:17,@Tabledar,f
0:41:17,@jennythebean9117,Kick his Dragon Balls
0:41:17,@ෆKevrine_Kmෆ,F
0:41:17,@laurenbrowne8514,F
0:41:17,@slitherwing30,L
0:41:18,@Gwenniepiggy,rip spike ull be missed for a 4th time
0:41:18,@Aromaticgrassitem,lazer tag is cool
0:41:19,@WithoutFlaw,F
0:41:19,@pinkpupbutt9299,LMAOOO
0:41:19,@lilmacfarlan3,F
0:41:19,@ෆKevrine_Kmෆ,U
0:41:20,@Joseph-e8y3v,not like I hate my girl but damn leave us men alone
0:41:20,@Padtygalaxy,F
0:41:21,@SeriouslySodium,F
0:41:21,@shrimpkuuu,F
0:41:22,@Binary_Forever,Whatd i miss?
0:41:22,@Shellydandysworld-x3p,F
0:41:22,@Shellydandysworld-x3p,F
0:41:22,@Shellydandysworld-x3p,FF
0:41:22,@lilmacfarlan3,F
0:41:22,@slushyhusky.ed1ts,F
0:41:22,@Shellydandysworld-x3p,F
0:41:22,@Shellydandysworld-x3p,F
0:41:23,@Shellydandysworld-x3p,FF
0:41:23,@Shellydandysworld-x3p,F
0:41:23,@Shellydandysworld-x3p,F
0:41:23,@Shellydandysworld-x3p,F
0:41:23,@Shellydandysworld-x3p,F
0:41:24,@SeriouslySodium,f
0:41:24,@power2meChannel,TALK YO SHIT!!
0:41:24,@woxiangshuozhongwen,F
0:41:24,@freynoso47,"Yeah sure, ""rival"""
0:41:25,@Kinahwuzhere,F
0:41:26,@bigr3dr4gon,finally 
0:41:26,@valoryvapeskin6965,F
0:41:26,@applebloom2307,F and L
0:41:26,@UngulaPropriaRQ,F
0:41:27,@ok7777-j3s,F
0:41:28,@ෆKevrine_Kmෆ,C
0:41:28,@jennythebean9117,lol
0:41:28,@LvXGameMaster,Ayo
0:41:28,@hollywareham6810,is he actually dead
0:41:28,@duffel_brr,f
0:41:28,@The_Official_Douchebag,F
0:41:29,@lilmacfarlan3,F
0:41:29,@liquidtamers12345,time to console Rarity
0:41:29,@kentokan6238,poor spike man
0:41:29,@OrpheusHart,F
0:41:29,@Gwenniepiggy,f
0:41:29,@solarismare,F
0:41:30,@solarismare,F
0:41:30,@ෆKevrine_Kmෆ,K
0:41:30,@Gamerhead43560,F
0:41:30,@solarismare,F
0:41:31,@SeriouslySodium,please dont come back please dont come back please dont come back please dont come back 
0:41:31,@FForox11GO,F
0:41:31,@SkylerPerkins-t1u,sprout ?
0:41:31,@solarismare,F
0:41:31,@solarismare,F
0:41:31,@vdn2468,F
0:41:32,@Exiledlama,F
0:41:32,@freynoso47,F
0:41:32,@solarismare,F
0:41:33,@DownyDuck,noooo
0:41:33,@Lucario4thewin,holy shit dude!
0:41:33,@solarismare,F
0:41:34,@Luv_Kyle,F FOR FATALITY
0:41:34,@applebloom2307,F
0:41:34,@WithoutFlaw,gg ez
0:41:35,@Binary_Forever,Oh he ded again
0:41:37,@UporotijUtug,but he always comes back... Right?
0:41:38,@lilmacfarlan3,Fuck
0:41:38,@bfvxx,f
0:41:38,@ok7777-j3s,F
0:41:38,@SeriouslySodium,F
0:41:38,@solarismare,FF
0:41:39,@scall0p31w,F
0:41:39,@laurenbrowne8514,Please don’t come out
0:41:40,@donshade1937,F
0:41:40,@TheMTwinny,Mans wearing pants
0:41:41,@UngulaPropriaRQ,YOU'RE NEXT SPARKY 
0:41:41,@SeriouslySodium,f
0:41:44,@delta-v4x,S
0:41:44,@power2meChannel,The chairs lmao
0:41:44,@Shellydandysworld-x3p,IT SOUNDS LIKE COSMO 
0:41:44,@Lucario4thewin,Yoooooooooooo
0:41:44,@SkullCalipers,F
0:41:44,@Bornflawless,Let this be the final time :folded_hands:
0:41:44,@Spookieween,:face-blue-smiling:
0:41:46,@shadey_z1241,F
0:41:46,@slushyhusky.ed1ts,BAAHAHAHHAHAHAH HE SOUNDS LIKE SPROUT 
0:41:47,@ok7777-j3s,f
0:41:47,@doggerlander,mf dies more than subaru
0:41:47,@roberthoelting3430,F
0:41:48,@Aromaticgrassitem,The sparkle family has quickly become goth
0:41:48,@ෆKevrine_Kmෆ,F STANDS FOR FUC-
0:41:48,@Padtygalaxy,:headstone::headstone::headstone::headstone::headstone::headstone::headstone:
0:41:49,@solarismare,SPARKY PONY?
0:41:49,@ADWLOVERANDMM2,SPROUTS VOICE 
0:41:50,@woxiangshuozhongwen,MAIN CHARACTER SYNDROME
0:41:50,@agoatheadbaby3512,He died four times? I lost track.
0:41:52,@LightTim,9/10
0:41:52,@jo3a548,OH FUCK
0:41:54,@liquidtamers12345,lmao
0:41:54,@laurenbrowne8514,"He can’t say that, apple bottom is the main character "
0:41:55,@shadey_z1241,How long till spike comes back
0:41:55,@DownyDuck,:face-red-droopy-eyes::face-red-droopy-eyes::face-red-droopy-eyes::face-red-droopy-eyes:
0:41:56,@Tamers12345MLP,those are some sick shorts
0:41:56,@MinioMicha09,Cosmo old voice 
0:41:57,@freynoso47,Sprout Seedly moment
0:41:57,@LightTim,God I love this 
0:41:58,@hollywareham6810,one of my favorite episodes
0:41:58,@Hexen_4444,TRUE!
0:41:58,@Padtygalaxy,:headstone::headstone::headstone::headstone::headstone::headstone::headstone::headstone::headstone::headstone::headstone::headstone:
0:41:59,@PwnyHipster,trans pony
0:41:59,@pinkpupbutt9299,LOL WHAT THE FUCK
0:42:00,@agoatheadbaby3512,lol
0:42:06,@solarismare,a free win!
0:42:06,@jennythebean9117,No you ain’t 
0:42:08,@Joseph-e8y3v,damn
0:42:08,@lilmacfarlan3,Sick shorts bruh
0:42:08,@solarismare,@PwnyHipster real
0:42:16,@Thunder-55k,ngl I wanted twilight to be straight
0:42:19,@SkullCalipers,W
0:42:20,@hollywareham6810,wild
0:42:20,@Aromaticgrassitem,Those orange shorts are kinda stylish
0:42:20,@ෆKevrine_Kmෆ,COSMO'S OLD VOICE GIVES ME MEMORIES 🫩:red_heart:
0:42:21,@slushyhusky.ed1ts,OOP
0:42:22,@lilmacfarlan3,Piss
0:42:22,@Silver_pony8,Damn-
0:42:22,@Lucario4thewin,w
0:42:22,@starcoIIar,stay in the ground chudlet
0:42:23,@hollywareham6810,piss
0:42:23,@Shellydandysworld-x3p,YOO
0:42:24,@Gwenniepiggy,omg 
0:42:25,@lilmacfarlan3,Piss
0:42:25,@laurenbrowne8514,Oh cute 
0:42:25,@sadraiju808,this ep is crazy
0:42:26,@solarismare,OMG MARIIII
0:42:26,@UngulaPropriaRQ,I can't believe spike 2 is pissing on spike's grave
0:42:26,@va_fail,that's mean
0:42:27,@pinkpupbutt9299,LOL
0:42:27,@solarismare,HI MARI
0:42:27,@lilmacfarlan3,Piss
0:42:27,@laurenbrowne8514,W
0:42:27,@Shellydandysworld-x3p,EWWW
0:42:27,@Bubbles-fs23,OOP
0:42:28,@SeriouslySodium,deserved
0:42:28,@liquidtamers12345,amazing
0:42:29,@OrpheusHart,Insane
0:42:30,@Exiledlama,LMAO
0:42:30,@power2meChannel,LOL
0:42:30,@NubMcMoofin,:saluting_face::saluting_face::saluting_face:
0:42:30,@Slackjaw55,gold.
0:42:31,@Mira-ep3cd,Oh my god
0:42:31,@vistahawks,L mans
0:42:32,@Solums,Peak
0:42:32,@Ribbyplays,Yo
0:42:33,@doggerlander,SMARTER RHAN AIZEN??????
0:42:33,@ADWLOVERANDMM2,AYO
0:42:34,@jennythebean9117,Yippee 
0:42:34,@laurenbrowne8514,THATS IT??
0:42:34,@UltimateStarky,yippee
0:42:37,@jo3a548,OH FUCK
0:42:37,@shadey_z1241,All my homies hate spike
0:42:40,@follyfruitsicle,Oh okay:loudly_crying_face:
0:42:40,@ok7777-j3s,yo
0:42:42,@shrimpkuuu,Peak episode 
0:42:42,@MinioMicha09,AHH ITS COMING OUT
0:42:43,@santiagosoto288,spike is good to comeback right
0:42:44,@solarismare,mariwolf...
0:42:45,@laurenbrowne8514,Absolute cinema
0:42:45,@Kinahwuzhere,Hooray??
0:42:48,@ෆKevrine_Kmෆ,. 
0:42:48,@applebloom2307,She kyute
0:42:50,@hollywareham6810,crazy
0:42:53,@Lucario4thewin,"well, there you have it."
0:42:53,@SeriouslySodium,she got her face healed then???
0:42:53,@jennythebean9117,Deserved 
0:42:55,@duffel_brr,thats crazy
0:42:55,@ෆKevrine_Kmෆ,WHAT THE FUCK
0:42:59,@delta-v4x,It's like three eps in one
0:42:59,@neargaming2057,What was this entire episode?
0:43:02,@MinioMicha09,Uh
0:43:02,@Expired_Milks,peak
0:43:05,@woxiangshuozhongwen,wardrobe malfunction 
0:43:06,@TheMTwinny,WE HATE SPIKE CLUB IS NOW ADJORNED 
0:43:06,@DownyDuck,please bring spike back to life
0:43:07,@ෆKevrine_Kmෆ,QWELVER?! 
0:43:07,@applebloom2307,GUYS IM COSPLAYING MARI TOMORROW AT GRIFFISH!!!
0:43:08,@slitherwing30,I can’t believe wolf Mary was foreshadowed months ago in the outro of whatever video it was from
0:43:11,@WithoutFlaw,@Tamers12345MLP thank you for this Tamers much love
0:43:11,@ClownHONKEYperviy,"Ну всё, ГГ"
0:43:11,@Silver_pony8,DAMN-
0:43:12,@Thunder-55k,how dare you sparky
0:43:12,@UngulaPropriaRQ,SHE HAS THAT DOG IN HER 
0:43:12,@valoryvapeskin6965,god this all was a fever dream
0:43:13,@lilmacfarlan3,@tamers12345 Bravo dude this episode slaps.
0:43:13,@slushyhusky.ed1ts,NOOOOO ITS OVER
0:43:18,@UltimateStarky,can we get another foot shot of Starlight please
0:43:19,@laurenbrowne8514,What in the rp
0:43:19,@santiagosoto288,spike is probably going to come back
0:43:20,@solarismare,SHE GOT THAT DAWG IN HER
0:43:21,@woxiangshuozhongwen,Imma subscribe to patreon 
0:43:21,@Hexen_4444,Ishowspeed ahh
0:43:21,@MinioMicha09,QWEL?! 
0:43:21,@Beavcoon,:hand_with_fingers_splayed::slightly_smiling_face::hand_with_fingers_splayed:
0:43:22,@solarismare,NIBBLES AT HER HOOVES
0:43:24,@agoatheadbaby3512,This is fucked up.
0:43:27,@Joseph-e8y3v,my boy is getting disrespected
0:43:28,@power2meChannel,TOX IC YURI!
0:43:29,@scarlethorse5391,YOOOOOOOOOOO
0:43:29,@badnin707,aww
0:43:31,@laurenbrowne8514,NIBBLING 
0:43:31,@slushyhusky.ed1ts,:loudly_crying_face::loudly_crying_face::loudly_crying_face::loudly_crying_face::loudly_crying_face::loudly_crying_face::loudly_crying_face::loudly_crying_face:
0:43:33,@Tabledar,D:
0:43:35,@ADWLOVERANDMM2,IM Going to sleep on a call with my friend 
0:43:36,@jo3a548,OH fuck
0:43:36,@solarismare,BARK
0:43:37,@Thunder-55k,love seeing marionette on screen
0:43:39,@hollywareham6810,wild
0:43:39,@LightTim,OH LORD SHE'S SPEAKING OUO TALK
0:43:39,@woxiangshuozhongwen,This should be in theaters
0:43:39,@jennythebean9117,She is pony
0:43:41,@Lucario4thewin,bow wow
0:43:42,@delta-v4x,Shartlight is disappoint
0:43:44,@agoatheadbaby3512,no
0:43:46,@solarismare,AYOOOO
0:43:47,@GlimmyGOD,holy unf
0:43:47,@slushyhusky.ed1ts,DAMN
0:43:48,@laurenbrowne8514,I need to go to sleep omg 
0:43:49,@UngulaPropriaRQ,@MinioMicha09 yeah Quel has been a supporter for ages 
0:43:49,@solarismare,BARK BARK
0:43:49,@va_fail,bark bark woof woof
0:43:49,@Solums,My toxic horse Yuri :red_heart:
0:43:49,@valoryvapeskin6965,Good lord O-O'
0:43:50,@lilmacfarlan3,Fart in the mask again 
0:43:51,@jo3a548,DAYUUUUUUUUUUUM
0:43:53,@applebloom2307,AAA
0:43:53,@agoatheadbaby3512,damn
0:43:55,@NubMcMoofin,:face_savoring_food:
0:43:57,@hollywareham6810,crazy
0:43:59,@applebloom2307,I'd treat her better
0:44:00,@laurenbrowne8514,Mari deserves better
0:44:01,@Kinahwuzhere,Oh my
0:44:06,@solarismare,AWH SHIT
0:44:06,@TheMTwinny,AYO
0:44:08,@slushyhusky.ed1ts,UM RUDE
0:44:09,@scarlethorse5391,:clapping_hands::blue_circle::blue_circle:
0:44:09,@delta-v4x,Least toxic yuri
0:44:09,@UngulaPropriaRQ,OH DAMN 
0:44:10,@Lucario4thewin,puppy love
0:44:13,@hollywareham6810,bros cooked
0:44:13,@ෆKevrine_Kmෆ,WHAT
0:44:14,@agoatheadbaby3512,Damn.
0:44:15,@freynoso47,She just pulled a Aleena
0:44:15,@vazquezzavaladarielaalejan6147,OH NO
0:44:17,@applebloom2307,ID TREAT HER BETTER TAMERS 
0:44:17,@slushyhusky.ed1ts,NOOOOOO
0:44:18,@Gwenniepiggy,oh no
0:44:19,@jo3a548,OH FJUVCK
0:44:19,@Tabledar,:O
0:44:19,@NubMcMoofin,:loudly_crying_face::loudly_crying_face::loudly_crying_face:
0:44:20,@agoatheadbaby3512,OOOOH NOOOO
0:44:20,@Tamers12345MLP,Mari will probably be back to normal soon since we know the cure
0:44:20,@solarismare,OH HELL NAH
0:44:21,@hollywareham6810,bros gonna die
0:44:21,@valoryvapeskin6965,OH NOOO
0:44:22,@va_fail,nooo
0:44:22,@vazquezzavaladarielaalejan6147,NOOOOOOO
0:44:23,@badnin707,NOO
0:44:23,@LUNN4T1C,BROO
0:44:24,@solarismare,NOOO DO NOT KILL HER
0:44:24,@Solums,Nooooo
0:44:24,@vazquezzavaladarielaalejan6147,NOOOO
0:44:24,@laurenbrowne8514,LEAVE MARY ALONE
0:44:24,@SeriouslySodium,NOOOOOOOOOOOOOOOOOOOOOOOOO
0:44:24,@lilmacfarlan3,Nooooo
0:44:24,@VodkaVodoka,NOOO
0:44:25,@TheMTwinny,STARLIGHT NO
0:44:25,@scarlethorse5391,OH GOD
0:44:26,@ෆKevrine_Kmෆ,WOAHHH
0:44:27,@lilmacfarlan3,No
0:44:28,@Expired_Milks,LMAO
0:44:29,@MarthaBoctos,:face-orange-biting-nails::face-orange-biting-nails::face-orange-biting-nails::face-orange-biting-nails:
0:44:29,@power2meChannel,NO
0:44:29,@PoppinCornBaby,NOOO MAIR
0:44:29,@lilmacfarlan3,No
0:44:30,@agoatheadbaby3512,NNNNOOOOOO
0:44:30,@scarlethorse5391,STOP
0:44:30,@læeesz,oh!
0:44:30,@scall0p31w,Starlight wtf 
0:44:32,@scarlethorse5391,STOP
0:44:32,@applebloom2307,NoooooooooOOOOOO!!!
0:44:33,@vdn2468,NOOOOO
0:44:33,@Gwenniepiggy,pls no
0:44:33,@UngulaPropriaRQ,she has to kill mari so she can marry glimmygod 
0:44:34,@duffel_brr,NOOOO
0:44:35,@jennythebean9117,Oh no
0:44:35,@solarismare,LMFAOO
0:44:36,@delta-v4x,Starlight YES
0:44:37,@ok7777-j3s,NOOOOOOOOOOO
0:44:38,@vdn2468,MARIIIII
0:44:39,@lilmacfarlan3,Fuck no please tamers lol
0:44:40,@freynoso47,I can fix both of them
0:44:41,@SkullCalipers,Take her behind the shed
0:44:42,@sadraiju808,so messed up bro
0:44:43,@moisturizer1355,Noooooo!
0:44:44,@Hexen_4444,think about the Rabbits
0:44:45,@Kinahwuzhere,Don’t do it
0:44:46,@hollywareham6810,bros gonna die maybe
0:44:46,@GlimmyGOD,DAmn Starlight is so based
0:44:47,@woxiangshuozhongwen,Damn i wonder what’s gonna happen
0:44:48,@jennythebean9117,Noooooooooooooooooooooo
0:44:48,@Shellydandysworld-x3p,mari god no
0:44:50,@ok7777-j3s,Don't do it
0:44:51,@solarismare,do notmurder her
0:44:51,@ෆKevrine_Kmෆ,NO
0:44:53,@Gwenniepiggy,tamerz dont do this bruh
0:44:55,@slushyhusky.ed1ts,NOOOOOOOO
0:44:56,@ෆKevrine_Kmෆ,RUN
0:44:56,@duffel_brr,NO
0:44:56,@lilmacfarlan3,lol nooo
0:44:57,@doggerlander,I'll take care of starlight
0:44:57,@Shellydandysworld-x3p,MARI DONT DO IT
0:44:59,@solarismare,TAMERS NOOO
0:44:59,@ෆKevrine_Kmෆ,RUNNNN
0:45:00,@applebloom2307,Mari is my bby
0:45:02,@hollywareham6810,who's gonna die
0:45:02,@laurenbrowne8514,Tell her to look at the flowers at least 
0:45:03,@delta-v4x,THEY HAVE FOUND A WAY TO MAKE RAM OUT OF WEREWOLF PELTS
0:45:03,@woxiangshuozhongwen,Starlight type shit
0:45:04,@lilmacfarlan3,No rugs please
0:45:04,@Lucario4thewin,she has a point
0:45:05,@power2meChannel,DONT DO IT!!
0:45:06,@ෆKevrine_Kmෆ,MARY RUN-
0:45:06,@slushyhusky.ed1ts,NO MARI
0:45:07,@solarismare,CUUUUUUTE
0:45:08,@solarismare,LETS GO
0:45:08,@ok7777-j3s,She better not do it.
0:45:09,@SeriouslySodium,almost 
0:45:09,@jo3a548,OH FUCK
0:45:10,@solarismare,10/10 episode
0:45:10,@TheMTwinny,Love how the list of Patrons is this long we got this credits scene lmao
0:45:11,@NubMcMoofin,:racehorse::racehorse::horse::horse::racehorse::racehorse::racehorse::horse:
0:45:13,@hollywareham6810,crazy
0:45:14,@solarismare,thank you tamers
0:45:16,@neargaming2057,This credits sequence is insane
0:45:18,@jennythebean9117,Fr fr
0:45:18,@applebloom2307,CUTE TOO CUTE
0:45:19,@laurenbrowne8514,Yk what hell yeah
0:45:19,@PwnyHipster,Nice thanks Tamers
0:45:20,@power2meChannel,awww cute!
0:45:21,@UngulaPropriaRQ,WE STILL DONT KNOW IF IT WAS PARCEL CORE?!?!:?!? ARRRRRRRGH
0:45:21,@SonataDidIt,peak
0:45:24,@laurenbrowne8514,Thank u takerssss
0:45:24,@Aromaticgrassitem,"You have really been teasing us, tamers"
0:45:25,@solarismare,CUTEEE
0:45:25,@ClownHONKEYperviy,чёёёёрт
0:45:26,@jo3a548,cute
0:45:26,@solarismare,10/10
0:45:29,@shrimpkuuu,Great episode 
0:45:29,@applebloom2307,This cheered me up a lil (๑>◡<๑)
0:45:30,@hollywareham6810,peak episode
0:45:30,@UngulaPropriaRQ,THE TIMELINES ALMOST CROSSED 
0:45:31,@NubMcMoofin,:smiling_face_with_hearts:
0:45:31,@VodkaVodoka,Good stuff.
0:45:31,@power2meChannel,PEAKK
0:45:31,@valoryvapeskin6965,Dogs and vampires... Stuff is escelating xD
0:45:32,@freynoso47,oh thank god the great and powerful trixie's twin sister has surivved
0:45:32,@Gwenniepiggy,insane
0:45:32,@lilmacfarlan3,@tamers12345 well fucking done brother and banger song
0:45:33,@dovaak,ty bye 
0:45:33,@TheMTwinny,Twi and Mari are now wereponies
0:45:34,@va_fail,cuteee
0:45:36,@splonch422,I JUST MISSED IT NOOOOOOO
0:45:36,@jo3a548,cute
0:45:37,@PoppinCornBaby,Another tamers Dub
0:45:37,@solarismare,I loved that so much
0:45:38,@laurenbrowne8514,So nect episode is abt apple bottom right
0:45:38,@slushyhusky.ed1ts,I HOPE MARI TURNS BACK INTO A PONY
0:45:38,@Tomerツ,10/10
0:45:39,@jennythebean9117,Wolf
0:45:40,@SomeOrdinaryPlumber,"Thanks to the tamers above, another banger upon this earth"
0:45:40,@LightTim,THERE I AM GARY
0:45:40,@SeriouslySodium,69/69
0:45:40,@PwnyHipster,CUTE
0:45:41,@DownyDuck,good shit man
0:45:41,@duffel_brr,bro u-u
0:45:41,@Slackjaw55, the extra week to cook really helped this one.
0:45:41,@slushyhusky.ed1ts,I HOPE MARI TURNS BACK INTO A PONY
0:45:42,@solarismare,OMG HI STARCATCHER
0:45:42,@Shellydandysworld-x3p,Do dandys world eps plss
0:45:42,@freynoso47,damn how many patrons are there fr
0:45:43,@LUNN4T1C,amazing..
0:45:43,@UltimateStarky,Thank you Tamers
0:45:44,@Aromaticgrassitem,Good ass episode tamerszzzz
0:45:45,@jo3a548,CUTE
0:45:45,@bigr3dr4gon,best day ever
0:45:46,@WithoutFlaw,what the fuck
0:45:46,@Silver_pony8,This shit was good-
0:45:46,@ok7777-j3s,:ok_hand:
0:45:47,@vazquezzavaladarielaalejan6147,ANOTHER PEAK CONTENT
0:45:47,@OrpheusHart,10/10
0:45:49,@ෆKevrine_Kmෆ,IT'S FINISHED! 
0:45:49,@power2meChannel,Another W for Tammers!
0:45:50,@WithoutFlaw,TRIXIEBELLE?
0:45:51,@solarismare,OMG 
0:45:52,@hollywareham6810,thanks for the peak episode
0:45:52,@TheMTwinny,Why is Rarity wearing that in Spring?
0:45:54,@Gamerhead43560,I fucking hate how Tamers can draw actual peak art
0:45:56,@Hyloaf,NICE
0:45:56,@Kittzieno-t5x,Did I miss anything? :pensive_face:
0:45:57,@MillerTheDarkTransPrince,thank you so much tamers
0:45:58,@slushyhusky.ed1ts,THE NEXT EPISODE BETTER BE ABOUT APPLE BOTTOM 
0:45:59,@Joseph-e8y3v,godly video tamers
0:46:00,@applebloom2307,Kyute?!!!!!!
0:46:00,@Gamerhead43560,HOW DOES THIS MAN DO IT?!
0:46:01,@hollywareham6810,wild
0:46:02,@Hexen_4444,YUCK
0:46:02,@mlpfimguy,Thank you Tamers \0c0/
0:46:03,@NubMcMoofin,:saluting_face::saluting_face::saluting_face::saluting_face:
0:46:03,@moisturizer1355,What about Terek?
0:46:04,@ale_7782,missed it :broken_heart:
0:46:06,@Gamerhead43560,TAMERS IS NOT REAL!
0:46:09,@delta-v4x,46 minutes as advertised!
0:46:11,@solarismare,THANJK YOU TAMERS
0:46:12,@LightTim,Peak SOL EP.
0:46:13,@freynoso47,great episode with cool bloodborne vibes
0:46:13,@lilmacfarlan3,Very good week it has been now since this dropped *long live tamers*
0:46:13,@WithoutFlaw,god bless
0:46:14,@UporotijUtug,1984/1984 Good shet
