timestamp,author,message
0:00:00,@hansumicu9719,YAYYYY
0:00:00,@HopeIsEpic.,this countdown is so fancy!
0:00:00,@KohJhonesItula,YO???
0:00:01,@CanaryKari,67
0:00:01,@narwhalejane,IM SO EXCITED
0:00:01,@Strong_sadfan,Omg im shitting my pants
0:00:01,@TheMTwinny,AW DUDE
0:00:02,@UltimateStarky,yippee
0:00:02,@Alejandra-j5e6l,omggggg
0:00:02,@dreadther143e,the peak is here
0:00:02,@JoeYork-y1z,Dang
0:00:03,@mexfinncanonilovefinnhehe,OMGGGGGGGGG
0:00:03,@PaigeAllen-p7r,h
0:00:04,@Apexbomber123,WOAH
0:00:04,@dominicunderwood4911,toxic yuri!
0:00:04,@skullboy5409,IM FARTING
0:00:04,@noodle7254,YAYEHAHHEHA
0:00:04,@denmarkpretzel1727,yess
0:00:05,@hansumicu9719,yess
0:00:05,@diaress,Im shaking
0:00:05,@UltimateStarky,SIX SEVENNNN
0:00:06,@MinioMicha09,YES
0:00:06,@NubMcMoofin,:racehorse::racehorse::horse::racehorse::horse::racehorse::horse::horse::racehorse::horse:
0:00:06,@GlimmyGOD,Glimmy yay!!!!
0:00:07,@Guy_mankindaback,here we go
0:00:07,@JoeYork-y1z,:face_with_tears_of_joy::face_with_tears_of_joy::face_with_tears_of_joy:
0:00:07,@Binary_Forever,I miss the old song
0:00:09,@flower_liveinyourwalls,yo
0:00:10,@Yourworstnightmareishere-y4y,WTF
0:00:10,@Apexbomber123,ok daym
0:00:13,@ozzyizer,OPALLL
0:00:14,@ToidiSoup,nooooooooooo
0:00:14,@MoonBlessedFashionHorse,DARK EYESHADOW RARITY
0:00:15,@UngulaPropriaRQ,oh damn that's crazy 
0:00:15,@SonataDidIt,a cat
0:00:15,@mexfinncanonilovefinnhehe,ok off to a great start :red_heart:
0:00:15,@agoatheadbaby3512,wtf garage band????
0:00:16,@The_Official_Douchebag,OPAL!!!
0:00:16,@TheMTwinny,CAT
0:00:16,@Solums,CAT
0:00:16,@Zazlesynth,1
0:00:16,@darkwingduke1631,I am literally on the toliet watching this as god intended
0:00:17,@ChilledSmoothie,wtr
0:00:18,@ToidiSoup,im scared
0:00:19,@Zazlesynth,1
0:00:19,@CanaryKari,w pits
0:00:19,@Apexbomber123,lol
0:00:19,@MinioMicha09,DAM BRO
0:00:23,@I3utterscotch,horse
0:00:23,@delta-v4x,Opalescence!
0:00:25,@Tamers12345MLP,Damn that song was awesome I wonder where it's from...
0:00:26,@ozzyizer,IM A HORSE
0:00:27,@va_fail,OPAL
0:00:27,@hollywareham6810,fire
0:00:28,@oliver_officialEatsCookies459,hy
0:00:30,@agoatheadbaby3512,what the fuck is that a fuckinggnnn cat???????
0:00:31,@narwhalejane,PEAK
0:00:32,@va_fail,MY BELOVED OPAL I LOVE HER
0:00:34,@JoeYork-y1z,Phone call
0:00:34,@Tea_Teasr,IS THIS THE LOUD HOUSE BACKGROUND
0:00:36,@UltimateStarky,MA
0:00:36,@KennedyKirksey-w6s,:party_popper::party_popper::party_popper::party_popper::party_popper::party_popper::party_popper:
0:00:37,@va_fail,SHE'S SO CUTE
0:00:38,@Binary_Forever,Omg opal
0:00:39,@UltimateStarky,THE FUCKING CAT IS BACK
0:00:39,@TheMTwinny,THERE'S A FUCKING WEIRD CAT OUTSIDE
0:00:40,@dominicunderwood4911,You don't get to play the Mobius Stomp without us mentioning Sonic Underground!
0:00:43,@GlimmyGOD,thicc Glimmy
0:00:45,@sparkleseawave,yay wooo 
0:00:46,@jennythebean9117,I’m ready 
0:00:46,@MoonBlessedFashionHorse,LETS GO
0:00:46,@Aromaticgrassitem,Rockstar queens
0:00:47,@Ronnnnnnnnnnnnnnnnnnnbtbfdi,Rick and Morty garage 
0:00:50,@agoatheadbaby3512,gig
0:00:51,@MrBigManIsMe,Drooling rn btw
0:00:54,@noodle7254,EAEAEAEAAAAAAAAAAAAAAAA
0:00:54,@JoeYork-y1z,My favorite is yellow one
0:00:54,@va_fail,Little cat baby
0:00:54,@Binary_Forever,Is that the rick and morty garage lol
0:00:55,@agoatheadbaby3512,jesus
0:00:56,@Skidum1,amen
0:00:57,@SonataDidIt,Scary eyes
0:00:58,@flower_liveinyourwalls,let's all get high
0:00:58,@darkwingduke1631,Tamers keeping the jarring faces going
0:01:00,@UngulaPropriaRQ,oh damn she accepted jesus that explains a lot 
0:01:01,@Odder.4,YIPPP
0:01:01,@I3utterscotch,im sfae cuz no one will see this but we need more Trixie pits 
0:01:04,@ozzyizer,DAM
0:01:04,@delta-v4x,Beautiful
0:01:05,@jennythebean9117,They rocking out 
0:01:08,@GlimmyGOD,oh shit
0:01:08,@JoeYork-y1z,:face_with_tears_of_joy:fart
0:01:11,@agoatheadbaby3512,*gulp*
0:01:12,@mexfinncanonilovefinnhehe,Oh
0:01:13,@UltimateStarky,wrow
0:01:15,@jennythebean9117,Cat
0:01:16,@oliver_officialEatsCookies459,soul vester
0:01:16,@TheMTwinny,POOT
0:01:17,@Aromaticgrassitem,hell yeah
0:01:17,@Guy_mankindaback,we all saw that don’t even joke lad
0:01:19,@Luciferr_Morningstaryt,So excited for this
0:01:20,@CanaryKari,W
0:01:21,@JoeYork-y1z,:worried_face:
0:01:24,@Ihateithere52,Yooo they’re playing for Celestia ???
0:01:24,@wheres_waddle1913,oop
0:01:27,@JoeYork-y1z,Kitty
0:01:27,@UngulaPropriaRQ,see there's fluttershy farting 
0:01:28,@ozzyizer,RIP STARLIGHT
0:01:29,@GlimmyGOD,NOOOOO
0:01:29,@MoonBlessedFashionHorse,rip
0:01:29,@denmarkpretzel1727,damn
0:01:29,@NubMcMoofin,:disappointed_face:
0:01:30,@Ihateithere52,LOL
0:01:30,@mexfinncanonilovefinnhehe,oh
0:01:31,@agoatheadbaby3512,what
0:01:31,@vfsberry7491,maybe fluttershy does have the loudest farts
0:01:31,@newt1_33,who farted in here
0:01:32,@SonataDidIt,:(
0:01:33,@GlimmyGOD,MY BABY NOOOO
0:01:35,@doublej209,BASED
0:01:36,@kcirreda,Based Rarity
0:01:36,@agoatheadbaby3512,but why?
0:01:38,@jennythebean9117,Cheeks 
0:01:39,@KennedyKirksey-w6s,:loudly_crying_face::loudly_crying_face:
0:01:40,@MoonBlessedFashionHorse,kitty
0:01:40,@denmarkpretzel1727,Nooo
0:01:41,@narwhalejane,:loudly_crying_face::loudly_crying_face:
0:01:42,@JoeYork-y1z,Let's go there now
0:01:43,@UltimateStarky,real
0:01:44,@hollywareham6810,lol
0:01:44,@miss.envyous,Rarity fit fire
0:01:45,@darkwingduke1631,I love the V shaped mouths
0:01:45,@OfficerPanta,stallion tamers next week?
0:01:46,@TheMTwinny,HAHAHA EFF OFF STARLIGHT
0:01:48,@Guy_mankindaback,that’s a pretty weird cat
0:01:49,@MrBigManIsMe,When will we get Tamers in theatres?
0:01:50,@vbbh736,YES
0:01:53,@JoeYork-y1z,WOW! 
0:01:53,@ozzyizer,NOO
0:01:56,@va_fail,"she holds opal, so cutee"
0:01:59,@oliver_officialEatsCookies459,soul vester ate gourdys shit and died
0:01:59,@Apexbomber123,gosh
0:02:03,@MoonBlessedFashionHorse,I like this group
0:02:03,@ozzyizer,LET HER PLAYYY
0:02:05,@mexfinncanonilovefinnhehe,doomed yuri question mark
0:02:08,@UngulaPropriaRQ,incredibly rendered 
0:02:10,@JoeYork-y1z,What is the yellow one name 
0:02:12,@va_fail,fancy pants and fleur de lis
0:02:13,@denmarkpretzel1727,big ass Ego
0:02:15,@UltimateStarky,what a horse
0:02:15,@Tamers12345MLP,The cat is in the suitcase
0:02:17,@Code_monkey_like_you,Starlight more like Starquiet because she can’t play
0:02:19,@vbbh736,NO
0:02:20,@MoonBlessedFashionHorse,glimmy glam
0:02:20,@ozzyizer,"GLIMGLAM, RIP"
0:02:23,@Luciferr_Morningstaryt,NOOOO STARLIGHT MY CHILD!!!
0:02:24,@Guy_mankindaback,is that safe for it
0:02:25,@narwhalejane,HELLO?
0:02:25,@delta-v4x,"Thank you, Tamers"
0:02:26,@darkwingduke1631,Great pet owner
0:02:27,@JoeYork-y1z,. 
0:02:27,@CanaryKari,ou damn
0:02:28,@jennythebean9117,Damn Glim Glam deserves better 
0:02:29,@Guy_mankindaback,doesn’t sound like it
0:02:30,@Aromaticgrassitem,really good feeling about this
0:02:32,@agoatheadbaby3512,Starlight will get mad take revenge...
0:02:33,@ozzyizer,OH SHIT
0:02:34,@UngulaPropriaRQ,what the FUCK they're BULLYING glimmer and she isn't KILLING THEM??? 
0:02:35,@MoonBlessedFashionHorse,OH ITS ON
0:02:35,@mexfinncanonilovefinnhehe,fluttershys voice makes me giggle all the time
0:02:36,@dominicunderwood4911,Screw Gen 5
0:02:37,@UngulaPropriaRQ,wait that's mari
0:02:37,@oliver_officialEatsCookies459,DAMNN
0:02:39,@noodle7254,OH
0:02:39,@TheMTwinny,HAHAHA
0:02:40,@Guy_mankindaback,OOH
0:02:40,@vbbh736,YES
0:02:41,@ChilledSmoothie,fishies!
0:02:41,@GoofyGuyReal2763,Ouu shiii
0:02:42,@GlimmyGOD,GO MARIONETTE
0:02:43,@UngulaPropriaRQ,HELL YEAH
0:02:43,@CanaryKari,glimmy bullying 
0:02:44,@mexfinncanonilovefinnhehe,:flushed_face:
0:02:44,@NubMcMoofin,:saluting_face:
0:02:45,@mateoponey5537,scary
0:02:46,@MoonBlessedFashionHorse,237
0:02:46,@delta-v4x,Starlight is useless tho
0:02:46,@Zazlesynth,finally pon3
0:02:46,@jennythebean9117,Ligma
0:02:46,@oliver_officialEatsCookies459,YOO WTF
0:02:47,@realblixels,starlight groupie
0:02:48,@vbbh736,YEAH
0:02:51,@ozzyizer,RARITY DESERVED IT THO
0:02:51,@mexfinncanonilovefinnhehe,DANG
0:02:51,@dominicunderwood4911,"Marionette doesn't kill mares, tho?"
0:02:51,@agoatheadbaby3512,:(
0:02:54,@noodle7254,WHY DOES SHE HAVE A BIBLE?
0:02:55,@Agent_Mothman_SE,:folded_hands:
0:02:55,@UngulaPropriaRQ,GO FIGHT FOR YOUR GIRL
0:02:57,@Padtygalaxy,Throw her over board 
0:02:58,@dreadther143e,starlight is useless
0:02:58,@MinioMicha09,Dam 
0:03:01,@Hyloaf,amen
0:03:04,@Guy_mankindaback,she accepted Jesus
0:03:05,@jennythebean9117,True flutters 
0:03:05,@Hexen_4444,Starlight ruined MLP
0:03:05,@JoeYork-y1z,Poor kitty
0:03:07,@Looeyballony-lol,Dam I’m late..
0:03:08,@denmarkpretzel1727,miss her Chinese arc
0:03:10,@CappuDiceGod,:folded_hands:
0:03:14,@delta-v4x,I like this arc of the yellow one
0:03:16,@narwhalejane,I didn't know Fluttershy was a Jesus fan now
0:03:16,@darkwingduke1631,Theyre lucky Celestia hasnt smitten them
0:03:18,@agoatheadbaby3512,That cat is going to do something funky.
0:03:19,@dominicunderwood4911,@Hexen_4444 Fax
0:03:20,@CanaryKari,:blue_circle::blue_circle::waving_hand:
0:03:23,@JoeYork-y1z,What the heck
0:03:24,@mexfinncanonilovefinnhehe,:loudly_crying_face:
0:03:27,@jennythebean9117,Who dat
0:03:27,@hollywareham6810,LOL
0:03:28,@Padtygalaxy,Oh no
0:03:30,@JoeYork-y1z,Oh no
0:03:31,@va_fail,fluttershy look like she is in jail
0:03:33,@miss.envyous,the hell is he watching
0:03:33,@Guy_mankindaback,like drive a funky car?
0:03:34,@JoeYork-y1z,:eyes-purple-crying:
0:03:37,@dreadther143e,what is. this guy Watchung and why is bro so mad
0:03:37,@MoonBlessedFashionHorse,WAIT I know this guy
0:03:38,@Aromaticgrassitem,honey smacked biscuits
0:03:38,@JoeYork-y1z,:face_with_tears_of_joy:
0:03:39,@realblixels,:rolling_on_the_floor_laughing:
0:03:40,@kalebc56,i got a vision of this exact scene happening
0:03:40,@SonataDidIt,dead
0:03:40,@GlimmyGOD,oh shit
0:03:41,@MoonBlessedFashionHorse,from Sonic Underground
0:03:42,@agoatheadbaby3512,!!!!!
0:03:42,@darkwingduke1631,What a silly little rascal
0:03:45,@TheMTwinny,FREE ROOM WOOOO
0:03:45,@mexfinncanonilovefinnhehe,:flushed_face:
0:03:45,@hollywareham6810,what
0:03:45,@ozzyizer,WHATTT
0:03:46,@KennedyKirksey-w6s,lol
0:03:47,@vbbh736,EW
0:03:51,@DownyDuck,
0:03:51,@noodle7254,DROP HIS PANTS?!?!?
0:03:55,@jennythebean9117,Bro be on the registry 
0:03:56,@mexfinncanonilovefinnhehe,:loudly_crying_face::loudly_crying_face:
0:03:58,@I3utterscotch,Did it start for yall 
0:03:59,@Guy_mankindaback,what a failed attack
0:03:59,@oliver_officialEatsCookies459,HOLY
0:03:59,@JoeYork-y1z,Can someone tell me who the yellow one name
0:03:59,@SonataDidIt,Mari!!!
0:04:01,@MinioMicha09,OH SHI
0:04:03,@ozzyizer,IS HER FACE HEALED???
0:04:03,@jennythebean9117,Oh no 
0:04:05,@mexfinncanonilovefinnhehe,Oh
0:04:07,@ayyo-bun3534,NOT MY BABY MARY
0:04:07,@Guy_mankindaback,OUU SHII
0:04:07,@oliver_officialEatsCookies459,NOOOOO
0:04:08,@agoatheadbaby3512,marionette don't fuck this up.
0:04:10,@ozzyizer,FLUTTERSHY
0:04:10,@Guy_mankindaback,OUUU
0:04:11,@Code_monkey_like_you,That’s what he gets
0:04:12,@skullboy5409,Asmr 
0:04:12,@MoonBlessedFashionHorse,I love Mari
0:04:13,@JoeYork-y1z,Here he goes
0:04:13,@Ronnnnnnnnnnnnnnnnnnnbtbfdi,What did he do 
0:04:13,@jennythebean9117,Brutal 
0:04:13,@NubMcMoofin,:smiling_face_with_hearts::smiling_face_with_hearts::smiling_face_with_hearts:
0:04:14,@darkwingduke1631,She aint kidding around 
0:04:15,@oliver_officialEatsCookies459,OH SHIT
0:04:15,@Guy_mankindaback,WOW 
0:04:16,@hollywareham6810,peak
0:04:17,@MrBigManIsMe,He saw her face :face-orange-biting-nails:
0:04:18,@Tamers12345MLP,He's a pony of course he's on some kind of registry
0:04:19,@mexfinncanonilovefinnhehe,CALM DOWN CALM DOWN KMG
0:04:19,@noodle7254,OUUUUUUUUUUUUUUUUUUUUU SHIIIIIIIIIIIIIIII
0:04:20,@JoeYork-y1z,Oh shoot
0:04:21,@darkwingduke1631,Farted
0:04:22,@Guy_mankindaback,that was very violent
0:04:22,@MinioMicha09,EW
0:04:23,@ayyo-bun3534,FINALLY I MADE IT TO A PREMIER AGAIN
0:04:25,@skullboy5409,Poop
0:04:26,@agoatheadbaby3512,huh????????
0:04:27,@ohmygacha536,OHSHI
0:04:27,@jennythebean9117,He lives 
0:04:29,@mexfinncanonilovefinnhehe,how
0:04:30,@agoatheadbaby3512,FISH FOOD
0:04:30,@MrBigManIsMe,Tamers that scene scared me
0:04:31,@UngulaPropriaRQ,OH SHIT 
0:04:31,@mexfinncanonilovefinnhehe,OH
0:04:31,@MoonBlessedFashionHorse,LOL
0:04:31,@KennedyKirksey-w6s,omg
0:04:32,@Guy_mankindaback,shark food
0:04:33,@SonataDidIt,evil
0:04:33,@oliver_officialEatsCookies459,call the cops with what
0:04:33,@ayyo-bun3534,My wife
0:04:34,@vbbh736,Ha
0:04:35,@ozzyizer,OH SHITT
0:04:36,@GlimmyGOD,brutal
0:04:36,@Padtygalaxy,Wtf
0:04:38,@hollywareham6810,lol
0:04:39,@dreadther143e,NOT THE SHARKS
0:04:40,@narwhalejane,LOL
0:04:41,@JoeYork-y1z,DNA
0:04:43,@darkwingduke1631,Tamers how much did it cost to get the shark
0:04:43,@ozzyizer,SO CUTE
0:04:44,@Guy_mankindaback,Tamers this is a rather bit violent isn’t it
0:04:44,@MoonBlessedFashionHorse,wtdf
0:04:45,@jennythebean9117,Damn that was epic 
0:04:46,@agoatheadbaby3512,What'd she say?
0:04:46,@va_fail,"she's evil, i like it"
0:04:46,@ayyo-bun3534,Wtf
0:04:46,@iamnotuke,Man he went out like Andrew Ryan 
0:04:47,@NubMcMoofin,:smiling_face_with_hearts::smiling_face_with_hearts:
0:04:48,@us1985,"oh good to be here early, it's gonna be taken down xD"
0:04:49,@doublej209,wtf
0:04:50,@TheMTwinny,Mari is insane lmao
0:04:55,@JoeYork-y1z,Come on
0:04:59,@JoeYork-y1z,NO
0:05:01,@Tamers12345MLP,I drew that shark frame by frame btw
0:05:02,@ayyo-bun3534,Lmaaaoooo
0:05:03,@ozzyizer,TOXIC YURI
0:05:03,@hollywareham6810,lol
0:05:04,@Hexen_4444,Good fight scene
0:05:05,@SonataDidIt,I love them
0:05:06,@NubMcMoofin,:smiling_face_with_hearts::smiling_face_with_hearts::smiling_face_with_hearts:
0:05:06,@darkwingduke1631,O: 
0:05:07,@TheMTwinny,LMAO
0:05:07,@mexfinncanonilovefinnhehe,oh okah
0:05:07,@DownyDuck,These Foids are fucking evil
0:05:07,@dominicunderwood4911,"So every time she threatens to kill a mare, it's a bluff."
0:05:10,@UngulaPropriaRQ,excellent work tamers 
0:05:11,@Guy_mankindaback,good job we’re proud
0:05:15,@Aromaticgrassitem,hell yeah tamers
0:05:17,@jennythebean9117,:o
0:05:19,@mexfinncanonilovefinnhehe,DO WHAT ?????????
0:05:19,@Code_monkey_like_you,Tamers that shark was incredibly well drawn by you
0:05:20,@ayyo-bun3534,Tamers you get more based ever time
0:05:22,@agoatheadbaby3512,it's that swirly haired guy
0:05:26,@JoeYork-y1z,Bye bey
0:05:28,@va_fail,no no kill flutterrshy parents
0:05:29,@KennedyKirksey-w6s,:eye::mouth::eye:
0:05:29,@JoeYork-y1z,Bye
0:05:30,@denmarkpretzel1727,what thr hell are fluttershy's parents doing here
0:05:30,@ayyo-bun3534,My bby
0:05:31,@MoonBlessedFashionHorse,you flutters save your parents
0:05:34,@hollywareham6810,lol
0:05:34,@darkwingduke1631,He has toothpaste pile hair
0:05:35,@TheMTwinny,LMAO
0:05:36,@mexfinncanonilovefinnhehe,:loudly_crying_face::loudly_crying_face:
0:05:36,@GlimmyGOD,SNIFFFF
0:05:36,@Tamers12345MLP,Woah it's Fluttershy's ugly parents
0:05:39,@Ihateithere52,Foids before moids <333
0:05:40,@JoeYork-y1z,Poor them
0:05:42,@darkwingduke1631,Ugly is right
0:05:43,@る.DankLupa,OMGI IM IMMIMGBBB
0:05:44,@UngulaPropriaRQ,GLIMMYGOD DOES THAT COUNT AS A FART KILL 
0:05:45,@skullboy5409,Only happy couple amd they DIE
0:05:45,@ayyo-bun3534,Lol
0:05:46,@jennythebean9117,Fight fight fight
0:05:46,@kcirreda,only Yuri Tamers could make a fight scene so funny
0:05:47,@MinioMicha09,Dam bro
0:05:48,@Code_monkey_like_you,It’s okay they deserved it
0:05:50,@delta-v4x,Where's the brother?
0:05:54,@GlimmyGOD,I say it does
0:06:00,@jennythebean9117,The Lesbians are fighting :loudly_crying_face:
0:06:01,@UngulaPropriaRQ,amazing 
0:06:01,@hollywareham6810,lol
0:06:02,@JoeYork-y1z,Fluttershy!!!!!!! 
0:06:02,@UngulaPropriaRQ,good to know
0:06:03,@htb5e678,damn this one is brutal
0:06:03,@darkwingduke1631,Probably in the bathroom shitting
0:06:05,@oliver_officialEatsCookies459,holy
0:06:05,@jennythebean9117,Oh no
0:06:07,@hollywareham6810,oh no
0:06:07,@mexfinncanonilovefinnhehe,:flushed_face:
0:06:10,@hollywareham6810,yay
0:06:11,@Guy_mankindaback,uh oh
0:06:11,@JoeYork-y1z,Good one
0:06:11,@agoatheadbaby3512,D:
0:06:16,@MoonBlessedFashionHorse,based flutterdad
0:06:16,@dreadther143e,fluttershys parents are dead.
0:06:16,@darkwingduke1631,DAMN he has one assets
0:06:19,@oliver_officialEatsCookies459,how is he still alive
0:06:22,@dreadther143e,they're gonna die
0:06:22,@dominicunderwood4911,"If Mari hates stallions, why does she keep making ball comments?"
0:06:23,@MinioMicha09,Oh 
0:06:23,@Code_monkey_like_you,"I thought Fluttershy was Chinese, why is she preaching the Bible?"
0:06:23,@ayyo-bun3534,Im literally drawing a cardboard cutout of Marionette for Twitter and this is the perfect shit
0:06:25,@hollywareham6810,lol
0:06:26,@noodle7254,LOL
0:06:27,@NubMcMoofin,:disappointed_face::disappointed_face:
0:06:27,@agoatheadbaby3512,atheist...........
0:06:27,@ayyo-bun3534,Ooof
0:06:29,@jennythebean9117,True
0:06:29,@Yourworstnightmareishere-y4y,RIP FLUTTERSHYS PARENTS 
0:06:29,@UngulaPropriaRQ,HE'S SO REAL FOR IT 
0:06:31,@ToidiSoup,dayum
0:06:31,@Aromaticgrassitem,atheeest
0:06:32,@egg112,:crying_face:
0:06:32,@ozzyizer,HUMAN FLUTTERSHY??
0:06:34,@Tamers12345MLP,Oh no...
0:06:35,@JoeYork-y1z,Fluttershy is so cute :star_struck:
0:06:35,@Hexen_4444,she joined Joseph Seeds cult
0:06:36,@KennedyKirksey-w6s,:loudly_crying_face::loudly_crying_face::loudly_crying_face:
0:06:38,@nyanjhynx,","
0:06:40,@MoonBlessedFashionHorse,like a boss
0:06:41,@liquidtamers12345,The fucking human faces
0:06:41,@va_fail,god is horse
0:06:42,@dreadther143e,uh oh.
0:06:43,@deeznuts-yn1nx,send him to glue factory
0:06:43,@jennythebean9117,Based
0:06:44,@hollywareham6810,lol
0:06:44,@Aromaticgrassitem,lmao
0:06:44,@UngulaPropriaRQ,HELL YEAH 
0:06:45,@darkwingduke1631,They all deserve to go to hell at this point
0:06:46,@UngulaPropriaRQ,WHAT A KING 
0:06:46,@GlimmyGOD,he is kinda right
0:06:48,@agoatheadbaby3512,omg.......
0:06:50,@JoeYork-y1z,Yay
0:06:51,@dominicunderwood4911,"You don't need to turn, your butt's already up."
0:06:51,@Guy_mankindaback,YEAHH
0:06:52,@ozzyizer,\I LOVE HER
0:06:52,@mexfinncanonilovefinnhehe,OH WHAT
0:06:53,@NubMcMoofin,:face_savoring_food:
0:06:53,@SketchyZero,Israel?
0:06:54,@Guy_mankindaback,GET EM
0:06:54,@ayyo-bun3534,Based flutershy
0:06:56,@misakayy1911,YOOOOOOOOOOOOOO
0:06:56,@UngulaPropriaRQ,GNOSTIC FLUTTERSHY'S DAD 
0:06:56,@TheMTwinny,HE DED
0:06:56,@JoeYork-y1z,:face_with_tears_of_joy::face_with_tears_of_joy::face_with_tears_of_joy:
0:06:57,@miss.envyous,Fluttershy this isn't jesus like
0:06:58,@Agent_Mothman_SE,CAN I GET AN AMEN?!?
0:06:58,@SuperCaptainFail,"Fluttershy is very Sonic Underground-coded this episode, if that makes sense"
0:06:58,@mexfinncanonilovefinnhehe,HOLY SHIT WHAT ????
0:06:59,@Solums,He dead
0:07:00,@Guy_mankindaback,blood on the bible though
0:07:00,@jennythebean9117,Holy Shit she committed murder 
0:07:01,@MoonBlessedFashionHorse,I missed this I love tamers
0:07:03,@MrBigManIsMe,Tamey NEVER MISSES
0:07:03,@MinioMicha09,Jeez dude
0:07:03,@nyanjhynx,OUU SHII
0:07:04,@ozzyizer,\CANDY???
0:07:06,@mexfinncanonilovefinnhehe,Omg its breaking bad
0:07:07,@jennythebean9117,Breaking Bad
0:07:08,@noodle7254,why did the art style change for a moent
0:07:09,@CanaryKari,amen
0:07:09,@Ra.-0Hworm,crazy time to tunr in
0:07:09,@GlimmyGOD,thicc suit Twi
0:07:10,@iamnotuke,The average Christian 
0:07:10,@misakayy1911,JESSE
0:07:10,@ayyo-bun3534,AMEN
0:07:10,@GoofyGuyReal2763,ts funny bro
0:07:11,@MinioMicha09,Why was that part cute
0:07:11,@ozzyizer,BROTHER
0:07:12,@Guy_mankindaback,TAMERS I KNEW IT
0:07:13,@noodle7254,moment
0:07:13,@miss.envyous,they're making candy
0:07:13,@OfficerPanta,i like chinese fluttershy more than christian fluttershy
0:07:14,@Ihateithere52,TikTok Christians be like:
0:07:15,@denmarkpretzel1727,making the blues???
0:07:15,@darkwingduke1631,Shes got a Union Suit clean suit
0:07:16,@UltimateStarky,AYO
0:07:17,@ozzyizer,PISS METH
0:07:18,@MoonBlessedFashionHorse,Mista TwiWhite
0:07:24,@JoeYork-y1z,Nuke
0:07:24,@Hyloaf,hahaha
0:07:25,@SeriouslySodium,tamers 12345 litters of fake blood
0:07:27,@va_fail,is this breaking bad reference?
0:07:28,@Aromaticgrassitem,damn she fills that hazmat suit out nicely
0:07:29,@ozzyizer,PISS METH
0:07:30,@UngulaPropriaRQ,oh they're breaking bad 
0:07:31,@CHASEYMM2_12eheh,Papi
0:07:32,@KennedyKirksey-w6s,:lollipop::candy::chocolate_bar:
0:07:33,@SketchyZero,Didn't realize She was religious @Tamers12345MLP When did that happen? I thought she was chinese
0:07:34,@Tamers12345MLP,Breaking bad? More like breaking wind am I right bicthes?
0:07:37,@agoatheadbaby3512,"ahaha, what kind of candy is that? Caramel?"
0:07:39,@darkwingduke1631,"No this is breaking good, no bad in this show"
0:07:42,@oliver_officialEatsCookies459,h
0:07:43,@CHASEYMM2_12eheh,Tamer a femboy
0:07:43,@UngulaPropriaRQ,PISS METH
0:07:44,@TheMTwinny,PISS ROCKS
0:07:45,@jennythebean9117,Yes Tamers
0:07:46,@UngulaPropriaRQ,PISS METH
0:07:47,@mexfinncanonilovefinnhehe,:face_with_tears_of_joy::face_with_tears_of_joy::face_with_tears_of_joy::face_with_tears_of_joy::face_with_tears_of_joy::face_with_tears_of_joy::face_with_tears_of_joy::face_with_tears_of_joy::face_with_tears_of_joy::face_with_tears_of_joy::face_with_tears_of_joy:
0:07:47,@SpinningEclipse,tamers
0:07:48,@CHASEYMM2_12eheh,Taners a femboy
0:07:48,@MrBigManIsMe,so right... so right...
0:07:50,@skullboy5409,She finna get horn dysfunction from that exposure 
0:07:51,@Scrambled_Egg_Boi,Pinky pie running the drug trade? sounds like Fallout Equestria
0:07:51,@dreadther143e,must've been the wing gng
0:07:52,@Code_monkey_like_you,Hahaha those animals are so fucking funny they make me wanna merge without looking
0:07:53,@nocti_tea8662,Wut hello i just wake up to Tamers vid >///>
0:07:53,@liquidtamers12345,Fucking ass minion jumpsuit
0:07:54,@ozzyizer,PISS
0:07:57,@CanaryKari,twipiss
0:08:00,@va_fail,i want to see opal i hope shes fine
0:08:00,@silververity,This is already my new favorite episode 
0:08:01,@TheMTwinny,Breaking wind aaaaaahahahaa
0:08:02,@ozzyizer,HELL YEAH
0:08:03,@ChilledSmoothie,LMAO
0:08:04,@Guy_mankindaback,breaking bad ref 
0:08:09,@Tamers12345MLP,Don't worry it's not drugs it's just candy because ponies love that shit
0:08:14,@jennythebean9117,It’s 100% pure
0:08:16,@agoatheadbaby3512,sugar gems.
0:08:19,@darkwingduke1631,"""Sugar"" gems"
0:08:20,@Guy_mankindaback,is Twilight a professional?
0:08:21,@darkwingduke1631,yeah sure
0:08:22,@SketchyZero,Wouldn't FLuttershy be persecuted in CHina if she did that?
0:08:24,@JoeYork-y1z,No pink pay
0:08:25,@Code_monkey_like_you,I thought they loved hay and sugar cubes
0:08:26,@GlimmyGOD,looks like sulfur crystals
0:08:27,@qcoon2284,I love candy :)
0:08:27,@ayyo-bun3534,@Tamers12345MLP can I tag you when im done with the Marionette cardboard cutout on Twatter?
0:08:27,@dominicunderwood4911,"It'll still get them high, tho."
0:08:28,@Guy_mankindaback,Tamers you don’t have to lie to protect them
0:08:29,@jennythebean9117,Yee
0:08:29,@agoatheadbaby3512,Rock candy??
0:08:30,@ozzyizer,WHY ISNT TAMERS COMMENTING????
0:08:31,@dominicunderwood4911,"It'll still get them high, tho."
0:08:32,@KennedyKirksey-w6s,:face_savoring_food::face_savoring_food::face_savoring_food::chocolate_bar::candy::lollipop::lollipop::candy::chocolate_bar:
0:08:34,@deeznuts-yn1nx,are they selling fetty
0:08:34,@JoeYork-y1z,Why? 
0:08:35,@CHASEYMM2_12eheh,Tamer is gay
0:08:35,@wheres_waddle1913,Tamers....have you considered minion yaoi
0:08:36,@darkwingduke1631,Fluttershy should be percecuted for a lot of things
0:08:36,@Ra.-0Hworm,candy are like a drug for ponies if you think about it
0:08:36,@UngulaPropriaRQ,oh damn 
0:08:36,@UngulaPropriaRQ,real
0:08:38,@agoatheadbaby3512,Delicious candy....
0:08:39,@XxZ0MB13_K1TTYxX,I'm late
0:08:39,@misakayy1911,GUSTAVO PIE
0:08:40,@jennythebean9117,Candy mafia
0:08:42,@Tamers12345MLP,Pinkie's fit is going hard rn
0:08:42,@Guy_mankindaback,ozzy they’ve done it multiple times 
0:08:43,@va_fail,pinkie :heart_suit:
0:08:48,@agoatheadbaby3512,Twizzlers or Laffy Taffy?
0:08:48,@ozzyizer,"TAMERS, SAY SOMETHING"
0:08:50,@Padtygalaxy,Diaper pinkie 
0:08:52,@darkwingduke1631,shes in a DIAPER
0:08:52,@JoeYork-y1z,Tamers why Pink pay like this
0:08:55,@realblixels,not the fucking diaper
0:08:56,@Guy_mankindaback,true 
0:08:57,@MoonBlessedFashionHorse,yo
0:08:58,@UngulaPropriaRQ,her diaper for pants shitting 
0:09:01,@jennythebean9117,Yo
0:09:03,@Code_monkey_like_you,:flushed_face::flushed_face::flushed_face::flushed_face:
0:09:03,@deeznuts-yn1nx,boss pink
0:09:03,@noodle7254,diper
0:09:04,@GlimmyGOD,uh oh stinky
0:09:05,@UngulaPropriaRQ,yeah there you go
0:09:08,@Guy_mankindaback,the outfit looks like it’d be called boss baby
0:09:08,@TheMTwinny,GROSS
0:09:10,@DragonDuppy,I'm late but I'm getting paid right now so yeehaw
0:09:19,@jennythebean9117,Skylar White Yo
0:09:20,@xanbabimoth7283,Yooo I just got here
0:09:22,@ozzyizer,"BROTHER, WHY DOES SHE HAVE A DIAPER???"
0:09:23,@realblixels,thisreminds me of rugrats in paris 
0:09:23,@JoeYork-y1z,Is pink pie okay
0:09:25,@WithoutFlaw,i'm crine
0:09:27,@neargaming2057,She just mathed wrong
0:09:27,@delta-v4x,2250 is 15%
0:09:30,@agoatheadbaby3512,Big stupid lolli
0:09:31,@Hexen_4444,is it Twilights pee?
0:09:33,@miss.envyous,Ts so peak
0:09:34,@Tamers12345MLP,No Pinkie isn't okay she's retarded
0:09:34,@MoonBlessedFashionHorse,I'm TwiWhite Yo. 
0:09:36,@darkwingduke1631,Pinkie really glowed up from pastry shop owner to mob boss
0:09:37,@va_fail,how pinkie got this work? i thought shes stupid
0:09:38,@realblixels,when angelica was the cookie boss
0:09:39,@ayyo-bun3534,Pinkie ready for Halloween baby wooooooooo
0:09:40,@xanbabimoth7283,Pinky pie so bad 
0:09:41,@Guy_mankindaback,oh ok
0:09:41,@htb5e678,what the hell is a reosex
0:09:42,@agoatheadbaby3512,50%
0:09:44,@UltimateStarky,man now i want reeses
0:09:45,@Agent_Mothman_SE,Pinkie Fring
0:09:47,@dominicunderwood4911,Fucking hell
0:09:48,@JoeYork-y1z,Tamers12345 why is pink pie like this 
0:09:51,@Guy_mankindaback,xan what
0:09:53,@xanbabimoth7283,Like a baddie yk
0:09:53,@CHASEYMM2_12eheh,TAMERGAY
0:09:56,@CHASEYMM2_12eheh,TAMERS GAY GUYS
0:09:59,@Guy_mankindaback,no no
0:10:02,@miss.envyous,Pinkie pie just like me fr
0:10:03,@MoonBlessedFashionHorse,oh shit
0:10:07,@mateoponey5537,she serious yo
0:10:07,@darkwingduke1631,FINALLY
0:10:08,@CHASEYMM2_12eheh,YES THEY ARE 
0:10:09,@jennythebean9117,Damn
0:10:09,@dreadther143e,that's not accurate
0:10:09,@mexfinncanonilovefinnhehe,hmm
0:10:10,@ayyo-bun3534,NO
0:10:10,@MrBigManIsMe,The GLEAM
0:10:11,@TheMTwinny,BLINDING
0:10:11,@Guy_mankindaback,MY EYES
0:10:13,@MoonBlessedFashionHorse,goddamnit twilight
0:10:13,@Tamers12345MLP,Pony's will pay premium for candy. You can't blame Pinkie Pie for playing the game
0:10:18,@SonataDidIt,oh no...
0:10:19,@agoatheadbaby3512,gulp...............
0:10:21,@darkwingduke1631,Very true
0:10:22,@KennedyKirksey-w6s,:face_screaming_in_fear: omg
0:10:23,@JoeYork-y1z,No not the gun
0:10:24,@GlimmyGOD,uh oh
0:10:24,@ayyo-bun3534,Lmao the Pink mafia
0:10:25,@darkwingduke1631,she has the captialist mindset
0:10:25,@skullboy5409,She look like that biggee from the bee movie
0:10:25,@xanbabimoth7283,Oh wow 
0:10:25,@misakayy1911,UH OH
0:10:27,@jennythebean9117,Damn he ruined things 
0:10:29,@strongback6550,"Of course pinkie is less intelligent, she is an earth pony."
0:10:32,@xanbabimoth7283,Just wow
0:10:33,@NubMcMoofin,:disappointed_face::disappointed_face:
0:10:33,@TheMTwinny,LMAO
0:10:34,@htb5e678,lol
0:10:34,@Guy_mankindaback,Tamers could you put a light warning that was pretty bright
0:10:34,@deeznuts-yn1nx,oh shoot
0:10:37,@UngulaPropriaRQ,oh shit 
0:10:37,@mexfinncanonilovefinnhehe,:flushed_face:
0:10:40,@darkwingduke1631,JUMP
0:10:40,@SeriouslySodium,"twilight white, trixie pinkman and gustavo pie"
0:10:41,@darkwingduke1631,DO IT
0:10:41,@KennedyKirksey-w6s,oohh nooo
0:10:42,@miss.envyous,"PINKIE CHILL, HE DIDN'T MEAN IT LIKE DAT"
0:10:44,@CanaryKari,ouu
0:10:44,@Guy_mankindaback,aw Mr.Pigs seemed cool
0:10:45,@xanbabimoth7283,She’s a total baddie
0:10:47,@mexfinncanonilovefinnhehe,that pony kinda sounds like rudie
0:10:47,@scarlethorse5391,He should have known the risks....
0:10:51,@Guy_mankindaback,he’s getting killed
0:10:53,@jennythebean9117,True
0:10:53,@darkwingduke1631,Mr Pigs is gonna go swimming
0:10:53,@MoonBlessedFashionHorse,he's right
0:10:54,@aproc_,strawberry panic music??
0:10:55,@dominicunderwood4911,That will sink the ship
0:10:56,@liquidtamers12345,LMAO
0:10:56,@agoatheadbaby3512,oh no....
0:10:56,@JoeYork-y1z,Tamers12345 what's your favorite my little pony character 
0:10:59,@ayyo-bun3534,Yeeaaahhhhhh
0:10:59,@Guy_mankindaback,yeah
0:10:59,@Tamers12345MLP,"Pinkie Pie can't count, which is fine because she doesn't care about the money. She's in it for the love of candy."
0:11:01,@va_fail,pinkie is evil
0:11:02,@fireejr15.5,shix sheven shix sheven
0:11:02,@SparkleSharkle_S,grandmas skunk butt rug
0:11:04,@NubMcMoofin,:face_holding_back_tears:
0:11:05,@ozzyizer,"I DONT BELIEVE @TAMERSS12345MLP IS ACTUALLY TAMERS, PROVE ME WRONG."
0:11:05,@agoatheadbaby3512,oh fuck
0:11:05,@nyan_catz_YT,LMFAO
0:11:06,@darkwingduke1631,BUH BYE
0:11:08,@narwhalejane,WHAT
0:11:10,@xanbabimoth7283,As she should
0:11:11,@TheMTwinny,GATDAM
0:11:16,@Solums,bainfull
0:11:20,@Guy_mankindaback,that’s clearly Tamers
0:11:21,@mexfinncanonilovefinnhehe,shit shit shit
0:11:22,@MoonBlessedFashionHorse,datass
0:11:22,@UngulaPropriaRQ,SHE IS THE DANGER 
0:11:22,@jennythebean9117,That’s Brutal dog
0:11:23,@darkwingduke1631,The gleam on her is so strong
0:11:25,@Guy_mankindaback,ouu shii 
0:11:26,@hollywareham6810,wild
0:11:28,@Hexen_4444,why is there so much Bone breaking in this episode
0:11:30,@Aromaticgrassitem,Pinkie pie is all about the love of the game because she is crazy
0:11:31,@scarlethorse5391,WOOOOOOOO
0:11:31,@Looeyballony-lol,lol
0:11:32,@dominicunderwood4911,Why didn't Pinkie Pie kill them? They never finished the deal.
0:11:33,@KennedyKirksey-w6s,R I P
0:11:34,@darkwingduke1631,Uh oh
0:11:34,@xanbabimoth7283,Holy fucking ass cheek
0:11:35,@diaress,GOD DAYUM
0:11:37,@mexfinncanonilovefinnhehe,:blue_circle::blue_circle::waving_hand:
0:11:38,@Padtygalaxy,Oh no
0:11:38,@ayyo-bun3534,Lmaooo
0:11:39,@jennythebean9117,Yee
0:11:40,@Guy_mankindaback,Tamers how much fun do you have drawing those perspectives?
0:11:43,@xanbabimoth7283,Yesss
0:11:43,@doublej209,??
0:11:44,@jennythebean9117,:blue_circle::blue_circle:
0:11:46,@SonataDidIt,Hat...
0:11:48,@Tamers12345MLP,:blue_circle::blue_circle::waving_hand:
0:11:49,@darkwingduke1631,Vigorate your hate
0:11:49,@JoeYork-y1z,Who is everyone favorite my little pony 
0:11:50,@darkwingduke1631,new slogan
0:11:51,@noodle7254,`1
0:11:52,@xanbabimoth7283,:tired_face::tired_face:
0:11:52,@JoshHado-u4z,Bro why are they doing this
0:11:55,@TheMTwinny,FLASHBACK
0:11:56,@ozzyizer,YOOOO
0:11:57,@UngulaPropriaRQ,nice cicada tamers 
0:11:57,@Fernando_WolfyVA,Hi
0:11:58,@AnimeGames16,:blue_circle::blue_circle::waving_hand:
0:11:59,@xanbabimoth7283,Big
0:12:01,@jennythebean9117,:loudly_crying_face::loudly_crying_face::loudly_crying_face:
0:12:01,@mexfinncanonilovefinnhehe,IS THAT GOOB ?????
0:12:03,@MinioMicha09,Ew a fly 
0:12:03,@xanbabimoth7283,Bug 
0:12:05,@mexfinncanonilovefinnhehe,AND SHELLY ???
0:12:08,@Big_Lobsterツ,SIS
0:12:09,@mexfinncanonilovefinnhehe,WAIT ..
0:12:09,@hollywareham6810,oh no
0:12:09,@Padtygalaxy,Sis?
0:12:09,@doublej209,HUH
0:12:09,@ozzyizer,HER BLACK EYE???
0:12:10,@miss.envyous,SIS?
0:12:10,@agoatheadbaby3512,"oh, they're related."
0:12:11,@UltimateStarky,of course they're siblings
0:12:13,@diaress,:blue_circle::blue_circle:
0:12:13,@UngulaPropriaRQ,OH THEY SIBLINGS 
0:12:14,@JoeYork-y1z,Why does they both sound like goob and shelly
0:12:15,@Scrambled_Egg_Boi,oh
0:12:15,@miss.envyous,tf u mean sis
0:12:17,@Kinahizhere,Sis
0:12:18,@jamesm3493,SIS????
0:12:19,@ToidiSoup,i like applejack and derpy hooves
0:12:20,@ayyo-bun3534,"Sis, must keep it in the family lmao"
0:12:23,@xanbabimoth7283,Girl getting abused
0:12:23,@JoshHado-u4z,Wow he actually nice
0:12:24,@Padtygalaxy,Sister and bother?
0:12:24,@agoatheadbaby3512,I should've seen that coming.
0:12:25,@MynemmmmHhh-g4p,fish:front_facing_baby_chick:
0:12:25,@dreadther143e,uh oh
0:12:29,@mexfinncanonilovefinnhehe,tamers is this goob and shellys voice ??????
0:12:30,@ozzyizer,AURA
0:12:31,@misakayy1911,"""sis"" unf..."
0:12:32,@va_fail,"so trixie isn't liar, they're siblings"
0:12:32,@doublej209,BRO?
0:12:35,@TheMTwinny,:blue_circle::blue_circle::raised_back_of_hand: < THIS IS ONLY FOR BARDONIC
0:12:36,@JoeYork-y1z,Yay
0:12:38,@JoshHado-u4z,Wait did he say big bro
0:12:39,@drunkserval,Higurashi vibes?????
0:12:40,@Agent_Mothman_SE,They’re like the Apple family oh no
0:12:44,@thekittybeagle7503,Why are so many ponies inbred :loudly_crying_face:
0:12:44,@Tamers12345MLP,Damn they're sweet
0:12:47,@CanaryKari,:yellow_circle::yellow_circle::waving_hand:
0:12:48,@MinioMicha09,So there related 
0:12:49,@MynemmmmHhh-g4p,:baby_chick:fish diffent
0:12:50,@jennythebean9117,No wonder Trixie and Mary are gay
0:12:54,@MoonBlessedFashionHorse,Same Starlight
0:12:56,@vfsberry7491,who predicted this lol
0:12:56,@Ihateithere52,The family wreath strikes again
0:12:57,@AnimeGames16,@TheMTwinny TRUTH
0:12:59,@GoofyGuyReal2763,??????)
0:13:00,@Guy_mankindaback,dj pon 3
0:13:00,@ayyo-bun3534,Fair lol
0:13:01,@skullboy5409,All ponies r siblings 
0:13:01,@miss.envyous,Atp every pony r inbred
0:13:01,@dominicunderwood4911,"Let me guess, Mari willingly repressed memories of her father being good so she could have an excuse for her stallion hatred."
0:13:06,@MynemmmmHhh-g4p,:hatching_chick:fish ege
0:13:07,@JoeYork-y1z,Tamers12345 tell us why they both sound like goob and shelly
0:13:08,@JoshHado-u4z,Bro why is everyone siblings
0:13:09,@MoonBlessedFashionHorse,Octavia DJ
0:13:09,@agoatheadbaby3512,Rarity WATCH OUT
0:13:10,@Scrambled_Egg_Boi,character arc?
0:13:11,@skullboy5409,Celestia birthed them all
0:13:13,@UngulaPropriaRQ,DESTROY THE HAT BEFORE SHE STARTS FEELING SYMPATHY FOR STALLIONS 
0:13:15,@GoofyGuyReal2763,We just gonna ignore that
0:13:15,@Aromaticgrassitem,background yuri!?!?!?
0:13:17,@Guy_mankindaback,because the voices are the same
0:13:17,@jennythebean9117,Long horse 
0:13:22,@mexfinncanonilovefinnhehe,Hm
0:13:23,@KennedyKirksey-w6s,ye
0:13:24,@MynemmmmHhh-g4p,:bird:buie fish
0:13:24,@GlimmyGOD,YEAH TAKE REVENGE BABE
0:13:29,@ayyo-bun3534,Rarity was based for that
0:13:32,@va_fail,yipee pal
0:13:33,@lulalelluna,long neck horse
0:13:33,@UngulaPropriaRQ,incredible rarity face
0:13:34,@va_fail,*opal
0:13:34,@dreadther143e,starlight needs an apology
0:13:35,@MoonBlessedFashionHorse,STAND ON BUSINESS RARITY
0:13:36,@jennythebean9117,Rara is right 
0:13:36,@JoeYork-y1z,On yay
0:13:39,@dribvox,ow
0:13:40,@MynemmmmHhh-g4p,:parrot:gay fish
0:13:40,@ozzyizer,THAT NECK
0:13:41,@dominicunderwood4911,Mari's no more justified in her murderous insanity than the Mailpony.
0:13:41,@Guy_mankindaback,what was that
0:13:42,@JoeYork-y1z,Kitty
0:13:43,@SomeOrdinaryPlumber,ow
0:13:45,@denmarkpretzel1727,tf was that
0:13:45,@Guy_mankindaback,polyester?
0:13:47,@MoonBlessedFashionHorse,OH SHIT 
0:13:48,@ayyo-bun3534,Ooooooooo
0:13:48,@dominicunderwood4911,PREACH RARITY!!
0:13:49,@jennythebean9117,Chopped :face_with_tears_of_joy:
0:13:50,@JoeYork-y1z,Neck snap
0:13:50,@ecampo123,Best horse!!
0:13:51,@Guy_mankindaback,Rarity mercy
0:13:51,@TheMTwinny,LMAO
0:13:52,@agoatheadbaby3512,ogh
0:13:53,@CanaryKari,damn
0:13:53,@ayyo-bun3534,Meow
0:13:54,@Hexen_4444,nice fit Rarity
0:13:55,@nyanjhynx,:loudly_crying_face:
0:13:57,@jennythebean9117,Noooo
0:13:59,@ozzyizer,OPal wont do shit
0:13:59,@UngulaPropriaRQ,OH SHIT 
0:14:00,@JoeYork-y1z,Dang
0:14:01,@NubMcMoofin,:exploding_head::exploding_head::exploding_head:
0:14:02,@MoonBlessedFashionHorse,cut the ship in half
0:14:05,@Guy_mankindaback,how much people are gonna die
0:14:06,@dominicunderwood4911,NOOOOO Rarity!!!!
0:14:06,@xanbabimoth7283,Oh crap
0:14:06,@agoatheadbaby3512,RARITY CUT A HOLE IN THE HULL
0:14:08,@Padtygalaxy,Haul breK
0:14:08,@va_fail,opal tried her best
0:14:10,@MynemmmmHhh-g4p,:penguin:big fish
0:14:11,@JoeYork-y1z,No
0:14:11,@Solums,We have titacic
0:14:12,@maxbear027,they shouldvr hired Bartleby Montclair
0:14:13,@mexfinncanonilovefinnhehe,Oh what :loudly_crying_face:
0:14:15,@gugubanhamma,wowza
0:14:15,@Padtygalaxy,Haul breach!
0:14:15,@xanbabimoth7283,"Yo, you literally can never trust a cat"
0:14:20,@Aromaticgrassitem,Rarity can just fly float back up
0:14:21,@dreadther143e,starlight still pushed rarity off
0:14:21,@dominicunderwood4911,THE SHIPS GOING DOWN
0:14:23,@ozzyizer,RARITY IS DEAD AS HELL
0:14:24,@JoeYork-y1z,Yay cany
0:14:24,@Guy_mankindaback,yes you can
0:14:25,@jennythebean9117,She fell
0:14:26,@MoonBlessedFashionHorse,Rarity has survived worse
0:14:27,@MynemmmmHhh-g4p,:flamingo:pine fish
0:14:28,@Padtygalaxy,Seal the bulk head!
0:14:29,@ayyo-bun3534,Lmao semantics wins again hell yeah
0:14:30,@xanbabimoth7283,Yum
0:14:34,@ozzyizer,WHA?
0:14:34,@jennythebean9117,OwO 
0:14:34,@DownyDuck,1000 mares vs accountability
0:14:37,@JoeYork-y1z,Where is the candy
0:14:43,@jennythebean9117,That’s a lot 
0:14:43,@dominicunderwood4911,"Yeah, Rarity won't be killed that easily."
0:14:43,@MynemmmmHhh-g4p,:dodo:evil fish
0:14:44,@lulalelluna,breaking bad reference 
0:14:50,@Guy_mankindaback,scammer
0:14:50,@Padtygalaxy,Seal the bulk heads
0:14:52,@Tamers12345MLP,Pinkie Pie won...
0:14:54,@JoeYork-y1z,:rolling_on_the_floor_laughing::rolling_on_the_floor_laughing:
0:14:58,@agoatheadbaby3512,Pinkie Pie is too stupid calculate percent amounts.
0:14:59,@xanbabimoth7283,The winner
0:15:00,@nyanjhynx,aw man..
0:15:01,@MoonBlessedFashionHorse,pinkie cute
0:15:01,@UngulaPropriaRQ,oh shit she's becoming THE DANGER 
0:15:03,@GlimmyGOD,unf
0:15:04,@MynemmmmHhh-g4p,:chicken:head of fish
0:15:05,@JoeYork-y1z,YAY!!!!! 
0:15:05,@jo3a548,LASFOASDFLASFOASFOL
0:15:08,@UngulaPropriaRQ,she's becomine MARESENBERG 
0:15:09,@SonataDidIt,LOL
0:15:15,@diaress,SHE SAID IT
0:15:16,@UltimateStarky,so many lyra
0:15:18,@delta-v4x,She said the line
0:15:18,@Aromaticgrassitem,Sparkle is so romantix
0:15:18,@xanbabimoth7283,All the Lyra’s in the back
0:15:20,@UngulaPropriaRQ,WAS THAT WHAT THE REASON WE'RE HAVING THIS WHOLE SUBPLOT 
0:15:25,@mexfinncanonilovefinnhehe,HOLY SHIT SHE SAID BREAK BAD LIKE BREAKING BAD OMG SUCH A PEAK REFRENCE
0:15:26,@MynemmmmHhh-g4p,:rooster:head with boby of fish
0:15:34,@xanbabimoth7283,Yes
0:15:36,@Cloutboifx,i was here!!
0:15:36,@va_fail,someone save rarity
0:15:37,@Tv_narwal,I found good shi! guys :D
0:15:37,@Cloutboifx,hiiii!!
0:15:37,@Guy_mankindaback,yeah they’ve said it a bit
0:15:42,@ozzyizer,THOSE GUYS
0:15:47,@Looeyballony-lol,Tamers it’s my birthday today and I’m in my room watching this
0:15:47,@xanbabimoth7283,Rarity is rich she’s fine
0:15:49,@jennythebean9117,Pinkie is a good boss????
0:15:50,@dominicunderwood4911,THEN WE MADE NO PROFIT
0:15:51,@MoonBlessedFashionHorse,No one can save rarity except herself
0:15:51,@Guy_mankindaback,rooms of people
0:15:53,@deeznuts-yn1nx,gustavo fring
0:15:53,@JoeYork-y1z,Oh yay
0:15:53,@xanbabimoth7283,At least she says she’s rich
0:15:55,@MynemmmmHhh-g4p,:owl:big eye fish
0:16:01,@Hexen_4444,she's like Mike Toreno
0:16:04,@JoeYork-y1z,You are right 
0:16:05,@Tamers12345MLP,Pinkie Pie might be autistic but she understands respect
0:16:08,@MoonBlessedFashionHorse,Oh goddamn
0:16:09,@jo3a548,oh fuck
0:16:09,@Guy_mankindaback,i’m convinced my isn’t even watching
0:16:10,@ozzyizer,WHATTT HER MAMA??
0:16:11,@jennythebean9117,:O
0:16:13,@TheMTwinny,HAHAHA
0:16:13,@MynemmmmHhh-g4p,:duck:this fish
0:16:17,@ozzyizer,HER MAMAA
0:16:20,@ozzyizer,????
0:16:23,@MoonBlessedFashionHorse,@ozzyizer thats not her mom
0:16:25,@va_fail,mrs. CAKE
0:16:30,@xanbabimoth7283,Here come all the lesbian it’s Mrs. cake
0:16:31,@agoatheadbaby3512,Pinkie Pie.....pays her workers and fair wage??
0:16:32,@Guy_mankindaback,Tamers are you actually here or are these some types of automated messages
0:16:35,@JoeYork-y1z,:face_in_clouds:
0:16:38,@MynemmmmHhh-g4p,:eagle:fish?
0:16:40,@Ihateithere52,Damn I didn’t know pinkie was about that life 
0:16:46,@ozzyizer,oh yeah
0:16:46,@MoonBlessedFashionHorse,true
0:16:49,@Aromaticgrassitem,a mlp break win arc would be fun
0:16:49,@JoeYork-y1z,NO BEER
0:16:53,@ozzyizer,thats not her mom
0:16:53,@TheMTwinny,DAMN SHE RIGHT
0:16:53,@MynemmmmHhh-g4p,:dove: fisher
0:16:56,@jennythebean9117,Drink!
0:17:01,@JoeYork-y1z,Shelly and goob again 
0:17:08,@jo3a548,yay
0:17:09,@dominicunderwood4911,Hah! Mari's losing her stupidity finally.
0:17:14,@neva773,oh no Im late
0:17:17,@xanbabimoth7283,Yeah it kinda is 
0:17:19,@jo3a548,cute
0:17:19,@Looeyballony-lol,It’s my b-day today and I’m watching this instead of being out my room:loudly_crying_face:
0:17:20,@jennythebean9117,Probably yeah
0:17:20,@mexfinncanonilovefinnhehe,ITS GOOB AND SHELLYYYYYYYYYY
0:17:21,@Tamers12345MLP,What a wholesome sibling bonb
0:17:22,@KennedyKirksey-w6s,wow
0:17:22,@jo3a548,BRO?
0:17:23,@UltimateStarky,why are there 2 ferris wheels
0:17:24,@mexfinncanonilovefinnhehe,heh ..
0:17:24,@misakayy1911,"""bro"" unf..."
0:17:31,@MynemmmmHhh-g4p,:turkey:fish fish drinker
0:17:31,@jo3a548,oh fuck
0:17:33,@GlimmyGOD,his sister is kinda bad I don't blame him tbh
0:17:33,@xanbabimoth7283,Why do you keep making everyone’s siblings?
0:17:33,@Big_Lobsterツ,kiss
0:17:34,@TheMTwinny,....bro? :skull:
0:17:34,@SketchyZero,Guys I have a question
0:17:34,@jennythebean9117,I went to Six Flags met Six
0:17:35,@moriorinvictus69,I like how they keep reaffirming that they're related
0:17:37,@JoeYork-y1z,YAY
0:17:38,@Guy_mankindaback,bro what
0:17:38,@woltinissimo,bro...
0:17:41,@oliver_officialEatsCookies459,they are flerting
0:17:41,@mexfinncanonilovefinnhehe,oh gosh
0:17:42,@JoeYork-y1z,Do it
0:17:47,@Hexen_4444,no step there
0:17:47,@noodle7254,...
0:17:47,@Tamers12345MLP,There's 2 ferris wheels because it's a 6 flags so there's at least 6 of them
0:17:47,@Aromaticgrassitem,i ship them
0:17:48,@denmarkpretzel1727,uhh
0:17:49,@jo3a548,cute
0:17:49,@doublej209,yikes
0:17:52,@Big_Lobsterツ,kiss kiss kiss
0:17:52,@CanaryKari,peak
0:17:55,@MinioMicha09,Bro 
0:17:56,@agoatheadbaby3512,Marionette 's mother sounds a lot like...Coco Pommel?
0:17:56,@ecampo123,Yay het slop :red_heart:
0:17:57,@xanbabimoth7283,Where is their parents at?
0:17:59,@Guy_mankindaback,oh makes sense
0:17:59,@jennythebean9117,It’s Tamers MLP verse they are all inbred
0:18:01,@ChilledSmoothie, tamers 
0:18:01,@UngulaPropriaRQ,that's how 6 flags works yeah
0:18:02,@JoeYork-y1z,Ship them
0:18:05,@MynemmmmHhh-g4p,:swan:dead fish
0:18:06,@SketchyZero,Is Trixebelle Marionette and Trixie's mom genderswap?
0:18:06,@TheMTwinny,IT IS AWKWARD
0:18:07,@dreadther143e,siblings btw
0:18:08,@JoeYork-y1z,Kiss
0:18:08,@jo3a548,cuuute
0:18:09,@MoonBlessedFashionHorse,tsundere boi
0:18:10,@VelvetValley-h9z,aint this the guy who has Dr phil on speed dial
0:18:10,@miss.envyous,How many incest is in this serie
0:18:15,@KennedyKirksey-w6s,omg :flushed_face::flushed_face::flushed_face:
0:18:16,@liquidtamers12345,"Good, six flags"
0:18:16,@Tamers12345MLP,Damn yeah Spectacle has Coco's voice I didn't even notice lol
0:18:17,@NubMcMoofin,:smiling_face_with_hearts:
0:18:18,@Code_monkey_like_you,Yo Tamers didn’t Six Flags get bought out or was that just the St Louis one?
0:18:18,@Guy_mankindaback,Joe no
0:18:18,@jennythebean9117,They are Trixie’s Parents 
0:18:19,@Solums,He is tsundere
0:18:20,@liquidtamers12345,WAIT
0:18:22,@MynemmmmHhh-g4p,:dodo:dumb fish
0:18:24,@ozzyizer,"SHE'S SO PURE, PLEASE TAMERS, PROTECT HER!!!!"
0:18:25,@jo3a548,CUTE CUTE CUTE
0:18:28,@SparkleSharkle_S,"""i dont like you or anything"""
0:18:29,@liquidtamers12345,COME BACK HERE
0:18:30,@Guy_mankindaback,Jackpot
0:18:32,@JoeYork-y1z,Okay
0:18:38,@mexfinncanonilovefinnhehe,its not like i like you or anything !!!
0:18:38,@jennythebean9117,UwU 
0:18:38,@UngulaPropriaRQ,cheese fries 
0:18:40,@agoatheadbaby3512,Won.
0:18:41,@JoeYork-y1z,Oh no
0:18:41,@xanbabimoth7283,Ahhhhh
0:18:41,@dominicunderwood4911,Heh
0:18:41,@jo3a548,yay
0:18:43,@valv8179,YOOOOOOO
0:18:45,@liquidtamers12345,ok I forgive you for the hotdog stand
0:18:46,@valv8179,LETS GOOOOOO
0:18:49,@TheMTwinny,...sis :skull:
0:18:51,@misakayy1911,NOOOOOOOOOOOOOOOOOO
0:18:52,@jo3a548,oh fuck
0:18:52,@jennythebean9117,Oh no :worried_face: 
0:18:52,@Hexen_4444,he's just like me
0:18:54,@xanbabimoth7283,Holy shit
0:18:54,@Lucario4thewin,"jackpot, baby!"
0:18:55,@agoatheadbaby3512,"Haha, what the fuck?"
0:18:57,@noodle7254,uh 
0:18:59,@xanbabimoth7283,Ahhhhh 
0:18:59,@SonataDidIt,Oh no....
0:19:01,@miss.envyous,Oh shit
0:19:03,@dominicunderwood4911,Right?
0:19:05,@xanbabimoth7283,A earth pony broke
0:19:08,@xanbabimoth7283,In 
0:19:08,@jo3a548,spectale?
0:19:09,@JoeYork-y1z,How many minutes are left :face_holding_back_tears:
0:19:12,@ozzyizer,WAIT
0:19:12,@afghanitus,coffin of jackpot and spectacle
0:19:13,@MoonBlessedFashionHorse,I mean unicorns are some times the craziest mfs
0:19:14,@Guy_mankindaback,oh no
0:19:16,@SparkleSharkle_S,HEY mexican french fries that was my original idea that i defo thought of first
0:19:19,@NubMcMoofin,:face_holding_back_tears::disappointed_face::disappointed_face:
0:19:19,@dreadther143e,they got killed
0:19:21,@oliver_officialEatsCookies459,oh hell no
0:19:21,@vbbh736,OHH NOO
0:19:22,@jennythebean9117,:loudly_crying_face::loudly_crying_face::loudly_crying_face::loudly_crying_face::loudly_crying_face::loudly_crying_face::loudly_crying_face::loudly_crying_face::loudly_crying_face::loudly_crying_face::loudly_crying_face::loudly_crying_face::loudly_crying_face::loudly_crying_face::loudly_crying_face::loudly_crying_face::loudly_crying_face::loudly_crying_face:
0:19:22,@ozzyizer,THEY RELATED????
0:19:23,@ChilledSmoothie,LMAO
0:19:24,@SonataDidIt,afraid
0:19:24,@dominicunderwood4911,Sounds about right
0:19:25,@KennedyKirksey-w6s,noooo oh nooo :loudly_crying_face::loudly_crying_face::loudly_crying_face:
0:19:25,@UngulaPropriaRQ,YO WHAT THE FUCK
0:19:25,@jo3a548,LASDOSALFASOFLASF
0:19:25,@HerreZC,bruh
0:19:26,@MoonBlessedFashionHorse,LOL
0:19:26,@ozzyizer,BROOO
0:19:26,@dreadther143e,pause
0:19:27,@UltimateStarky,ew
0:19:28,@xanbabimoth7283,Damn weak 
0:19:28,@agoatheadbaby3512,D:
0:19:28,@Aromaticgrassitem,well fug. horsestory repeats itself
0:19:28,@ozzyizer,BROOOO
0:19:29,@deeznuts-yn1nx,aww
0:19:29,@denmarkpretzel1727,nah
0:19:29,@ecampo123,Ay yo
0:19:31,@Padtygalaxy,Poor jake 
0:19:31,@CanaryKari,LOL
0:19:31,@Guy_mankindaback,barely any of the pony’s families are alive
0:19:31,@JoeYork-y1z,:crying_face::anxious_face_with_sweat::anxious_face_with_sweat::anxious_face_with_sweat:
0:19:32,@scarlethorse5391,rip
0:19:33,@afghanitus,LOL
0:19:33,@Hexen_4444,huh?
0:19:34,@dominicunderwood4911,NOOOOO
0:19:34,@Lucario4thewin,pony may cry
0:19:34,@noodle7254,yuck
0:19:34,@miss.envyous,OMFG THIS WEIRD AHH COP
0:19:35,@jo3a548,NO
0:19:36,@Tamers12345MLP,It's fucking over
0:19:36,@hollywareham6810,lol
0:19:37,@yourheartofdarkness,lol
0:19:41,@JoshHado-u4z,Ayo wtf
0:19:42,@jo3a548,This is already a sad episode
0:19:42,@mexfinncanonilovefinnhehe,ok
0:19:45,@hollywareham6810,let's go
0:19:46,@JoeYork-y1z,Okay
0:19:46,@jennythebean9117,:loudly_crying_face::loudly_crying_face::loudly_crying_face:
0:19:47,@xanbabimoth7283,Yeah
0:19:47,@dreadther143e,now they're homeless
0:19:47,@miss.envyous,:loudly_crying_face::loudly_crying_face:
0:19:48,@mexfinncanonilovefinnhehe,imma go cry now
0:19:52,@agoatheadbaby3512,:(
0:19:52,@xanbabimoth7283,To badger 
0:19:53,@Code_monkey_like_you,"It’s Joever, isn’t it?"
0:19:54,@MynemmmmHhh-g4p,:tropical_fish: no a brid
0:19:54,@Lucario4thewin,lol sucks 4 u 2
0:19:55,@Hexen_4444,it's joever
0:19:56,@liquidtamers12345,AWFUL
0:19:57,@miss.envyous,"Orphans, skill issue"
0:19:57,@Tamers12345MLP,Ponyville is a dangerous place...
0:19:57,@Padtygalaxy,You wrote it this way tamer 
0:20:01,@dominicunderwood4911,Wait a few days until the crime scene is over
0:20:04,@hollywareham6810,horray
0:20:06,@Guy_mankindaback,very much so
0:20:06,@panda_kardeşler,the crying sound im crine :loudly_crying_face:
0:20:07,@sSnlwysurvivor,where's purple daddy's world video
0:20:09,@MoonBlessedFashionHorse,sneak in
0:20:09,@JoeYork-y1z,I am crying really hard :loudly_crying_face::loudly_crying_face::loudly_crying_face::loudly_crying_face::loudly_crying_face::loudly_crying_face:
0:20:10,@jennythebean9117,2.5 stars lol
0:20:11,@TheMTwinny,"Damn, Motel 6?"
0:20:12,@jo3a548,oh fuck
0:20:14,@maxbear027,blue and yellow :blue_heart: :yellow_heart: like sonic and Bartleby
0:20:16,@MynemmmmHhh-g4p,:jellyfish:jelloneeen
0:20:19,@UngulaPropriaRQ,"yeah it's like when KFC is better in japan, hotel 6 is just crazy good in equestria"
0:20:19,@yourheartofdarkness,That’s for sure
0:20:22,@ozzyizer,NAH BECAUSE INSEST ISNT A FIRST FOR TAMERS FR
0:20:22,@jo3a548,ALSFDOASFGLASFOLASF
0:20:23,@Guy_mankindaback,I guess
0:20:23,@dreadther143e,motel 6 dawg?
0:20:28,@JoeYork-y1z,Sad
0:20:29,@MoonBlessedFashionHorse,MOM AND DAD ARE DEAD do it
0:20:29,@miss.envyous,Pony ville is basically O block
0:20:32,@jennythebean9117,We must survive 
0:20:33,@Hexen_4444,coward
0:20:36,@Ra.-0Hworm,Crack like a candy type
0:20:36,@ozzyizer,HOLYSHIT
0:20:40,@xanbabimoth7283,God dang it
0:20:42,@Code_monkey_like_you,:blue_circle::blue_circle::waving_hand:
0:20:44,@VelvetValley-h9z,UNIERECTILE DISFUNCTION
0:20:45,@JoeYork-y1z,:face-fuchsia-flower-shape:
0:20:45,@Guy_mankindaback,what are you guys on about
0:20:47,@Горожничий,Всем привет :sun_with_face:
0:20:48,@ozzyizer,PISS CRACK
0:20:50,@Tamers12345MLP,Damn what a loser
0:20:51,@dominicunderwood4911,"You're a unicorn too, do it yourself."
0:20:51,@xanbabimoth7283,Yesssss
0:20:52,@MoonBlessedFashionHorse,Unierctile
0:20:52,@NubMcMoofin,:disappointed_face:
0:20:53,@moriorinvictus69,UNIWHAT
0:20:54,@hollywareham6810,lol
0:20:55,@jennythebean9117,:face_with_tears_of_joy:
0:20:55,@miss.envyous,WHAT DYSFUNCTION
0:20:56,@CanaryKari,booooo
0:20:57,@SonataDidIt,Mare moment
0:20:58,@UngulaPropriaRQ,UNICERECTYLE DYSFUNCTION 
0:20:59,@agoatheadbaby3512,Uni... what
0:21:00,@MoonBlessedFashionHorse,ZIPP
0:21:01,@UngulaPropriaRQ,PURE KINO 
0:21:01,@Guy_mankindaback,oh
0:21:04,@TheMTwinny,ZIPP
0:21:07,@UltimateStarky,wow zipp storm
0:21:08,@jennythebean9117,:skull:
0:21:10,@nyanjhynx,"""unicorectile"" :broken_heart:"
0:21:11,@JoeYork-y1z,:whistle-red-blow:
0:21:12,@Guy_mankindaback,wow that was a weird remix
0:21:13,@ozzyizer,WHAT???
0:21:17,@Hyloaf,zippin
0:21:17,@jo3a548,they cute
0:21:17,@VelvetValley-h9z,ONG IS THAT TREVOR
0:21:18,@MoonBlessedFashionHorse,butt cracked
0:21:20,@KohJhonesItula,WHAT
0:21:23,@miss.envyous,arrest this fucking cop
0:21:24,@VelvetValley-h9z,MLP TREVOR??
0:21:25,@JoeYork-y1z,Not him again 
0:21:25,@MoonBlessedFashionHorse,He looks like trevor
0:21:26,@GlimmyGOD,Trevor?????
0:21:26,@SonataDidIt,trevor?
0:21:27,@jo3a548,TREVOR
0:21:27,@misakayy1911,TREVOR?????
0:21:28,@agoatheadbaby3512,Is that....
0:21:30,@Code_monkey_like_you,IT’S TREVOR!!!
0:21:30,@Lucario4thewin,sibling romance
0:21:31,@UngulaPropriaRQ,THAT LOOKS LIKE ONE OF THE BOYS 
0:21:32,@kalebc56,trevor yo??
0:21:33,@jennythebean9117,:skull::skull::skull::skull::skull::skull::skull::skull::skull::skull::skull::skull::skull::skull::skull::skull::skull::skull:
0:21:34,@Guy_mankindaback,the officer seems pretty gay
0:21:35,@UngulaPropriaRQ,TREVOR 
0:21:35,@CanaryKari,trev?
0:21:35,@Padtygalaxy,Karma.
0:21:36,@Hyloaf,IS THAT TREVOR
0:21:36,@NubMcMoofin,:exploding_head::exploding_head:
0:21:36,@dominicunderwood4911,"Wait, he looks like Trevor!"
0:21:37,@agoatheadbaby3512,No way.
0:21:37,@neva773,farquad hair tho
0:21:38,@vbbh736,OOOOOOOOOH NOOOO
0:21:38,@TheMTwinny,OS THAT TREVOR FROM SONIC UNDERGROUND?!??
0:21:39,@Guy_mankindaback,is that just me
0:21:39,@dreadther143e,trevor
0:21:39,@MoonBlessedFashionHorse,Pony Trevor please have the same voice
0:21:40,@nyanjhynx,TREVORRRR
0:21:41,@VelvetValley-h9z,FROM THE HIT 1990 CARTOON SONIC UNDERGROUND?
0:21:46,@Tamers12345MLP,wtf yall bitches saying trevor??
0:21:46,@hollywareham6810,yay
0:21:47,@Lucario4thewin,wat a twist
0:21:48,@jo3a548,OH FUCK
0:21:49,@ecampo123,W flock cams
0:21:49,@Padtygalaxy,He dead now
0:21:50,@mexfinncanonilovefinnhehe,OHHHHHHHHHH TREVOR ???????????????!!!!!!??1?1?1?1?
0:21:50,@UngulaPropriaRQ,WHAT THE FUCK TREVOR IS A PONY????
0:21:52,@scottmirror67,Guys I haven't been watching these for a while who tf are these ponies
0:21:53,@Hexen_4444,looks nothing like Trevor
0:21:54,@xanbabimoth7283,A flock camera
0:21:54,@UngulaPropriaRQ,WHAT HAPPENED 
0:21:54,@VelvetValley-h9z,HE LOOKS LIKE TREVOR
0:21:55,@MoonBlessedFashionHorse,TREVOOOOR
0:21:56,@JoeYork-y1z,:skull::skull::skull::skull::skull::skull::skull::skull::skull::skull::skull::skull::skull::skull::skull::skull::skull::skull:
0:21:56,@Guy_mankindaback,the voice I think
0:21:57,@Tamers12345MLP,That is obviously a horse
0:21:57,@miss.envyous,LMAOO
0:22:01,@xanbabimoth7283,I don’t think Ponyville could afford that
0:22:01,@kalebc56,its horse trevor
0:22:03,@dominicunderwood4911,SONIC UNDERGROUND IS COMING BACK
0:22:05,@Ihateithere52,The flock cameras actually helping an investigation? Unrealistic 
0:22:05,@jo3a548,he is ahorse now
0:22:05,@solarismare,A FLOCK CAMERA LMAO
0:22:06,@dreadther143e,idk who Trevor is loll
0:22:07,@nyanjhynx,:pleading_face:
0:22:08,@miss.envyous,WHO IS TREVOR
0:22:08,@Solums,absolutne cinema
0:22:10,@JoeYork-y1z,Oh man
0:22:15,@SawyerMustDie,He is Trevhorse
0:22:15,@hollywareham6810,Trevor horse
0:22:15,@VelvetValley-h9z,Nah thats horse trevor cause hes got the rocket hair
0:22:16,@solarismare,I love them
0:22:17,@mexfinncanonilovefinnhehe,we are so back :face_holding_back_tears:
0:22:17,@Guy_mankindaback,might be a ref
0:22:21,@jennythebean9117,Do that
0:22:22,@Lucario4thewin,wtf is Trevor? never heard of him
0:22:25,@baileyvelliquette4184,what the fuck?!
0:22:28,@dreadther143e,yeah who's trevor
0:22:30,@JoeYork-y1z,Crying ｡･ﾟﾟ*(>д<)*ﾟﾟ･｡
0:22:31,@solarismare,NOOOO
0:22:32,@TheMTwinny,SONIC UNDERGROUND FANS RIDE UP LMAO
0:22:37,@Code_monkey_like_you,Trevor from Sonic Underground
0:22:38,@MoonBlessedFashionHorse,@Lucario4thewin Trevor is from the hit show sonic underground
0:22:40,@Aromaticgrassitem,mmmm good show.
0:22:42,@jennythebean9117,Tamers based???????
0:22:43,@Tamers12345MLP,trevor is a world famous characetr from the hit TV show Sonic Underground.
0:22:44,@JoeYork-y1z,˶o̴̶̷᷄‸o̴̶̷̥᷅˶
0:22:44,@solarismare,the law says
0:22:45,@VelvetValley-h9z,YALL GOTTA WATCH SONIC UNDERGROUND.
0:22:45,@UngulaPropriaRQ,IF YOU DON'T KNOW WHO TREVOR IS GO WATCH TAMERS SONIC UNDERGROUND 
0:22:49,@solarismare,THAT'S TRUE
0:22:52,@UltimateStarky,I love six flags
0:22:53,@drunkserval,YES TAMERS GO OFF ON FLOCK CAMS
0:22:55,@Guy_mankindaback,yes yes
0:22:55,@dreadther143e,ah ok
0:22:57,@VelvetValley-h9z,yeah thats trevor
0:22:58,@ozzyizer,YEAH IM HERE FOR THAT SONIC UNDERGROUND SHI!!!!
0:22:58,@jennythebean9117,More Sonic soon??????
0:23:02,@Hexen_4444,True
0:23:03,@JoeYork-y1z,Let's do this hide everyone 
0:23:09,@jo3a548,OH FGICL
0:23:10,@agoatheadbaby3512,So this is where marionette gets her sense of justice? From her own father?
0:23:10,@Padtygalaxy,Never been to one
0:23:11,@vfsberry7491,six flags slander
0:23:12,@MynemmmmHhh-g4p,:index_pointing_up::tiger:
0:23:12,@lulalelluna,sonic soon
0:23:12,@Guy_mankindaback,oh he’s still there
0:23:13,@jennythebean9117,He’s prepared 
0:23:14,@dominicunderwood4911,"If he has Trevor's voice, I swear."
0:23:16,@misakayy1911,UH OH
0:23:16,@AnimeGames16,HOLY SHIT IT IS TREVOR
0:23:17,@TheMTwinny,AYO
0:23:18,@jo3a548,OH FUCK
0:23:18,@NubMcMoofin,:exploding_head::exploding_head:
0:23:19,@hollywareham6810,lol
0:23:19,@mexfinncanonilovefinnhehe,OH EWWW
0:23:19,@Guy_mankindaback,they might be done for
0:23:19,@KennedyKirksey-w6s,omg
0:23:20,@nyanjhynx,OH..
0:23:21,@Tamers12345MLP,Oh fuck
0:23:21,@Ihateithere52,TREVOR
0:23:22,@miss.envyous,the random basketball
0:23:22,@CanaryKari,oh damn
0:23:22,@Guy_mankindaback,OOH
0:23:23,@xanbabimoth7283,I fucking knew it
0:23:23,@denmarkpretzel1727,oh hell no
0:23:24,@MynemmmmHhh-g4p,:dark_sunglasses:
0:23:25,@noodle7254,EWWWWWWWWww
0:23:25,@MoonBlessedFashionHorse,No he doesn't have his voice >_M
0:23:25,@Scrambled_Egg_Boi,yaoi paddle
0:23:26,@JoeYork-y1z,Oh shoot
0:23:27,@scarlethorse5391,GET OUT OF THERE
0:23:27,@Guy_mankindaback,TREVOR
0:23:27,@TheMTwinny,YAOI PADDLE OH NO
0:23:28,@KohJhonesItula,oh
0:23:28,@noodle7254,NAHHH
0:23:29,@UngulaPropriaRQ,THE FUCKING YAOI PADDLE 
0:23:29,@Guy_mankindaback,woah
0:23:29,@VelvetValley-h9z,only instead of sonic its jackpot
0:23:30,@NubMcMoofin,:face_holding_back_tears::face_holding_back_tears::face_holding_back_tears:
0:23:30,@HerreZC,NOOOOO
0:23:30,@mexfinncanonilovefinnhehe,AHHHHHHHHHHHH
0:23:31,@ozzyizer,CHRIS HANDSON SHI
0:23:31,@jo3a548,AAAAAAAAAAAAAAAAAAAAAAAA
0:23:32,@Solums,cholela
0:23:32,@Guy_mankindaback,what was that
0:23:33,@deeznuts-yn1nx,sonion
0:23:33,@CanaryKari,gg
0:23:34,@neva773,OH NO
0:23:34,@JoshHado-u4z,AYO WTF
0:23:35,@solarismare,TREAVOR LMAO
0:23:35,@Lucario4thewin,Bartleby wouldn't let this happen or maybe idk
0:23:36,@xanbabimoth7283,I knew it
0:23:37,@JoeYork-y1z,:face_with_tears_of_joy::face_with_tears_of_joy::face_with_tears_of_joy:
0:23:37,@jennythebean9117,Save your bro!
0:23:38,@dreadther143e,oh god it's gg
0:23:38,@hollywareham6810,he's cooked
0:23:38,@dominicunderwood4911,"oh boy, it's another Queen Crysalis case"
0:23:39,@solarismare,TREVOR
0:23:40,@KennedyKirksey-w6s,he's gay
0:23:41,@jo3a548,Save hinm spectale
0:23:42,@MoonBlessedFashionHorse,LOL
0:23:42,@ozzyizer,HES GAYYYYY!!!
0:23:42,@misakayy1911,LMAO
0:23:43,@solarismare,LMAO
0:23:45,@UngulaPropriaRQ,HAHAHAHAH
0:23:45,@panda_kardeşler,oop
0:23:45,@jo3a548,ALSFOASFGLASDGOADSLGADOGLASDLG
0:23:47,@JoeYork-y1z,:rolling_on_the_floor_laughing::rolling_on_the_floor_laughing::rolling_on_the_floor_laughing::rolling_on_the_floor_laughing::rolling_on_the_floor_laughing::rolling_on_the_floor_laughing::rolling_on_the_floor_laughing::rolling_on_the_floor_laughing::rolling_on_the_floor_laughing::rolling_on_the_floor_laughing::rolling_on_the_floor_laughing::rolling_on_the_floor_laughing::rolling_on_the_floor_laughing::rolling_on_the_floor_laughing::rolling_on_the_floor_laughing:
0:23:47,@dominicunderwood4911,NOOOOO
0:23:47,@mateoponey5537,XD
0:23:48,@MinioMicha09,He sound like a real dude
0:23:49,@Hexen_4444,Trevor Epstein
0:23:51,@liquidtamers12345,TEH VOICE
0:23:51,@CanaryKari,LOL
0:23:52,@miss.envyous,"""he's worse, he's gay"" LMAOO"
0:23:52,@Guy_mankindaback,worried about the pizza still
0:23:55,@SketchyZero,Wait
0:23:55,@jennythebean9117,Dadddy
0:23:55,@Ihateithere52,Not the yaoi paddle
0:23:56,@misakayy1911,OH MY GOD
0:23:56,@miss.envyous,SON!?
0:23:57,@Code_monkey_like_you,GAY TREVOR
0:23:57,@solarismare,HE'S GAY
0:23:58,@Padtygalaxy,Dad?
0:23:58,@SketchyZero,WHAT
0:23:58,@UngulaPropriaRQ,OH MY GOD 
0:23:58,@mexfinncanonilovefinnhehe,he sounds so gay
0:23:58,@denmarkpretzel1727,Son????
0:24:00,@miss.envyous,the plot twist
0:24:00,@JoshHado-u4z,WHAT
0:24:01,@Aromaticgrassitem,RIP Trevor
0:24:01,@jennythebean9117,Do it
0:24:03,@ecampo123,What a twist!!
0:24:04,@lulalelluna,they are related 
0:24:04,@solarismare,DROVE INTO THE HOUSE?
0:24:05,@TheMTwinny,Just roll the cop car inside the house cuz why not
0:24:07,@scarlethorse5391,Dammit Tamers :grinning_squinting_face:
0:24:08,@VelvetValley-h9z,this is Tyrek all over agaim
0:24:09,@Lucario4thewin,the drama is real
0:24:10,@Solums,plot twist
0:24:10,@jennythebean9117,True
0:24:11,@Tamers12345MLP,This is so sad it's a showdown between father and son
0:24:12,@jo3a548,I am dying LASOLDALFOSAFLASFGL
0:24:14,@MoonBlessedFashionHorse,true
0:24:14,@solarismare,yes
0:24:15,@solarismare,do it
0:24:15,@UltimateStarky,yall need jesus
0:24:15,@Guy_mankindaback,I knew it
0:24:15,@Looeyballony-lol,Did tamers do his voice?
0:24:18,@drunkserval,ACAB Tamers
0:24:19,@TheMTwinny,LMAO
0:24:20,@JoeYork-y1z,Hiding
0:24:21,@Aewintrs_,LMAO
0:24:21,@mexfinncanonilovefinnhehe,:loudly_crying_face:
0:24:22,@jo3a548,LASFOASLGAOLGOLAOSDGALSGLASOGL
0:24:22,@nyanjhynx,no y'all this aint trevor :pensive_face:
0:24:24,@jennythebean9117,Tamers based?!!??!?????
0:24:26,@ecampo123,Based dad
0:24:27,@dominicunderwood4911,WHAT?! Ponyville worships Princess Celestia!
0:24:29,@AnimeGames16,Is that I real guy?
0:24:29,@miss.envyous,MADONNA MENTIONED
0:24:30,@moriorinvictus69,BASED
0:24:31,@vfsberry7491,lmaooo
0:24:32,@MynemmmmHhh-g4p,:worm::globe_showing_asia_australia:
0:24:33,@skullboy5409,LOL
0:24:34,@mexfinncanonilovefinnhehe,OMG MARINA AND THE DIAMONDS MENTIONED 
0:24:34,@qcoon2284,Marina mentioned??
0:24:37,@hollywareham6810,fire
0:24:37,@JoeYork-y1z,Poor mother 
0:24:39,@Guy_mankindaback,ouu 
0:24:39,@hollywareham6810,fire
0:24:40,@dominicunderwood4911,WE'RE NOT IN AMERICA!
0:24:41,@Aromaticgrassitem,noone will mourn mlp trevor
0:24:41,@jennythebean9117,Do it dad
0:24:41,@UngulaPropriaRQ,WHY MUST GAYS FIGHT ONE ANOTHER 
0:24:42,@hollywareham6810,fire
0:24:43,@Code_monkey_like_you,:blue_circle::blue_circle::waving_hand:
0:24:48,@deeznuts-yn1nx,headtap him
0:24:48,@ozzyizer,YESSSSSS
0:24:50,@dreadther143e,I think dad is gonna shoot his son
0:24:52,@xanbabimoth7283,This man sounds like Jeffree star
0:24:52,@MoonBlessedFashionHorse,Oh goddamn
0:24:54,@Aewintrs_,Chappel stray :broken_heart:
0:24:55,@Lucario4thewin,wait he's gay?
0:24:57,@mexfinncanonilovefinnhehe,im trying to watch this with
0:24:59,@xanbabimoth7283,Like is it for real Jeffree star
0:24:59,@mexfinncanonilovefinnhehe,LH
0:24:59,@miss.envyous,LMAO
0:24:59,@Guy_mankindaback,there we go
0:25:00,@jo3a548,No\
0:25:00,@dreadther143e,yep
0:25:00,@SparkleSharkle_S,OH SHIT
0:25:01,@mexfinncanonilovefinnhehe,OH
0:25:01,@dominicunderwood4911,Finally
0:25:02,@TheMTwinny,LMAO DED
0:25:02,@mexfinncanonilovefinnhehe,OH
0:25:05,@qcoon2284,He sounds like sombra 
0:25:05,@UltimateStarky,this is along ass flashback
0:25:07,@ecampo123,Deserved
0:25:09,@Lucario4thewin,so sad
0:25:09,@mateoponey5537,double tap
0:25:10,@mexfinncanonilovefinnhehe,HUH
0:25:10,@jennythebean9117,Damn that’s heavy 
0:25:13,@MynemmmmHhh-g4p,:thumbs_up::index_pointing_at_the_viewer:
0:25:13,@ozzyizer,CHUD STARLIGHT
0:25:14,@dominicunderwood4911,Mari. you were wrong all along!
0:25:14,@Aewintrs_,Omg
0:25:16,@SparkleSharkle_S,big E got shot
0:25:19,@SketchyZero,She already said that
0:25:21,@Code_monkey_like_you,I get the feeling that Tamers likes Marina and the Diamonds
0:25:24,@UltimateStarky,omg celestia
0:25:25,@JoeYork-y1z,Let's go
0:25:29,@dreadther143e,he's only trying to be nice to get something
0:25:30,@jo3a548,oh fuck
0:25:31,@kalebc56,aw man i was having fun in the past
0:25:33,@mexfinncanonilovefinnhehe,fs
0:25:35,@Tamers12345MLP,Oh my god it's the god of My Little Pony
0:25:36,@Lucario4thewin,i hope Ratity comes back to life
0:25:36,@jennythebean9117,Rara lives 
0:25:39,@ozzyizer,DAM???
0:25:43,@MoonBlessedFashionHorse,Rarity never dies
0:25:44,@jennythebean9117,Oh shit
0:25:45,@TheMTwinny,SHE SAID THE THING
0:25:46,@dominicunderwood4911,goddess
0:25:48,@jo3a548,LASODASLFOASFLASFL
0:25:49,@JoeYork-y1z,Dang
0:25:52,@MoonBlessedFashionHorse,PONY MASTER RACE
0:25:53,@hollywareham6810,lol
0:25:53,@MinioMicha09,Uh?
0:25:53,@KennedyKirksey-w6s,:racehorse::racehorse::racehorse:
0:25:54,@kalebc56,time for horse titanic.....
0:25:58,@JoeYork-y1z,Oh (°o°:)
0:25:59,@jennythebean9117,A white woman was murdered 
0:26:01,@dominicunderwood4911,RARITY!!
0:26:05,@MynemmmmHhh-g4p,:broccoli::name_badge:
0:26:12,@GlimmyGOD,it's over.......
0:26:12,@Tamers12345MLP,Damn it Rarity always ruined everything.
0:26:12,@Hexen_4444,:high_voltage::high_voltage: Celestia
0:26:13,@hollywareham6810,yay
0:26:13,@Solums,i know it titanic
0:26:16,@Guy_mankindaback,wow they caused this
0:26:16,@TheMTwinny,"No, Starlight caused this"
0:26:16,@hollywareham6810,let's go
0:26:16,@jennythebean9117,:skull::skull::skull::skull::skull::skull::skull::skull::skull::skull::skull::skull::skull::skull::skull::skull::skull::skull:
0:26:16,@Padtygalaxy,Seal the bulk head!
0:26:16,@yourheartofdarkness,Unicorn supremacy 
0:26:18,@noodle7254,titanic 
0:26:19,@JoeYork-y1z,On yay
0:26:21,@Lucario4thewin,Titanic sounds gay
0:26:22,@denmarkpretzel1727,oh shit...
0:26:23,@TrentonHowle,hi
0:26:23,@jo3a548,LSDOFSLGFALGLAGLADLGd
0:26:24,@MoonBlessedFashionHorse,can't you teleport
0:26:25,@Ihateithere52,Can’t Celestia just fly away
0:26:27,@VelvetValley-h9z,cant celestia and all the other unicorns just teleport
0:26:29,@UltimateStarky,isn't there an election
0:26:32,@dominicunderwood4911,"Shuddup Tamers, Rarity's a saint!"
0:26:33,@Aromaticgrassitem,damn. i hope her life boat is comfortable
0:26:34,@Scrambled_Egg_Boi,wasnt rarity dead?
0:26:34,@jennythebean9117,Titanic ass
0:26:37,@ozzyizer,"BROTHER I NEED TO PISS SO BAD, BUT I WILL STICK THIS TAMERS EPISODE OUT"
0:26:37,@JoeYork-y1z,Everyone :person_running::dashing_away:
0:26:38,@noodle7254,can you do a 9/11 episode tamers????
0:26:45,@jo3a548,oh shit
0:26:45,@dreadther143e,if rarity didn't call her useless.. THIS wouldn't had happpened
0:26:45,@Padtygalaxy,Seal the bulk head
0:26:46,@yourheartofdarkness,Yeah they can wtf
0:26:47,@ozzyizer,LOVE LUN
0:26:51,@SonataDidIt,Based
0:26:51,@ozzyizer,luna
0:26:52,@jennythebean9117,Yippee 
0:26:55,@KennedyKirksey-w6s,oh nooo :loudly_crying_face::broken_heart::pleading_face::broken_heart:
0:26:56,@Hexen_4444,Luna's cool
0:26:56,@MynemmmmHhh-g4p,why death
0:26:56,@dominicunderwood4911,20%?? Nice
0:26:57,@C1YD393R,i swear does anything ever bad happen to celestia
0:26:57,@Faithjau,Luna the spindoctor?
0:27:01,@TheMTwinny,"Damn, 20 percent off? That's a steal!"
0:27:03,@JoeYork-y1z,Oh no
0:27:05,@Tamers12345MLP,Pegasi are some lucky ass bitches
0:27:06,@solarismare,20% off coupon LMAO
0:27:08,@MoonBlessedFashionHorse,If only starlight wasnt useless this would never have happened
0:27:10,@SonataDidIt,Religious people
0:27:11,@mexfinncanonilovefinnhehe,omg the ponies in the background :loudly_crying_face:
0:27:12,@jo3a548,AMEN
0:27:13,@Skidum1,amen
0:27:13,@Lucario4thewin,sucks to ba a earth pony
0:27:14,@Guy_mankindaback,very
0:27:14,@Ihateithere52,Kirkaversery episode when??
0:27:15,@ecampo123,20% off? Based
0:27:16,@mexfinncanonilovefinnhehe,amen :red_heart:
0:27:16,@UngulaPropriaRQ,fluttershy your dad is right 
0:27:17,@UltimateStarky,god bless
0:27:18,@yourheartofdarkness,Too much for em silly ponies 
0:27:18,@TheMTwinny,CAN I GET AN AMEN
0:27:21,@Padtygalaxy,Vote for luna 
0:27:22,@Guy_mankindaback,wings are saving them all
0:27:23,@Looeyballony-lol,Hallelujah 
0:27:24,@drunkserval,hair in mouth
0:27:24,@GlimmyGOD,Glimmy will fart and save the data
0:27:24,@solarismare,thank you fluttershy
0:27:25,@ozzyizer,YEPP
0:27:25,@solarismare,very cool
0:27:27,@JoeYork-y1z,Get off the ship
0:27:30,@jennythebean9117,Starlight please 
0:27:34,@TrentonHowle,what's happening
0:27:34,@Aromaticgrassitem,i would inconsolable if flutter and rarity died in 1 episode
0:27:36,@Jessietwo,fluttershy be like hallelujah praise the Lord
0:27:38,@jo3a548,oh no
0:27:38,@Guy_mankindaback,Titanic pony version
0:27:38,@GlimmyGOD,oh no baby...
0:27:39,@SonataDidIt,Star...
0:27:39,@NubMcMoofin,:face_holding_back_tears:
0:27:40,@SketchyZero,#Godhatesfluttershy
0:27:42,@jennythebean9117,Oh no :loudly_crying_face:
0:27:43,@moriorinvictus69,gay
0:27:43,@jo3a548,cute stralight
0:27:44,@neva773,aww
0:27:46,@MoonBlessedFashionHorse,aw
0:27:47,@va_fail,someone save opal
0:27:53,@dominicunderwood4911,You 2 are gay?
0:27:55,@JoeYork-y1z,Kiss
0:27:56,@solarismare,awwhhh
0:27:57,@solarismare,gay
0:28:00,@hollywareham6810,opal is safe
0:28:00,@ozzyizer,"AWEEE, STARLIGHT BEING VULNABLE "
0:28:01,@JoeYork-y1z,They kiss
0:28:01,@jennythebean9117,God please save the lesbians!
0:28:02,@ChristianBrown-h8s,YouTube shrike me and tomorrow is my birthday
0:28:02,@hollywareham6810,lol
0:28:02,@Lucario4thewin,i went a cruise once. it was gay
0:28:03,@CanaryKari,DAMN
0:28:04,@miss.envyous,HELLO?
0:28:04,@GlimmyGOD,GOD DAMN
0:28:04,@mexfinncanonilovefinnhehe,OMG
0:28:04,@KennedyKirksey-w6s,I'm gay
0:28:05,@Guy_mankindaback,aww
0:28:05,@UngulaPropriaRQ,YO THEY KISSING 
0:28:05,@jo3a548,OH YEAH
0:28:05,@HerreZC,AH
0:28:06,@MoonBlessedFashionHorse,RARITY 
0:28:07,@Guy_mankindaback,oh shi 
0:28:08,@vbbh736,oh Baby
0:28:08,@jennythebean9117,Yippee 
0:28:09,@Ihateithere52,RARITYYY
0:28:09,@Lucario4thewin,based!
0:28:10,@jo3a548,OH FUCK
0:28:10,@UngulaPropriaRQ,YO RARITY IS ALIVE???
0:28:11,@MoonBlessedFashionHorse,Common Rarity W
0:28:12,@MinioMicha09,WHA
0:28:13,@afghanitus,aww cute
0:28:13,@Solums,YURI
0:28:14,@Startdust-v8k,hi
0:28:14,@CanaryKari,BANGER
0:28:14,@dominicunderwood4911,Saltwater might not be too good for your burn wounds
0:28:15,@JoeYork-y1z,:anxious_face_with_sweat:
0:28:16,@Kinahizhere,Scar face
0:28:16,@TrentonHowle,hello what's happening
0:28:20,@Aromaticgrassitem,"hell yeah, rarity back in the chex like mix"
0:28:22,@jo3a548,LASDOSALFASOFLQAGLASGL
0:28:23,@jennythebean9117,Oh no 
0:28:24,@ozzyizer,OK HER FACE STILL SCARRED
0:28:25,@dreadther143e,oh god
0:28:26,@Lucario4thewin,Rarity returns!
0:28:28,@hollywareham6810,lol
0:28:30,@Tamers12345MLP,Opalescence has been lost...
0:28:30,@JoeYork-y1z,NO!!!!!!!! 
0:28:33,@hollywareham6810,get down!
0:28:36,@Startdust-v8k,....
0:28:36,@vbbh736,who did that
0:28:36,@denmarkpretzel1727,damn
0:28:37,@Guy_mankindaback,OPALLL
0:28:38,@miss.envyous,Girl said ew
0:28:38,@dreadther143e,yeah I don't think they're making it alive
0:28:39,@mexfinncanonilovefinnhehe,:loudly_crying_face::loudly_crying_face:
0:28:40,@solarismare,WTF
0:28:40,@jo3a548,ALSAFOASLFADOSGLASHGOLADSLGASL
0:28:41,@va_fail,:(
0:28:42,@solarismare,OH HELL NAH
0:28:43,@MoonBlessedFashionHorse,its ok cats are known for being great swimmers
0:28:44,@Startdust-v8k,wait what
0:28:44,@connornevitt,perfect timing
0:28:45,@skullboy5409,Fruit roll up face
0:28:47,@ozzyizer,OPALLLL
0:28:47,@Padtygalaxy,Vote for luna
0:28:48,@Guy_mankindaback,yep Titanic again
0:28:50,@Lucario4thewin,damn that sucks
0:28:50,@GhostxMilk,"With all these unicorn deaths, pegusi will take over as the master race and bc they’re alicorns the princesses will just say whatever we have both"
0:28:51,@MinioMicha09,I’m crying what
0:28:52,@miss.envyous,Celestia gotta chill :loudly_crying_face::loudly_crying_face:
0:28:54,@solarismare,the titantic
0:28:55,@liquidtamers12345,based
0:28:55,@JoeYork-y1z,Help them
0:28:56,@SketchyZero,Can't they fly?????
0:28:56,@mexfinncanonilovefinnhehe,rest in piece ..
0:28:58,@C1YD393R,please let celestia's lifeboat sink
0:28:58,@UltimateStarky,there can't be that much ice in the water after the current events
0:28:59,@jennythebean9117,lol 
0:28:59,@TheMTwinny,Lol imagine this video going out on September 11th...
0:29:01,@mexfinncanonilovefinnhehe,shit i meant peace
0:29:01,@Tamers12345MLP,i can't believe this is the end for My Little Pony Friendship Is Magic
0:29:07,@dominicunderwood4911,@skullyboy5409 HA
0:29:07,@oxy_thebunny,tamers what's your fucking favorite candy
0:29:10,@jennythebean9117,Yee
0:29:10,@Kinahizhere,Bro
0:29:11,@carameloprod.,does insurance cover that
0:29:11,@ozzyizer,BRO I NEED TO PISS SO BAD
0:29:12,@va_fail,thanks god applejack wasn't here
0:29:15,@connornevitt,cost of Concordia coded
0:29:15,@SonataDidIt,This is so sad
0:29:16,@Lucario4thewin,it is so sad
0:29:16,@SketchyZero,WHY ARE YOU 2 ON A BOAT WHEN YOU CAN FLY
0:29:17,@Guy_mankindaback,I think they’ve survived worse
0:29:17,@MinioMicha09,NO
0:29:18,@JoeYork-y1z,NO
0:29:20,@Jessietwo,really
0:29:20,@dreadther143e,Celestia day?
0:29:22,@Aromaticgrassitem,Celestia is so wise
0:29:24,@Skidum1,amazing
0:29:24,@Padtygalaxy,They not in life boat lol
0:29:25,@JoeYork-y1z,67
0:29:25,@NubMcMoofin,:exploding_head::exploding_head:
0:29:25,@jo3a548,Celestia based
0:29:26,@jennythebean9117,Yes insurance 
0:29:27,@hollywareham6810,yes
0:29:27,@Jessietwo,really
0:29:28,@agoatheadbaby3512,Egotestical
0:29:29,@chad4858,lmao
0:29:29,@hollywareham6810,yes
0:29:29,@MoonBlessedFashionHorse,they dont allow earth ponies on luxury boats
0:29:29,@Guy_mankindaback,OH
0:29:29,@Ihateithere52,LOLLLL
0:29:30,@TheMTwinny,OH MY HOD
0:29:30,@jo3a548,Hell yeah
0:29:30,@UltimateStarky,Six Seven
0:29:30,@Lucario4thewin,i get it
0:29:31,@mexfinncanonilovefinnhehe,GASP
0:29:32,@hollywareham6810,yes
0:29:33,@dominicunderwood4911,Trever's return in pony form makes me very glad
0:29:33,@Guy_mankindaback,cough
0:29:34,@UngulaPropriaRQ,IT WAS A 9/11 EP
0:29:34,@xanbabimoth7283,Bruh
0:29:34,@CanaryKari,67
0:29:34,@SonataDidIt,yay
0:29:35,@dreadther143e,but today is 9/4
0:29:35,@TheMTwinny,OH MY GOD
0:29:36,@denmarkpretzel1727,....
0:29:36,@jennythebean9117,67
0:29:37,@hollywareham6810,they did it
0:29:37,@Ihateithere52,67
0:29:38,@KennedyKirksey-w6s,9111!???!!!
0:29:38,@UngulaPropriaRQ,also 67!!!!
0:29:40,@Guy_mankindaback,say that again?
0:29:40,@agoatheadbaby3512,6/7
0:29:40,@dominicunderwood4911,67!+!!!
0:29:41,@kalebc56,holy shit!!!!
0:29:41,@oxy_thebunny,tamers tamers what the fuck is your favorite candy
0:29:42,@JoeYork-y1z,67 67
0:29:43,@diaress,67
0:29:44,@vbbh736,YEESS
0:29:45,@SparkleSharkle_S,saw some dude predict a 67 joke earlier
0:29:46,@solarismare,67!
0:29:49,@Tamers12345MLP,Celestia is using a lifeboard because flying would require physical labor. With a boat she can make Luna paddle.
0:29:50,@hollywareham6810,but it's only 1 ship
0:29:50,@jennythebean9117,Swim fast!
0:29:52,@jo3a548,yay
0:29:52,@Looeyballony-lol,Bro
0:29:53,@ozzyizer,FLUTTERSHY ALWAYS FUCKS SHIT UP FR
0:29:53,@Padtygalaxy,They not in the lice boat lol
0:29:55,@CanaryKari,just fart over
0:29:57,@jo3a548,Oh no
0:29:57,@AnimeGames16,They can get to Ponyville from the real world?
0:29:59,@drunkserval,I just realized next Fri is 9/11
0:30:02,@Guy_mankindaback,how can you guys swim
0:30:03,@delta-v4x,NEVER FORGET
0:30:05,@Hexen_4444,nothing Celestia has said is wrong
0:30:08,@hollywareham6810,lol
0:30:15,@Faithjau,ww1 started shortly after this
0:30:18,@Aromaticgrassitem,911 still means twilight is owed quite a bit of money from pinkie los pollos
0:30:19,@Tamers12345MLP,It'll be fine her ass is like a life preservers
0:30:21,@JoeYork-y1z,On no
0:30:22,@Scrambled_Egg_Boi,there are at least 2 reality warpers on that ship
0:30:22,@MoonBlessedFashionHorse,she sounded britsih for a second
0:30:22,@DownyDuck,Why doesn't she just use magic
0:30:23,@marfin4325,were in da wata
0:30:23,@dominicunderwood4911,Pretty dumb
0:30:24,@agoatheadbaby3512,Unirectile dysfunction
0:30:24,@jennythebean9117,:loudly_crying_face::loudly_crying_face::loudly_crying_face::loudly_crying_face::loudly_crying_face:
0:30:26,@Lucario4thewin,i actually cant swim
0:30:30,@jo3a548,cute
0:30:31,@KennedyKirksey-w6s,:sparkling_heart::sparkling_heart::sparkling_heart::sparkling_heart:
0:30:31,@jennythebean9117,:D
0:30:38,@dominicunderwood4911,"And we're gonna get a view, right?"
0:30:39,@JoeYork-y1z,YAY
0:30:41,@Guy_mankindaback,fair reward I think
0:30:42,@jennythebean9117,Help them
0:30:43,@vbbh736,NO
0:30:43,@NubMcMoofin,:smiling_face_with_hearts::smiling_face_with_hearts:
0:30:44,@ozzyizer,"\NO SHIT, I WILL EAT MY WORDS. tAMERS12345mlp IS FR"
0:30:46,@TrentonHowle,:face-blue-wide-eyes::face-blue-wide-eyes::face-blue-wide-eyes::face-blue-wide-eyes::face-blue-wide-eyes::face-blue-wide-eyes:
0:30:47,@C1YD393R,DESERVED
0:30:47,@jo3a548,OH SHJIT
0:30:49,@TheMTwinny,THAT'S RACIST
0:30:49,@Guy_mankindaback,oh yeah
0:30:49,@CanaryKari,lightwork
0:30:51,@SonataDidIt,Hat time
0:30:51,@Lucario4thewin,nice
0:30:52,@jennythebean9117,Nothing was lost 
0:30:52,@vbbh736,YES
0:30:53,@SuperCaptainFail,"""racist earth ponies"" and earth ponies were literally stripped of rights last episode"
0:30:55,@yourheartofdarkness,:face-blue-smiling::face-blue-smiling::face-blue-smiling:
0:30:56,@dreadther143e,racist earth ponies
0:30:59,@solarismare,RACIST EARTH PONIES
0:31:00,@solarismare,LMAO
0:31:00,@dominicunderwood4911,You're an earth pony too
0:31:01,@jo3a548,how would earth pony be racists?
0:31:07,@jennythebean9117,:loudly_crying_face:
0:31:08,@Padtygalaxy,7 mins left
0:31:09,@JoeYork-y1z,OH HECK NAN
0:31:11,@Tamers12345MLP,It's the middle of the Atlantic it's kill or die out there
0:31:12,@jennythebean9117,:eyes-purple-crying:
0:31:14,@NubMcMoofin,:exploding_head:
0:31:14,@ToidiSoup,:face-orange-biting-nails:
0:31:15,@jo3a548,YWY
0:31:16,@Hexen_4444,Earth Ponies can't be racist
0:31:20,@UltimateStarky,why
0:31:21,@delta-v4x,Racism is power plus prejudice and earth ponies have no power
0:31:23,@jo3a548,TELETUBBIES
0:31:24,@MoonBlessedFashionHorse,teletubbies hits different
0:31:24,@UngulaPropriaRQ,ah true cinema 
0:31:26,@agoatheadbaby3512,teletubbies
0:31:27,@JoeYork-y1z,Jackpot 
0:31:28,@jennythebean9117,True
0:31:33,@va_fail,I just realized that Pinkie Pie is fucking dead 
0:31:34,@jo3a548,oh boy
0:31:35,@Guy_mankindaback,there’s the thumbnail people
0:31:35,@dominicunderwood4911,"Fax, fuck ESRB"
0:31:37,@yourheartofdarkness,Hahaha :face_with_tears_of_joy: 
0:31:40,@mexfinncanonilovefinnhehe,did their voices change ??
0:31:41,@Tamers12345MLP,It's the 80s-90s there wasn't anything to do except go to the drive in
0:31:43,@Lucario4thewin,so everyone is gay and in love with their family members
0:31:43,@JoeYork-y1z,NO!!!!! 
0:31:45,@solarismare,she's so cute
0:31:46,@MoonBlessedFashionHorse,jackpot is cool. trixie shouldn't have murdered his ass
0:31:46,@solarismare,I love her
0:31:47,@agoatheadbaby3512,How different things could've been...
0:31:48,@ozzyizer,BRO I NEED SO PISS SO BAD
0:31:50,@TrentonHowle,why are we watching the Teletubbies
0:31:52,@mexfinncanonilovefinnhehe,OMG IS IT FINNS VOICE ????????????
0:31:54,@vbbh736,she is so cute
0:31:55,@Padtygalaxy,6 mins left
0:31:56,@vbbh736,she is so cute
0:31:57,@Aromaticgrassitem,did twilight survive cancer?
0:31:58,@jo3a548,CUTE
0:31:58,@Guy_mankindaback,it won’t be that bad
0:31:59,@agoatheadbaby3512,Uhm.
0:31:59,@Faithjau,cute
0:32:00,@SonataDidIt,Its time...
0:32:00,@jennythebean9117,It’s one or the other 
0:32:00,@JoeYork-y1z,Pls be the end
0:32:03,@TheMTwinny,I never went to a drive-in theater :crying_face:
0:32:04,@DownyDuck,FlushE
0:32:06,@hollywareham6810,Teletubbies
0:32:09,@UngulaPropriaRQ,@Lucario4thewin yeah it's an ideal world 
0:32:11,@jo3a548,oh yeah
0:32:12,@Guy_mankindaback,uh oh
0:32:12,@ozzyizer,DAMMMMM
0:32:13,@delta-v4x,Teletubbies
0:32:13,@doublej209,nooo
0:32:13,@SparkleSharkle_S,why the blue one sound like kirito (from sao)
0:32:13,@vbbh736,NO
0:32:14,@NubMcMoofin,:exploding_head::exploding_head:
0:32:14,@scarlethorse5391,Uh oh......
0:32:14,@CanaryKari,YESSS
0:32:14,@GlimmyGOD,oh shit
0:32:14,@denmarkpretzel1727,i hate the envy inside me
0:32:14,@JoeYork-y1z,On my
0:32:15,@agoatheadbaby3512,The extensive lore of the teletubbies...
0:32:16,@MoonBlessedFashionHorse,oh shiz
0:32:18,@misakayy1911,LMAO
0:32:19,@solarismare,TELETUBBIES
0:32:19,@ecampo123,Ay yo
0:32:19,@jo3a548,ALSDFOASFLASOFASLF
0:32:20,@Guy_mankindaback,ouu shii
0:32:20,@HerreZC,WTF???
0:32:20,@mexfinncanonilovefinnhehe,um .
0:32:21,@agoatheadbaby3512,Oh my God.
0:32:21,@moriorinvictus69,JESUS
0:32:21,@silliesBalloon,OH MY GOD THIS IS THE LEYLEY FUCKING HAIRCUT IM REALLY GONNA DO IT
0:32:21,@SketchyZero,I FUCKING KNEW IT
0:32:21,@UltimateStarky,WHY
0:32:22,@Scrambled_Egg_Boi,just why
0:32:22,@mexfinncanonilovefinnhehe,UM
0:32:23,@TheMTwinny,HAHAHAHAHA WHAT THE HELL
0:32:23,@SonataDidIt,.........
0:32:23,@Hyloaf,LMAO
0:32:23,@CanaryKari,LOL
0:32:24,@mateoponey5537,lol
0:32:24,@SuperCaptainFail,dog what in the world
0:32:24,@Skidum1,uhhh
0:32:24,@MinioMicha09,HELP
0:32:24,@mexfinncanonilovefinnhehe,UH
0:32:25,@Guy_mankindaback,I guess it was inevitable
0:32:25,@hollywareham6810,lol
0:32:25,@Hexen_4444,wtf
0:32:26,@panda_kardeşler,ohh
0:32:26,@mexfinncanonilovefinnhehe,UM
0:32:27,@vbbh736,NO
0:32:27,@lulalelluna,o god
0:32:27,@Skyyonlypaw,yo....YOOOOOOO
0:32:27,@KennedyKirksey-w6s,:flushed_face::flushed_face::flushed_face:
0:32:27,@mexfinncanonilovefinnhehe,UH
0:32:28,@Solums,XD
0:32:28,@solarismare,HELP ME
0:32:28,@jo3a548,Oh fuck
0:32:30,@solarismare,WHAT 
0:32:30,@afghanitus,its so fucking peak man
0:32:31,@Lucario4thewin,but how?
0:32:31,@AnimeGames16,Tamers Teletubbies series when?
0:32:32,@jennythebean9117,:skull::skull::skull::skull::skull::skull::skull::skull::skull::skull::skull::skull::skull::skull::skull::skull::skull::skull:
0:32:33,@diaress,Leyley and Andy ahh
0:32:33,@ozzyizer,HIS NAME IS 'JAQCK'
0:32:33,@hollywareham6810,let's go
0:32:33,@jo3a548,OH NO
0:32:33,@JoeYork-y1z,:crying_face:
0:32:34,@Jam757,Aren’t they siblings
0:32:34,@PoopShartingus,aight
0:32:34,@MoonBlessedFashionHorse,I love their voices
0:32:34,@XtalTha-q6n,is this a mfing tcoaal reference lol 
0:32:35,@agoatheadbaby3512,uh oh
0:32:41,@TheMTwinny,BRO AND SIS DID THE ALABAMA
0:32:41,@jo3a548,LASOFDASOFLASOASLg\
0:32:42,@ecampo123,Based
0:32:43,@ozzyizer,THEY ARE
0:32:44,@JoeYork-y1z,Awww
0:32:44,@vbbh736,:skull::skull::skull::skull:
0:32:44,@yourheartofdarkness,HOLY SHIT THAT WAZ QUICK!!!!!!
0:32:46,@agoatheadbaby3512,The Arby's dumpster.
0:32:47,@mexfinncanonilovefinnhehe,WHAT IN THE MOTHER GOOSE
0:32:49,@jennythebean9117,Teletubbies cause this
0:32:52,@agoatheadbaby3512,Twins....
0:32:53,@maxbear027,most normal tamers couple
0:32:54,@ozzyizer,\CUTTTTTE
0:32:55,@XxZ0MB13_K1TTYxX,AWWWWW
0:32:57,@TheMTwinny,WHAT
0:32:59,@jennythebean9117,True
0:32:59,@solarismare,arby's dumpster
0:33:00,@solarismare,kek
0:33:01,@UngulaPropriaRQ,BABIES 
0:33:02,@Kinahizhere,Awwww
0:33:03,@vbbh736,AWWW
0:33:03,@XxZ0MB13_K1TTYxX,AWWWWW
0:33:03,@Padtygalaxy,Awwww
0:33:03,@JoeYork-y1z,Awwwwww
0:33:03,@Hyloaf,aww
0:33:03,@UngulaPropriaRQ,AMEEBAS 
0:33:07,@agoatheadbaby3512,Magnets.
0:33:08,@solarismare,THE DELUXE PACKAGE
0:33:11,@solarismare,OMG
0:33:11,@jennythebean9117,True
0:33:12,@agoatheadbaby3512,Twixie.
0:33:13,@va_fail,cute
0:33:14,@solarismare,TRIXIE AND MARI
0:33:15,@UltimateStarky,whose oc is that
0:33:15,@UngulaPropriaRQ,SHE WAS BORN EVIL 
0:33:15,@Lucario4thewin,kids ruin every relationship
0:33:15,@jo3a548,LASFAODSFLASDFASDFGOLASDOLGAOGLADS
0:33:16,@NubMcMoofin,:smiling_face_with_hearts::smiling_face_with_hearts::face_holding_back_tears::face_holding_back_tears:
0:33:19,@Tamers12345MLP,They're babies and they're already balding the fuck
0:33:19,@solarismare,IT DOES
0:33:19,@vbbh736,AWWWWWWWW
0:33:20,@mateoponey5537,whaaat
0:33:21,@jennythebean9117,Hospice :loudly_crying_face:
0:33:21,@MoonBlessedFashionHorse,Jack had her clocked from day 1
0:33:22,@jo3a548,cute
0:33:22,@JoeYork-y1z,On mo
0:33:22,@Padtygalaxy,Awww
0:33:22,@mexfinncanonilovefinnhehe,awwwwwwwww …
0:33:23,@TheMTwinny,TRIXIE AND MARI
0:33:24,@JoeYork-y1z,No
0:33:26,@Skidum1,hospice care?
0:33:26,@yourheartofdarkness,Awwww BABBEH trixie
0:33:26,@hollywareham6810,lol
0:33:27,@SuperCaptainFail,hospice care is end of life care bro. old people go to hospice
0:33:27,@ozzyizer,BRO I NEED TP PISS
0:33:28,@Aromaticgrassitem,orphans with orphans
0:33:37,@JoeYork-y1z,.... 
0:33:38,@solarismare,uh oh
0:33:38,@Hexen_4444,how sweet
0:33:39,@moriorinvictus69,aww
0:33:40,@agoatheadbaby3512,Biologically evil.......
0:33:42,@vbbh736,AWWWWWW
0:33:44,@Aromaticgrassitem,baby trixie and burny
0:33:46,@jennythebean9117,Trixie is cute
0:33:46,@MinioMicha09,Awh
0:33:46,@JoeYork-y1z,:loudly_crying_face::rolling_on_the_floor_laughing:
0:33:47,@Aromaticgrassitem,so cute
0:33:50,@Tamers12345MLP,I didn't know what hospice means to be fair
0:33:51,@solarismare,trixie is gay
0:33:53,@SuperCaptainFail,CUTE AND FUNNY 
0:33:54,@doublej209,aww
0:33:54,@Padtygalaxy,Awwww
0:33:55,@moriorinvictus69,SHE SAID IT
0:33:55,@GlimmyGOD,cute and funny
0:33:57,@jo3a548,cute and funnt
0:33:57,@vbbh736,AWE
0:33:58,@Hyloaf,cute and funny
0:33:59,@Lucario4thewin,so she's great and powerful?
0:33:59,@agoatheadbaby3512,Here comes the choo choo train.
0:33:59,@MoonBlessedFashionHorse,demon baby
0:33:59,@stinkerfish04,what I miss??
0:33:59,@hollywareham6810,punch
0:34:00,@misakayy1911,CUTE AND FUNNY???
0:34:02,@lourdesdluna1191,Awwww
0:34:05,@JoeYork-y1z,:face_with_tears_of_joy::face_with_tears_of_joy::face_with_tears_of_joy::face_with_tears_of_joy::face_with_tears_of_joy:
0:34:05,@agoatheadbaby3512,Please no.
0:34:05,@vbbh736,AWWW
0:34:08,@solarismare,THE CUTE AN FUNNY TRIXIE
0:34:08,@UngulaPropriaRQ,she was on that shit from day 0 she was literally the girlboss baby 
0:34:09,@DownyDuck,:loudly_crying_face::anger_symbol:
0:34:11,@jennythebean9117,Same Trixie
0:34:12,@XxZ0MB13_K1TTYxX,cute and what...
0:34:13,@jo3a548,LAORDASFMASFOLASFADLODAL
0:34:14,@solarismare,she does that
0:34:16,@yourheartofdarkness,:face-green-smiling::face-green-smiling::face-green-smiling:
0:34:16,@Tamers12345MLP,Trixie already calling the shots
0:34:17,@skullboy5409,Crazy ah hat
0:34:17,@vbbh736,no
0:34:20,@agoatheadbaby3512,Stahp.
0:34:20,@JoeYork-y1z,:face-purple-crying::face-purple-crying:
0:34:21,@SuperCaptainFail,:anger_symbol::anger_symbol:
0:34:22,@hollywareham6810,lol
0:34:24,@dreadther143e,crazy
0:34:24,@Hexen_4444,Trixie lives in the 13th century
0:34:25,@vbbh736,:face-green-smiling::face-green-smiling::face-green-smiling:
0:34:26,@delta-v4x,Trixie is already bald
0:34:26,@Aromaticgrassitem,the cute and funny trixie
0:34:26,@DownyDuck,cute and funny:loudly_crying_face::anger_symbol::loudly_crying_face::anger_symbol::loudly_crying_face::anger_symbol::loudly_crying_face::anger_symbol::loudly_crying_face::anger_symbol::loudly_crying_face::anger_symbol:
0:34:27,@jennythebean9117,True
0:34:29,@solarismare,she does that
0:34:30,@Padtygalaxy,4 mins left
0:34:31,@Lucario4thewin,big hat
0:34:32,@MoonBlessedFashionHorse,nah thats crazy
0:34:33,@CanaryKari,:anger_symbol::anger_symbol:
0:34:34,@KennedyKirksey-w6s,:loudly_crying_face::loudly_crying_face::loudly_crying_face::loudly_crying_face::loudly_crying_face:
0:34:34,@Zazlesynth,@downyduck keys
0:34:35,@XxZ0MB13_K1TTYxX,:anger_symbol::anger_symbol:
0:34:36,@UngulaPropriaRQ,Speech 100 
0:34:38,@TrentonHowle,:face-blue-wide-eyes::face-blue-wide-eyes::face-blue-wide-eyes::face-blue-wide-eyes::face-blue-wide-eyes::face-blue-wide-eyes::face-blue-wide-eyes::face-blue-wide-eyes::face-blue-wide-eyes:
0:34:41,@Tamers12345MLP,trixie needs to stop
0:34:48,@hollywareham6810,lol
0:34:48,@jennythebean9117,Baby
0:34:53,@TheMTwinny,SHINY
0:34:54,@JoeYork-y1z,Stop they are cute :loudly_crying_face::loudly_crying_face::loudly_crying_face::loudly_crying_face::loudly_crying_face::loudly_crying_face::loudly_crying_face::loudly_crying_face::loudly_crying_face::loudly_crying_face::loudly_crying_face::loudly_crying_face::loudly_crying_face::loudly_crying_face::loudly_crying_face::loudly_crying_face::loudly_crying_face::loudly_crying_face::loudly_crying_face::loudly_crying_face::loudly_crying_face::loudly_crying_face::loudly_crying_face::loudly_crying_face::loudly_crying_face::loudly_crying_face::loudly_crying_face::loudly_crying_face::loudly_crying_face:
0:34:56,@delta-v4x,SPEECH THERAPY IS A DIFFERENT THING
0:34:57,@Scrambled_Egg_Boi,trixie put her dad in therapy
0:34:58,@ToidiSoup,:face-orange-biting-nails:
0:34:59,@Padtygalaxy,3 mins left
0:34:59,@Zazlesynth,totally perfect day!
0:35:00,@solarismare,SHE IS SO CUTE
0:35:00,@yourheartofdarkness,:face-fuchsia-wide-eyes:
0:35:01,@jennythebean9117,Zamn
0:35:01,@Aromaticgrassitem,the prophecy...
0:35:02,@connornevitt,it
0:35:02,@ecampo123,It’s all trixies fault
0:35:05,@vbbh736,:face-blue-wide-eyes::face-blue-wide-eyes::face-blue-wide-eyes:
0:35:07,@MoonBlessedFashionHorse,I love Jackpot so GODDAMN much
0:35:08,@jennythebean9117,Jack please 
0:35:09,@lulalelluna,two shiny blue gumballs
0:35:10,@TrentonHowle,my eyes
0:35:12,@Lucario4thewin,or a mare to cool her down
0:35:14,@solarismare,it
0:35:14,@marfin4325,:face-blue-wide-eyes::face-blue-wide-eyes::face-blue-wide-eyes:
0:35:17,@hollywareham6810,dam
0:35:20,@jo3a548,Oh fuck
0:35:22,@vbbh736,NOO
0:35:23,@denmarkpretzel1727,:0
0:35:23,@JoeYork-y1z,On my gosh
0:35:24,@jennythebean9117,Trixie :loudly_crying_face::loudly_crying_face::loudly_crying_face::loudly_crying_face::loudly_crying_face::loudly_crying_face::loudly_crying_face::loudly_crying_face::loudly_crying_face::loudly_crying_face::loudly_crying_face::loudly_crying_face::loudly_crying_face::loudly_crying_face::loudly_crying_face::loudly_crying_face:
0:35:24,@skullboy5409,Trixy is gay
0:35:26,@mexfinncanonilovefinnhehe,I AM A FUCKING ARCHITECT / refrence
0:35:28,@mexfinncanonilovefinnhehe,Oh
0:35:29,@jo3a548,OH NO
0:35:33,@solarismare,OH MY GOD
0:35:35,@jennythebean9117,:loudly_crying_face:
0:35:36,@TheMTwinny,huh
0:35:37,@solarismare,WAIT
0:35:38,@Padtygalaxy,Oh f----
0:35:39,@solarismare,THAT WAS THE REASON?
0:35:39,@denmarkpretzel1727,No fucking way
0:35:40,@JoeYork-y1z,:anxious_face_with_sweat:
0:35:41,@NubMcMoofin,:loudly_crying_face::loudly_crying_face::loudly_crying_face::loudly_crying_face:
0:35:42,@dreadther143e,marionette lacks magic
0:35:42,@jennythebean9117,Lore
0:35:43,@MoonBlessedFashionHorse,oh shiz
0:35:43,@SonataDidIt,Lore!
0:35:43,@Aromaticgrassitem,i Just call Mary Burny Sanders
0:35:44,@Lucario4thewin,trixie is a leech? cool
0:35:45,@mexfinncanonilovefinnhehe,NOOOOOOOOOOOOOOOOO
0:35:46,@connornevitt,parasite
0:35:46,@JoeYork-y1z,:loudly_crying_face::loudly_crying_face::loudly_crying_face::loudly_crying_face::loudly_crying_face::loudly_crying_face::loudly_crying_face:
0:35:46,@dreadther143e,ahh that makes sense now
0:35:47,@solarismare,NOOOO
0:35:49,@vbbh736,AWW
0:35:49,@jo3a548,OH GFUICK
0:35:49,@jennythebean9117,:loudly_crying_face::loudly_crying_face::loudly_crying_face::loudly_crying_face:
0:35:50,@TheMTwinny,SHE DIED
0:35:52,@Kinahizhere,Whaaaa
0:35:52,@denmarkpretzel1727,NOOOOOOOOOOO
0:35:53,@solarismare,TRIXIE LITERALLY KILLED HER MOTHER
0:35:55,@jessicagibson1553,Noooooo
0:35:55,@marfin4325,:eyes-purple-crying::eyes-purple-crying::eyes-purple-crying:
0:35:56,@CanaryKari,magicancer
0:35:56,@jo3a548,NOOOOOOOOOOOO
0:35:57,@doublej209,noooo
0:35:57,@Hexen_4444,what happened!?
0:35:58,@Tamers12345MLP,Trixie is a fucking menace
0:35:58,@mexfinncanonilovefinnhehe,OH MY GODDDDDDDDDDDDD
0:35:58,@SonataDidIt,...
0:35:59,@MoonBlessedFashionHorse,trixie baby vampire
0:36:00,@XxZ0MB13_K1TTYxX,NOOOOOO
0:36:00,@SparkleSharkle_S,HOLY SHIT it is kirito
0:36:00,@yourheartofdarkness,:face-purple-crying::face-purple-crying::face-purple-crying:
0:36:02,@kalebc56,brrraaappp
0:36:02,@solarismare,FUUUUUUUUCK
0:36:03,@carameloprod.,:(
0:36:04,@Lucario4thewin,oh well thats too bad
0:36:05,@dreadther143e,Trixie killed her mother??
0:36:06,@vbbh736,NOOOIO
0:36:10,@dreadther143e,damn.
0:36:12,@Solums,Trixie killed mom
0:36:13,@jo3a548,oh yerah
0:36:14,@agoatheadbaby3512,But then what'd change?
0:36:15,@solarismare,TRIXIE LITERALLY KILLED HER MOTHER
0:36:16,@solarismare,H
0:36:17,@jo3a548,spagthetios
0:36:17,@Padtygalaxy,Oh nooo
0:36:17,@JoeYork-y1z,:crying_face::crying_face:
0:36:17,@Scrambled_Egg_Boi,"Trixie, time to reality warp to fix this shit"
0:36:18,@XxZ0MB13_K1TTYxX,NOOOOO POOR BABY
0:36:23,@Skidum1,:crying_face:
0:36:25,@MoonBlessedFashionHorse,You shouldn't have orchestrated your dads death Mari!
0:36:26,@Looeyballony-lol,Teletubbiess
0:36:28,@jennythebean9117,:loudly_crying_face:
0:36:29,@connornevitt,this is like JoJo's part 5
0:36:30,@Tamers12345MLP,It's fine because Trixie doesn't even know she did it
0:36:30,@ToidiSoup,:hand-orange-covering-eyes:
0:36:34,@afghanitus,PLEASE DO APPLE PACKAGE's PARENTS BACK STORIES PLEASE
0:36:37,@TheMTwinny,Nah she didn't deserve to die like thaaaaat
0:36:37,@solarismare,can't soarin just fix it
0:36:37,@KennedyKirksey-w6s,:pleading_face::pleading_face::pleading_face::pleading_face:
0:36:37,@connornevitt,because someone's mother died
0:36:38,@JoeYork-y1z,Trixe go to time out
0:36:40,@afghanitus,next
0:36:41,@MoonBlessedFashionHorse,RARITY
0:36:41,@NubMcMoofin,:exploding_head::exploding_head::exploding_head:
0:36:41,@jessicagibson1553,:eyes-purple-crying::eyes-purple-crying:
0:36:43,@hollywareham6810,lol
0:36:44,@JoeYork-y1z,Kitty
0:36:45,@MoonBlessedFashionHorse,OH SHIT OPAL
0:36:45,@DownyDuck,pretty sad
0:36:46,@SuperCaptainFail,oh right this titanic thing is happening
0:36:46,@UngulaPropriaRQ,YO 
0:36:48,@Lucario4thewin,when does Jackpot get his iconic hat?
0:36:48,@Padtygalaxy,Wtf
0:36:48,@jo3a548,yay
0:36:48,@kcirreda,She's back!
0:36:48,@afghanitus,FUCK
0:36:50,@UngulaPropriaRQ,OPAL LIVED 
0:36:50,@Guy_mankindaback,OPAL
0:36:51,@Kinahizhere,Cat
0:36:52,@delta-v4x,OPAL
0:36:53,@afghanitus,CARE PACKAGE***
0:36:53,@Tamers12345MLP,Woah it's Opal!
0:36:53,@vbbh736,:face-blue-wide-eyes::face-blue-wide-eyes::face-blue-wide-eyes::face-blue-wide-eyes::face-blue-wide-eyes:
0:36:54,@NubMcMoofin,:saluting_face::saluting_face::saluting_face::saluting_face:
0:36:54,@Guy_mankindaback,TAMERS
0:36:55,@va_fail,omg what a good kitty
0:36:55,@ecampo123,Based Opal
0:36:56,@realblixels,:rolling_on_the_floor_laughing:
0:36:56,@ozzyizer,"NAH GUYS, I WENT TO PISS. WHAT DID I MISS?"
0:36:56,@agoatheadbaby3512,Wow!
0:36:56,@HopeIsEpic.,W CAT ! !
0:36:56,@CanaryKari,goat
0:36:57,@GlimmyGOD,damn opalescence in clutch
0:36:59,@Guy_mankindaback,YOU LIED?
0:36:59,@solarismare,LMAO
0:36:59,@Aromaticgrassitem,This past flash back hits hard
0:37:01,@Ihateithere52,OPAL
0:37:01,@moriorinvictus69,OPAL IS SO GOATED
0:37:02,@jennythebean9117,Opal is a real g
0:37:02,@TheMTwinny,Anyways darling
0:37:03,@MoonBlessedFashionHorse,Opal is the goat
0:37:03,@misakayy1911,THERE GOES MY HERO
0:37:04,@solarismare,OPALESCENSE IS A PIRATE?
0:37:04,@afghanitus,need care package dad back story so bad
0:37:05,@ecampo123,W Opal
0:37:05,@vbbh736,AWWW
0:37:05,@agoatheadbaby3512,Incredible!
0:37:05,@XxZ0MB13_K1TTYxX,w cat
0:37:05,@Skidum1,opal mvp
0:37:06,@hollywareham6810,lol
0:37:08,@yourheartofdarkness,:grinning_cat_with_smiling_eyes::grinning_cat_with_smiling_eyes::grinning_cat_with_smiling_eyes:
0:37:09,@Solums,common Opal W
0:37:11,@JoeYork-y1z,Pls be the end
0:37:12,@KennedyKirksey-w6s,omg so cute :smiling_face_with_hearts::smiling_face_with_hearts::smiling_face_with_hearts::smiling_face_with_hearts:
0:37:14,@ozzyizer,W OPAL
0:37:15,@jo3a548,YAY
0:37:15,@Lucario4thewin,cat ftw
0:37:18,@solarismare,CAT NOISES
0:37:20,@Ihateithere52,My cat wouldn’t do that for me..
0:37:21,@va_fail,i know opal love rarity
0:37:22,@jo3a548,Amen
0:37:23,@Aromaticgrassitem,Rarity is so wise and powerful
0:37:28,@MoonBlessedFashionHorse,I really love this squad. Hope they hang out again
0:37:28,@solarismare,BRING THEM BACK
0:37:28,@afghanitus,so fucking peak 
0:37:29,@Guy_mankindaback,new wallpaper trust
0:37:30,@agoatheadbaby3512,da sunset
0:37:32,@denmarkpretzel1727,please never end
0:37:35,@solarismare,I NEED TO SEE TRIXIE'S MOM BACK
0:37:36,@jo3a548,'hell yeah
0:37:37,@UngulaPropriaRQ,where is trixie and twilight at 
0:37:38,@Padtygalaxy,Wait where trixie and twiligt? 
0:37:38,@Lucario4thewin,everything turned out fine
0:37:39,@Guy_mankindaback,it’s ending soon
0:37:41,@MoonBlessedFashionHorse,amen
0:37:41,@UngulaPropriaRQ,where is their candy
0:37:41,@TheMTwinny,SIMPLY MARVELOUS DARLING
0:37:41,@mexfinncanonilovefinnhehe,amen
0:37:42,@TrentonHowle,that's what I'm talking about the goat
0:37:42,@JoeYork-y1z,Pls be the end
0:37:43,@ozzyizer,"NAH, BUT GUYS, I PISSED. DONT WORRY"
0:37:44,@Guy_mankindaback,amen
0:37:44,@Tamers12345MLP,Amen
0:37:44,@vistahawks,amen
0:37:44,@UltimateStarky,haymen
0:37:46,@CanaryKari,amen
0:37:46,@Hyloaf,amen
0:37:46,@jo3a548,asen
0:37:46,@GhostxMilk,Can I get a hymen?? 
0:37:47,@Hexen_4444,himin
0:37:47,@DownyDuck,amen
0:37:47,@Aromaticgrassitem,HAYMAN
0:37:48,@Skidum1,amen
0:37:49,@agoatheadbaby3512,:(
0:37:49,@MinioMicha09,Awh 
0:37:49,@jo3a548,amen
0:37:50,@TheMTwinny,Heyman
0:37:51,@vbbh736,amen
0:37:51,@insanianevi8089,amen
0:37:52,@jennythebean9117,"Every pony lives except Twilight, Trixie, Pinkie, and Ms Cake"
0:37:52,@vbbh736,amen
0:37:53,@solarismare,Amen
0:37:53,@SilentSCookie,Amen
0:37:53,@Faithjau,based
0:37:53,@SketchyZero,Homophobic
0:37:53,@Code_monkey_like_you,Amen
0:37:53,@lulalelluna,haymen 
0:37:53,@Big_Lobsterツ,amen
0:37:54,@NubMcMoofin,amen
0:37:55,@ecampo123,Ay yo what is fluttershy doing? :flushed_face:
0:37:55,@Barktholomeu,Amen
0:37:55,@ozzyizer,AMEN
0:37:55,@va_fail,lmao
0:37:55,@UngulaPropriaRQ,im gay i cant say it :)
0:37:55,@Lucario4thewin,praise be
0:37:55,@MrKitsuneOwO,Amen
0:37:55,@scarlethorse5391,Amen
0:37:56,@WithoutFlaw,Amen
0:37:56,@JoeYork-y1z,Oh yay
0:37:56,@carameloprod.,yemen
0:37:57,@Looeyballony-lol,I THOUGHT THEY WERE SIBLINGS 
0:37:58,@HopeIsEpic.,amen
0:37:58,@solarismare,HEYMEN
0:37:59,@connornevitt,Lhaiem
0:37:59,@jennythebean9117,Amen
0:38:02,@WithoutFlaw,Tamers do you think we'll see Flawless again soon?
0:38:03,@delta-v4x,Amen
0:38:04,@MyriadSkyFlaming,Amen
0:38:04,@Loveezzz_,amen
0:38:06,@deltaromee,why is everyone saying amen fluttershy just said gay people
0:38:06,@doublej209,WHAT
0:38:07,@mexfinncanonilovefinnhehe,Oh
0:38:07,@jo3a548,OH SHIT
0:38:08,@Guy_mankindaback,they were
0:38:09,@deltaromee,cant say ahem
0:38:09,@Padtygalaxy,No way!
0:38:09,@ozzyizer,THEY ARE
0:38:10,@GlimmyGOD,oh shid
0:38:10,@moriorinvictus69,DO IT DO IT DO IT
0:38:10,@TheMTwinny,Wait..
0:38:13,@MoonBlessedFashionHorse,"Rarity, Flutter, Starlight, Mari might be my new favorite squad in tamers"
0:38:15,@misakayy1911,?????
0:38:16,@solarismare,DO IT
0:38:16,@solarismare,DO IT
0:38:17,@KennedyKirksey-w6s,omg
0:38:17,@solarismare,DO IT
0:38:18,@TheMTwinny,NO WAY
0:38:18,@jennythebean9117,Oh shit
0:38:19,@agoatheadbaby3512,uh maybe this isn't the right time for that
0:38:19,@mexfinncanonilovefinnhehe,OHH ?
0:38:20,@skullboy5409,Zombie apocalypse 
0:38:20,@solarismare,FUCKING DO IT
0:38:21,@SonataDidIt,Oh?
0:38:21,@Lucario4thewin,zombie horse
0:38:24,@Guy_mankindaback,no need for spam
0:38:24,@Big_Lobsterツ,do it
0:38:25,@JoeYork-y1z,Do it
0:38:26,@agoatheadbaby3512,are you sure?
0:38:27,@vbbh736,AWWWWWWWWWWW
0:38:28,@solarismare,ZOMBIE HORSE
0:38:28,@NubMcMoofin,:exploding_head::exploding_head::exploding_head:
0:38:29,@SonataDidIt,Bringing back a man....
0:38:30,@ozzyizer,WOAHHHH
0:38:31,@TheMTwinny,RESURRECTION IN DIS BICH
0:38:32,@MoonBlessedFashionHorse,LETS GO
0:38:33,@Aromaticgrassitem,Maybe things arent so bad in shitty ponyville
0:38:34,@JoeYork-y1z,Oh no
0:38:35,@Guy_mankindaback,woww
0:38:36,@jo3a548,LASDSAODFLASFOASLFASOLF
0:38:37,@jennythebean9117,He back 
0:38:40,@agoatheadbaby3512,what
0:38:40,@SketchyZero,Won't China ban her if she were in china? China is not kind to religious people
0:38:41,@doublej209,YOOOOOO
0:38:42,@Solums,He back
0:38:44,@solarismare,LMAO
0:38:45,@ozzyizer,OK??
0:38:45,@Zazlesynth,where is flawless :pouting_face:
0:38:47,@TheMTwinny,:flushed_face:
0:38:47,@jovileocon7878,YEAHHHHHHH
0:38:47,@solarismare,HE'S BACK
0:38:48,@SonataDidIt,OH NO
0:38:50,@jo3a548,OH FUCK
0:38:52,@jennythebean9117,True
0:38:54,@MoonBlessedFashionHorse,spunky
0:38:59,@ozzyizer,WE NEED FLAWLESSSS
0:39:01,@Guy_mankindaback,lol
0:39:02,@Lucario4thewin,nice one Glimmer
0:39:02,@solarismare,UH OH
0:39:04,@JoeYork-y1z,:flushed_face:
0:39:04,@Aromaticgrassitem,literally reborn in a cool way
0:39:06,@va_fail,better bring back her mom
0:39:06,@Ra.-0Hworm,Starlight you were there when he dies
0:39:08,@jennythebean9117,It’s your Daughter 
0:39:08,@solarismare,LMAOOOOOOOOOOOO
0:39:14,@XxZ0MB13_K1TTYxX,AWWW
0:39:15,@TheMTwinny,Take the mask off
0:39:16,@jo3a548,Oh fuck
0:39:17,@vfsberry7491,someone tell celestia 
0:39:21,@agoatheadbaby3512,a second chance
0:39:21,@Padtygalaxy,He younger! 
0:39:21,@JoeYork-y1z,On no
0:39:21,@yourheartofdarkness,LMFAO:face-fuchsia-tongue-out:
0:39:24,@solarismare,OH MY GOD
0:39:26,@solarismare,AAAAAAA
0:39:26,@DownyDuck,this is nice
0:39:28,@solarismare,HE DOESn'T KNOW
0:39:30,@Guy_mankindaback,don’t hate
0:39:32,@marfin4325,:face-fuchsia-tongue-out:
0:39:32,@jo3a548,oh shit
0:39:36,@Lucario4thewin,lol burned
0:39:39,@Aromaticgrassitem,She got burned twice
0:39:43,@solarismare,woof
0:39:43,@GlimmyGOD,thicc glimmy
0:39:47,@doublej209,i feel so bad
0:39:47,@jennythebean9117,Father Daughter time 
0:39:47,@vistahawks,whats that in the background
0:39:48,@jo3a548,DAMN GLIMMY
0:39:52,@Padtygalaxy,Younger stallion
0:39:52,@marfin4325,:birthday_cake::birthday_cake::birthday_cake:
0:39:52,@Hexen_4444,smack
0:39:53,@Guy_mankindaback,aw I think he’s being nice
0:39:54,@solarismare,AAAAAAAAAA
0:39:59,@ToidiSoup,:hand-orange-covering-eyes:
0:39:59,@elegxnce_luvs_u,HI
0:40:01,@TheMTwinny,He can't remember shit awwww
0:40:01,@Tamers12345MLP,I might bring back Trixie's mom off screen if people want because I did find her pretty fun to write
0:40:02,@vbbh736,AWWWWWWWWWWW
0:40:02,@tawianna07,"Guys, I’m behind since I didn’t watch the live when it started what am I missing?"
0:40:04,@jennythebean9117,I never cried so hard before 
0:40:04,@ozzyizer,FR
0:40:06,@solarismare,it's so cute I'm gonna cry
0:40:07,@MoonBlessedFashionHorse,I mean he had a good ass reason in regards to trixie at least
0:40:12,@bestmusicplaylistsofalltime,tamers is god
0:40:13,@solarismare,please do tamers
0:40:14,@Guy_mankindaback,I think we’d be fine
0:40:18,@Solums,bring back her mom
0:40:18,@mexfinncanonilovefinnhehe,Oh
0:40:21,@JoeYork-y1z,The end
0:40:21,@NubMcMoofin,:saluting_face::saluting_face:
0:40:23,@nyanjhynx,YES BRING HER BACK TOO
0:40:25,@Lucario4thewin,ok bye
0:40:25,@SonataDidIt,Expand the sparklemoon polycule
0:40:26,@YouFool_Official,SO CUTE
0:40:27,@Guy_mankindaback,THERES THE ENDS
0:40:27,@agoatheadbaby3512,:(
0:40:27,@izzyanimations4879,I think it be cool tamers
0:40:27,@jo3a548,thats it
0:40:28,@afghanitus,goated
0:40:28,@Aromaticgrassitem,Mary kinda sucks
0:40:28,@UltimateStarky,is this background from frieren
0:40:29,@Code_monkey_like_you,Bring her back!!!
0:40:30,@JoeYork-y1z,So good
0:40:30,@YouFool_Official,Ouu shi
0:40:31,@Guy_mankindaback,CREDIT SCENES
0:40:33,@hollywareham6810,lol
0:40:34,@Scrambled_Egg_Boi,bring her back!
0:40:35,@jo3a548,LAFOASLFASOD
0:40:37,@Loveezzz_,nahh:loudly_crying_face:
0:40:37,@fireejr15.5,:face-red-heart-shape::face-red-heart-shape:
0:40:39,@TheMTwinny,So her father just roams around
0:40:39,@Looeyballony-lol,BRING HER BACKKKK
0:40:39,@TrentonHowle,wow this is the ending happy end
0:40:39,@Guy_mankindaback,thank you Tamers
0:40:40,@NubMcMoofin,:loudly_crying_face:
0:40:40,@Solums,Bring her Back!
0:40:41,@Guy_mankindaback,oh
0:40:41,@GlimmyGOD,unfffff
0:40:41,@jennythebean9117,Yippee 
0:40:42,@Faithjau,thx
0:40:43,@CanaryKari,LOL
0:40:43,@solarismare,A
0:40:43,@MoonBlessedFashionHorse,oh shiz
0:40:44,@ozzyizer,"STOP WITH THIS HUAM STARLIGHT BS, ITS FREAKING ME OUT"
0:40:44,@SHEDLETSKY12-g7u,DAMNIT IN LATE
0:40:45,@mexfinncanonilovefinnhehe,OH SHIT
0:40:46,@Guy_mankindaback,how dare you
0:40:47,@JoeYork-y1z,Kiss
0:40:48,@XxZ0MB13_K1TTYxX,oh wow
0:40:48,@YouFool_Official,w
0:40:48,@Barktholomeu,Bring her back!!
0:40:48,@noodle7254,yikes
0:40:50,@SHEDLETSKY12-g7u,*IM
0:40:50,@solarismare,DO IT TAMERS
0:40:50,@Hyloaf,aww
0:40:50,@hollywareham6810,lol
0:40:50,@va_fail,bruh
0:40:52,@TheMTwinny,NO YOU SMEARING IT
0:40:53,@JoeYork-y1z,On yay
0:40:54,@agoatheadbaby3512,STOP YOU'RE MAKING IT WORSE
0:40:56,@dreadther143e,bro is not cleaning that good
0:40:57,@ozzyizer,HELL UYESS
0:40:58,@fireejr15.5,:face-fuchsia-poop-shape::face-fuchsia-poop-shape:
0:40:58,@CanaryKari,blessed by glimmy
0:40:59,@JoeYork-y1z,So good
0:41:00,@nyaarlert8301,AHH IM LATE
0:41:01,@Apexbomber123,w
0:41:02,@solarismare,STARLIGHT LMAO
0:41:02,@Lucario4thewin,glimmer would seduce Mari's mom
0:41:02,@solarismare,WHY
0:41:03,@Guy_mankindaback,ooh
0:41:04,@UngulaPropriaRQ,AWESOME OUTRO TIME 
0:41:04,@Apexbomber123,let's go tamers
0:41:05,@jo3a548,FUCK YEAH ED
0:41:05,@XxZ0MB13_K1TTYxX,AWW
0:41:06,@ozzyizer,THANK YOU TAMERS
0:41:06,@mateoponey5537,KINO 
0:41:07,@Big_Lobsterツ,amazing
0:41:07,@GlimmyGOD,God tier episode
0:41:08,@Apexbomber123,A
0:41:08,@ToidiSoup,:face-red-droopy-eyes:
0:41:08,@KennedyKirksey-w6s,:sparkling_heart::sparkling_heart::sparkling_heart::sparkling_heart::sparkling_heart::sparkling_heart::sparkling_heart::sparkling_heart::sparkling_heart::sparkling_heart::sparkling_heart::sparkling_heart::sparkling_heart::sparkling_heart::sparkling_heart::sparkling_heart::sparkling_heart::sparkling_heart::sparkling_heart::sparkling_heart::sparkling_heart::sparkling_heart::sparkling_heart::sparkling_heart::sparkling_heart::sparkling_heart::sparkling_heart::sparkling_heart:
0:41:09,@MoonBlessedFashionHorse,god I missed watching these.
0:41:09,@moriorinvictus69,10/10 episode
0:41:10,@jo3a548,CUTE
0:41:10,@UltimateStarky,Thank you tamers
0:41:10,@vfsberry7491,lmaooo
0:41:11,@neargaming2057,What about the Breaking Bad arc?
0:41:11,@Padtygalaxy,Tamer! 
0:41:13,@Aromaticgrassitem,Good ass eatin Tamers
0:41:13,@dreadther143e,that was awesomee
0:41:14,@MoonBlessedFashionHorse,nothing hits like a tamers show
0:41:14,@doggerlander,aura
0:41:14,@scarlethorse5391,Bravo Tamers! :clapping_hands:
0:41:15,@solarismare,STARLIGHT SHIT ON THE GRAVE LMAO
0:41:16,@Skidum1,KINO
0:41:16,@Apexbomber123,thx for the vid :)
0:41:18,@Faithjau,10/10 Thank you Tamers <3
0:41:18,@solarismare,SHE IS SO CUTE
0:41:18,@ozzyizer,PISS METH
0:41:19,@silliesBalloon,I LOVE THE OURTRO
0:41:20,@solarismare,I LOVE HER MOM
0:41:21,@Guy_mankindaback,WE LOVE TAMERS
0:41:21,@ToidiSoup,:face-fuchsia-wide-eyes:
0:41:22,@JoeYork-y1z,10000000000000000000000000/10
0:41:22,@diaress,"Absolute cinema, thank u Tamers"
0:41:23,@yulynn2blank,Goated episode 
0:41:23,@UngulaPropriaRQ,PISS METH 
0:41:24,@izzyanimations4879,thank you tamers
0:41:24,@solarismare,kino
0:41:25,@solarismare,10/10
0:41:26,@vistahawks,"i love watching the last 8m of each premire, the confusion forces me to watch it again"
0:41:27,@Apexbomber123,w tamers
0:41:28,@yourheartofdarkness,:red_heart::red_heart::red_heart::red_heart::red_heart::red_heart::red_heart::red_heart::red_heart::red_heart::red_heart::red_heart::red_heart::red_heart::red_heart::red_heart::red_heart::red_heart::red_heart:
0:41:28,@ozzyizer,10/10
0:41:29,@MinioMicha09,WOW
0:41:31,@MoonBlessedFashionHorse,thank you tamers
0:41:31,@Scrambled_Egg_Boi,off screen is where ____ is the strongest
0:41:31,@Slackjaw55,waow
0:41:32,@Kinahizhere,Aight
0:41:32,@Apexbomber123,10/10
0:41:32,@lulalelluna,love the vid tamers 
0:41:32,@JoeYork-y1z,:face-blue-heart-eyes::face-blue-heart-eyes::face-blue-heart-eyes::face-fuchsia-flower-shape::face-fuchsia-flower-shape:
0:41:33,@AnimeGames16,W music choice
0:41:33,@WithoutFlaw,TAMERS
0:41:33,@silververity,VERY AMAZING EPISODE 
0:41:34,@Lucario4thewin,:partying_face::partying_face::partying_face::partying_face::partying_face::partying_face::partying_face:
0:41:34,@ARandom_person57,PEAK
0:41:35,@JoeYork-y1z,Kiss
0:41:37,@fireejr15.5,Seis y siete
0:41:38,@Apexbomber123,wow
0:41:38,@TheMTwinny,WE GOT TREVOR FROM SONIC UNDERGROUND BACK (AND DEAD)
0:41:38,@CanaryKari,10/10 
0:41:39,@dreadther143e,and the outro looks beautiful too
0:41:39,@vistahawks,peak as always
0:41:40,@miss.envyous,some peak ass ending
0:41:40,@Apexbomber123,wow
0:41:40,@WithoutFlaw,DAVE ROGERS W
0:41:41,@marfin4325,part 1?
0:41:41,@DownyDuck,Very Good
0:41:42,@Apexbomber123,wow
0:41:42,@silververity,LOOOVE FOREVER
0:41:44,@XxZ0MB13_K1TTYxX,10/10??!!!!!!
0:41:44,@neva773,mari with suit!
0:41:44,@Apexbomber123,wow
0:41:44,@SonataDidIt,Cuties
0:41:45,@elegxnce_luvs_u,AMAZING 
0:41:46,@Apexbomber123,wow
0:41:46,@NubMcMoofin,:horse::racehorse::racehorse::horse::horse::horse::horse:
0:41:48,@Apexbomber123,wow
0:41:48,@KennedyKirksey-w6s,:smiling_face_with_heart_eyes::smiling_face_with_heart_eyes::smiling_face_with_heart_eyes::smiling_face_with_heart_eyes::smiling_face_with_heart_eyes::smiling_face_with_heart_eyes::smiling_face_with_heart_eyes::smiling_face_with_heart_eyes::smiling_face_with_heart_eyes:
0:41:49,@jo3a548,CUTE
0:41:49,@marfin4325,:smiling_face_with_hearts::smiling_face_with_hearts::smiling_face_with_hearts:
0:41:50,@Apexbomber123,wow
0:41:52,@Apexbomber123,wow
0:41:53,@MoonBlessedFashionHorse,cuties
0:41:53,@JoeYork-y1z,So cool
0:41:54,@Apexbomber123,wow
0:41:54,@Guy_mankindaback,Mari looks great
0:41:58,@miss.envyous,tamers that was so good
0:41:58,@Apexbomber123,wow
0:41:59,@ozzyizer,OH YEAAAAAAAH
0:42:00,@NubMcMoofin,:saluting_face::saluting_face::saluting_face:
0:42:00,@Guy_mankindaback,the bouncing 
0:42:01,@Apexbomber123,w
0:42:02,@KennedyKirksey-w6s,:party_popper::confetti_ball::party_popper::party_popper::confetti_ball::confetti_ball::confetti_ball::confetti_ball::confetti_ball::party_popper::party_popper::party_popper::party_popper:
0:42:02,@Apexbomber123,w
0:42:03,@JoeYork-y1z,Bye tamers12345
0:42:07,@Apexbomber123,w
0:42:08,@jo3a548,YAYT
0:42:08,@jennythebean9117,W
0:42:11,@neargaming2057,Not the hands...
0:42:12,@MyriadSkyFlaming,How beautiful!
0:42:12,@YouFool_Official,Thank you for this Tame Tame
0:42:12,@solarismare,thank you tamers <3
0:42:14,@Guy_mankindaback,no problem watching was not optional
0:42:14,@KennedyKirksey-w6s,W
0:42:16,@donshade1937,w
0:42:16,@nyanjhynx,YAAAYYY
0:42:17,@Big_Lobsterツ,I love you tamers12345
0:42:17,@hansumicu9719,yawi sawi
0:42:17,@Apexbomber123,peak
0:42:18,@ozzyizer,GN CHAT
0:42:18,@diaress,Next week again Tamers? 
0:42:19,@MoonBlessedFashionHorse,you're welcome 
0:42:19,@elegxnce_luvs_u,Ty! 
0:42:20,@TheMTwinny,THUMBNAIL POSES
0:42:20,@Apexbomber123,peak
0:42:20,@JoeYork-y1z,Bye
0:42:20,@NubMcMoofin,:saluting_face:
0:42:21,@XxZ0MB13_K1TTYxX,w
0:42:22,@ozzyizer,W
0:42:22,@jennythebean9117,Oh my god Andrew and LeyLey
0:42:22,@solarismare,CUTE
0:42:23,@Apexbomber123,peak
0:42:24,@fireejr15.5,SDNY AND LEILE
0:42:25,@CanaryKari,peak
0:42:25,@JoeYork-y1z,Bye
0:42:26,@Apexbomber123,peak
0:42:28,@dreadther143e,cutee
0:42:29,@Lucario4thewin,:fireworks::fireworks::fireworks:
0:42:30,@DownyDuck,Thank you siŕ
0:42:30,@Apexbomber123,peak
