timestamp,author,message
0:00:00,@PotatorOficial,OOOHHOHOH
0:00:00,@ptkebr,Tamers12345 I thought it was sonicxbartleby
0:00:00,@Fooper899,6
0:00:01,@Lirune,YESSSS
0:00:01,@SageWara,And Braeburn and Soarin have the same colors as Bardonic
0:00:02,@ProbablyFlawlessInDisguse,"MAMAMAM,A"
0:00:02,@devingibson1076,show time
0:00:02,@natalkacieslak4289,go
0:00:02,@Rose-plays00,HI TAMMERS
0:00:03,@golgotha-gger,@tamers12345MLP you have remission
0:00:04,@OrpheusHart,WE ARE SO BACK
0:00:05,@Kymandevotion,YAYSYYSHDBD
0:00:05,@ExTraxLIGA,lest gooo
0:00:06,@ProbablyFlawlessInDisguse,WOOOOOOOO
0:00:06,@Kikuoluv-r4p,ughna
0:00:06,@punkypony5165,Spitfire's eyes are so pretty
0:00:07,@Vsnumber1simp,YES
0:00:08,@jennifer4548,booooring
0:00:08,@EvolutionCOV,Its Peak already
0:00:09,@lilou4180,lessgooo
0:00:11,@KungaBungaonToast,SHUT UP EVERYONE AND WATCH
0:00:11,@jennythebean9117,Rich horses 
0:00:12,@delta-v4x,BERRY PNUCH
0:00:13,@Fooper899,holy shit ccool
0:00:16,@ProbablyFlawlessInDisguse,ITS ME FLAWLESS SPARKLE MOOON BITCHES
0:00:16,@Feojsshsyydud,:face-blue-wide-eyes::face-blue-wide-eyes::face-blue-wide-eyes:IM SO HYPED
0:00:16,@jo3a548,racist hroses
0:00:18,@Vsnumber1simp,SHUT UP MY SHOW IS ON
0:00:20,@SageWara,HAHA MUD PONY
0:00:20,@CatcatcatCATbrrriii,Honestly durpy used to pmo so bad
0:00:21,@IDWhispertheWolf,BERRY PUNCH
0:00:22,@dripworks6659,LMFAO her voice changed
0:00:24,@hojacksauseman,Woman moment.
0:00:27,@fluttergabe22,Fart #1
0:00:27,@applebloom2307,"yay it's, my favorite homophobe"
0:00:28,@Strong_sadfan,MUD PONY
0:00:29,@CatcatcatCATbrrriii,Wow hi flawless
0:00:30,@punkypony5165,Spitfire racist Karen?
0:00:32,@ptkebr,racista
0:00:32,@CanaryKari,:yellow_circle::yellow_circle::waving_hand:
0:00:32,@SonataDidIt,Fucking disgusting earth pony
0:00:34,@Tamers12345MLP,The wonderbolts can afford to rent buses cause they're rich as shit
0:00:34,@Slackjaw55,SHE'S STILL RACIST!!!
0:00:35,@dominicunderwood4911,@KungaBungaonToast you shuddup
0:00:35,@jennythebean9117,Spitfire stop being racist!
0:00:38,@EvolutionCOV,Canon Accurate Spitfire
0:00:39,@TheMTwinny,Spitfire a KAREN CONFIRMED
0:00:39,@opinionatedwithlimitsremem7612,freaking shes
0:00:40,@evilcatsniper,why isnt there a slur for pegasus ponies
0:00:42,@fluttergabe22,Fart #2
0:00:43,@Fooper899,mud peaol
0:00:44,@GlimmyGOD,stinky
0:00:45,@Rotterian,Crazy
0:00:46,@JerichoJenkins-z7p,god I love fecal funnies
0:00:47,@fluttergabe22,Fart #3
0:00:47,@jo3a548,cute
0:00:50,@jennythebean9117,I’m not pulling out 
0:00:52,@CanaryKari,sour
0:00:55,@NotJreemieYT,People really believe soarin can beat braeburn
0:00:56,@TierAnon,Why do they need buses if they can fly?
0:00:56,@jo3a548,LAMSDSAO
0:00:57,@fluttergabe22,Fart #4
0:00:57,@Fooper899,aww
0:00:58,@Kymandevotion,Braeburn so cuteeee
0:00:58,@SonataDidIt,KISS
0:01:00,@Demipersonisme13,When do we get to see SONIC AGAIN 
0:01:00,@applebloom2307,i love stinky mares
0:01:01,@IDWhispertheWolf,holy
0:01:01,@ProbablyFlawlessInDisguse,Tamers do you favorite me?
0:01:01,@SonataDidIt,KISS YOU GAYS
0:01:01,@dripworks6659,BRAEBURN MY BELOVED
0:01:01,@Stratosfear_930,holy damn
0:01:02,@EvolutionCOV,Wholesome Racism
0:01:02,@opinionatedwithlimitsremem7612,fart
0:01:02,@fluttergabe22,Fart 5
0:01:04,@Aromaticgrassitem,"i wish i could afford to rent something, tamers"
0:01:04,@NubMcMoofin,:face_savoring_food:
0:01:06,@Hyloaf,So many farts
0:01:07,@realblixels,i can tell this is going to be a classic
0:01:07,@TheMTwinny,QUICK BRAPS
0:01:07,@fluttergabe22,Fart 6
0:01:11,@ProbablyFlawlessInDisguse,Tamers do you favorite me?
0:01:11,@RapscallionBoa,smelly welly
0:01:13,@Feojsshsyydud,Fart6
0:01:14,@GlimmyGOD,accidentally voted yes award
0:01:15,@EvolutionCOV,This is already PeakTamers on all levels
0:01:17,@punkypony5165,YEEHA
0:01:17,@jo3a548,wooohooo
0:01:18,@IDWhispertheWolf,brapburn
0:01:21,@Tomerツ,omg fart counter
0:01:21,@Demipersonisme13,When do we get to see sonic again 
0:01:22,@TheAntiSaint,Bat ponies is where the racism is at
0:01:23,@SketchyZero,Soarin x Braeburn is the best couple in the Tamersverse
0:01:24,@opinionatedwithlimitsremem7612,kinda but no
0:01:24,@EvolutionCOV,FLEETFOOT
0:01:25,@ptkebr,this is so wholesome chungus
0:01:26,@ponytart,"wait, the poll is wrong tho"
0:01:26,@superarcade643,YEEEEEEEEEEHAWWWWWW
0:01:26,@Tystel,Этот чат переходит в юриисдикцию русских брони
0:01:26,@Strong_sadfan,YEEAHHH
0:01:31,@realblixels,were back to funny fucking episodes thank god 
0:01:31,@EvolutionCOV,MY BELOVED FLEETFOOT
0:01:32,@TheMTwinny,Why is there a boom mic
0:01:32,@TooManyThings_,Mic on screen
0:01:32,@GlimmyGOD,damn i bet that shit stinks
0:01:33,@fluttergabe22,Fart 7
0:01:34,@GlimmyGOD,sniff
0:01:35,@NotJreemieYT,All of braeburns family coming
0:01:36,@natalkacieslak4289,:beaming_face_with_smiling_eyes:
0:01:36,@jo3a548,OH FUCK
0:01:38,@NubMcMoofin,:exploding_head:
0:01:38,@opinionatedwithlimitsremem7612,clone wonderbolts
0:01:39,@jennythebean9117,Las Pegasus? I thought it blew up
0:01:41,@Demipersonisme13,Make more SONIC UNDERGROUND EPISODES 
0:01:42,@TheTantabus.,I thought he asked if racism was ok 
0:01:42,@TooManyThings_,Oh hi
0:01:42,@TheMTwinny,OH
0:01:43,@EvolutionCOV,HIM
0:01:43,@firewolf595,ARINOS
0:01:43,@delta-v4x,Oh fuck
0:01:43,@ptkebr,so much farting
0:01:45,@bp5814,Why are the boys here???.
0:01:46,@opinionatedwithlimitsremem7612,Oh I see
0:01:46,@Bet12121,let's see flying horse horned horse nothing horse hmm
0:01:46,@Kikuoluv-r4p,THE CUTIEA
0:01:46,@Feojsshsyydud,My favourite
0:01:47,@SonataDidIt,omg its arinos
0:01:47,@neoncubegaming,w spitfire
0:01:47,@Strong_sadfan,omg
0:01:48,@benjaworld2804,interesting question isn't it?
0:01:49,@Aromaticgrassitem,yeehaws in my applefam ep. hurray
0:01:49,@applebloom2307,"ARINOS,!!"
0:01:49,@dimkkkk,@Tystel ТУТ ЕСТЬ РУССКИЕ ФАНАТЫ?!?!
0:01:49,@delta-v4x,This is a reality show now
0:01:50,@pinkpupbutt9299,oh I love it here
0:01:51,@NotJreemieYT,ARINOS GOT A JOB??!
0:01:52,@punkypony5165,I love Spitfire
0:01:53,@Slackjaw55,my gays
0:01:54,@TooManyThings_,Braeburn is an ALICORN
0:01:55,@CatcatcatCATbrrriii,Oh
0:01:55,@natalkacieslak4289,POLSKA
0:01:56,@Aromaticgrassitem,clown friend :orange_heart:
0:01:56,@hojacksauseman,The homosexual one!
0:01:56,@jo3a548,LASMDASDO
0:01:56,@dominicunderwood4911,WHY ARE YOU FUCKERS HERE
0:01:58,@SoupCam69,ARENOS
0:01:58,@Kymandevotion,mr basketball we know its you
0:01:58,@moriorinvictus69,fucking hell
0:01:59,@UngulaPropriaRQ,ARINOS AND FRIENDSHIP WORK IN TV NOW 
0:02:00,@bp5814,ARINOS MY BELOVED
0:02:01,@Tystel,ДААА ДЁРПИ
0:02:03,@NubMcMoofin,:smiling_face_with_hearts:
0:02:05,@Tystel,Этот чат переходит в юриисдикцию русских брони
0:02:05,@jennythebean9117,Even cosmic beings need money 
0:02:06,@Fooper899,:sad_but_relieved_face:
0:02:06,@CatcatcatCATbrrriii,I don’t like spitfire
0:02:07,@TheMTwinny,Oh right the video title is a giveaway lmao
0:02:07,@realblixels,XD
0:02:08,@Tamers12345MLP,@NotJreemieYT It's his weekend job when he's not at clown college
0:02:08,@Silvex_dash,I’m taking a massive shit rn
0:02:08,@jo3a548,cute
0:02:09,@opinionatedwithlimitsremem7612,which one?
0:02:09,@GlimmyGOD,arinoschads eating good rn
0:02:11,@Exiledlama,Thank you Tamers
0:02:11,@jennythebean9117,5 bucks damn
0:02:12,@SonataDidIt,CUTIE
0:02:15,@Fooper899,gross
0:02:16,@RapscallionBoa,gay
0:02:17,@punkypony5165,Arinos and Friendship in a Slice of Life episode. Thats cool
0:02:20,@ptkebr,Mr Tamers is spitfire secretly gay too
0:02:20,@opinionatedwithlimitsremem7612,ok
0:02:21,@va_fail,good for him
0:02:22,@rancergaming,"no way that pegisi and unicorns are superior, earth pony clears"
0:02:23,@MOOSTACHE_Official,hee hee
0:02:23,@SketchyZero,Is Spitfire secretly a lesbian
0:02:24,@Feojsshsyydud,Hah gay
0:02:25,@NubMcMoofin,:smiling_face_with_hearts:
0:02:25,@jo3a548,cutey
0:02:26,@Peccare,oh true clown college
0:02:27,@applebloom2307,I'd go to college if it was clown college
0:02:28,@punkypony5165,Aw friendship
0:02:28,@EvolutionCOV,This ep is already a masterpiece
0:02:29,@Demipersonisme13,Make SONIC UNDERGROUND AGAIN 
0:02:31,@Kikuoluv-r4p,hes shy
0:02:31,@NotJreemieYT,FRIENDSHIP
0:02:32,@HMZeroTwo,I just joined to see a glitching pony
0:02:32,@Aromaticgrassitem,Arinos fren
0:02:33,@applebloom2307,aww
0:02:33,@va_fail,he's shy
0:02:33,@superarcade643,AWWWWWWW
0:02:33,@opinionatedwithlimitsremem7612,whatever
0:02:34,@delta-v4x,Why they speak the same?
0:02:34,@Lirune,I LOVE 
0:02:36,@hojacksauseman,Because he's a fuckin joke.
0:02:36,@superarcade643,i love him so much
0:02:37,@moriorinvictus69,oh these fucking guys again
0:02:37,@ORYX_999,ofc clown college broke as shit and no further
0:02:37,@bp5814,He’s so cute!
0:02:37,@jennythebean9117,College arc when!
0:02:40,@Tamers12345MLP,@rancergaming I'm sorry can earth ponies fucking fly or use magic?
0:02:43,@opinionatedwithlimitsremem7612,kinda
0:02:45,@Peccare,I think hes right
0:02:46,@SonataDidIt,True Friendship
0:02:47,@HMZeroTwo,HAWK TUAH
0:02:47,@NotJreemieYT,sonic underground is being soloed by mlp
0:02:49,@Kymandevotion,kawaiiiiiii
0:02:49,@jennythebean9117,Friendship you stop being cute!
0:02:51,@realblixels,braeburn got fat 
0:02:51,@TheMTwinny,I won't miss you
0:02:51,@PotatorOficial,"Me too Silver_Dash, I'm taking a massive :pile_of_poo:"
0:02:52,@Strong_sadfan,AW Love you Arinos
0:02:55,@Fooper899,thats right
0:02:57,@Exiledlama,LMAO
0:02:57,@jo3a548,OH FUCK
0:02:58,@NotJreemieYT,Mlp still going on sonic underground is undergrond
0:03:00,@Peccare,oh fuck no
0:03:02,@JANG000,it is racist but that isnt bad
0:03:02,@pinkpupbutt9299,Friendship is so cool
0:03:03,@UngulaPropriaRQ,i'm so happy arinos and freidnship are living their best life 
0:03:04,@Brykisheaven,YAYYYYYY ARINOS 
0:03:05,@iamboomer7805,ENTER 
0:03:05,@TooManyThings_,Oh god no
0:03:05,@rancergaming,pinkie pie flies all the time wym
0:03:05,@bp5814,All the hill Billie’s
0:03:05,@HMZeroTwo,BIG MAC MY GOAT
0:03:06,@superarcade643,oh no theres more of them...
0:03:07,@opinionatedwithlimitsremem7612,they can make spells but with hard work and not with any horns
0:03:07,@Brykisheaven,oh mygod
0:03:08,@EvolutionCOV,Amemezing
0:03:08,@ptkebr,oh nooo
0:03:10,@Kikuoluv-r4p,we gonna see cleanswweep
0:03:11,@applebloom2307,not the inbreds noooo
0:03:11,@benjaworld2804,lol
0:03:11,@jennythebean9117,Damn this is reality tv
0:03:12,@IDWhispertheWolf,APPLE BOTTOM
0:03:13,@NubMcMoofin,:smiling_face:
0:03:13,@fluttergabe22,BIG MAC!!!????!
0:03:14,@SketchyZero,Heavens to Mexico my soul
0:03:15,@superarcade643,OMG
0:03:15,@Fooper899,*pew pew*
0:03:15,@superarcade643,PEAK
0:03:16,@ponytart,OH LAWDY
0:03:16,@pinkpupbutt9299,YWEAAAA
0:03:16,@EvolutionCOV,BOTTOM
0:03:17,@delilah4668,stereotypes will get reaffirmed :wilted_flower:
0:03:18,@MOOSTACHE_Official,ITS HIM
0:03:18,@TooManyThings_,Oh hell yes
0:03:19,@KungaBungaonToast,APPLE SPLIIIIIT
0:03:19,@superarcade643,APPLE BOTTOM LETS GO
0:03:20,@Kymandevotion,SUCH A DIVAAAAA
0:03:20,@HMZeroTwo,APPLE BOTTOM HELLO
0:03:20,@punkypony5165,@NotJreemieYT Sonic Underground and MLP are allies
0:03:22,@bp5814,Family reunion
0:03:22,@TheMTwinny,THERE'S THE TWINK
0:03:23,@superarcade643,HOLY BASED
0:03:24,@dookyking4lyfe,Mud ponies are horrible she's right
0:03:24,@firewolf595,APPLE BOTTOM DO THE THING
0:03:24,@pinkpupbutt9299,SHOW IT OFF APPLE SPLIT
0:03:25,@ProbablyFlawlessInDisguse,ITS MEEEE
0:03:26,@CatcatcatCATbrrriii,I think spitfire is secretly with rainbow or sum shit
0:03:26,@jennythebean9117,Damn this episode gets better 
0:03:27,@UngulaPropriaRQ,Heheheheh yesssssss
0:03:28,@fluttergabe22,"Apple Bottom, my beloved :smiling_face_with_heart_eyes:"
0:03:30,@delilah4668,DIIIVVAA
0:03:30,@Tystel,Этот чат переходит в юриисдикцию русских брони
0:03:30,@superarcade643,PITS
0:03:31,@realblixels,god
0:03:31,@IDWhispertheWolf,apple split !!!
0:03:32,@NubMcMoofin,:face_holding_back_tears:
0:03:35,@Ace4573,lmfao
0:03:40,@bp5814,Insulted by his own dad 
0:03:43,@jsaenz96,juggling balls!??
0:03:44,@HMZeroTwo,Arinos and Apple must fight
0:03:44,@Tystel,Этот чат переходит в юриисдикцию русских брони
0:03:46,@punkypony5165,I love that clown on the right
0:03:46,@IDWhispertheWolf,:black_circle::black_circle::waving_hand:
0:03:47,@PotatorOficial,The True Protagonist of MLP ARRIVED!
0:03:48,@applebloom2307,that's clownphobic!!
0:03:48,@haileykitty6993,"bro, I actually like that apple hoodie"
0:03:50,@SonataDidIt,LOL
0:03:52,@Tamers12345MLP,@CatcatcatCATbrrriii Rainbow Dash fucking wishes she was with a badass like Spitfire
0:03:53,@TheApplèTwink,yesss
0:03:53,@iamboomer7805,Don’t look clown bros 
0:03:53,@pinkpupbutt9299,OH THOSE POOR BABIES
0:03:54,@ptkebr,shoutout to the clowns
0:03:56,@jo3a548,OH FUCK
0:03:57,@opinionatedwithlimitsremem7612,so earth ponies snd featherheads can use magic but it doesnt come easy
0:03:58,@BlackKanye,derojatory
0:03:59,@moriorinvictus69,HEAVENS TO BETSY
0:04:00,@jennythebean9117,Arinos defend your people!
0:04:00,@RapscallionBoa,im at Walmart at a subway rn
0:04:01,@UngulaPropriaRQ,YEAAAAAAAH
0:04:02,@Aromaticgrassitem,Arinos Clown College Arc
0:04:02,@Slackjaw55,clowns
0:04:03,@SonataDidIt,My beloved
0:04:03,@fluttergabe22,Snuggle
0:04:03,@pinkpupbutt9299,GAY HORSES
0:04:04,@TheMTwinny,THE OTHER TWINK
0:04:05,@IDWhispertheWolf,my favorite pairing thank you tamers
0:04:05,@ProbablyFlawlessInDisguse,ITS MEEE
0:04:05,@UngulaPropriaRQ,THERE HE IS 
0:04:06,@Kymandevotion,YOAAAAIIII
0:04:10,@Tamers12345MLP,@haileykitty6993 I thought it made him look both cute and kickable
0:04:11,@HMZeroTwo,Of course care package is here
0:04:12,@ProbablyFlawlessInDisguse,APPLE BOTTOM
0:04:12,@RapscallionBoa,watching tamers123
0:04:13,@jo3a548,cutey
0:04:14,@applebloom2307,YUYYYYEEEESS
0:04:17,@NubMcMoofin,:smiling_face_with_hearts:
0:04:18,@EvolutionCOV,All the best characters are here!
0:04:18,@scall0p639,Late but made it 
0:04:19,@neva773,get rotated
0:04:19,@bp5814,ALL THE GAYS ARE HERE 
0:04:20,@Fooper899,:woozy_face:
0:04:21,@jestermaxxed,STUPID TWINK <3
0:04:22,@TheApplèTwink,YEEEEEEEeEEEEeeeee
0:04:22,@pinkpupbutt9299,YWAGGGG
0:04:23,@Slackjaw55,:o
0:04:23,@Terriblemousy45676,WHERES THE WINGS TAMERS ON APPLE SPLIT
0:04:24,@fluttergabe22,Kiss please
0:04:25,@NotJreemieYT,mlp slams sonic underground without bartleby
0:04:26,@HMZeroTwo,He got legs tho
0:04:27,@punkypony5165,Best wedding
0:04:27,@bp5814,Rotate the tiny menace
0:04:28,@deltaromee,is their other kid going to show up
0:04:28,@opinionatedwithlimitsremem7612,mailmale ponies
0:04:28,@UngulaPropriaRQ,HI CARE PACKAGE 
0:04:28,@IDWhispertheWolf,かわいいです
0:04:29,@Fooper899,:nauseated_face:
0:04:30,@pinkpupbutt9299,GAY
0:04:31,@SonataDidIt,LOL
0:04:31,@delta-v4x,Apple family is FUCKED
0:04:32,@dripworks6659,CARE PACKAAAAAAAAAAAAAGE
0:04:33,@applebloom2307,lol
0:04:34,@Kymandevotion,HE IS BRI ISH??????
0:04:34,@jennythebean9117,British :loudly_crying_face:
0:04:35,@jo3a548,LASMDAOSDAMSD
0:04:36,@dominicunderwood4911,EW!..He's fucking BRITISH
0:04:36,@RipDoveStudio,"@Tamers12345MLP thank you, this has immensely helped my recent depression."
0:04:37,@C0SM1CH0RR0R,All my favorite gays in one place
0:04:41,@TooManyThings_,LMAO
0:04:41,@Kymandevotion,i tjink im abt to puke
0:04:42,@ponytart,FUCK THEY ARE SOOOOO CUTE
0:04:42,@realblixels,LMAOOO
0:04:42,@jennythebean9117,The episode is ass now
0:04:42,@TheMTwinny,LMAO
0:04:43,@Aromaticgrassitem,capple parckage
0:04:45,@jo3a548,BRITBONGS
0:04:45,@ProbablyFlawlessInDisguse,ITS MEEE
0:04:45,@punkypony5165,tally ho
0:04:49,@dookyking4lyfe,OI
0:04:49,@opinionatedwithlimitsremem7612,two?
0:04:51,@UngulaPropriaRQ,TALLY HO
0:04:51,@hasturahead,taliho
0:04:51,@ProbablyFlawlessInDisguse,APPLE BOTTOm
0:04:52,@SonataDidIt,Disgusting
0:04:52,@fluttergabe22,He said the line
0:04:53,@miatamiatamiata45,hahahahh he's a minority
0:04:54,@BlackKanye,AIEEEE 
0:04:56,@HMZeroTwo,Bri'ish and cool
0:04:56,@ptkebr,TALLY NO
0:04:56,@Fooper899,:face_vomiting: *eng*ish
0:04:58,@UngulaPropriaRQ,THANK U BLEDREN 
0:04:58,@delilah4668,God i love one piece
0:04:58,@kaviennn,apple split is canonically a 40 yr old man in mlp
0:05:01,@Tystel,Этот чат переходит в юриисдикцию русских брони
0:05:01,@RapscallionBoa,THATS CRAZY THE BRITAIN THIBG
0:05:02,@Aromaticgrassitem,TALLY HO
0:05:04,@jo3a548,LASDOASLDO
0:05:04,@jennythebean9117,He said Tally Ho never mind 
0:05:05,@hojacksauseman,Ack
0:05:06,@ptkebr,LMAOOOO
0:05:07,@dripworks6659,"CARE PACKAGE, THE ONLY BRIT I'D EVER TOLLERATE"
0:05:07,@CamrenSheffield,this is wild
0:05:07,@opinionatedwithlimitsremem7612,emo
0:05:08,@applebloom2307,oh no not british british people suck (i'm british :()
0:05:09,@dominicunderwood4911,the fuck
0:05:10,@UngulaPropriaRQ,holy shit 
0:05:10,@jestermaxxed,he's so princess awwww
0:05:11,@Potatogalsunite,lollll
0:05:14,@Tamers12345MLP,@kaviennn No fucking way....
0:05:15,@Tystel,Этот чат переходит в юриисдикцию русских брони
0:05:16,@TheApplèTwink,XD
0:05:17,@SonataDidIt,Boo Boo buddies <3
0:05:17,@HMZeroTwo,He wound fucking
0:05:19,@RapscallionBoa,dandys world band aids woa...
0:05:20,@iamboomer7805,Holy kino 
0:05:20,@CraftyXan,buh wha
0:05:21,@jennythebean9117,Angy pone
0:05:21,@Kymandevotion,apple bottom so me
0:05:22,@BoxBoy-u7i,tally ho
0:05:22,@va_fail,damn it must hurt
0:05:24,@Exiledlama,LMAO
0:05:25,@UngulaPropriaRQ,ok to be fair we all called that 
0:05:27,@Hypnosisband9,Who tf goes to Arby’s 
0:05:27,@opinionatedwithlimitsremem7612,needy they
0:05:28,@applebloom2307,that's so cute they're like me frfr
0:05:30,@superarcade643,lol
0:05:31,@Rad_Crab,applebottom is wild
0:05:31,@TierAnon,>loving
0:05:32,@realblixels,LMAOOOOO
0:05:34,@ptkebr,what happened tamers
0:05:36,@punkypony5165,"""loving"""
0:05:36,@TheMTwinny,AW SHIT HERE WE GO
0:05:38,@TooManyThings_,New Granny Voice?
0:05:41,@lordpigger,"Br*tish ""ponies"""
0:05:42,@punkypony5165,based
0:05:42,@jo3a548,LASDOASLDAOSF<MASFO
0:05:42,@Tamers12345MLP,@Hypnosisband9 Care Package likes arby's
0:05:46,@EvolutionCOV,Oh no it's the Applejack Parents episode
0:05:46,@Aromaticgrassitem,thats just what apple bottom jeans does all day
0:05:46,@fluttergabe22,Fart #8
0:05:48,@jo3a548,deserved
0:05:48,@opinionatedwithlimitsremem7612,lovin?
0:05:48,@SonataDidIt,Sky Fliers...
0:05:49,@punkypony5165,I think Granny's voice is the same
0:05:49,@Fooper899,:woozy_face:
0:05:49,@Glagglelander,YES
0:05:50,@kaviennn,@Tamers12345MLP he was alreeady apple jacks age when she was only a baby in a flashback in the show
0:05:50,@TheMTwinny,GRANNY SMITH VS SPITFIRE LET'S GOOOO
0:05:50,@jennythebean9117,Kiss
0:05:51,@miatamiatamiata45,based
0:05:52,@GlimmyGOD,haha based spitfire
0:05:54,@jestermaxxed,mogged
0:05:54,@Kymandevotion,granny smith public execjtion tomorrow
0:05:57,@realblixels,DUNDERHEADS xd
0:05:58,@dookyking4lyfe,Mud ponies can't help but be violent
0:06:00,@TooManyThings_,Yes
0:06:00,@NubMcMoofin,:pensive_face:
0:06:01,@basedimperialism,"GET HER, SPITTYA"
0:06:02,@applebloom2307,they watchin
0:06:04,@bp5814,Noooo clean sweep!
0:06:06,@miatamiatamiata45,holy shit
0:06:06,@TheAntiSaint,"granny smith, only 300 years old"
0:06:07,@CamrenSheffield,@Tamers12345MLP Whats the next dandys world episode ur gonna post
0:06:07,@TheMTwinny,LMAO
0:06:07,@ProbablyFlawlessInDisguse,TAMERS DO YOU THINK IM THE BEST
0:06:08,@dimkkkk,@Tamers12345MLP how does it feel being old?
0:06:08,@ptkebr,good job shitfire
0:06:08,@UngulaPropriaRQ,lmao
0:06:08,@Potatogalsunite,THE PEE LMAO
0:06:09,@Tamers12345MLP,Earth ponies are just like that
0:06:11,@TierAnon,ugh
0:06:13,@NotJreemieYT,they dont not care a single fudge
0:06:14,@JANG000,big mac's fit is clean
0:06:14,@Potatogalsunite,lol
0:06:14,@NubMcMoofin,:exploding_head:
0:06:15,@opinionatedwithlimitsremem7612,skyflyers? featherheads sounds more of a un you know
0:06:15,@jo3a548,OH FUCK
0:06:15,@CatcatcatCATbrrriii,I just realized what his name apple bottom means I thing I’m actually autistic bc 
0:06:15,@Aromaticgrassitem,lmao she knocked braeburn into the water
0:06:17,@jo3a548,ITS HIM
0:06:19,@haileykitty6993,"flying would actually be cool, so that lady can shush"
0:06:19,@delta-v4x,That fucking cat
0:06:19,@CanaryKari,oh god
0:06:19,@benjaworld2804,they gotta reason not be
0:06:19,@KungaBungaonToast,OH MY GOOO D
0:06:20,@superarcade643,PEAK
0:06:21,@Rad_Crab,oh lord he coming
0:06:22,@Kikuoluv-r4p,CLEANSWII OP
0:06:22,@SonataDidIt,Clean sweep!
0:06:22,@Tystel,ВСЕ РУССКИЕ БРОНИ ПИШИТЕ: Этот чат переходит в юриисдикцию русских брони
0:06:22,@TooManyThings_,Oh
0:06:22,@Feojsshsyydud,Ew
0:06:23,@Kymandevotion,CLEAN SWEEEP
0:06:23,@realblixels,oh no 
0:06:23,@superarcade643,PEAK PEAK PEAK PEAK PEAK
0:06:24,@Fooper899,:woozy_face: yay
0:06:24,@bp5814,CLEAN SWEEP YAYYYYYYYY
0:06:24,@NotJreemieYT,here comes the homewrecker
0:06:24,@applebloom2307,YAYAYAYAYAYAY HES HERE
0:06:25,@Hyloaf,Hi Clean Sweep
0:06:25,@TheMTwinny,THERE HE IS
0:06:25,@thenestoreto9786,tamers kill the green old one forever plis
0:06:26,@jennythebean9117,Yippee 
0:06:26,@Tamers12345MLP,@JANG000 He's emo
0:06:26,@va_fail,who's worse - granny smith or pinkie's parents?
0:06:28,@hojacksauseman,Run!
0:06:30,@UngulaPropriaRQ,HES APPROACHUING 
0:06:31,@firewolf595,WHY HE MOVE LIKE THAT
0:06:31,@ptkebr,what the
0:06:31,@jennythebean9117,:D
0:06:31,@opinionatedwithlimitsremem7612,oh god no
0:06:31,@Rad_Crab,here he comes
0:06:31,@Kikuoluv-r4p,KITTY KITTY KITRY
0:06:31,@SoupCam69,SWEEP MUSIC
0:06:34,@Potatogalsunite,AWEEEEE
0:06:34,@dominicunderwood4911,"uh oh, behind you!"
0:06:34,@Kymandevotion,I LOVE THESE TWINKS I NEED THEM
0:06:34,@PotatorOficial,Dat russian cat
0:06:35,@scall0p639,Clean sweep 
0:06:35,@UngulaPropriaRQ,HES GETTING CLOSER 
0:06:36,@TheMTwinny,OH LAWD HE COMIN
0:06:36,@superarcade643,CUUUTE
0:06:37,@dripworks6659,CLEAN SWEEP
0:06:37,@punkypony5165,Poor Future Soarin
0:06:37,@SketchyZero,Holy shit is Flawless gonna apear
0:06:37,@TheTantabus.,Plz fart Big Mac
0:06:38,@NotJreemieYT,cleansweep the home wreacker
0:06:38,@superarcade643,OMG
0:06:39,@jennythebean9117,La Kat
0:06:39,@bp5814,The kitty has arrived!
0:06:41,@SoupCam69,HE BUCKED
0:06:42,@applebloom2307,heeeeere kitty kitty kitty
0:06:43,@jennythebean9117,Make out
0:06:44,@realeggyg897,is everybody here today. what the hell
0:06:45,@bressagarcia3899,HES RUSSIAN?????
0:06:46,@IDWhispertheWolf,yaoi
0:06:46,@Fooper899,:nauseated_face:
0:06:46,@TheTantabus.,Damn it 
0:06:48,@Potatogalsunite,AWWEEEEEEEE
0:06:48,@ProbablyFlawlessInDisguse,CLEAN SWEEEEP
0:06:49,@jo3a548,cute
0:06:50,@NubMcMoofin,:face_vomiting:
0:06:51,@firewolf595,WHERE IS FUTURE SOARIN
0:06:51,@CatcatcatCATbrrriii,Yaouiii
0:06:52,@trap631,bro
0:06:52,@va_fail,love his voice 
0:06:53,@Aromaticgrassitem,"clean sweeper, being a clean creeper"
0:06:54,@KungaBungaonToast,Bruh
0:06:54,@NubMcMoofin,:face_savoring_food::face_savoring_food:
0:06:55,@ProbablyFlawlessInDisguse,CLEAN SWEEEEEP
0:06:56,@jo3a548,EEEEEWWWW
0:06:56,@SuperCaptainFail,im pretty sure 60% of the cast at this point is tamer's OCs
0:06:57,@sharkey-u4s,"Мы последователи Великой и Вонючей Трикси, верные до последнего вдоха, да пребудет с нами её аромат и хаос. Мы принимаем её волю без сомнений. И не отступим, каков бы ни был запах."
0:06:57,@ptkebr,GAYYYY
0:06:57,@IDWhispertheWolf,HOLYYYYYY
0:06:57,@sharkey-u4s,"Мы последователи Великой и Вонючей Трикси, верные до последнего вдоха, да пребудет с нами её аромат и хаос. Мы принимаем её волю без сомнений. И не отступим, каков бы ни был запах."
0:06:57,@CanaryKari,PEAK
0:06:57,@superarcade643,MMFFFF
0:06:58,@sharkey-u4s,"Мы последователи Великой и Вонючей Трикси, верные до последнего вдоха, да пребудет с нами её аромат и хаос. Мы принимаем её волю без сомнений. И не отступим, каков бы ни был запах."
0:06:58,@Rad_Crab,lmao
0:06:58,@Tamers12345MLP,@realeggyg897 Yeah
0:06:58,@KungaBungaonToast,WHAT
0:06:58,@sharkey-u4s,"Мы последователи Великой и Вонючей Трикси, верные до последнего вдоха, да пребудет с нами её аромат и хаос. Мы принимаем её волю без сомнений. И не отступим, каков бы ни был запах."
0:06:59,@Potatogalsunite,HELP THIS SO CUTE
0:06:59,@HMZeroTwo,PITS?
0:06:59,@TooManyThings_,Where is Future Soarin?
0:06:59,@PotatorOficial,sniff
0:06:59,@Slackjaw55,o no
0:07:01,@superarcade643,OH GOD
0:07:01,@jestermaxxed,BASED
0:07:02,@ИльяМельников-п9е,"Мы последователи Великой и Вонючей Трикси, верные до последнего вдоха, да пребудет с нами её аромат и хаос. Мы принимаем её волю без сомнений. И не отступим, каков бы ни был запах."
0:07:02,@Exiledlama,LMAO
0:07:02,@SonataDidIt,oh my god
0:07:02,@TheApplèTwink,woooh
0:07:02,@ИльяМельников-п9е,"Мы последователи Великой и Вонючей Трикси, верные до последнего вдоха, да пребудет с нами её аромат и хаос. Мы принимаем её волю без сомнений. И не отступим, каков бы ни был запах."
0:07:03,@CamrenSheffield,BRO THE VOICES IS KILLING ME:loudly_crying_face:
0:07:03,@ИльяМельников-п9е,"Мы последователи Великой и Вонючей Трикси, верные до последнего вдоха, да пребудет с нами её аромат и хаос. Мы принимаем её волю без сомнений. И не отступим, каков бы ни был запах."
0:07:04,@fluttergabe22,:hot_face::hot_face::hot_face::hot_face::hot_face:
0:07:04,@Fooper899,:nauseated_face:
0:07:05,@Kymandevotion,yummy
0:07:05,@Potatogalsunite,nvm
0:07:05,@superarcade643,YEEEEEEEEEEESSSSSSSSSSSSSSSSSSSSSSSSSS
0:07:05,@PotatorOficial,oh he licked that
0:07:06,@ИльяМельников-п9е,"Мы последователи Великой и Вонючей Трикси, верные до последнего вдоха, да пребудет с нами её аромат и хаос. Мы принимаем её волю без сомнений. И не отступим, каков бы ни был запах."
0:07:06,@Hypnosisband9,Lmao
0:07:06,@applebloom2307,basedbadedbasedbadsed
0:07:06,@Peccare,What the fuck clean sweep
0:07:06,@NotJreemieYT,ARINOS NO
0:07:07,@Gnuby,XDDDDD
0:07:07,@delta-v4x,Even gay clown is disgusted
0:07:07,@CatcatcatCATbrrriii,Yaoiii
0:07:09,@superarcade643,THANK YOU GOD
0:07:09,@sharkey-u4s,"Мы последователи Великой и Вонючей Трикси, верные до последнего вдоха, да пребудет с нами её аромат и хаос. Мы принимаем её волю без сомнений. И не отступим, каков бы ни был запах."
0:07:10,@kippykippowpow9999,WOOOOOO
0:07:11,@Terriblemousy45676,CLEAN SWEEPPPPPP
0:07:11,@realblixels,:face_vomiting:
0:07:12,@applebloom2307,based based based bdaed
0:07:13,@TheMTwinny,SAME ARINOS
0:07:14,@JerichoJenkins-z7p,brother
0:07:14,@jennythebean9117,Damn so many flashbacks 
0:07:15,@SonataDidIt,ARINOS GOING SHOPPING YES
0:07:16,@lordpigger,oh no desu...
0:07:17,@IDWhispertheWolf,why tf are there russian bots
0:07:18,@Gnuby,HAHAHAHA
0:07:20,@bacanudo3604,That’s so epic.
0:07:21,@sharkey-u4s,"Мы последователи Великой и Вонючей Трикси, верные до последнего вдоха, да пребудет с нами её аромат и хаос. Мы принимаем её волю без сомнений. И не отступим, каков бы ни был запах."
0:07:22,@sharkey-u4s,"Мы последователи Великой и Вонючей Трикси, верные до последнего вдоха, да пребудет с нами её аромат и хаос. Мы принимаем её волю без сомнений. И не отступим, каков бы ни был запах."
0:07:26,@nasthane,THE RUSSIANS ARE COMING
0:07:27,@Feojsshsyydud,:hand-orange-covering-eyes:
0:07:27,@dominicunderwood4911,Big Mac dressed even gayer than Apple Bottom
0:07:28,@trap631,they are so cute
0:07:28,@ProbablyFlawlessInDisguse,AWWWW
0:07:29,@Potatogalsunite,oop
0:07:31,@HMZeroTwo,"They even sound the same, that's true friendship right there"
0:07:31,@BoxBoy-u7i,woooooaaa
0:07:32,@jennythebean9117,Russian pone
0:07:34,@ProbablyFlawlessInDisguse,HES SO CUTE
0:07:35,@JerichoJenkins-z7p,clean sweep activated bots
0:07:39,@CatcatcatCATbrrriii,Oh
0:07:39,@wiiintah,OMG 
0:07:45,@BlackKanye,oh
0:07:46,@clunker6712,Oh
0:07:48,@Potatogalsunite,yum
0:07:48,@pinkpupbutt9299,BASED ????
0:07:48,@CamrenSheffield,TAMERS DO A QNA
0:07:49,@jo3a548,oh fuck
0:07:49,@Fooper899,:woozy_face:
0:07:49,@punkypony5165,That actually makes sense that he would have a balloon fetish
0:07:49,@applebloom2307,basedddd
0:07:49,@fluttergabe22,Balloon Fetish
0:07:52,@HMZeroTwo,Keep looey away from him
0:07:52,@ptkebr,oh
0:07:56,@Tystel,Этот чат переходит в юриисдикцию русских брони
0:07:58,@jennythebean9117,Gas mask :3
0:08:02,@KungaBungaonToast,No…
0:08:02,@jo3a548,creepyt
0:08:03,@punkypony5165,@CamrenSheffield He already has
0:08:06,@pinkpupbutt9299,YEAG
0:08:06,@bp5814,Oof
0:08:09,@EvolutionCOV,PFFT
0:08:09,@JANG000,mlp and dandys world crossover when?
0:08:10,@HMZeroTwo,GOD DAMN
0:08:10,@dookyking4lyfe,POUND CLUSSY
0:08:13,@pinkpupbutt9299,I LOVE HIMMM
0:08:14,@ptkebr,LMAOOO
0:08:17,@opinionatedwithlimitsremem7612,so will clean swept smell big mac feet? you might as well do something within a be here and be annoying
0:08:21,@sharkey-u4s,Этот чат переходит в юриисдикцию русских брони
0:08:23,@jestermaxxed,whenever arinos isn't on screen everypony should be asking 'where is arinos'
0:08:24,@Kymandevotion,FEMBOY GROUUUPPP
0:08:25,@galaxyofeq,Dog? 
0:08:26,@Potatogalsunite,im scared
0:08:27,@scall0p639,Most we’ve seen of clean sweeps face 
0:08:27,@Xzonza1,Arinos being a looner makes sense
0:08:29,@Tamers12345MLP,He wears his gas mask when he wants to feel competent
0:08:30,@ИльяМельников-п9е,м
0:08:32,@SoupCam69,CAT
0:08:36,@sharkey-u4s,Этот чат переходит в юриисдикцию русских брони
0:08:36,@Potatogalsunite,oh
0:08:38,@SketchyZero,Damn I gotta go to work in 5mins
0:08:39,@KohJhonesItula,Amazing
0:08:40,@realblixels,LMAOOOOO
0:08:41,@Tystel,"Мы последователи Великой и Вонючей Трикси, верные до последнего вдоха, да пребудет с нами её аромат и хаос. Мы принимаем её волю без сомнений. И не отступим, каков бы ни был запах."
0:08:41,@nicholasbacchione3469,закрои рот мы видем теймерс
0:08:43,@NotJreemieYT,i cant stand fake what
0:08:43,@SketchyZero,7 mins I mean
0:08:44,@Fooper899,babby boi
0:08:45,@NotJreemieYT,ARINOS BASED
0:08:48,@KungaBungaonToast,LOO
0:08:52,@Tamers12345MLP,Where the fuck did the russians come from
0:08:53,@TooManyThings_,The Callbacks
0:08:54,@jo3a548,OH FUCK
0:08:55,@realblixels,:loudly_crying_face::loudly_crying_face:
0:08:55,@HMZeroTwo,His face lmao
0:08:56,@ptkebr,is arinos gender fluid
0:08:56,@bp5814,Segregated bus oof
0:08:59,@SonataDidIt,Good question spitfire
0:08:59,@TooManyThings_,Clean Sweep 
0:08:59,@punkypony5165,Based Care Package
0:09:00,@nicholasbacchione3469,"No idea, they gotta go"
0:09:01,@NubMcMoofin,:saluting_face:
0:09:01,@Strong_sadfan,OMG
0:09:04,@Fooper899,mud guy
0:09:05,@moriorinvictus69,jesus
0:09:06,@SonataDidIt,LOL
0:09:07,@BlackKanye,kek
0:09:08,@UngulaPropriaRQ,OH HELL YEAH
0:09:08,@jennythebean9117,Defend your mud pone
0:09:08,@Kymandevotion,i need to learn russian
0:09:08,@TheApplèTwink,YESSSSS
0:09:09,@applebloom2307,oh god russians
0:09:09,@IDWhispertheWolf,A BLACK WOMAN IS SPEAKING
0:09:09,@jo3a548,no racism
0:09:11,@clunker6712,Care package w
0:09:11,@haileykitty6993,"aw man, my Bluetooth headphones are low"
0:09:12,@UngulaPropriaRQ,FUCK YEAH CARE PACKAGE 
0:09:13,@Slackjaw55,his woman
0:09:13,@HMZeroTwo,CARE PACKAGE W
0:09:14,@opinionatedwithlimitsremem7612,I can finally understand arinos n friendship
0:09:14,@firewolf595,WOMAN APPLE SPLIT
0:09:14,@jestermaxxed,w care package omg
0:09:15,@NotJreemieYT,Omg this is a real housewives drama LIKE
0:09:16,@Feojsshsyydud,W in the chat 
0:09:17,@nicholasbacchione3469,I think Spitfire is justified
0:09:17,@va_fail,apple bloom sitting next to her big bro and his boyfriend :heart_suit:
0:09:18,@deltaromee,LMFAOOO
0:09:20,@vazquezzavaladarielaalejan6147,YEAAHHH DEFEND UR WOMAN
0:09:20,@Tamers12345MLP,Earth Ponies sit on the left and Pegasi sit on the right
0:09:20,@hasturahead,RUSSIA
0:09:20,@CamrenSheffield,WHAT ARE THE FACES
0:09:21,@Aromaticgrassitem,Clean Sweep could hack and launch nukes at an enemy base @Tamers123345MLP
0:09:23,@Fooper899,THAT RIGT
0:09:23,@NotJreemieYT,the meeting in a store its so perfectt
0:09:23,@UngulaPropriaRQ,A BLACK PONY IS SPEAKING ITS TIME TO LISTEN
0:09:26,@TheApplèTwink,W care package
0:09:26,@CamrenSheffield,WAIT A MIN
0:09:26,@Potatogalsunite,o
0:09:27,@Hypnosisband9,This bus Rosa parks was talking about 
0:09:31,@moriorinvictus69,LOL
0:09:31,@jo3a548,LASDMASDO
0:09:32,@nicholasbacchione3469,"Damn right, just like in real life"
0:09:32,@feralcringe,i manifested this
0:09:34,@jennythebean9117,She haven’t real a tho 
0:09:38,@C0SM1CH0RR0R,When Applesplit speaks you have a seat
0:09:39,@dominicunderwood4911,care package clearly stupid
0:09:41,@scall0p639,Gayyyyyy
0:09:42,@punkypony5165,Cereal Killer
0:09:42,@TheMTwinny,POOR SOARIN
0:09:43,@TooManyThings_,Why is he so cute
0:09:44,@sharkey-u4s,"Мы последователи Великой и Вонючей Трикси, верные до последнего вдоха, да пребудет с нами её аромат и хаос. Мы принимаем её волю без сомнений. И не отступим, каков бы ни был запах."
0:09:44,@Kymandevotion,gotta draw my mud pony x pegasy yoai
0:09:45,@sharkey-u4s,"Мы последователи Великой и Вонючей Трикси, верные до последнего вдоха, да пребудет с нами её аромат и хаос. Мы принимаем её волю без сомнений. И не отступим, каков бы ни был запах."
0:09:45,@sharkey-u4s,"Мы последователи Великой и Вонючей Трикси, верные до последнего вдоха, да пребудет с нами её аромат и хаос. Мы принимаем её волю без сомнений. И не отступим, каков бы ни был запах."
0:09:45,@BlackKanye,bro
0:09:49,@jo3a548,cute
0:09:49,@iamboomer7805,Did soarin deserve that? 
0:09:51,@Tystel,"Мы последователи Великой и Вонючей Трикси, верные до последнего вдоха, да пребудет с нами её аромат и хаос. Мы принимаем её волю без сомнений. И не отступим, каков бы ни был запах."
0:09:51,@NubMcMoofin,:saluting_face:
0:09:52,@dripworks6659,This episode is hilarious
0:09:52,@EvolutionCOV,Spitfire climbing the best character list
0:09:53,@RapscallionBoa,@Tamers12345MLP who is the gayest pony in tamers equestria
0:09:53,@NotJreemieYT,killed his dad over cereal is such a mood
0:09:53,@Iplyaz-POOPY,Gay
0:09:54,@bp5814,Killed his dad over cereal damn
0:09:54,@SonataDidIt,LOL
0:09:54,@UngulaPropriaRQ,The hills have eyes.....................
0:09:55,@trap631,lol
0:09:55,@basedimperialism,@tamers12345 How did you manage to write Spitfire so accurately?
0:09:55,@HMZeroTwo,THE HILLS HAVE EYES
0:09:57,@Tystel,Этот чат переходит в юриисдикцию русских брони
0:09:58,@Tamers12345MLP,@iamboomer7805 why wouldn't he
0:09:58,@SonataDidIt,Precious care package
0:10:01,@ptkebr,awww
0:10:01,@TheApplèTwink,HAHAHAHAHAHA
0:10:01,@Potatogalsunite,LOLZ
0:10:02,@realblixels,god i love u tamers
0:10:02,@TheMTwinny,LMAO
0:10:03,@Aromaticgrassitem,oy
0:10:04,@jennythebean9117,Cute
0:10:04,@opinionatedwithlimitsremem7612,he/they/she applebottom split
0:10:06,@CraftyXan,lmao
0:10:07,@Justagamerak907_official,his fit is clean tho
0:10:07,@jo3a548,LASDMASDOSF<M
0:10:09,@bp5814,THE KITTY 
0:10:10,@ИльяМельников-п9е,"Мы последователи Великой и Вонючей Трикси, верные до последнего вдоха, да пребудет с нами её аромат и хаос. Мы принимаем её волю без сомнений. И не отступим, каков бы ни был запах."
0:10:10,@billyboy8534,British and gay is kind of redundant 
0:10:11,@killerbeanmachine,AMI LATE
0:10:12,@KungaBungaonToast,"God bless Britain, so glad that’s super relevant"
0:10:13,@jo3a548,pookey
0:10:15,@killerbeanmachine,SHOOT
0:10:15,@applebloom2307,nice
0:10:16,@Fooper899,:hot_face:
0:10:18,@Tystel,"Мы последователи Великой и Вонючей Трикси, верные до последнего вдоха, да пребудет с нами её аромат и хаос. Мы принимаем её волю без сомнений. И не отступим, каков бы ни был запах."
0:10:23,@killerbeanmachine,I GOTTA START FROM THE BEGINNING I WAS GETTING MY POPCORN
0:10:23,@Potatogalsunite,big mac is am insane name
0:10:24,@Kymandevotion,SOMEONE TELL CAREPACKAGE TO STOP BEING BR ISH OR ILL PUKE :nauseated_face::nauseated_face::nauseated_face::nauseated_face::nauseated_face:
0:10:25,@fluttergabe22,poopy
0:10:26,@realblixels,XD
0:10:26,@Tamers12345MLP,@billyboy8534 He like shaving attention
0:10:27,@ИльяМельников-п9е,"Мы последователи Великой и Вонючей Трикси, верные до последнего вдоха, да пребудет с нами её аромат и хаос. Мы принимаем её волю без сомнений. И не отступим, каков бы ни был запах."
0:10:27,@Potatogalsunite,an
0:10:28,@TierAnon,N
0:10:29,@jo3a548,OH FUCK
0:10:29,@Tystel,Этот чат переходит в юриисдикцию русских брониЭтот чат переходит в юриисдикцию русских брониЭтот чат переходит в юриисдикцию русских брони
0:10:30,@sharkey-u4s,"Мы последователи Великой и Вонючей Трикси, верные до последнего вдоха, да пребудет с нами её аромат и хаос. Мы принимаем её волю без сомнений. И не отступим, каков бы ни был запах."
0:10:32,@jo3a548,LASMDASODASMFASDFO
0:10:33,@CamrenSheffield,HER VOICE SOUNDS FAMILIAR
0:10:35,@fluttergabe22,huh?
0:10:36,@EvolutionCOV,THUNDERLANE!
0:10:36,@applebloom2307,ect!?!?
0:10:37,@TheMTwinny,HOLY SHIT
0:10:38,@flynky12,DAMN
0:10:38,@opinionatedwithlimitsremem7612,oh Sorin
0:10:38,@vazquezzavaladarielaalejan6147,HELP??
0:10:39,@Tystel,"Мы последователи Великой и Вонючей Трикси, верные до последнего вдоха, да пребудет с нами её аромат и хаос. Мы принимаем её волю без сомнений. И не отступим, каков бы ни был запах."
0:10:39,@IDWhispertheWolf,WHO THE HELL
0:10:42,@punkypony5165,Thunderlane makes a point
0:10:42,@sharkey-u4s,"Мы последователи Великой и Вонючей Трикси, верные до последнего вдоха, да пребудет с нами её аромат и хаос. Мы принимаем её волю без сомнений. И не отступим, каков бы ни был запах."
0:10:45,@Potatogalsunite,what are mud ponies
0:10:46,@jennythebean9117,Black pone :3
0:10:46,@Ace4573,PIGGER
0:10:47,@Fizzyy_Wizzyy,racist voice lol
0:10:47,@Feojsshsyydud,Racist
0:10:49,@hasturahead,who started rapping bruh
0:10:49,@PotatorOficial,"Oh no, rap ponies"
0:10:50,@vazquezzavaladarielaalejan6147,THUNDERLANE
0:10:52,@Fooper899,mud horse
0:10:52,@Iplyaz-POOPY,Mud ponies
0:10:53,@Exiledlama,APPLESHIT
0:10:53,@HMZeroTwo,@CamrenSheffield Spitfire predates yatta
0:10:53,@dookyking4lyfe,rekt
0:10:54,@Tystel,RUSSIAN COMING
0:10:55,@sharkey-u4s,"Мы последователи Великой и Вонючей Трикси, верные до последнего вдоха, да пребудет с нами её аромат и хаос. Мы принимаем её волю без сомнений. И не отступим, каков бы ни был запах."
0:10:55,@opinionatedwithlimitsremem7612,baby boy
0:10:55,@BlackKanye,lol
0:10:56,@nasthane,I want Thunderlane NOW
0:10:57,@Tystel,Этот чат переходит в юриисдикцию русских брони
0:11:00,@ИльяМельников-п9е,"Мы последователи Великой и Вонючей Трикси, верные до последнего вдоха, да пребудет с нами её аромат и хаос. Мы принимаем её волю без сомнений. И не отступим, каков бы ни был запах."
0:11:00,@Potatogalsunite,WOOO TOO FAR
0:11:00,@Baron-von-Kekistan,Tamer's I love you fuck the NuSoi Soysphere CHUDs trynna cancel you!
0:11:02,@haileykitty6993,I actually got real good apples :red_apple:
0:11:02,@HMZeroTwo,Thank you applejack
0:11:03,@TheApplèTwink,Wow
0:11:04,@SageWara,Who even voiced Thunderlane :loudly_crying_face:
0:11:05,@CamrenSheffield,SHE SOUNDS LIKE AN AUNT THAT GOT OUT OF JAIL:loudly_crying_face:
0:11:06,@Fooper899,mhu pony
0:11:08,@Tystel,"Мы последователи Великой и Вонючей Трикси, верные до последнего вдоха, да пребудет с нами её аромат и хаос. Мы принимаем её волю без сомнений. И не отступим, каков бы ни был запах."
0:11:13,@HMZeroTwo,RIP Bus
0:11:14,@TheMTwinny,They got no bus now
0:11:14,@opinionatedwithlimitsremem7612,I love you thunder
0:11:15,@Aromaticgrassitem,"this a good ass episode, Tamers"
0:11:15,@nicholasbacchione3469,Are they going to get the rental deposit back?
0:11:16,@vazquezzavaladarielaalejan6147,IS THE BACKGROUNF PEACHER OR BIG ASS APPLES??
0:11:19,@Tamers12345MLP,@SageWara Dollar Jr
0:11:20,@kaviennn,why are the russians invading 
0:11:22,@flynky12,Oop
0:11:22,@Hypnosisband9,Dump truck alert
0:11:23,@EvolutionCOV,So many new voices
0:11:25,@Tystel,This chat is now under the jurisdiction of Russian armored personnel carriers.
0:11:26,@SoupCam69,the bus will walk it off
0:11:28,@sharkey-u4s,"Мы последователи Великой и Вонючей Трикси, верные до последнего вдоха, да пребудет с нами её аромат и хаос. Мы принимаем её волю без сомнений. И не отступим, каков бы ни был запах."
0:11:28,@jennythebean9117,Gambling time 
0:11:28,@NotJreemieYT,Future soarin is watching with us
0:11:32,@Sam_thequeenhehe,dyle should kiss my little pony
0:11:32,@The_Official_Douchebag,who voices clean sweep my Lord and Savior tamers
0:11:39,@Tystel,This chat is now under the jurisdiction of Russian Brony personnel carriers.
0:11:40,@Fooper899,thats hours shit
0:11:46,@KungaBungaonToast,Big Mac wtf
0:11:46,@Tystel,"Мы последователи Великой и Вонючей Трикси, верные до последнего вдоха, да пребудет с нами её аромат и хаос. Мы принимаем её волю без сомнений. И не отступим, каков бы ни был запах."
0:11:46,@scall0p639,Ain’t Braeburn an alicorn? 
0:11:51,@Slackjaw55,peak big mac
0:11:51,@TheMTwinny,Wtf Applejack
0:11:52,@CamrenSheffield,APPLE JACK WHAT:loudly_crying_face:
0:11:53,@symphonydawn317,what do the Russians think of clean sweep
0:11:54,@TooManyThings_,Why is Big Mac like that?
0:11:54,@Tamers12345MLP,I got lazy drawing Big Mac
0:11:54,@firewolf595,BIG MAC LMAO
0:11:55,@Fooper899,shit slicker
0:11:55,@SoupCam69,ye ha
0:11:55,@PotatorOficial,Big Rectangle Mac
0:11:55,@bp5814,Did soarin get a hair cut?
0:11:59,@nasthane,GIRL wth
0:11:59,@SonataDidIt,my brain dies when applejack speaks
0:11:59,@UngulaPropriaRQ,lmaoooo
0:12:00,@dookyking4lyfe,lol
0:12:01,@basedimperialism,Uhhhhh
0:12:01,@HMZeroTwo,Applejack spittin ngl
0:12:02,@jo3a548,LASDMASDOASFM
0:12:02,@va_fail,lmao big mac
0:12:02,@jennythebean9117,Girl speak Eng 
0:12:03,@ImStarNosedMole,So real of her 
0:12:03,@KungaBungaonToast,Real as fuck 
0:12:04,@TheApplèTwink,yes yes
0:12:05,@NubMcMoofin,:face_savoring_food:
0:12:07,@NotJreemieYT,tamers making everybody a alicorn bro
0:12:08,@nicholasbacchione3469,"No, he looks good"
0:12:08,@ImStarNosedMole,LMFAO
0:12:08,@Fooper899,:woozy_face:
0:12:08,@billyboy8534,Big Mac looks amazing
0:12:08,@hasturahead,big re ctangle
0:12:09,@vazquezzavaladarielaalejan6147,BIGMAC-
0:12:09,@fluttergabe22,Fart #9
0:12:09,@TheMTwinny,REVERB BRAP
0:12:10,@dimkkkk,@symphonydawn317 I LOVE THEM
0:12:10,@SonataDidIt,the costume....
0:12:10,@dominicunderwood4911,"Jeez, Bit Mack looks like Gumby"
0:12:11,@Skidum1,what is applejack on about
0:12:11,@HMZeroTwo,AYO
0:12:12,@delta-v4x,That costume
0:12:12,@va_fail,nooo not that costume
0:12:14,@C0SM1CH0RR0R,Applejack is so country
0:12:14,@SketchyZero,lol
0:12:16,@Kymandevotion,:broken_heart::wilted_flower:
0:12:16,@bp5814,I see we’re still using the onesie
0:12:17,@Tystel,Nothing
0:12:18,@dookyking4lyfe,:face_with_raised_eyebrow::face_with_raised_eyebrow::face_with_raised_eyebrow:
0:12:19,@realblixels,LMAOOOOOOOOOO
0:12:20,@Tystel,"Мы последователи Великой и Вонючей Трикси, верные до последнего вдоха, да пребудет с нами её аромат и хаос. Мы принимаем её волю без сомнений. И не отступим, каков бы ни был запах."
0:12:20,@CamrenSheffield,Wait he is gay?
0:12:21,@opinionatedwithlimitsremem7612,big mac lover
0:12:23,@BlackKanye,lol
0:12:26,@nicholasbacchione3469,Foursome
0:12:27,@realblixels,LMAOOOOOOOOOOO
0:12:28,@NubMcMoofin,:racehorse:
0:12:29,@applebloom2307,he still uses it!?
0:12:31,@opinionatedwithlimitsremem7612,jfc brayburn
0:12:31,@ImStarNosedMole,I love you applebottom
0:12:33,@UngulaPropriaRQ,YESSSSSSS
0:12:34,@UltimateStarky,god i hope he goes crazy this episode
0:12:35,@Aromaticgrassitem,lmao. this is a good silly episode
0:12:36,@basedimperialism,honse
0:12:36,@Tamers12345MLP,@CamrenSheffield Which one? If it's any of them then yes
0:12:36,@TheApplèTwink,give it back
0:12:36,@nicholasbacchione3469,VEGAS
0:12:38,@TheMTwinny,AJ IS STRAPPED
0:12:38,@CamrenSheffield,He is GAY?
0:12:38,@jo3a548,WHAT THE FUCK
0:12:38,@Tystel,"We are followers of the Great and Stinking Trixie, faithful to our last breath, may her scent and chaos be with us. We accept her will without question. And we will not retreat, no matter the smell."
0:12:38,@EvolutionCOV,:chocolate_bar:
0:12:38,@Xzonza1,Yay horsie pet pet
0:12:40,@galaxyofeq,Guns pile
0:12:42,@sharkey-u4s,"Мы русские хакеры, нам принадлежит Хасбро"
0:12:44,@Fooper899,hes britch
0:12:44,@Tystel,"Мы последователи Великой и Вонючей Трикси, верные до последнего вдоха, да пребудет с нами её аромат и хаос. Мы принимаем её волю без сомнений. И не отступим, каков бы ни был запах"
0:12:44,@UngulaPropriaRQ,care package is so hungryyyyyyyyy
0:12:46,@SuperCaptainFail,genuinely cant wait for dandy's world to have this level of problematic shipping
0:12:46,@Exiledlama,OH NO
0:12:46,@applebloom2307,she gay
0:12:46,@Aromaticgrassitem,dubai yourself a ticket back home
0:12:46,@jestermaxxed,i really really really love it when they look like horses
0:12:47,@Tystel,Этот чат переходит в юриисдикцию русских брони
0:12:48,@delta-v4x,"Oh, there's a concert?"
0:12:49,@dookyking4lyfe,COMPED
0:12:49,@opinionatedwithlimitsremem7612,brayburn you idiot
0:12:50,@jennythebean9117,Why she become a terrorist 
0:12:50,@sharkey-u4s,Му-ха-ха-ха
0:12:50,@PotatorOficial,is everyone gay?
0:12:52,@NubMcMoofin,:exploding_head:
0:12:53,@Kikuoluv-r4p,race war yay
0:12:54,@Fooper899,shoot shoot
0:12:56,@Tamers12345MLP,Why wouldn't Soarin still use the hoodie? it's clean enough
0:12:59,@bp5814,Is that what the plan is???
0:12:59,@basedimperialism,OH GOD NO
0:13:00,@jo3a548,LASDMASFDOSAMFDASDOASD
0:13:00,@applebloom2307,ohdamok
0:13:01,@NubMcMoofin,:pensive_face::pensive_face:
0:13:02,@dominicunderwood4911,"Ah yes, terrorism."
0:13:02,@Fooper899,*fart*
0:13:02,@Kymandevotion,its okay idc
0:13:03,@3ra1nz,are all og them gay
0:13:03,@HMZeroTwo,Valid crashout for applejack
0:13:03,@va_fail,whoah
0:13:03,@clunker6712,Yeah get those featherbrains
0:13:04,@KungaBungaonToast,Race war episode 
0:13:05,@TheMTwinny,RACE WAR LMAO
0:13:08,@Potatogalsunite,maybe
0:13:08,@Justagamerak907_official,oh wtf
0:13:08,@CamrenSheffield,@Tamers12345MLP Damn
0:13:09,@Skidum1,apple family terrorism
0:13:10,@hasturahead,Damn
0:13:11,@TooManyThings_,Race War
0:13:13,@jennythebean9117,Applebloom run!
0:13:14,@opinionatedwithlimitsremem7612,figures
0:13:17,@TheMTwinny,APPLE BLOOM NO
0:13:21,@jo3a548,kot
0:13:22,@punkypony5165,AJ you coward!
0:13:22,@Fooper899,apel jacky
0:13:26,@moriorinvictus69,LOL
0:13:26,@SonataDidIt,CUTE
0:13:27,@SoupCam69,car
0:13:27,@Feojsshsyydud,Please stop harming children
0:13:27,@firewolf595,CAT
0:13:29,@Aromaticgrassitem,apple bomber
0:13:30,@Fooper899,kitty
0:13:31,@Fizzyy_Wizzyy,w granny Smith
0:13:31,@delta-v4x,Gud kot
0:13:33,@hasturahead,How cute little cat
0:13:34,@PotatorOficial,I forgot the name of this black cat
0:13:35,@NubMcMoofin,:racehorse:
0:13:37,@applebloom2307,><
0:13:37,@freshglizzy3763,Kot
0:13:39,@delta-v4x,Kots do not give a shit
0:13:40,@realeggyg897,"Applejack has had such a personality shift, it's nuts"
0:13:41,@Strong_sadfan,AW kitty!
0:13:42,@Potatogalsunite,KITT6YYYYYYYYUUUUUUUYYYYYYY
0:13:46,@sharkey-u4s,Its me
0:13:46,@Tamers12345MLP,I got lazy when trying to find a confessional backgbround for cleansweep so I just used a cat
0:13:46,@UngulaPropriaRQ,OUGH HUNGRY AUTISTIC BOY 
0:13:47,@dookyking4lyfe,Apple Paddick
0:13:47,@opinionatedwithlimitsremem7612,"featherbrains or feather head is more insulting?I mean, sky flyer, that's literally what they do lol"
0:13:48,@jennythebean9117,Fr
0:13:50,@HMZeroTwo,I don't care too clean sweep
0:13:51,@CamrenSheffield,who's voicing applejack? 
0:13:52,@ImStarNosedMole,Cute
0:13:53,@clunker6712,What actually is clean sweep anyways
0:13:54,@NubMcMoofin,:face_savoring_food:
0:13:55,@SoupCam69,we needed to see that a second time
0:13:56,@opinionatedwithlimitsremem7612,ok
0:13:56,@dominicunderwood4911,Shit always gets down to murder in the end
0:14:00,@opinionatedwithlimitsremem7612,CAT
0:14:00,@KungaBungaonToast,Bruh
0:14:00,@Potatogalsunite,good choice tamers
0:14:02,@TheMTwinny,EW
0:14:03,@Tystel,"We are followers of the Great and Stinking Trixie, faithful to our last breath, may her scent and chaos be with us. We accept her will without question. And we will not retreat, no matter the smell."
0:14:03,@dimkkkk,"THIS CAT IS THE BEST REPRESENTATION OF A RUSSIAN PERSON IN MEDIA, I'M SO PROUD"
0:14:05,@Fizzyy_Wizzyy,ew
0:14:05,@NotJreemieYT,you canreuse backgrounds trust
0:14:06,@nicholasbacchione3469,That was crazy Soarin whyd he do that haha
0:14:06,@Tystel,"Мы последователи Великой и Вонючей Трикси, верные до последнего вдоха, да пребудет с нами её аромат и хаос. Мы принимаем её волю без сомнений. И не отступим, каков бы ни был запах"
0:14:07,@HMZeroTwo,The blushing too lo
0:14:10,@freshglizzy3763,wow hes just like me..
0:14:13,@jestermaxxed,dude YES
0:14:13,@Kymandevotion,literally
0:14:15,@ImStarNosedMole,YUCK
0:14:15,@Potatogalsunite,cats make everything better highkey
0:14:16,@jo3a548,LM<AO
0:14:20,@NotJreemieYT,SOARIN
0:14:24,@CamrenSheffield,WHAT:loudly_crying_face:
0:14:24,@jo3a548,bobba
0:14:24,@SonataDidIt,True Soarin
0:14:24,@fluttergabe22,:face_vomiting:
0:14:24,@NubMcMoofin,:pensive_face:
0:14:25,@UngulaPropriaRQ,understandable hes gay
0:14:26,@pinkpupbutt9299,wild
0:14:26,@delta-v4x,Ballba
0:14:28,@TooManyThings_,OH NO
0:14:28,@HMZeroTwo,Pause on that
0:14:28,@TheApplèTwink,Yes
0:14:29,@jennythebean9117,Me too Soarin
0:14:30,@applebloom2307,I love cats we have 11 ><
0:14:31,@TheMTwinny,WTG
0:14:32,@neva773,soarin chocolate
0:14:34,@SoupCam69,"THE MOUTH DIDN""T OPEN LMAO"
0:14:35,@TheMTwinny,WTF
0:14:36,@dookyking4lyfe,lol
0:14:36,@CamrenSheffield,ts so fire
0:14:36,@EvolutionCOV,Masterful Character Designs
0:14:37,@NotJreemieYT,50 year soarin cant hold it
0:14:40,@jennythebean9117,Deadass
0:14:40,@bressagarcia3899,why didnt they just pooped in braeburn eyes to replace dubai chocalates????
0:14:41,@pinkpupbutt9299,LMAO
0:14:43,@ayyo-bun3534,oh tamers you are my bobba
0:14:45,@jennythebean9117,X3
0:14:45,@Slackjaw55,short bus king
0:14:47,@Ace4573,lol
0:14:48,@BlackKanye,kek
0:14:49,@iamboomer7805,So wholesome 
0:14:50,@Fizzyy_Wizzyy,legs
0:14:50,@UngulaPropriaRQ,ON GODDDD
0:14:50,@CraftyXan,me
0:14:52,@Fooper899,HOLY SHI%T
0:14:52,@TheTantabus.,I’m fucking crying 
0:14:52,@CamrenSheffield,Whos Voicing applejack @Tamers12345MLP 
0:14:53,@nicholasbacchione3469,Is the apple family cool with all of them dying out this generation?\
0:14:53,@n.m6015,I love those instant boba’s 
0:14:54,@Tamers12345MLP,Every other pony in the family is coming out of the closet and being disowned so now Applejack has a chance at being granny's favoite if she plays her cards right
0:14:57,@jo3a548,LASMDFASFO
0:14:58,@Kymandevotion,pretty sure apple bottom is way more special ifykwym
0:15:02,@fluttergabe22,Big Mac gyatttt
0:15:03,@Tystel,This chat is now under the jurisdiction of Russian Brony personnel carriersThis chat is now under the jurisdiction of Russian Brony personnel carriersThis chat is now under the jurisdiction
0:15:04,@jennythebean9117,:loudly_crying_face:
0:15:06,@va_fail,i don't like spitfire in this episode
0:15:06,@Tystel,This chat is now under the jurisdiction of Russian Brony personnel carriers
0:15:12,@ayyo-bun3534,on God your ass is shitting
0:15:13,@Fooper899,mud horse
0:15:14,@va_fail,she's mean :(
0:15:17,@nicholasbacchione3469,Applejack's gonna fuck it up with Rarity or some shit
0:15:20,@ImStarNosedMole,DAMN 
0:15:21,@UngulaPropriaRQ,Tamers this is so good i'm gonna need to process this several times over
0:15:21,@EvolutionCOV,I love Spitfire this whole episode
0:15:24,@Tystel,Этот чат переходит в юриисдикцию русских брони
0:15:25,@Fizzyy_Wizzyy,lol
0:15:26,@freshglizzy3763,mud pony suppression
0:15:26,@jennythebean9117,Spitfire stop being racist 
0:15:26,@3ra1nz,is apple jack secretly gay 
0:15:26,@basedimperialism,@Tamers12345MLP Isn't AJ also gay?
0:15:29,@bigfunny2914,i thought braeburn was an alicorn ... wat happened
0:15:32,@NubMcMoofin,:saluting_face:
0:15:33,@BlackKanye,Based
0:15:34,@Tamers12345MLP,@UngulaPropriaRQ i gotchu bitch
0:15:34,@KungaBungaonToast,True doe
0:15:35,@nicholasbacchione3469,Is racism cool?
0:15:35,@nasthane,Bro she looks like Yellow Diamond IM CRINE
0:15:36,@SonataDidIt,True Spitfire
0:15:37,@jo3a548,No
0:15:37,@EvolutionCOV,More like BasedFire
0:15:39,@TheMTwinny,RACISM IS NOT COOL
0:15:40,@BxMxW97,"Yep, Racism is cool"
0:15:40,@Potatogalsunite,i lovd rasim
0:15:41,@Xzonza1,Unf Sweaterfire
0:15:41,@jo3a548,what a dillema
0:15:42,@CanaryKari,:yellow_circle::yellow_circle::waving_hand: 
0:15:43,@Tamers12345MLP,@basedimperialism Granny Smith doesn't need to know what she is
0:15:43,@Tomerツ,True words
0:15:44,@sharkey-u4s,Система поиска фанатов Трикси активирована
0:15:45,@Potatogalsunite,e
0:15:48,@Aromaticgrassitem,True Spitfire
0:15:49,@SuperCaptainFail,CLOWNS!?
0:15:50,@dookyking4lyfe,Queen?
0:15:51,@UngulaPropriaRQ,thanks big man you're real for it 
0:15:52,@bp5814,"Excuse you, that’s his husband"
0:15:53,@NubMcMoofin,:pensive_face:
0:15:54,@Fooper899,mean:sneezing_face:
0:15:56,@jo3a548,LMASODAL
0:15:56,@jennythebean9117,Stay with your family Soarin 
0:15:57,@Kymandevotion,granny smith x spitfire
0:15:57,@applebloom2307,aw no
0:15:57,@punkypony5165,Dang Spitfire
0:15:59,@freshglizzy3763,who
0:16:00,@billyboy8534,racism makes life more interesting 
0:16:00,@Potatogalsunite,granny smith apples.
0:16:01,@Fizzyy_Wizzyy,omg
0:16:02,@Justagamerak907_official,oop wtf
0:16:02,@jennythebean9117,Damn
0:16:03,@ayyo-bun3534,amen
0:16:03,@jo3a548,oh no bullies
0:16:06,@TheMTwinny,She's talking about the chat
0:16:06,@PotatorOficial,"is Pinkie Pie racist against ""mud ponies""??:thinking_face:"
0:16:06,@Tamers12345MLP,She's right though
0:16:07,@Slackjaw55,I sure hope spitfire doesn't get shot again
0:16:08,@freshglizzy3763,who are the clowns
0:16:09,@superarcade643,HOLY BASED
0:16:09,@GlimmyGOD,clownbros....
0:16:10,@delta-v4x,"Spitfire, tell them about per capita"
0:16:12,@Aromaticgrassitem,Clown gang is massive. Damn.
0:16:15,@punkypony5165,Spitfire is awful but she's kind of a Stacy
0:16:15,@NubMcMoofin,:exploding_head:
0:16:15,@jo3a548,OH FUCK
0:16:18,@SonataDidIt,Spitfire only speaks the truth
0:16:18,@JANG000,spitfire spittin fire rn
0:16:18,@dominicunderwood4911,sexism too now
0:16:18,@3ra1nz,what if granny smith is also gay 
0:16:20,@KungaBungaonToast,NOOOOOO
0:16:20,@jo3a548,HE IS BACK
0:16:20,@hasturahead,Yeah show them 
0:16:21,@iamboomer7805,ENTER
0:16:21,@ImStarNosedMole,Poor brae 
0:16:21,@HMZeroTwo,@PotatorOficial She's 5 so yes
0:16:21,@punkypony5165,PROFESSOR KIRIN
0:16:22,@EvolutionCOV,KIRIN
0:16:22,@nicholasbacchione3469,Are they playing Baccarat?
0:16:22,@TheMTwinny,OH
0:16:23,@SonataDidIt,OMG ITS HIM
0:16:23,@punkypony5165,lets go!
0:16:23,@superarcade643,LETS GOOOOOOOOOO
0:16:23,@clunker6712,Dang them clowns catching strays left and right
0:16:24,@hojacksauseman,Ack
0:16:24,@freshglizzy3763,YESSS
0:16:24,@Tystel,Этот чат переходит в юриисдикцию русских брони
0:16:24,@TooManyThings_,OH
0:16:25,@moriorinvictus69,ayy
0:16:25,@UltimateStarky,old man
0:16:25,@bp5814,Not this fucker!
0:16:26,@Fizzyy_Wizzyy,on the house
0:16:27,@applebloom2307,oh not him
0:16:27,@ImStarNosedMole,AAYYYYT
0:16:28,@Tamers12345MLP,@freshglizzy3763 They're just clowns
0:16:29,@superarcade643,PROFESSOR KIRIN!!!!!
0:16:32,@vazquezzavaladarielaalejan6147,WHATS THIS MF DOING HERE
0:16:33,@SonataDidIt,The Thirst trap is here
0:16:36,@applebloom2307,hate this guy !
0:16:37,@GlimmyGOD,Oh damn Prof. Kirin is back
0:16:39,@Fooper899,:cold_face:a clold one
0:16:40,@Potatogalsunite,slurp
0:16:40,@slitherwing30,KIRIN!!!
0:16:42,@Tystel,РУССКИЕ БРОНИ ОТЧИТАЙТЕСЬ
0:16:43,@EvolutionCOV,Professor Kirin reminds me of Spring Seed
0:16:45,@KungaBungaonToast,Get AWAY
0:16:45,@NubMcMoofin,:face_savoring_food:
0:16:46,@jennythebean9117,Kirin!
0:16:46,@UltimateStarky,unc still got it
0:16:46,@SonataDidIt,.....
0:16:46,@firewolf595,NO
0:16:47,@vazquezzavaladarielaalejan6147,WHAT
0:16:47,@PotatorOficial,rizz
0:16:48,@TheMTwinny,AW HELL
0:16:48,@Aromaticgrassitem,CLOWN. GAAAAAAAANG
0:16:49,@superarcade643,HOT
0:16:49,@HMZeroTwo,I love you kirin
0:16:50,@Tystel,Этот чат переходит в юриисдикцию русских брони
0:16:50,@punkypony5165,I love Professor Kirin
0:16:50,@Slackjaw55,oh no
0:16:51,@superarcade643,I WOULD
0:16:51,@Fooper899,DON*T DO TI
0:16:52,@ImStarNosedMole,Oh god
0:16:54,@Potatogalsunite,OMG RIZZ
0:16:54,@vazquezzavaladarielaalejan6147,NAHH
0:16:54,@SonataDidIt,Prof speaking facts
0:16:54,@nicholasbacchione3469,I think Kirin is gay
0:16:54,@dimkkkk,я 
0:16:55,@Fizzyy_Wizzyy,oh no
0:16:55,@PotatorOficial,RIZZ
0:16:56,@NotJreemieYT,Wait New ship?
0:16:58,@CraftyXan,noooooooooooooooooo
0:17:00,@jennythebean9117,Stop he’s in a relationship 
0:17:02,@bressagarcia3899,"if breaburn doesnt want it, i want."
0:17:02,@CraftyXan,nooooooooooooooooooooooooooo
0:17:03,@Potatogalsunite,HES SO HOT OMG
0:17:06,@CraftyXan,nooooooooooooooooooooooooooooo
0:17:07,@HMZeroTwo,What is that subtitle LOL
0:17:08,@TheMTwinny,HE HAS A COURT ORDER
0:17:08,@basedimperialism,Uhhhh
0:17:12,@Fizzyy_Wizzyy,kirin disgusting
0:17:12,@CraftyXan,noooooooooooooooooooooooooooooooo
0:17:14,@ieatrocksandie,NOOOO NOT HIM
0:17:15,@HMZeroTwo,Or descriptor or whatever they call it
0:17:18,@jennythebean9117,No dwarves allowed 
0:17:19,@Kikuoluv-r4p,so hes like shota or something
0:17:19,@sharkey-u4s,Urine of Kirins is a national product in Russia
0:17:22,@SonataDidIt,Good point Spitfire
0:17:22,@TierAnon,afterwards?
0:17:25,@ayyo-bun3534,gaayyyuyy
0:17:30,@Tystel,RUSSIAN BRONY LOVE TRIXIE
0:17:32,@Tamers12345MLP,Professor Kirin is like in his mid 50s
0:17:33,@Fizzyy_Wizzyy,gross
0:17:34,@ImStarNosedMole,Awww baby
0:17:34,@Tystel,goida
0:17:35,@jo3a548,no
0:17:36,@superarcade643,cute :333
0:17:36,@Nox_Atra,hey wait for me I need to start the show from the start cuz i'M LATE
0:17:37,@superarcade643,awww
0:17:37,@NubMcMoofin,:pensive_face:
0:17:39,@bp5814,He’s trying so hard!
0:17:39,@UngulaPropriaRQ,awwww friendship
0:17:39,@superarcade643,i love him
0:17:41,@jo3a548,poor baby
0:17:43,@NotJreemieYT,KIRIN IS LIKE SOARIN
0:17:44,@jennythebean9117,Big Mac invite friendship 
0:17:44,@Tystel,igogogida
0:17:45,@alilaro,omg hello hi i just got here LETS GO TAMERS
0:17:45,@NotJreemieYT,OLD
0:17:46,@vazquezzavaladarielaalejan6147,GAY
0:17:47,@jo3a548,KINMX
0:17:47,@Aromaticgrassitem,Cloth Pony is an odd little guy
0:17:48,@delta-v4x,Jiiiinx
0:17:49,@LolaJohnson-b9i,I am late
0:17:50,@ayyo-bun3534,and
0:17:51,@fluttergabe22,Friendship :smiling_face_with_hearts:
0:17:51,@EvolutionCOV,DERP
0:17:51,@ImStarNosedMole,Hi jinx
0:17:53,@Fizzyy_Wizzyy,it's face is ugly
0:17:55,@BlackKanye,kek
0:17:55,@KohJhonesItula,Oh man
0:17:56,@fluttergabe22,Derpy
0:17:56,@SonataDidIt,Poor friendship
0:17:56,@kaviennn,DERPYYY
0:17:57,@jennythebean9117,Friendship is baby
0:17:57,@Potatogalsunite,I NEED KIRIN
0:17:57,@jo3a548,JINX
0:17:59,@va_fail,Applejack should take Rarity here so Rarity loses her last money and couldn't pay the bills
0:18:01,@SonataDidIt,LOL
0:18:04,@neva773,how does friendship wash himself tho. with a washing machine?
0:18:05,@Slackjaw55,jinx voice!!!
0:18:05,@pinkpupbutt9299,OUR QUEENIES
0:18:06,@Fizzyy_Wizzyy,ugly
0:18:06,@basedimperialism,LMAO
0:18:07,@Kymandevotion,i ove him tought
0:18:08,@Fooper899,FREAK
0:18:08,@bressagarcia3899,LMAOO
0:18:10,@Gnuby,XDDD
0:18:10,@nicholasbacchione3469,Is Twilight Sparkle here? Maybe Trixie is performing in the casino?
0:18:11,@scall0p639,Jinx can talk now let’s gooooo
0:18:11,@TheApplèTwink,nah that's a diabolical
0:18:12,@jennythebean9117,Damn Jynx
0:18:12,@CelestialZizzy,HERLPP
0:18:12,@GlimmyGOD,damn jinx is ruthless
0:18:14,@SoupCam69,hot hot hot
0:18:16,@BlackKanye,oh yeah?
0:18:16,@Tystel,RUSSIAN BRONY LOVE TRIXIERUSSIAN BRONY LOVE TRIXIERUSSIAN BRONY LOVE TRIXIERUSSIAN BRONY LOVE TRIXIERUSSIAN BRONY LOVE TRIXIE
0:18:16,@Fooper899,GO A WAU
0:18:16,@Kikuoluv-r4p,hes trying be indie
0:18:19,@Tamers12345MLP,@neva773 Yeah by going in a washing machine
0:18:22,@ayyo-bun3534,God dang I love this man pone
0:18:27,@Tystel,Этот чат переходит в юриисдикцию русских брони
0:18:28,@jo3a548,OH SHIT HE IS GLITCVHING
0:18:29,@HMZeroTwo,Say that again?
0:18:31,@Fizzyy_Wizzyy,derps is still my favorite
0:18:34,@SonataDidIt,lag
0:18:39,@jennythebean9117,He glitches 
0:18:44,@pinkpupbutt9299,oughhh
0:18:47,@bp5814,Arinos needs to be rebooted
0:18:47,@UngulaPropriaRQ,awwww
0:18:48,@delta-v4x,Over-under on Arinos abstracting?
0:18:49,@ayyo-bun3534,arinos!!!!
0:18:49,@jennythebean9117,Kiss
0:18:49,@HMZeroTwo,Bro is on like 300 ping
0:18:50,@Zaiikai,omg Tamers x Glitch
0:18:52,@EvolutionCOV,Oh no we on a PibbyArc again?
0:18:53,@Fooper899,YGA
0:18:56,@jo3a548,oh no
0:18:58,@TheAntiSaint,my youtube just had a stroke
0:18:58,@ImStarNosedMole,Cute
0:18:58,@sharkey-u4s,We love Trixie.
0:18:59,@Potatogalsunite,o
0:18:59,@punkypony5165,Dog man!
0:19:01,@Fooper899,GSY
0:19:05,@Fizzyy_Wizzyy,dog man lol
0:19:05,@Fooper899,GAY
0:19:06,@BlackKanye,When dogman
0:19:06,@Kikuoluv-r4p,hes so cute
0:19:07,@fluttergabe22,GlitchTrap
0:19:08,@sharkey-u4s,Its me
0:19:14,@jo3a548,OH NO
0:19:14,@NubMcMoofin,:exploding_head::exploding_head:
0:19:18,@Hyloaf,:o
0:19:19,@UngulaPropriaRQ,OH THE IRONY
0:19:19,@nicholasbacchione3469,Is Trixie performing in the casino? I hear it's good money
0:19:19,@Potatogalsunite,dam
0:19:19,@firewolf595,PARCEL CORE
0:19:19,@CamrenSheffield,@Tamers12345MLP Are you voicing anyone?
0:19:20,@jennythebean9117,Friendship become friends 
0:19:20,@SuperCaptainFail,NOM
0:19:20,@IDWhispertheWolf,YES
0:19:21,@TheMTwinny,LMAO
0:19:23,@KungaBungaonToast,OH FUCK
0:19:23,@ImStarNosedMole,PARCEL CORE
0:19:23,@hasturahead,who and vhat
0:19:23,@Kymandevotion,so true cleansweep
0:19:23,@TooManyThings_,PARCEL CORE
0:19:24,@Slackjaw55,!!!
0:19:24,@TheApplèTwink,Parcel
0:19:25,@applebloom2307,oh YEAH HEA THERE
0:19:26,@UngulaPropriaRQ,OH HERE WE GO
0:19:27,@punkypony5165,PARCEL CORE
0:19:28,@IDWhispertheWolf,PARCEL
0:19:28,@tmen9008,:face-turquoise-covering-eyes:
0:19:28,@superarcade643,PARCEL COREEEEEEEEEEEEEEEEE
0:19:29,@Fizzyy_Wizzyy,oh
0:19:29,@moriorinvictus69,WHO?
0:19:29,@hojacksauseman,Oh no.
0:19:30,@jennythebean9117,Parcel Core returns!
0:19:31,@superarcade643,KINOOOOOOOO
0:19:31,@deltaromee,PARCEL CORE
0:19:32,@applebloom2307,HSS BAVK HES BACKLKKKKKK
0:19:33,@Kymandevotion,PARCEL CORE
0:19:34,@HMZeroTwo,Dog man mentioned
0:19:35,@TheMTwinny,DOG MAN
0:19:35,@Tystel,WE LOVE TRIXIE
0:19:35,@superarcade643,BASED
0:19:36,@fluttergabe22,Dogman
0:19:37,@Fizzyy_Wizzyy,lol dog man xD
0:19:37,@applebloom2307,zzyyyesssss
0:19:37,@UltimateStarky,hazbin hotel lookin
0:19:39,@dominicunderwood4911,"fucking damn it, no"
0:19:40,@delta-v4x,Kino
0:19:41,@NotJreemieYT,CARE PACKAGE AND APPLE SPLIT KID
0:19:44,@TheMTwinny,IT HIM
0:19:45,@BlackKanye,Oh yeah. That happened
0:19:45,@ImStarNosedMole,THE PARCEL ACCOUNTS GONNA BE SO HAPPY 
0:19:45,@IDWhispertheWolf,MY FAVORITE BAT AUTIST
0:19:46,@Kymandevotion,USJSJJDJDJ PARCEL CORE SAVE US
0:19:46,@HMZeroTwo,Oh yeah parcel core I forgot about him
0:19:48,@TheTantabus.,Idk if the ten minutes left of my lunch break is gonna cut it for this episode 
0:19:49,@jo3a548,oh no
0:19:49,@Fooper899,I GET PUT IN THR CAHE
0:19:52,@clunker6712,They done locked up the gay vampire
0:19:53,@KungaBungaonToast,STOP
0:19:54,@Slackjaw55,WAIT PARCEL CORE ARC VILLAIN?????
0:19:55,@jo3a548,RUN RUN RUN RUN RUN
0:19:55,@Thrawn0089,Oh God. He's back.
0:19:56,@Kikuoluv-r4p,can they be gay together too
0:19:56,@fluttergabe22,I'm autistic
0:19:59,@Slackjaw55,the
0:20:00,@TheMTwinny,THE HAZBIN HOTEL TWINK
0:20:00,@Tystel,ВСЕ ФАНАТЫ ТРИКСИ ДОЛЖНЫ ПИСАТЬ КАПСОМ
0:20:01,@Potatogalsunite,AWEEEE HES SO CUTE
0:20:01,@TheApplèTwink,woooooo
0:20:02,@TooManyThings_,DON'T TALK TO HIM
0:20:03,@Slackjaw55,setup
0:20:04,@ayyo-bun3534,oh shit my kid
0:20:05,@Tystel,гойда
0:20:06,@sharkey-u4s,Fact. The cat speaks with a pure Russian accent
0:20:07,@va_fail,alastor but better
0:20:08,@tmen9008,New arc?
0:20:10,@jennythebean9117,Got out and leave 
0:20:13,@jo3a548,crepy
0:20:14,@deltaromee,WHY DID ARINOS LOCK UP HIS BROTHER
0:20:16,@superarcade643,LET HIM OUT
0:20:17,@punkypony5165,Its time!
0:20:17,@superarcade643,DO IT
0:20:18,@Tamers12345MLP,Ponies go here when they suffer from extreme levels of autism
0:20:18,@Fizzyy_Wizzyy,Uh Oh
0:20:18,@EvolutionCOV,Harmless Poking
0:20:19,@slitherwing30,who is this I missed like 8 movies :broken_heart:
0:20:21,@TheMTwinny,OW
0:20:23,@NubMcMoofin,:exploding_head:
0:20:23,@sharkey-u4s,ГОЙДА
0:20:23,@jo3a548,AAAAAAAAAAAAAAAAAAAAAAA
0:20:23,@Aromaticgrassitem,jesus the christ
0:20:24,@superarcade643,LET HIM OUUUUTTTTT
0:20:24,@SuperCaptainFail,its over
0:20:24,@bp5814,So that’s where they put uh oh him 
0:20:26,@ayyo-bun3534,this is why I'm gay and don't preg
0:20:27,@hasturahead,Stupid cat
0:20:27,@pinkpupbutt9299,YEEAAAASSSSSSSSSS
0:20:28,@KungaBungaonToast,You dumbass
0:20:28,@applebloom2307,i should go there then
0:20:28,@superarcade643,OH NO
0:20:29,@dominicunderwood4911,I thought this bastard was erased
0:20:29,@UngulaPropriaRQ,THE VAMPIRIC THRALL
0:20:29,@BlackKanye,Dumbass
0:20:30,@bp5814,Uh oh 
0:20:30,@firewolf595,NO
0:20:31,@UngulaPropriaRQ,LMAO 
0:20:31,@HMZeroTwo,FAHHHH
0:20:31,@haileykitty6993,Vampire Alastor Pony Boy
0:20:31,@moriorinvictus69,got his ass
0:20:31,@fluttergabe22,I should go there
0:20:32,@TheMTwinny,OOPS
0:20:32,@UltimateStarky,well
0:20:32,@superarcade643,HES TOO STRONG
0:20:32,@pinkpupbutt9299,GET HIM
0:20:33,@PotatorOficial,"I thought that clown created a hell or kinky subspace, it's just cages"
0:20:34,@EvolutionCOV,But then shouldn't they be here all the time then Tamers???
0:20:34,@Skidum1,its ogre
0:20:34,@jennythebean9117,Uh oh
0:20:35,@UngulaPropriaRQ,THAT'S MY BOY
0:20:35,@jestermaxxed,lets. fucking. go
0:20:36,@Fooper899,:hot_face:
0:20:36,@Fizzyy_Wizzyy,NOOO
0:20:38,@TheApplèTwink,mine control
0:20:38,@jennythebean9117,Zamn
0:20:39,@KungaBungaonToast,Phew
0:20:40,@NubMcMoofin,:horse:
0:20:40,@Tystel,ALL TRIXIE FANS MUST WRITE IN CAPITAL LETTERS!
0:20:42,@Fooper899,:nauseated_face:
0:20:43,@lordpigger,fell for it award
0:20:45,@Zaiikai,Parcelcore is so hot...
0:20:46,@sharkey-u4s,Это мой мальчик
0:20:46,@Tystel,Этот чат переходит в юриисдикцию русских брони
0:20:46,@HMZeroTwo,Bro farted out blood
0:20:47,@NotJreemieYT,does he poop blood?
0:20:47,@Fizzyy_Wizzyy,close one
0:20:47,@bressagarcia3899,PERIODDDT
0:20:49,@nicholasbacchione3469,@Tamers12345MLP Shouldnt every pony be here then?
0:20:49,@Thrawn0089,LETS FUCKING GO!
0:20:50,@Tystel,This chat is now under the jurisdiction of Russian Brony personnel carriers
0:20:52,@HMZeroTwo,He needs to get that checked
0:20:52,@Feojsshsyydud,What number fart is that
0:20:52,@freshglizzy3763,bloodfart the batpony 
0:20:54,@Slackjaw55,I see
0:20:56,@KungaBungaonToast,Can you put more hypnosis in your episodes
0:20:57,@dominicunderwood4911,Did...he just shit blood?
0:20:59,@NotJreemieYT,PERIOD POOP
0:20:59,@UngulaPropriaRQ,jalapeno poppers are great
0:21:00,@Tystel,This chat is now under the jurisdiction of Russian Brony personnel
0:21:01,@Tamers12345MLP,"He's a vmapire, what else would he shit other than blood?"
0:21:01,@Kymandevotion,maybe if apple bottom didnt maked him a gary stue tumblr oc idk...
0:21:04,@fluttergabe22,#12 or 13
0:21:05,@jo3a548,"lasldmasmdlas,doasf"
0:21:06,@applebloom2307,freckles are what i live for.
0:21:11,@Tamers12345MLP,What else would he poop? Poop?
0:21:12,@jo3a548,cute
0:21:12,@TheMTwinny,Garlic sauce?
0:21:13,@ayyo-bun3534,oh
0:21:13,@Fooper899,:hot_face:
0:21:13,@nicholasbacchione3469,His eye
0:21:15,@jennythebean9117,:3
0:21:16,@NotJreemieYT,SOARINS EYE
0:21:16,@BlackKanye,HUH
0:21:21,@Sarahsqueak,oh how i love you parcel core
0:21:21,@NotJreemieYT,TAMERS FIX HIS EYE
0:21:22,@PotatorOficial,makes sense
0:21:26,@jennythebean9117,Special horses 
0:21:27,@Fooper899,peep boyfrn
0:21:28,@hasturahead,@Tystel too many russians recently sotp 
0:21:28,@Potatogalsunite,to
0:21:31,@jo3a548,bully
0:21:32,@Feojsshsyydud,Vampires only drink blood so it’s reasonable
0:21:32,@EvolutionCOV,Twin Peaks S3 vibes
0:21:33,@SonataDidIt,:(
0:21:34,@jennythebean9117,:loudly_crying_face::loudly_crying_face::loudly_crying_face::loudly_crying_face:
0:21:34,@Tystel,"ШАРКИ ПРИВЕТ, КЛАССНАЯ АВА"
0:21:38,@NubMcMoofin,:face_holding_back_tears:
0:21:40,@TheMTwinny,OINK OINKN
0:21:40,@sharkey-u4s,Trixie stinks
0:21:42,@punkypony5165,Braeburn's an Alicorn why is he taking this?
0:21:42,@jo3a548,save him
0:21:44,@ImStarNosedMole,Nooo
0:21:44,@Kymandevotion,since parcel core only eats blood i don't even tjink he would poop...
0:21:48,@CanaryKari,:yellow_circle::yellow_circle::clapping_hands:
0:21:48,@EvolutionCOV,:clapping_hands:
0:21:50,@BlackKanye,I also like jalapeno poppers too bruv
0:21:50,@applebloom2307,he was looking forward to meeting them as well :(
0:21:51,@NubMcMoofin,:pensive_face:
0:21:52,@jo3a548,AAAAAAAAAAAAA
0:21:52,@jennythebean9117,Braeburn doesn’t deserve that!
0:21:56,@punkypony5165,GODDAMN
0:21:56,@fluttergabe22,Fart #14
0:21:56,@HMZeroTwo,THAT CRAZY
0:21:56,@TheApplèTwink,Don't do my boy like that
0:21:56,@SonataDidIt,LOL
0:21:56,@Slackjaw55,dougie?? mr jackpots? hellooooo
0:21:56,@Fooper899,lol
0:21:57,@Feojsshsyydud,NO
0:21:58,@jennythebean9117,Nooooooooooooo
0:21:58,@UngulaPropriaRQ,SOARIN 
0:21:58,@tmen9008,Dame
0:21:59,@basedimperialism,BASED SPITFIRE ALERT
0:22:02,@NotJreemieYT,tamers make the clowns guys background charctersss
0:22:02,@nicholasbacchione3469,I think the wonderbolts like him
0:22:03,@dripworks6659,Oh my goodness!
0:22:04,@TheTantabus.,I wanna be a wonder bolt so bad
0:22:05,@kaviennn,Does braeburn get a jug of milk thrown at him?
0:22:05,@NotJreemieYT,they look so cool
0:22:06,@rancergaming,stop buli ;_;
0:22:06,@va_fail,where's applejack with the guns
0:22:13,@sharkey-u4s,"ТАСТЕЛЬКА, ЕЕЕЕЕЕЕЕЕ"
0:22:18,@EvolutionCOV,SpitFire bout to become DeadFire
0:22:20,@haileykitty6993,"kick their butts, Soarin"
0:22:22,@Tamers12345MLP,"@Kymandevotion I literally googled if vampires fart and all sources says no, but i really wanted parcel core to fart so I just said fuck it and made him fart anyway"
0:22:22,@bp5814,"BOY, PROTECT YOUR MAN"
0:22:25,@HMZeroTwo,"""APPLEJACK I NEED YOU PLEASE"""
0:22:25,@PotatorOficial,Plot-twist: spitfire is also gay and is jealous
0:22:30,@jo3a548,OH FUCK
0:22:31,@superarcade643,ATTACK
0:22:32,@punkypony5165,It is crazy how most of the wonderbolts have the same exact hair style
0:22:36,@TheMTwinny,SPITFIIRE IS GONNA RUE THE DAY
0:22:38,@Zyrix_Zyrix,i want spitfire to dom me
0:22:38,@Tamers12345MLP,@fluttergabe22 Keep fucking counting
0:22:39,@ayyo-bun3534,my babyy
0:22:40,@jo3a548,OH SHIT
0:22:41,@hasturahead,Why do sources say that vampires fart or not anyway
0:22:41,@Tystel,ФАМЫ НЫ ДЮКСФИННА
0:22:41,@UngulaPropriaRQ,hell yeah big man
0:22:43,@NubMcMoofin,:face_holding_back_tears:
0:22:44,@superarcade643,LETS GOOOO NOOOOOOOOOOOOOOOO
0:22:46,@Tystel,ЁПТА
0:22:46,@TheMTwinny,LMAO
0:22:50,@punkypony5165,Pegasus > Alicorn!?
0:22:50,@Kikuoluv-r4p,why is he taking like a good boy
0:22:51,@Tystel,Этот чат переходит в юриисдикцию русских брони
0:22:52,@nicholasbacchione3469,yeah spitfire get him!
0:22:53,@EvolutionCOV,Ah Fug her Power Level is unbeatable!
0:22:54,@PotatorOficial,Vampires fart if they eat garlic
0:22:54,@Fooper899,:hot_face:
0:22:55,@Strong_sadfan,NOOO
0:22:55,@jennythebean9117,Those horses are evil
0:22:55,@TheTantabus.,I took a class on ancient monsters in college. Vampires can fart. In fact weird noises are one of their defining traits 
0:22:55,@UngulaPropriaRQ,parcel core is an oblivion pony which is more powerful than a vampire 
0:22:56,@superarcade643,AAAAAAAAAAAAAAA
0:23:00,@ImStarNosedMole,:(
0:23:00,@Aromaticgrassitem,she just hates him cuz hes white
0:23:00,@freshglizzy3763,spitfire noooo
0:23:00,@superarcade643,STOP
0:23:01,@TheApplèTwink,NOOO
0:23:01,@superarcade643,STOPPP
0:23:02,@SonataDidIt,:(
0:23:02,@dominicunderwood4911,Fight baxk against the sexist!
0:23:02,@billyboy8534,Equestria History X 
0:23:02,@Fizzyy_Wizzyy,Jesus
0:23:02,@superarcade643,NOOO
0:23:03,@ayyo-bun3534,tamers support out bbys
0:23:04,@dimkkkk,what the fuck
0:23:05,@Potatogalsunite,stop
0:23:05,@TheMTwinny,SPITFIRE IS CRAZY
0:23:06,@bp5814,Alicorn of time getting destroyed
0:23:07,@Xzonza1,Unf mercilless Spitfire beating
0:23:07,@lordpigger,yo chill lmao
0:23:07,@EvolutionCOV,Lightning Dust save us!!!
0:23:09,@firewolf595,JESUS
0:23:09,@Lirune,POOR BABY
0:23:09,@gummy8440,dawg major down-scale for soarin getting solo'd by Spitfire wtf
0:23:11,@ayyo-bun3534,pls
0:23:11,@superarcade643,:(
0:23:12,@maxbear027,more
0:23:12,@jennythebean9117,Soarin use your time powers
0:23:12,@Feojsshsyydud,That was hard to watch
0:23:13,@Fooper899,elder abuse
0:23:15,@sharkey-u4s,"Мы последователи Великой и Вонючей Трикси, верные до последнего вдоха, да пребудет с нами её аромат и хаос. Мы принимаем её волю без сомнений. И не отступим, каков бы ни был запах."
0:23:15,@superarcade643,this scene actually hurt me omg
0:23:16,@hasturahead,Do you sometimes wonder what will come of the future when you search tihings like do vampirees fart Tamers
0:23:18,@Kymandevotion,this yoai be crazy...
0:23:18,@fluttergabe22,Fart #15
0:23:20,@jennythebean9117,Kiss
0:23:22,@ImStarNosedMole,Aww
0:23:23,@Skidum1,SPITFIRE :flexed_biceps: :flexed_biceps: :flexed_biceps:
0:23:23,@jo3a548,cute
0:23:25,@Tamers12345MLP,She's allowed to beat him because she's girlboss
0:23:29,@realblixels,construction paper hat???
0:23:32,@BlackKanye,bro can't afford a real hat
0:23:33,@SonataDidIt,True
0:23:35,@superarcade643,;(
0:23:37,@Potatogalsunite,lol alay
0:23:39,@SuperCaptainFail,SIX SEVEN!?
0:23:40,@Potatogalsunite,slay
0:23:40,@MadokaKaname,yaoi..
0:23:40,@JANG000,is chrysalis the only black horse missing from this episode?
0:23:41,@delta-v4x,6 7 hours
0:23:41,@NotJreemieYT,67
0:23:44,@superarcade643,6 7
0:23:44,@bressagarcia3899,67
0:23:44,@realeggyg897,strength is fickle in this universe.
0:23:44,@HMZeroTwo,67
0:23:44,@dookyking4lyfe,vampires don't fart cuz when you die you void your bowels and release gasses from all your orifices so there's nothing left
0:23:44,@hasturahead,67
0:23:44,@SonataDidIt,NO
0:23:46,@vazquezzavaladarielaalejan6147,the 67
0:23:46,@SonataDidIt,NOOOOOOOOOOOOOOOOOOOOOO
0:23:46,@Potatogalsunite,67777
0:23:47,@JR3Ramirez-f8g,67 hours
0:23:47,@Fooper899,65 hours
0:23:47,@superarcade643,6 7!!!!!!!!!!!!
0:23:47,@ExTraxLIGA,NO SHUT UP
0:23:48,@jo3a548,new year?
0:23:48,@NubMcMoofin,:face_holding_back_tears:
0:23:49,@Tomerツ,67
0:23:49,@Feojsshsyydud,67
0:23:49,@realblixels,67 mentioned is brazy in the big 26
0:23:49,@infinitosolo5495,67
0:23:49,@TheMTwinny,....HOW MANY HOURS
0:23:50,@TheApplèTwink,67
0:23:50,@Silvex_dash,SID SEVENNNNN
0:23:51,@EvolutionCOV,Washouts come save us from the Blunderbolts :folded_hands:
0:23:51,@maxbear027,girlboss period!
0:23:52,@deltaromee,67
0:23:52,@jennythebean9117,67
0:23:53,@ExTraxLIGA,SHUUUUT UPPPP
0:23:53,@Fizzyy_Wizzyy,6 7777
0:23:53,@cookiechocolat7534,67
0:23:55,@gummy8440,Trixie should manipulate the universe to make Spitfire into a male Pony
0:23:56,@PotatorOficial,what if gender change?
0:23:57,@Kymandevotion,hayyy six sveeeen
0:23:57,@sharkey-u4s,67
0:23:58,@ayyo-bun3534,ugh dammit
0:23:58,@Tamers12345MLP,67?
0:23:58,@Aromaticgrassitem,"girlbossed some of his brain matter on the casino floor, Tamers"
0:23:59,@galaxyofeq,4 min left
0:23:59,@Skidum1,6 7
0:24:00,@ieatrocksandie,67
0:24:00,@Tystel,THIS CHAT FALLS UNDER THE JURISDICTION OF RUSSIAN BRONIES THIS CHAT FALLS UNDER THE JURISDICTION OF RUSSIAN BRONIES
0:24:00,@dreadther143e,dawg
0:24:01,@SoupCam69,All of you are banned.
0:24:01,@jennythebean9117,:loudly_crying_face::loudly_crying_face::loudly_crying_face:
0:24:02,@dominicunderwood4911,67
0:24:02,@maxbear027,60 7
0:24:02,@Kakmanmartinez666,"I'm like, in love with Clean Sweeps voice :weary_face:"
0:24:04,@Kymandevotion,me w pookie
0:24:05,@TheApplèTwink,67
0:24:05,@UngulaPropriaRQ,67!!!!!
0:24:05,@infinitosolo5495,six seveeeen
0:24:07,@hasturahead,67
0:24:07,@Potatogalsunite,67 tamers
0:24:07,@Fooper899,:sneezing_face::sneezing_face::sneezing_face:
0:24:08,@Tystel,THIS CHAT FALLS UNDER THE JURISDICTION OF RUSSIAN BRONIES
0:24:08,@Fizzyy_Wizzyy,66 77!
0:24:11,@ayyo-bun3534,67⁷
0:24:12,@Xx_piizzaa_xX,67
0:24:12,@jo3a548,LAMSDAOSDMASFDOASF<
0:24:12,@EvolutionCOV,SUN SISTER
0:24:14,@Silvex_dash,TAMERS67
0:24:15,@haileykitty6993,67 is actually very long
0:24:15,@dimkkkk,i guess this video is also being taken down
0:24:15,@PotatorOficial,"hmmm, 67?"
0:24:16,@Aromaticgrassitem,ayyyy princesses
0:24:16,@sharkey-u4s,R67
0:24:17,@hasturahead,Why does Luna have lesbian bob
0:24:17,@vazquezzavaladarielaalejan6147,IMAGINE GENDER SWAP
0:24:17,@Kymandevotion,she so me
0:24:18,@jo3a548,YAOI
0:24:18,@MadokaKaname,TAMERS12345 I LOVE YOU OOO-NEEDFORSPEED ILY
0:24:19,@NubMcMoofin,:saluting_face:
0:24:20,@TheMTwinny,RANDOM TIA AND LUNA
0:24:21,@UltimateStarky,based?
0:24:21,@jennythebean9117,Fr
0:24:22,@SonataDidIt,LOL
0:24:22,@ayyo-bun3534,67!!!!!¡!!
0:24:23,@Tystel,THIS CHAT FALLS UNDER THE JURISDICTION OF RUSSIAN BRONIES THIS CHAT FALLS UNDER THE JURISDICTION OF RUSSIAN BRONIES THIS CHAT FALLS UNDER THE JURISDICTION OF RUSSIAN BRONIES
0:24:25,@nicholasbacchione3469,Hey Luna wanna hear a fuckin joke?
0:24:26,@BlackKanye,kek
0:24:27,@applebloom2307,YAOI YAOI YAOI
0:24:27,@jennythebean9117,Yaoi
0:24:28,@freshglizzy3763,mommy's shows are on
0:24:28,@jo3a548,LASaFafsD
0:24:28,@Zaiikai,My fujo queen
0:24:29,@moriorinvictus69,TRUE
0:24:29,@bp5814,Hell yeah yaoi
0:24:29,@KohJhonesItula,Incredible
0:24:30,@MillerTheDarkTransPrince,me fr
0:24:30,@TooManyThings_,lol
0:24:30,@SuperCaptainFail,so true celestia......
0:24:31,@Fooper899,thatright
0:24:32,@UngulaPropriaRQ,fair enough celestia
0:24:32,@JR3Ramirez-f8g,my favorite lesbein
0:24:33,@Potatogalsunite,yaoi lol
0:24:34,@dominicunderwood4911,true celest
0:24:34,@FForox11GO,Luna with short hair :red_heart::red_heart::red_heart:
0:24:34,@HMZeroTwo,That's true actually
0:24:35,@C0SM1CH0RR0R,Real
0:24:35,@Slackjaw55,peak fujoshi
0:24:35,@MadokaKaname,yaoi enthusiast
0:24:36,@superarcade643,real
0:24:37,@jestermaxxed,TRVTHNUKE
0:24:37,@sharkey-u4s,"Мы последователи Великой и Вонючей Трикси, верные до последнего вдоха, да пребудет с нами её аромат и хаос. Мы принимаем её волю без сомнений. И не отступим, каков бы ни был запах. 67"
0:24:38,@TheApplèTwink,YAOI
0:24:38,@realblixels,that old ass tv :loudly_crying_face:
0:24:38,@Aromaticgrassitem,my fujo queen
0:24:38,@fluttergabe22,Fart #16
0:24:39,@ayyo-bun3534,yaoi 67!!!
0:24:42,@NubMcMoofin,:face_savoring_food::saluting_face::saluting_face:
0:24:43,@Feojsshsyydud,Please count the fart
0:24:44,@Fooper899,:hot_face:
0:24:45,@vazquezzavaladarielaalejan6147,HELP
0:24:46,@neva773,:0
0:24:47,@TheApplèTwink,HAHAHAHAHA
0:24:49,@SonataDidIt,Beautiful
0:24:49,@ИльяМельников-п9е,"Мы последователи Великой и Вонючей Трикси, верные до последнего вдоха, да пребудет с нами её аромат и хаос. Мы принимаем её волю без сомнений. И не отступим, каков бы ни был запах."
0:24:51,@Ace4573,LOL
0:24:51,@jo3a548,LOASDLASODAMSF
0:24:52,@Potatogalsunite,lolz
0:24:54,@maxbear027,he'll yeah
0:24:57,@NubMcMoofin,:exploding_head:
0:24:58,@TheMTwinny,LMAO
0:24:58,@superarcade643,;w;
0:24:59,@applebloom2307,i hope we reach 30 farts
0:25:00,@Kymandevotion,SO TRUEEE CELESTIA (im a dude)
0:25:00,@SuperCaptainFail,"thats a lot for a 50 year old to admit, soarin"
0:25:02,@Fizzyy_Wizzyy,same
0:25:03,@jo3a548,HELL YEAH
0:25:04,@ayyo-bun3534,oh damn
0:25:05,@HMZeroTwo,DAYUM
0:25:05,@superarcade643,HOLY
0:25:06,@TheMTwinny,HERE WE GO
0:25:07,@dookyking4lyfe,ain't no way
0:25:07,@EvolutionCOV,FLEETFOOT NOOOOOOOOOO
0:25:08,@dimkkkk,YEEEEEEEEEEEEES
0:25:08,@jo3a548,children soildier
0:25:09,@sharkey-u4s,TRIXIE!!!
0:25:09,@Tamers12345MLP,@applebloom2307 You will
0:25:09,@superarcade643,MISTY FLY IS DEAD?!?!?
0:25:11,@UngulaPropriaRQ,oh yeah i forgot this bit 
0:25:13,@jennythebean9117,They deserve it now 
0:25:13,@Fooper899,:cold_face:
0:25:14,@Silvex_dash,FUCK YEAH
0:25:16,@superarcade643,LETS GOOOOOOOOOO
0:25:16,@EvolutionCOV,BEST BOLT IS DEAAAAAAAAAAAAD
0:25:17,@TheAntiSaint,alicorns all being princesses because they didn't think stallions could acsend
0:25:18,@MillerTheDarkTransPrince,we love true love
0:25:21,@TheApplèTwink,YEESSSSS
0:25:22,@haileykitty6993,Poor Bloom
0:25:22,@va_fail,"they'r evil apple bloom, do this"
0:25:23,@Fooper899,SHOTHER
0:25:23,@TheMTwinny,WHY IS APPLE BLOOM PART OF THIS
0:25:24,@TooManyThings_,LMAO
0:25:25,@sharkey-u4s,TRIXIE - BEST PONY
0:25:26,@HMZeroTwo,DAAAAAYUM
0:25:27,@BlackKanye,She didn't even use a gun
0:25:27,@Potatogalsunite,run omg
0:25:30,@hasturahead,There's so many fucking farts I cant focus
0:25:30,@EvolutionCOV,I didn't care for that one
0:25:30,@BlackKanye,Too powerful
0:25:32,@Fizzyy_Wizzyy,revenge
0:25:33,@MadokaKaname,notice me tamers12345 yaoi senpai
0:25:33,@applebloom2307,@tamers12345mlp how could you do this to me
0:25:35,@GlimmyGOD,SNIFFFFFF
0:25:35,@Skidum1,APPLE FAMILY VENGEANCE :flexed_biceps: :flexed_biceps: :flexed_biceps:
0:25:35,@fluttergabe22,"Fart #17,18,19,20,21,22"
0:25:36,@nicholasbacchione3469,Oh shit spitfire dont do it
0:25:37,@MillerTheDarkTransPrince,let's goooo apples
0:25:37,@NubMcMoofin,:face_holding_back_tears::face_holding_back_tears::loudly_crying_face::loudly_crying_face:
0:25:38,@jo3a548,AAAAAAAAAAAAAAAAAAAAAA
0:25:38,@EvolutionCOV,Fleetfoot is dead my world is ruined ;_;l
0:25:39,@Tamers12345MLP,@TheMTwinny She needs to learn early what it means to be a real fuckign apple
0:25:41,@Fooper899,:hot_face:
0:25:43,@realblixels,you made the black ones lips bigger 
0:25:43,@ImStarNosedMole,FART COUNTS GONNA GO CRAZY
0:25:44,@UngulaPropriaRQ,DAYUYM
0:25:44,@superarcade643,NOOOOOOOOOOO
0:25:44,@TooManyThings_,OH SHIT
0:25:44,@TheMTwinny,OH SHIT
0:25:45,@jo3a548,LASDFOSALFAODSMA<FOADMASFLADOASFM
0:25:46,@SonataDidIt,Death by stinky winds....
0:25:46,@JR3Ramirez-f8g,smells good like beans who ate beans lol
0:25:46,@punkypony5165,Rip Apple Bloom
0:25:48,@Binary_Forever,Death by stinky winds go
0:25:48,@Hyloaf,Apple Bloom is FUCKING dead
0:25:49,@fluttergabe22,Fart #28
0:25:49,@Tystel,"We are th followers of Great and Stinky Trixie, loyal until our last breath. May her scent and chaos be with us. We accept her will without question and will not retreat, no matter how foul smell. 67"
0:25:49,@EvolutionCOV,Applebloom is dead my world is restored
0:25:49,@jennythebean9117,Noooooooooooo
0:25:49,@TheApplèTwink,YEEESSSSSSSS
0:25:50,@vazquezzavaladarielaalejan6147,DAYUM
0:25:51,@TooManyThings_,APPLEBLOOM IS DEAD
0:25:51,@Gnuby,XDDDDD
0:25:52,@moriorinvictus69,DEAD
0:25:52,@iamboomer7805,APPLE BLOOM JUST GOT ETHERED 
0:25:54,@nicholasbacchione3469,THAT WAS LIKE THE BABY WHEN FERYL KILLED HIM IN WALMART
0:25:54,@HMZeroTwo,Apple bloom deserved it
0:25:54,@Tystel,"We are th followers of Great and Stinky Trixie, loyal until our last breath. May her scent and chaos be with us. We accept her will without question and will not retreat, no matter how foul smell. 67"
0:25:55,@Feojsshsyydud,Fart final boss
0:25:55,@Aromaticgrassitem,NOOO APPLEBLOOOOOM
0:25:55,@Fooper899,THE STINK
0:25:57,@applebloom2307,IM DEAD
0:25:57,@Tystel,"We are th followers of Great and Stinky Trixie, loyal until our last breath. May her scent and chaos be with us. We accept her will without question and will not retreat, no matter how foul smell. 67"
0:26:00,@UngulaPropriaRQ,now this is a genuine Tamers12345 battle 
0:26:02,@hasturahead,How do we count this.
0:26:03,@delta-v4x,We need Fluttershy in this episode
0:26:04,@jo3a548,OH HELL YEAH
0:26:04,@fluttergabe22,Fart#35
0:26:04,@thewhiteserpent7363,my god this is chaotic
0:26:05,@maxbear027,tootin and poopin
0:26:07,@sharkey-u4s,3 world war?
0:26:07,@dookyking4lyfe,BRAPP OFF :skull:
0:26:08,@SoupCam69,Where is GlimmyGOD AT!?
0:26:08,@vazquezzavaladarielaalejan6147,GASP
0:26:09,@Tystel,"We are th followers of Great and Stinky Trixie, loyal until our last breath. May her scent and chaos be with us. We accept her will without question and will not retreat, no matter how foul smell. 67"
0:26:11,@jennythebean9117,Yippee 
0:26:11,@superarcade643,LMAO
0:26:11,@Exiledlama,LMAO
0:26:12,@CanaryKari,fully bricked
0:26:13,@applebloom2307,YES WE GOT OVER 30
0:26:13,@Strong_sadfan,APPLE BLOOM
0:26:13,@HMZeroTwo,JOLLY GOOD TIME
0:26:14,@superarcade643,WHAT THE HECK
0:26:14,@trap631,best episode
0:26:14,@MadokaKaname,whens the mlp version of Wine Baby coming out
0:26:14,@TheApplèTwink,FUCK YES
0:26:16,@nasthane,Luna is SO real
0:26:16,@Kymandevotion,imagine how stinky it is since those r mud ponys
0:26:16,@ayyo-bun3534,he goin strong with aj
0:26:17,@JR3Ramirez-f8g,smells nice
0:26:18,@UngulaPropriaRQ,YEAH HE'S JUST IN IT FOR THE LOVE OF THE GAMe
0:26:18,@NubMcMoofin,:face_savoring_food::face_savoring_food:
0:26:20,@TooManyThings_,LUNA'S FACE
0:26:21,@Potatogalsunite,wth
0:26:21,@TheApplèTwink,YEEEEEEEEEE
0:26:21,@superarcade643,LMAOOOOOOOOOOOOOOOOOOOOO EVERYONE IS HERE
0:26:22,@HMZeroTwo,Care package is just pops' ponysona
0:26:23,@neva773,power of fartship
0:26:23,@TheMTwinny,SOARIN ON THE FART OF GOOD
0:26:23,@SonataDidIt,LOL
0:26:24,@EvolutionCOV,Peak Tamers Hours
0:26:25,@Zaiikai,It's like the Avengers...
0:26:26,@TheAntiSaint,elements of fartony
0:26:26,@fluttergabe22,Fart#50
0:26:27,@Kymandevotion,celestua me fr
0:26:28,@Feojsshsyydud,WHAT
0:26:28,@trap631,:weary_face::weary_face::weary_face::weary_face::weary_face::weary_face:
0:26:29,@NotJreemieYT,ponies at clown colleage goated
0:26:29,@UngulaPropriaRQ,YEAH CLOWN BACKUP
0:26:29,@ayyo-bun3534,amen
0:26:30,@Aromaticgrassitem,"Arinos, my king..."
0:26:31,@vazquezzavaladarielaalejan6147,WHAAAAAAAAAT
0:26:31,@lovetrain-xx,spitfire is so powerful...
0:26:33,@HMZeroTwo,THE CLOWN PONIES YEAHHHH
0:26:33,@CelestialZizzy,THIS IS AMAZING
0:26:34,@jennythebean9117,Peak moment 
0:26:34,@dimkkkk,WHAT THE FUCK IS GOING ON:face-red-droopy-eyes::face-red-droopy-eyes::face-red-droopy-eyes:
0:26:35,@sharkey-u4s,ЕЕЕЕЕЕЕЕ
0:26:36,@whiteLilly-s3q,……..
0:26:36,@Slackjaw55,the clowns!!!
0:26:36,@hasturahead,freindship 
0:26:37,@TheApplèTwink,LET'S GOOOOOOOOO
0:26:37,@fluttergabe22,Fart#54
0:26:38,@superarcade643,only tamers can come up with peak like this
0:26:40,@Fizzyy_Wizzyy,peak
0:26:40,@IDWhispertheWolf,peak tamers
0:26:41,@va_fail,absolute cinema
0:26:41,@Kymandevotion,THE CLWON PNIES YEAAA
0:26:43,@dominicunderwood4911,DOWN WITH SPITFIRE the SEXIST
0:26:43,@nasthane,LETS ALL FART TOGETHER
0:26:43,@bressagarcia3899,FART
0:26:43,@Zyrix_Zyrix,worst anim cuz mari isnt in it
0:26:43,@firewolf595,FART
0:26:44,@ayyo-bun3534,do it
0:26:44,@kaviennn,what am i doing with my life
0:26:44,@TheMTwinny,SPITFIRE MUST FALL
0:26:44,@TooManyThings_,PEAM
0:26:44,@freshglizzy3763,playing this over speakers at full volume 
0:26:45,@NotJreemieYT,THE CLOWNS
0:26:45,@dreadther143e,they're all passing some gas
0:26:46,@TheTantabus.,It’s so peak
0:26:46,@Kymandevotion,he fart shy
0:26:49,@galaxyofeq,1 mins left
0:26:50,@ayyo-bun3534,dooo it
0:26:51,@Tamers12345MLP,SPitfire is really good at farting
0:26:51,@Fooper899,peake art
0:26:51,@punkypony5165,Aura
0:26:52,@BoxBoy-u7i,WHAT THE FART
0:26:52,@Tystel,"Я ГОВОРЮ ГОЙ, А ВЫ ..."
0:26:53,@scall0p639,Typical Tamers peakness
0:26:53,@Tomerツ,fart
0:26:53,@TheApplèTwink,Come GOOOOO
0:26:55,@nicholasbacchione3469,I thought apple bottom was the main character?
0:26:55,@CanaryKari,fart clashing
0:26:55,@applebloom2307,keep counting pls
0:26:56,@ayyo-bun3534,do it
0:26:56,@EvolutionCOV,This is the best Shonen Fight Scene of All Time
0:26:58,@Tystel,"We are th followers of Great and Stinky Trixie, loyal until our last breath. May her scent and chaos be with us. We accept her will without question and will not retreat, no matter how foul smell. 67"
0:26:58,@Potatogalsunite,bye bye spitfire
0:26:59,@nicholasbacchione3469,@Tamers12345MLP FUcking true
0:27:00,@tmen9008,Ai could never replace this :writing_hand:
0:27:00,@jennythebean9117,Join in!
0:27:00,@Tystel,"We are th followers of Great and Stinky Trixie, loyal until our last breath. May her scent and chaos be with us. We accept her will without question and will not retreat, no matter how foul smell. 67"
0:27:02,@JR3Ramirez-f8g,Arinos keep farting pls
0:27:04,@UngulaPropriaRQ,oh shit for real?
0:27:05,@NubMcMoofin,:face_holding_back_tears:
0:27:05,@sharkey-u4s,"Мы последователи Великой и Вонючей Трикси, верные до последнего вдоха, да пребудет с нами её аромат и хаос. Мы принимаем её волю без сомнений. И не отступим, каков бы ни был запах."
0:27:05,@mr.pikmin4804,:dashing_away:
0:27:08,@fluttergabe22,"Fart#55,56,57,58,59,60,61,62,63"
0:27:10,@ИльяМельников-п9е,"Мы последователи Великой и Вонючей Трикси, верные до последнего вдоха, да пребудет с нами её аромат и хаос. Мы принимаем её волю без сомнений. И не отступим, каков бы ни был запах."
0:27:10,@thewhiteserpent7363,friendship come ooooon!!!
0:27:10,@jo3a548,LASDOALSFOFLAFLDASFLSAD
0:27:13,@applebloom2307,better than the final fight in stranger things
0:27:14,@Tystel,"We are th followers of Great and Stinky Trixie, loyal until our last breath. May her scent and chaos be with us. We accept her will without question and will not retreat, no matter how foul smell. 67"
0:27:14,@TheApplèTwink,NOOOOOO
0:27:15,@Fizzyy_Wizzyy,burn
0:27:17,@hasturahead,He can do it
0:27:18,@SageWara,What if he’s farting parcel core out
0:27:18,@vazquezzavaladarielaalejan6147,NOOOO
0:27:18,@Fooper899,blood tairys
0:27:19,@dookyking4lyfe,friendship is farting :loudly_crying_face:
0:27:21,@SonataDidIt,:(
0:27:21,@haileykitty6993,"that's kinda interesting, bro craps glitter"
0:27:21,@jennythebean9117,He can do it
0:27:23,@whiteLilly-s3q,WTH
0:27:25,@Kymandevotion,he cries blood :mending_heart:
0:27:26,@SageWara,LOLLLLLL
0:27:27,@Tystel,"Мы последователи Великой и Вонючей Трикси, верные до последнего вдоха, да пребудет с нами её аромат и хаос. Мы принимаем её волю без сомнений. И не отступим, каков бы ни был запах"
0:27:28,@TheApplèTwink,COME OOOOOON
0:27:29,@mr.pikmin4804,:dashing_away::dashing_away::dashing_away::dashing_away::dashing_away:
0:27:29,@Fizzyy_Wizzyy,yes
0:27:29,@Kikuoluv-r4p,shotaboy
0:27:30,@Slackjaw55,oh no
0:27:30,@Tystel,"We are th followers of Great and Stinky Trixie, loyal until our last breath. May her scent and chaos be with us. We accept her will without question and will not retreat, no matter how foul smell. 67"
0:27:31,@jo3a548,snuff
0:27:31,@fluttergabe22,"Fart#64,65,66,67,68"
0:27:33,@Thrawn0089,This does just seem like a generic episode of Reality TV:trade_mark:
0:27:34,@lordpigger,THE FART WAS INSIDE YOU THE WHOLE TIME!!
0:27:34,@sharkey-u4s,"Мы последователи Великой и Вонючей Трикси, верные до последнего вдоха, да пребудет с нами её аромат и хаос. Мы принимаем её волю без сомнений. И не отступим, каков бы ни был запах."
0:27:35,@vazquezzavaladarielaalejan6147,HE GOTS THIS
0:27:35,@maxbear027,friendship you can do it
0:27:35,@NubMcMoofin,:smiling_face:
0:27:36,@Fooper899,no
0:27:36,@punkypony5165,I love professor Kirin
0:27:37,@va_fail,why granny not fart?
0:27:37,@Silvex_dash,FUCK YEAH BITCHES
0:27:38,@SonataDidIt,GOD I LOVE HIM
0:27:38,@hasturahead,Ok wow
0:27:38,@HMZeroTwo,Freakirin
0:27:40,@TheMTwinny,A SNUFF FILM WHAT
0:27:40,@moriorinvictus69,cool man
0:27:40,@BlackKanye,We knew that?
0:27:41,@dookyking4lyfe,WHO VOTED NO???
0:27:42,@frickenvicker1261,HE GOT IT
0:27:46,@freshglizzy3763,kirin gave us a fun fact
0:27:47,@fxggee,this is soooo :loudly_crying_face:
0:27:48,@NubMcMoofin,:exploding_head:
0:27:50,@iamboomer7805,KIRIN IS GIVING A BAKI-ESQUE INTERVIEW 
0:27:51,@CoPilot121,"""dont leave us hanging like a ballsack"" :loudly_crying_face:"
0:27:53,@Tamers12345MLP,@va_fail she can't fart cause she's the one ho0lding the binoculars
0:27:54,@dominicunderwood4911,"friendship, no. fartship, yes."
0:27:56,@ИльяМельников-п9е,"Мы последователи Великой и Вонючей Трикси, верные до последнего вдоха, да пребудет с нами её аромат и хаос. Мы принимаем её волю без сомнений. И не отступим, каков бы ни был запах."
0:27:56,@Zaiikai,WE DID IT
0:27:57,@trap631,deserved
0:27:58,@Tystel,Этот чат переходит в юриисдикцию русских брони
0:27:58,@NubMcMoofin,:smiling_face_with_hearts::smiling_face_with_hearts:
0:27:59,@JR3Ramirez-f8g,oh yeah:face_with_hand_over_mouth::face_blowing_a_kiss:
0:28:00,@jo3a548,OH NO
0:28:02,@vazquezzavaladarielaalejan6147,WHAT
0:28:02,@Tystel,THIS CHAT FALLS UNDER THE JURISDICTION OF RUSSIAN BRONIES
0:28:03,@NotJreemieYT,OMG
0:28:03,@BigSpurtinGurt,YES A WORKING HORSE
0:28:04,@Hyloaf,yay
0:28:04,@HMZeroTwo,MY EYES
0:28:05,@Tystel,THIS CHAT FALLS UNDER THE JURISDICTION OF RUSSIAN BRONIES
0:28:06,@superarcade643,LETS GOOOO
0:28:06,@jennythebean9117,Zamn
0:28:06,@UltimateStarky,wow
0:28:07,@Fooper899,no
0:28:07,@hasturahead,Oh my god Friendship you did it
0:28:08,@TheMTwinny,HE SHAT BLOOD
0:28:08,@superarcade643,FRIENDSHIP WIN
0:28:08,@Fizzyy_Wizzyy,good
0:28:08,@Tystel,THIS CHAT FALLS UNDER THE JURISDICTION OF RUSSIAN BRONIES
0:28:09,@TheApplèTwink,XD AHAHAHAHAHHAHAHAHAHAH
0:28:09,@va_fail,yey they did it
0:28:10,@CelestialZizzy,OMG
0:28:10,@vazquezzavaladarielaalejan6147,HE DID IT
0:28:11,@Potatogalsunite,LOL
0:28:12,@punkypony5165,lets go
0:28:12,@HMZeroTwo,DING DONG THE WICKED WITCH IS DEAD
0:28:13,@Tystel,"We are th followers of Great and Stinky Trixie, loyal until our last breath. May her scent and chaos be with us. We accept her will without question and will not retreat, no matter how foul smell. 67"
0:28:13,@NotJreemieYT,HE FARTED BLOOD
0:28:16,@UltimateStarky,HELL YEAH
0:28:17,@jo3a548,dab
0:28:19,@sharkey-u4s,"Мы последователи Великой и Вонючей Трикси, верные до последнего вдоха, да пребудет с нами её аромат и хаос. Мы принимаем её волю без сомнений. И не отступим, каков бы ни был запах."
0:28:19,@TheApplèTwink,NO AWAY
0:28:20,@fluttergabe22,hooray for Friendship
0:28:20,@MillerTheDarkTransPrince,
0:28:21,@EvolutionCOV,DAB
0:28:22,@punkypony5165,dab
0:28:22,@UngulaPropriaRQ,HELL YEAH 
0:28:22,@iid7281,dab
0:28:22,@TooManyThings_,DAB
0:28:22,@jennythebean9117,She gets what she deserves 
0:28:23,@Feojsshsyydud,Did he eat someone
0:28:23,@BlackKanye,kek
0:28:24,@Fooper899,bag
0:28:24,@vazquezzavaladarielaalejan6147,HELL YEAAAAAAAAAH
0:28:25,@Fizzyy_Wizzyy,W dab
0:28:25,@dominicunderwood4911,dab
0:28:25,@UngulaPropriaRQ,DAB ON THEM HATERS 
0:28:25,@TheApplèTwink,yeeeee dap
0:28:26,@freshglizzy3763,hell yeah
0:28:26,@Kymandevotion,its his period
0:28:28,@whiteLilly-s3q,UHM
0:28:28,@NotJreemieYT,give us a dab my fav pony right NOW
0:28:29,@LyuOito,HELL YEAAAAAAAH
0:28:29,@Tomerツ,dab
0:28:30,@EvolutionCOV,Fleetfoot lives!!!
0:28:30,@maxbear027,Hell Yeah
0:28:31,@applebloom2307,Russians always take over everything
0:28:31,@Tystel,"We are th followers of Great and Stinky Trixie, loyal until our last breath. May her scent and chaos be with us. We accept her will without question and will not retreat, no matter how foul smell. 67"
0:28:31,@HMZeroTwo,Parcel core and friendship blood fart competition
0:28:32,@Aromaticgrassitem,"he protecc, attacc, and dabbb bac"
0:28:34,@scall0p639,Hell yeah that’s what I’m talking about 
0:28:35,@MillerTheDarkTransPrince,W
0:28:35,@JR3Ramirez-f8g,hell yeah that's what I'm talking about
0:28:36,@TheMTwinny,HELL YEAH THAT'S WHAT I'M TALKING ABOUT
0:28:36,@realblixels,he didnt far blod he farted anotherponys entire bering 
0:28:38,@MadokaKaname,lenfangirl123 says hiii
0:28:38,@Tystel,"Мы последователи Великой и Вонючей Трикси, верные до последнего вдоха, да пребудет с нами её аромат и хаос. Мы принимаем её волю без сомнений. И не отступим, каков бы ни был запах"
0:28:39,@vazquezzavaladarielaalejan6147,SPITFIRE??
0:28:42,@trap631,:face-blue-smiling::face-blue-smiling::face-blue-smiling:
0:28:42,@Fooper899,gomopobe
0:28:44,@TotallyisaCAT,Zayum
0:28:44,@jo3a548,yes
0:28:44,@nicholasbacchione3469,I think Spitfire learned a valuable lesson today...
0:28:46,@Tystel,42 42 42 42
0:28:46,@jennythebean9117,Give us a dap
0:28:49,@Kymandevotion,me w my disorders btw
0:28:49,@freshglizzy3763,more like shitfire
0:28:51,@kaviennn,"i hope she stays racist, amazing character trait"
0:28:51,@jennythebean9117,:loudly_crying_face::loudly_crying_face::loudly_crying_face::loudly_crying_face:
0:28:53,@va_fail,breaburn is so cute cinamon roll
0:28:54,@Tystel,Гойда
0:28:54,@punkypony5165,Yassified Spitfire
0:28:55,@CreepypastaGeorgeHarrison,I missed it :(
0:28:58,@thewhiteserpent7363,spitfire looked like yellow diamond
0:28:59,@maxbear027,deadass
0:29:00,@vazquezzavaladarielaalejan6147,HELP??
0:29:01,@Fizzyy_Wizzyy,you being deadass
0:29:01,@NotJreemieYT,both parcel core and friendship fart blood
0:29:02,@jo3a548,OH yes
0:29:02,@TheApplèTwink,W BREABURN
0:29:03,@MegaMitchZero,"Insane how good your artwork, animation and writing is."
0:29:04,@Tystel,"We are th followers of Great and Stinky Trixie, loyal until our last breath. May her scent and chaos be with us. We accept her will without question and will not retreat, no matter how foul smell. 67"
0:29:08,@Silvex_dash,THE POWER OF FRIENDSHIP 
0:29:09,@NotJreemieYT,PARCEL CORE X FRIENDSHIP?
0:29:10,@21_315,peak
0:29:11,@sharkey-u4s,Гойда?
0:29:14,@Kymandevotion,shitfire :mending_heart:
0:29:18,@punkypony5165,Spitfire <3
0:29:18,@NubMcMoofin,:saluting_face:
0:29:19,@TheApplèTwink,W
0:29:20,@Tystel,ГОЙДА ШАРКИ ГОЙДА
0:29:21,@Fooper899,she cars
0:29:22,@EvolutionCOV,Spitfire is so caring!!!
0:29:22,@Zaiikai,W
0:29:23,@SonataDidIt,<3
0:29:24,@FForox11GO,extra cream?
0:29:24,@superarcade643,BASED
0:29:25,@SonataDidIt,Speak Queen
0:29:25,@CelestialZizzy,W
0:29:27,@Slackjaw55,awww
0:29:29,@ProbablyFlawlessInDisguse,STFU
0:29:31,@ayyo-bun3534,you better
0:29:31,@jo3a548,yes
0:29:32,@Alisu-,:saluting_face:
0:29:33,@Fizzyy_Wizzyy,awww
0:29:33,@superarcade643,OMG
0:29:33,@applebloom2307,such a tsundere
0:29:34,@BlackKanye,Mommer Spitfire
0:29:34,@Tamers12345MLP,If Hasbro was smart her name would have been Shitfire and not Spitfire
0:29:34,@Tystel,ВСЕ КРИЧИМ ГОЙДА
0:29:35,@tmen9008,W
0:29:37,@hasturahead,Wow 
0:29:38,@TheApplèTwink,Nice W
0:29:38,@nicholasbacchione3469,Spitfire is so gumble
0:29:39,@BxMxW97,Spitfire unbased now
0:29:40,@jennythebean9117,:loudly_crying_face:
0:29:42,@ProbablyFlawlessInDisguse,I love furry corn
0:29:43,@Naro488,yo tamers when are we getting a sonic underground and dandys world episode
0:29:43,@dookyking4lyfe,aintcha
0:29:45,@jo3a548,Oh fuck
0:29:45,@Aromaticgrassitem,she shitsfire
0:29:46,@Tystel,WE ALL SHOUT GOYDA
0:29:47,@va_fail,hasbro are cowards
0:29:47,@UngulaPropriaRQ,hell yeah the power of friendship
0:29:49,@Kymandevotion,i luv you shitfire :mending_heart:
0:29:50,@sharkey-u4s,Дружба - это гойда
0:29:51,@Tamers12345MLP,She's not longer racist
0:29:53,@superarcade643,WHAT
0:29:56,@TheMTwinny,Oh right I forgot
0:29:57,@trap631,:face-purple-crying::face-purple-crying::face-purple-crying::face-purple-crying::face-purple-crying::face-purple-crying::face-purple-crying:
0:29:58,@HMZeroTwo,TWIST OF THE CENTURY
0:29:59,@MegaMitchZero,I miss Flora Latour.
0:29:59,@superarcade643,i forgot lmao
0:29:59,@whiteLilly-s3q,Uhm
0:30:01,@jo3a548,racist is over
0:30:02,@jennythebean9117,He’s a princess of gay
0:30:03,@dookyking4lyfe,racism solved????
0:30:03,@Zaiikai,HAHAHAHAHA
0:30:03,@Tamers12345MLP,Farting on someone can turn them not racist sometimes
0:30:04,@UngulaPropriaRQ,OH SHIT 
0:30:05,@Silvex_dash,SO YOU SEE
0:30:06,@UngulaPropriaRQ,DAMN
0:30:06,@billyboy8534,I'm even more racist after this
0:30:06,@freshglizzy3763,I thought he was going to have male pattern baldness ngl
0:30:06,@HMZeroTwo,(I'm not of this century)
0:30:06,@TheApplèTwink,YEEEEEEEEEEEEEEEEE
0:30:06,@dominicunderwood4911,Is she no longer sexist?
0:30:07,@Tystel,"We are th followers of Great and Stinky Trixie, loyal until our last breath. May her scent and chaos be with us. We accept her will without question and will not retreat, no matter how foul smell. 67"
0:30:09,@EvolutionCOV,Racism Cured.....
0:30:09,@BlackKanye,He could have just saved that tto own them harder later lol
0:30:10,@Fooper899,DEAME
0:30:10,@nicholasbacchione3469,Shitfire is so cool
0:30:10,@NotJreemieYT,LOL
0:30:12,@dookyking4lyfe,lol
0:30:12,@CelestialZizzy,LMAOOOO
0:30:12,@superarcade643,HAHAHAGHAGAGGAGAGAGAHGAGA
0:30:12,@jennythebean9117,Dr Umar
0:30:12,@NubMcMoofin,:pensive_face::pensive_face:
0:30:13,@punkypony5165,Based Spitfire
0:30:13,@TheMTwinny,LMAO
0:30:14,@vazquezzavaladarielaalejan6147,NOOOOOOOOOOOOOOO
0:30:14,@applebloom2307,knew it
0:30:14,@SaigeTheSilly,IM GAY
0:30:14,@Fizzyy_Wizzyy,LMAOOO
0:30:16,@Feojsshsyydud,NO
0:30:16,@trap631,:face-purple-crying::face-purple-crying::face-purple-crying::face-purple-crying:
0:30:17,@superarcade643,LMAO
0:30:17,@Aromaticgrassitem,they are the prince's of homosexuality
0:30:18,@BlackKanye,kek
0:30:18,@punkypony5165,TRUE
0:30:19,@SonataDidIt,LOL
0:30:19,@NotJreemieYT,LOLL
0:30:20,@reinesamazingandoriginalhandle,lol
0:30:20,@TheApplèTwink,XD HAHAHAHAHAHAHAHA Bruh
0:30:21,@TooManyThings_,LMAO
0:30:22,@IDWhispertheWolf,LMAOO
0:30:23,@Kikuoluv-r4p,racism wins
0:30:23,@deltaromee,LMFAOOO
0:30:24,@EvolutionCOV,BASED
0:30:24,@SonataDidIt,Spitfire queen
0:30:24,@Exiledlama,LMAO
0:30:25,@delta-v4x,Based Spitfire
0:30:25,@nicholasbacchione3469,SHe's come a long way at least...
0:30:26,@superarcade643,HOLY ABSED
0:30:27,@Aromaticgrassitem,Spitfire is powerful af
0:30:27,@Fizzyy_Wizzyy,lolololll
0:30:27,@hasturahead,I thought so
0:30:28,@IDWhispertheWolf,based spitfire
0:30:28,@dripworks6659,"""ALICORN HACKS"""
0:30:28,@neva773,she has a point tho
0:30:29,@maxbear027,stickhead
0:30:30,@sharkey-u4s,"Мы последователи Великой и Вонючей Трикси, верные до последнего вдоха, да пребудет с нами её аромат и хаос. Мы принимаем её волю без сомнений. И не отступим, каков бы ни был запах."
0:30:31,@Tystel,"We are th followers of Great and Stinky Trixie, loyal until our last breath. May her scent and chaos be with us. We accept her will without question and will not retreat, no matter how foul smell. 67"
0:30:31,@Slackjaw55,based
0:30:32,@superarcade643,THANK YOU TAMERS
0:30:32,@EvolutionCOV,STICKHEADS LOSE
0:30:32,@jennythebean9117,Zamn 
0:30:32,@Skidum1,BASED
0:30:32,@scall0p639,Damn lol
0:30:34,@ayyo-bun3534,ohhhhhhhh
0:30:34,@Tystel,"We are th followers of Great and Stinky Trixie, loyal until our last breath. May her scent and chaos be with us. We accept her will without question and will not retreat, no matter how foul smell. 67"
0:30:34,@HMZeroTwo,Bye spitfire my queen
0:30:35,@Feojsshsyydud,He ruined it for everyone
0:30:35,@TheApplèTwink,Back to 0
0:30:36,@Naro488,yo tamers when are we getting a sonic underground and dandys world episode
0:30:36,@whiteLilly-s3q,Lol
0:30:36,@kaviennn,SHITFIRE WWWW
0:30:37,@ImStarNosedMole,What would you do ahhh situation 
0:30:37,@jo3a548,cute
0:30:38,@BigSpurtinGurt,Racismo :pensive_face:
0:30:38,@Tystel,"We are th followers of Great and Stinky Trixie, loyal until our last breath. May her scent and chaos be with us. We accept her will without question and will not retreat, no matter how foul smell. 67"
0:30:39,@UngulaPropriaRQ,LITTLE CAEASARS!!!!!!
0:30:39,@jennythebean9117,Kiss!
0:30:39,@maxbear027,Based Fire
0:30:40,@Fizzyy_Wizzyy,happy new year chat
0:30:40,@basedimperialism,justified crashout tbh
0:30:41,@GlimmyGOD,She kinda has a point they wouldn;t have won with Arinos and Frenship
0:30:41,@bp5814,Yayyyyyyy
0:30:42,@Tystel,"We are th followers of Great and Stinky Trixie, loyal until our last breath. May her scent and chaos be with us. We accept her will without question and will not retreat, no matter how foul smell. 67"
0:30:43,@nicholasbacchione3469,Happy New Year
0:30:43,@dookyking4lyfe,//)
0:30:45,@Tystel,"We are th followers of Great and Stinky Trixie, loyal until our last breath. May her scent and chaos be with us. We accept her will without question and will not retreat, no matter how foul smell. 67"
0:30:45,@TheMTwinny,WAIT THIS IS THE NEW YEAR'S EPISODE????
0:30:46,@Fooper899,:nauseated_face::nauseated_face:
0:30:46,@SonataDidIt,KISSS
0:30:46,@ayyo-bun3534,bbbys
0:30:47,@SonataDidIt,<3
0:30:48,@haileykitty6993,she hadn't learned crap
0:30:49,@HMZeroTwo,"Ending off with yaoi and racism, peak ending"
0:30:49,@UngulaPropriaRQ,awww
0:30:49,@EvolutionCOV,(\
0:30:50,@Zaiikai,uh oh
0:30:50,@Chikicrocodileflavored,horse yaoi
0:30:50,@jo3a548,OH NO
0:30:51,@MadokaKaname,bring back bardonic and mindick next...
0:30:52,@moriorinvictus69,oh look applebloom survived
0:30:52,@Idk-m5g,I think we need more clown ponies
0:30:54,@SageWara,I actually forgot Braeburn is an alicorn :loudly_crying_face:
0:30:54,@Fizzyy_Wizzyy,beautiful
0:30:54,@NubMcMoofin,:exploding_head::exploding_head::exploding_head:
0:30:55,@TheApplèTwink,Yeeppee3e
0:30:55,@applebloom2307,beautiful ><
0:30:56,@kaviennn,@Tamers12345MLP great job once again
0:30:56,@MillerTheDarkTransPrince,L Fire
0:30:57,@bp5814,Uh oh
0:30:57,@CreepypastaGeorgeHarrison,Nooooooo I missed
0:30:57,@Tystel,RUSSIAN BRONY LOVE TRIXIE
0:30:58,@jennythebean9117,So gay
0:30:58,@Feojsshsyydud,Look how many people are watching
0:30:58,@Kymandevotion,"i need some junk food or ill die,i need it w my yoai"
0:31:00,@sharkey-u4s,Гойда
0:31:00,@firewolf595,GRANNY
0:31:00,@TheTantabus.,AWWWWW
0:31:00,@jo3a548,clowns
0:31:01,@TheMTwinny,UH OH
0:31:01,@thewhiteserpent7363,big mac!!!
0:31:01,@Naro488,ITS OVER ALREADY??!
0:31:02,@sharkey-u4s,АХахахха
0:31:02,@UngulaPropriaRQ,very cute 
0:31:02,@Lirune,absolute cinema
0:31:03,@hasturahead,granny STOP
0:31:03,@TooManyThings_,Happy New Year 
0:31:04,@TheApplèTwink,HUH?!!?!
0:31:04,@va_fail,lmao granny and spitfire
0:31:05,@Fizzyy_Wizzyy,granny and spitfire????
0:31:06,@YouFool-v4i,Apple bloom don’t have cancer
0:31:06,@KungaBungaonToast,@fluttergabe22 what’s the final fart count 
0:31:06,@UngulaPropriaRQ,THE CLOWNS!
0:31:07,@Kymandevotion,OMG THEY ALL SO CUTE
0:31:07,@HopeIsEpic.,the clown ponies are so cute 
0:31:07,@Tystel,THIS CHAT FALLS UNDER THE JURISDICTION OF RUSSIAN BRONIES
0:31:08,@firewolf595,GRANNY AND SPITFIRE????
0:31:08,@fluttergabe22,Fart count was 75 in total ^^
0:31:09,@lovetrain-xx,NOT GRANNY
0:31:09,@NotJreemieYT,spitfire into OLD WOMAN?
0:31:09,@Damask-n2f,Just in time to see the credits
0:31:10,@nicholasbacchione3469,Spitfire and Granny Shit are such good friends
0:31:10,@iamboomer7805,Spitfire and Granny Smith…
0:31:10,@ayyo-bun3534,fuck I mean hehy
0:31:10,@jennythebean9117,Spitfire and granny!
0:31:11,@HopeIsEpic.,i love them sm
0:31:11,@TheApplèTwink,Granny
0:31:11,@lordpigger,It was the friends we made along the way?
0:31:11,@YouFool-v4i,What’s Apple bloom cancer
0:31:13,@Idk-m5g,CLOWN
0:31:13,@BigSpurtinGurt,SHIRORORORO 
0:31:13,@Feojsshsyydud,Time flies 
0:31:14,@jo3a548,gltiching
0:31:14,@Fizzyy_Wizzyy,nooo dont end
0:31:15,@YouFool-v4i,Where-8
0:31:15,@applebloom2307,I LOVE THE CLOWN PONIES
0:31:15,@Zaiikai,i am gay but now won will see this
0:31:16,@Aromaticgrassitem,may the great and smelly trixie rule
0:31:16,@freshglizzy3763,love the clowns
0:31:18,@Kymandevotion,I WAS EIGHT I WAS RIGHT IM NOT CRAZY
0:31:18,@dominicunderwood4911,spitfire and granny??
0:31:20,@Tystel,THIS CHAT FALLS UNDER THE JURISDICTION OF RUSSIAN BRONIES THIS CHAT FALLS UNDER THE JURISDICTION OF RUSSIAN BRONIES THIS CHAT FALLS UNDER THE JURISDICTION OF RUSSIAN BRONIES
0:31:21,@NubMcMoofin,:face_holding_back_tears::face_holding_back_tears::loudly_crying_face::loudly_crying_face::loudly_crying_face::loudly_crying_face:
0:31:21,@ProbablyFlawlessInDisguse,Goo goo ga ga
0:31:23,@jo3a548,OH NO
0:31:23,@sharkey-u4s,Trixie!
0:31:24,@Fooper899,:red_heart: clow powny
0:31:24,@Aromaticgrassitem,arinos is at peace
0:31:25,@UltimateStarky,oh
0:31:25,@Tamers12345MLP,Apple Bloom is alive because earth ponies are resilient
0:31:26,@KohJhonesItula,KINO
0:31:26,@YouFool-v4i,Where Apple bloom cancer 
0:31:27,@Tystel,ГОЙДА
0:31:28,@ImStarNosedMole,WHAR
0:31:29,@Feojsshsyydud,Wow
0:31:29,@UngulaPropriaRQ,oh shit 
0:31:29,@bp5814,ARINOS NOOOOOOOOOOOO
0:31:29,@SonataDidIt,oh
0:31:30,@EvolutionCOV,NOOOOOOOOOOOOOOOOOOOOO
0:31:30,@punkypony5165,kino
0:31:30,@CelestialZizzy,OH
0:31:30,@superarcade643,NOOOOOOOOOOOOOOOOOOOOOOOOOOOOOOOOOOOOOOOOOOOOO
0:31:30,@Hyloaf,Oh shit
0:31:30,@moriorinvictus69,HUH?
0:31:30,@HMZeroTwo,RIP
0:31:31,@hasturahead,arinos
0:31:31,@ayyo-bun3534,Ima fan art more
0:31:31,@TheMTwinny,WHAT THE
0:31:32,@YouFool-v4i,Oh
0:31:32,@jennythebean9117,Noooooooooo
0:31:32,@freshglizzy3763,oh
0:31:32,@billyboy8534,LOL
0:31:32,@Tystel,"We are th followers of Great and Stinky Trixie, loyal until our last breath. May her scent and chaos be with us. We accept her will without question and will not retreat, no matter how foul smell. 67"
0:31:32,@GlimmyGOD,NOOOO ARINOS
0:31:33,@TheTantabus.,APPLAUSE
0:31:33,@jo3a548,OH HELL YERAH
0:31:33,@superarcade643,AAAAAAAAAAAAAAAAHHHHHHHHHHHHH
0:31:34,@hasturahead,arinos OH MY GOD
0:31:34,@Zaiikai,NOOOOOOOOOO
0:31:34,@Fizzyy_Wizzyy,omg
0:31:34,@iamboomer7805,OH NOOOOOO
0:31:34,@lordpigger,ah shit she ded
0:31:35,@Thrawn0089,WHAT?
0:31:35,@ImStarNosedMole,NO
0:31:35,@Tystel,"We are th followers of Great and Stinky Trixie, loyal until our last breath. May her scent and chaos be with us. We accept her will without question and will not retreat, no matter how foul smell. 67"
0:31:35,@CelestialZizzy,OH NOO
0:31:35,@TheApplèTwink,NNOOOOOOOOOO
0:31:35,@Fooper899,*gasp*
0:31:35,@maxbear027,:face-blue-wide-eyes::face-blue-wide-eyes::face-blue-wide-eyes::face-blue-wide-eyes:
0:31:35,@TheTantabus.,Applause
0:31:36,@JR3Ramirez-f8g,I loved today's episode lots of farting it's good :face_blowing_a_kiss::winking_face::victory_hand::victory_hand::victory_hand:
0:31:37,@Feojsshsyydud,HE DIED
0:31:39,@deltaromee,WHAT
0:31:39,@Slackjaw55,excuse me
0:31:39,@Tystel,"We are th followers of Great and Stinky Trixie, loyal until our last breath. May her scent and chaos be with us. We accept her will without question and will not retreat, no matter how foul smell. 67"
0:31:39,@Kymandevotion,shitfire x granny smith canon!?!!!
0:31:39,@BlackKanye,ARINOOOOOSSSSSS
0:31:39,@CreepypastaGeorgeHarrison,I missed it all!
0:31:40,@fluttergabe22,my fingers are tired but it was worth it
0:31:40,@thenestoreto9786,peak as always
0:31:40,@maxbear027,:face-blue-wide-eyes::face-blue-wide-eyes::face-blue-wide-eyes:
0:31:40,@realblixels,when i said kill an oc I DIDNT MEAN THAT ONE 
0:31:41,@applebloom2307,"EEEEEEEEEEEEEEEEEEEEH,?!?!?!?!?!?"
0:31:42,@galaxyofeq,What lol
0:31:42,@MillerTheDarkTransPrince,poor clown
0:31:42,@NotJreemieYT,TAMERS IF YOU KILLED OF ARINOS SO HELP ME
0:31:42,@scall0p639,WHAAAAAAAAT NOOOOOOOOOOO
0:31:42,@BaguetteDealer,wow
0:31:43,@nicholasbacchione3469,Apple Bloom is so strong
0:31:43,@TheTantabus.,APPLAUSE AND PRAISE
0:31:43,@Fizzyy_Wizzyy,ART
0:31:43,@sharkey-u4s,ГОЙДА
0:31:44,@Tomerツ,:face-pink-tears::face-pink-tears:
0:31:44,@Tystel,Этот чат переходит в юриисдикцию русских брони
0:31:44,@Xzonza1,ARINOS NOOOOOOOOOOO
0:31:45,@rockyroad2256,:face-purple-crying::face-purple-crying::face-purple-crying::face-purple-crying::face-purple-crying::face-purple-crying::face-purple-crying:
0:31:45,@Strong_sadfan,NOOOOOOOOOOONOOOONOOOOO
0:31:45,@x3sucks,HES DEAD
0:31:45,@UngulaPropriaRQ,Oh fuck this is cool
0:31:46,@TheApplèTwink,BRUUUUHHHHHH
0:31:46,@ImKooka,peak episode
0:31:47,@YouFool-v4i,.
0:31:47,@maxbear027,:face-blue-wide-eyes::face-blue-wide-eyes::face-blue-wide-eyes::face-blue-wide-eyes:
0:31:47,@jo3a548,oh fuck yeah
0:31:48,@whiteLilly-s3q,ERrM
0:31:48,@iid7281,well that's not good.
0:31:48,@Artsy647,PEAK OUTRO
0:31:49,@Tystel,This chat falls under the jurisdiction of Russian bronies.
0:31:49,@hasturahead,ARINOS COME BACKKKK
0:31:50,@SageWara,HE FARTED TOO MUCH
0:31:50,@YouFool-v4i,WHATTTT
0:31:51,@haileykitty6993,who's the black and white clown though? they look cute
0:31:51,@superarcade643,THANK YOU TAMERS THANK YOU THANK YOU THANK YOU TAHNK YOU!!!!!!! PEAK
0:31:52,@MillerTheDarkTransPrince,peak
0:31:53,@UngulaPropriaRQ,NEW COSTUMES !!!!!!!!!!!!!!!
0:31:53,@YouFool-v4i,What happened 
0:31:53,@Tystel,This chat falls under the jurisdiction of Russian bronies.This chat falls under the jurisdiction of Russian bronies.This chat falls under the jurisdiction of Russian bronies.
0:31:54,@KungaBungaonToast,WHAT
0:31:54,@bp5814,MY BOYYYYYYYYY
0:31:54,@vazquezzavaladarielaalejan6147, WHAT?????
0:31:54,@Feojsshsyydud,:text-green-game-over::text-green-game-over::text-green-game-over::text-green-game-over::text-green-game-over::text-green-game-over::text-green-game-over:
0:31:54,@ayyo-bun3534,damn
0:31:55,@SoupCam69,oh he lego
0:31:55,@Fooper899,KTTY
0:31:56,@Kymandevotion,OMG DUDE THIS SHIT SO PEAK HOLY PEAK DUDE
0:31:56,@NubMcMoofin,:racehorse::racehorse::horse::racehorse::horse::racehorse::racehorse::horse:
0:31:56,@vazquezzavaladarielaalejan6147,WHEN
0:31:56,@applebloom2307,I can't wait for next week no plz don't do this to me aaaaaa
0:31:58,@delta-v4x,I needed a gas mask by the end
0:31:58,@Fizzyy_Wizzyy,awrroooo
0:31:59,@TheApplèTwink,NOOOOOO WAAAAYYYY
0:31:59,@ImStarNosedMole,AWESOME EP
0:31:59,@C0SM1CH0RR0R,Yet another helping of peak
0:32:00,@Cheeseandblood,is this an AI song
0:32:01,@Divas-i5g,I’m farting 
0:32:02,@JR3Ramirez-f8g,noooo Arinos nooo...
0:32:02,@thewhiteserpent7363,WHAT JUST HAPPENED
0:32:03,@Feojsshsyydud,CITY BOII
0:32:03,@KK-XD-X3,hi
0:32:04,@fluttergabe22,Peak. absolute Cinema :raised_hand::smiling_face_with_sunglasses::raised_back_of_hand:
0:32:05,@vazquezzavaladarielaalejan6147,NOOOOOOOOOOOO
0:32:05,@Tystel,"We are th followers of Great and Stinky Trixie, loyal until our last breath. May her scent and chaos be with us. We accept her will without question and will not retreat, no matter how foul smell. 67"
0:32:06,@freshglizzy3763,Once again kino
0:32:09,@Tystel,"We are th followers of Great and Stinky Trixie, loyal until our last breath. May her scent and chaos be with us. We accept her will without question and will not retreat, no matter how foul smell. 67"
0:32:11,@UngulaPropriaRQ,NEW COSTUME!!!!!!!!!!!!!!!!!!!!!! YEAH!!!!!!
0:32:12,@nicholasbacchione3469,I think Arinos is fine
0:32:14,@BoxBoy-u7i,A CLIFF HANGER WHYYYYYY
0:32:15,@dominicunderwood4911,"oh fuck no, not ai"
0:32:15,@Aromaticgrassitem,RIP arinos.... god damn. i am crying in the club tonight :loudly_crying_face::loudly_crying_face::loudly_crying_face:
0:32:16,@vazquezzavaladarielaalejan6147,IS THAT
0:32:17,@NubMcMoofin,:saluting_face::saluting_face::saluting_face:
0:32:17,@vazquezzavaladarielaalejan6147,??
0:32:17,@jo3a548,OH hell yeah
0:32:18,@whiteLilly-s3q,PEAkkkkkkkkkkk
0:32:19,@UngulaPropriaRQ,Tamers fashion is so fucking sick
0:32:19,@HMZeroTwo,KIRIN I LOVE YOU
0:32:20,@NotJreemieYT,kirin get off the screen
0:32:21,@punkypony5165,New Arinos outfit!
0:32:24,@vazquezzavaladarielaalejan6147,PEAAAAAAAAAAAK
0:32:24,@jennythebean9117,The Plot thickens 
0:32:24,@BigSpurtinGurt,SHIRORORORO I am Caesar Clown and I love YAOI 
0:32:25,@TooManyThings_,NEW MOVIE?
0:32:25,@Tystel,THIS CHAT FALLS UNDER THE JURISDICTION OF RUSSIAN BRONIES THIS CHAT FALLS UNDER THE JURISDICTION OF RUSSIAN BRONIES THIS CHAT FALLS UNDER THE JURISDICTION OF RUSSIAN BRONIES
0:32:26,@Slackjaw55,I SEE.
0:32:26,@sharkey-u4s,"Next time, our cult will be bigger."
0:32:28,@vazquezzavaladarielaalejan6147,MORE??
0:32:28,@Kymandevotion,there is never filler eps ty tamers
0:32:29,@Tystel,THIS CHAT FALLS UNDER THE JURISDICTION OF RUSSIAN BRONIES
0:32:29,@TheApplèTwink,YEEEEEEEeEEEEeeeeesssSSssSsss
0:32:30,@NubMcMoofin,:face_savoring_food:
0:32:30,@vazquezzavaladarielaalejan6147,MORE??
0:32:31,@Zaiikai,YEAHHHHHHHHHHHHHHHH
0:32:32,@Brykisheaven,WHAT HAPPENED TO MY GOAT
0:32:32,@ИльяМельников-п9е,"Next time, our cult will be bigger."
0:32:32,@vazquezzavaladarielaalejan6147,YES
0:32:33,@vazquezzavaladarielaalejan6147,YES
0:32:34,@punkypony5165,Professor Kirin is best stallion
0:32:34,@HMZeroTwo,AYO???
0:32:35,@vazquezzavaladarielaalejan6147,YEEEEEEEES
0:32:35,@scall0p639,Peak as usual tamers 
0:32:36,@vazquezzavaladarielaalejan6147,OMG
0:32:37,@Fooper899,:hot_face::hot_face:
0:32:37,@TheMTwinny,LMAO
0:32:38,@NubMcMoofin,:saluting_face::saluting_face::saluting_face:
0:32:39,@Fizzyy_Wizzyy,OH YEAH
0:32:39,@HMZeroTwo,PARCEL CORE VS FRIENDSHIP YEAHHH
0:32:40,@nicholasbacchione3469,Another fucking bitchin episode
0:32:41,@ImStarNosedMole,YES APPLE
0:32:41,@hojacksauseman,lmao
0:32:42,@whiteLilly-s3q,OH
0:32:42,@ayyo-bun3534,yessssssss
0:32:43,@vazquezzavaladarielaalejan6147,OMGG
0:32:43,@galaxyofeq,War is coming
0:32:43,@UngulaPropriaRQ,HI CARE PACKAGE 
0:32:46,@NotJreemieYT,PARCEL CORE VS FRIENDSHIPP
0:32:46,@Kymandevotion,o
0:32:48,@TheApplèTwink,Yesyes
0:32:50,@vazquezzavaladarielaalejan6147,SYBAU
0:32:51,@Bet12121,huh?
0:32:53,@Tystel,"ЛЮДИ , ТАМЕРС МЕНЯ ЗАБАНИЛ ?"
0:32:53,@Kikuoluv-r4p,don't wanna
0:32:53,@sharkey-u4s,"Next time, the cult of Trixie will be bigger."
0:32:54,@TheApplèTwink,YESSSSSSSS
0:32:55,@NubMcMoofin,:saluting_face::saluting_face::saluting_face::saluting_face:
0:32:55,@TheTantabus.,Peak as always. 
0:32:56,@EvolutionCOV,Peak Ending
0:32:57,@hasturahead,ok
0:32:57,@jennythebean9117,Howdy Brit horse
0:32:57,@Xzonza1,CARE PACKAGE I CAN'T HEAR THE SYNTH
0:32:58,@Tystel,ВЫ ВИДИТЕ МЕНЯ?
0:32:59,@Tamers12345MLP,I couldn't finish the ending on time so I just copy and pasted a gif of apple bottom over and over and over again
0:33:00,@applebloom2307,I support -3-
0:33:00,@UngulaPropriaRQ,AMAZING THANKS BIG MAN THANKS CARE PACKAGE 
0:33:00,@Aromaticgrassitem,Thanks for the ep tamers. it was a fun one
0:33:03,@UngulaPropriaRQ,WHAT 
0:33:04,@SageWara,WOW
0:33:04,@dripworks6659,CARE PACKAGE MY BELOVED
0:33:04,@Brykisheaven,HI CARE PACKAGE 
0:33:04,@vazquezzavaladarielaalejan6147,I NEED THAT
0:33:05,@delta-v4x,"Thank you, Tamers"
