timestamp,author,message
0:00:00,@Amirwouldofgames,Yesssssss
0:00:02,@laahocsm0019,it begins
0:00:02,@hollywareham6810,0
0:00:04,@JoshThePinkGump,ABYSMAL DOGSHIT IS COMING ON
0:00:04,@devingibson1076,show time
0:00:05,@NubMcMoofin,:racehorse::racehorse::racehorse::horse::racehorse::horse::horse::racehorse:
0:00:06,@TheMTwinny,WINX
0:00:06,@LUNN4T1C,YES
0:00:08,@AnimeGames16,TAMERS
0:00:08,@MiniPlush12,it begun
0:00:08,@applebloom2307,"OOO, starting from here!!!"
0:00:09,@alishaadekunle9098,yayyyyyyyyyyyyyyyyyyyyyyyyyyyyyyyyyyyyyyyyyyyyyyyyyyyyyyyyyyyyyyyyyyyyyyyyyyyyyyyyyyyyyyyyyyyyyyyyyessssssssssssssssssssssssssssssssssssssssssssssssssssssssssssssssssssssssssssssssssssssssssssssssssss
0:00:10,@UngulaPropriaRQ,OH DAMN 
0:00:11,@Vsnumber1simp,YES IT BEGINS
0:00:13,@Treekotrouble,we're bringing this back
0:00:14,@jo3a548,Oh fuck
0:00:16,@bartc561,OG voice!
0:00:17,@SonataDidIt,the best VA
0:00:17,@misakayy1911,hehe
0:00:17,@TheMTwinny,TAMERS
0:00:18,@thegoodoldays911,HELL YEAH
0:00:18,@Hyloaf,The mural :o
0:00:18,@Lulu-ot5gw,is that... TAMERS?
0:00:18,@jo3a548,We will finally know
0:00:19,@cricket_gaming_hd9439,VOICE ACTING
0:00:19,@UngulaPropriaRQ,WE'RE PICKING UP 
0:00:19,@elskywardgonz9929,That voice actor is pretty good 
0:00:20,@jennythebean9117,Yippee 
0:00:20,@Vsnumber1simp,RAHHHHHHHH
0:00:20,@billyboy8534,Tamers is best VA
0:00:21,@punkypony5165,I love Tamers voice acting
0:00:22,@Lucario4thewin,heh heh heh
0:00:23,@galaxyofeq,Those two?
0:00:26,@Pocket_of_Explosives,starting strong already
0:00:28,@makotoikari4854,omg.. 孫悟空
0:00:28,@MillerTheDarkTransPrince,yayyyy
0:00:30,@UngulaPropriaRQ,KAKAROT 
0:00:32,@TheMTwinny,GOKU
0:00:32,@Cheeseandblood,oh it's jus that HAHAHAHAHA
0:00:32,@clockguy2793,goku
0:00:32,@applebloom2307,Elmers is made with horses
0:00:33,@firewolf595,GOKU
0:00:33,@springystarscout,WINX MENTION
0:00:34,@Tamers12345MLP,Damn it was Goku all along the fuck?
0:00:35,@funstorm1789,lol
0:00:36,@basedimperialism,GOKU
0:00:36,@jo3a548,WHAAAAAAAAAAAAAAAAAT
0:00:38,@JoshThePinkGump,"IT'S ME, GOKU"
0:00:38,@springystarscout,SKY NOOOOO
0:00:38,@jennythebean9117,Goku
0:00:39,@dominicunderwood4911,Who the hell are these 2?
0:00:40,@KvVuld,lol
0:00:41,@Aromaticgrassitem,hot dang! we got tamers to voice act!
0:00:42,@emqmp4,knew ts voice immediately 
0:00:42,@JoshThePinkGump,"IS THAT ALL YOU GOT, FA-"
0:00:42,@basedimperialism,GASP
0:00:43,@delta-v4x,I can't believe he got Tamers himself voice this guy
0:00:44,@SuperSonicRB,GOATKU
0:00:45,@jestermaxxed,BRANDON MENTION
0:00:45,@applebloom2307,oh dammmm!
0:00:46,@UngulaPropriaRQ,DAMMMMMNNNN
0:00:46,@Lucario4thewin,it's dragin kid
0:00:47,@cabbzinator,omg
0:00:47,@elskywardgonz9929,GOKU NO
0:00:48,@TheMTwinny,GOKU IS REAKL
0:00:48,@jo3a548,AAAAAAAAAAAAAAAAAAAAAAA
0:00:49,@thegoodoldays911,It should have been obvious in hindsightt tbh
0:00:49,@NubMcMoofin,:exploding_head:
0:00:49,@Vsnumber1simp,SKY NOOOO
0:00:50,@jo3a548,NOOOOOOOOOOOOOOO
0:00:50,@thegoodoldays911,LOL
0:00:51,@makotoikari4854,:garlic:
0:00:52,@GlimmyGOD,plot twist
0:00:54,@Vagab0ndify,Ouch.
0:00:54,@Artist_Graveyard,GOKU
0:00:56,@springystarscout,LMFAO
0:00:56,@applebloom2307,oh they gay
0:00:58,@jo3a548,LAODSALSDOAFSDLAOFSDL
0:00:59,@Vsnumber1simp,BAD GOKU
0:00:59,@emqmp4,LOOLLL
0:00:59,@cabbzinator,GAY LOVERS
0:00:59,@TheMTwinny,GETA
0:01:00,@AnimeGames16,RIP
0:01:02,@punkypony5165,GALIK GUN
0:01:02,@MillerTheDarkTransPrince,wow
0:01:03,@jennythebean9117,Nooooooo
0:01:03,@dominicunderwood4911,Jeez
0:01:04,@Tamers12345MLP,These Two guys are from the obscure show Winx Club from the early 2000's for those wondering
0:01:04,@bartc561,He tanked it
0:01:05,@jo3a548,BEJITA
0:01:09,@Binary_Forever,gay
0:01:10,@CoolGuy-d1b,LETS GOOOO
0:01:12,@makotoikari4854,Kuririn
0:01:12,@Ace4573,DELETED
0:01:12,@SonataDidIt,Jesus
0:01:13,@TheMTwinny,AW HELL NAH
0:01:14,@UngulaPropriaRQ,DAMN 
0:01:17,@jo3a548,LASFOSAFLASODLASFDO
0:01:22,@Morflow_,KRILLIN
0:01:24,@phenix5323,FIRST OF ALL I AM VEGETA 
0:01:24,@jestermaxxed,when is darcy winx club showing up
0:01:25,@vodka5988,LMAO
0:01:26,@halesumoox,bejita got back
0:01:28,@darinfrazier37,IM CRYING 
0:01:29,@springystarscout,Lore
0:01:30,@KvVuld,wow krillin
0:01:30,@mlpfimguy,LMAO
0:01:31,@dominicunderwood4911,I KNEW THAT WOULD BE HIS VOICE
0:01:33,@jo3a548,DAYUUUUKM BEJITA
0:01:33,@emqmp4,krillin packing 
0:01:33,@TheMTwinny,KRILLIN'S VOICE
0:01:34,@UngulaPropriaRQ,OH SHIT
0:01:35,@UngulaPropriaRQ,FOR REAL
0:01:35,@skyberry_axx,Goku needs to teach me those tricks bro
0:01:35,@SuperCaptainFail,SHRIMPO?
0:01:36,@Tamers12345MLP,I can see why Vegeta us the prince of the Saiyans with those butt cheeks
0:01:36,@Lucario4thewin,who are the Asian guys?
0:01:37,@KvVuld,krillinsplained
0:01:37,@cabbzinator,holy shit bro
0:01:38,@LightTim,lol
0:01:39,@billyboy8534,Ocean Dub Krillin
0:01:40,@MillerTheDarkTransPrince,amazing
0:01:41,@punkypony5165,I love Krillin's voice
0:01:42,@cabbzinator,THIS IS GETTING REAL
0:01:42,@Bla3kie,yeah bro Bandi is gonna copyright ur ass twin
0:01:45,@delta-v4x,Hot take: Tamer's review of winx club was lit
0:01:48,@LUNN4T1C,LORE
0:01:53,@MiniPlush12,krillin :nerd_face::index_pointing_up:
0:01:55,@firewolf595,WINX IS IN THE TOURNAMENT?????
0:01:56,@CoolGuy-d1b,This is so epic
0:01:56,@applebloom2307,ITS TIME
0:01:57,@AnimeGames16,THERE HE IS
0:01:58,@TheMTwinny,SONIC
0:01:59,@punkypony5165,Name drop!
0:01:59,@Nick-yl4qp,Is Broly going to join the tournament? His farts can shake the universe
0:02:00,@jo3a548,OH YES
0:02:01,@emqmp4,vegeta still has aura
0:02:02,@dominicunderwood4911,Still never got to be in Smash
0:02:02,@olizalzeortolan8322,BARTLEBY
0:02:04,@MiniPlush12,where's the Dandy's World mural?
0:02:04,@jo3a548,YEEEEEEEEEEEEEEES
0:02:05,@MeinCouch123,oh god
0:02:05,@frikitiki5403,Bartleby!
0:02:06,@MillerTheDarkTransPrince,fr
0:02:06,@AnimeGames16,:blue_circle::blue_circle::waving_hand:
0:02:07,@jennythebean9117,:O
0:02:08,@jo3a548,BARTLEBY
0:02:09,@JesusitoXD,This is so epic:face-blue-smiling:
0:02:09,@JennyIsDead,BARTLEBY
0:02:10,@Lulu-ot5gw,BARTEEEBYYY
0:02:10,@makotoikari4854,money
0:02:10,@darinfrazier37,SONIC BOOM?-
0:02:11,@TheMTwinny,OUR BOYS
0:02:13,@CoolGuy-d1b,YOOOO
0:02:14,@UngulaPropriaRQ,BARTLEBYYYY
0:02:14,@cabbzinator,ITS BARTLEBY
0:02:15,@TheMTwinny,:blue_circle::blue_circle::waving_hand:
0:02:15,@cricket_gaming_hd9439,BATR LEBYY
0:02:15,@punkypony5165,wait I thought it was a team of 7?
0:02:16,@Tiki2970,BARTLEBY
0:02:17,@cabbzinator,BARTLEBYYYYY
0:02:17,@stembarx6,wait erasure? nooo
0:02:18,@MiniPlush12,the avengers could never
0:02:18,@SuperSonicRB,Holy peak bro
0:02:18,@Juluuvian,BARTLEBY
0:02:19,@lordofshrimps,challenge him
0:02:19,@galaxyofeq,Oh dear
0:02:20,@springystarscout,THE GOAT!!!!!!!
0:02:24,@MillerTheDarkTransPrince,peak
0:02:26,@t.tnetwork8654,gokus gonna get killed by bartleby
0:02:28,@Lucario4thewin,Bartleby is peak
0:02:29,@Tamers12345MLP,That BartlASS :face_savoring_food:
0:02:30,@TheMTwinny,BARTLEBY KNOWS ABOUT GOKU
0:02:30,@elskywardgonz9929,Bartleby will win for sure!
0:02:32,@Aromaticgrassitem,@Tamers. how did you afford to make this OVA?
0:02:34,@olizalzeortolan8322,Continuity let's goo
0:02:34,@thegoodoldays911,What I'm wondering is how mindy and flora made the roster lol
0:02:34,@Vagab0ndify,Bartleby's got this.
0:02:36,@applebloom2307,Bartlebyyyy!!z11
0:02:41,@applebloom2307,I wub him
0:02:42,@KvVuld,sometrhing only true warriors know
0:02:42,@UngulaPropriaRQ,it's true 
0:02:43,@JennyIsDead,:blue_circle::blue_circle::waving_hand:
0:02:43,@SonicPlaythroughs-j9r,Announcer???????
0:02:44,@galaxyofeq,Whelp look like sonic universe is gonna be deleted
0:02:45,@bartc561,Like a walll
0:02:46,@makotoikari4854,"""Okay"""
0:02:47,@JesusitoXD,is this canon
0:02:47,@darinfrazier37, Bartlass :face_holding_back_tears:
0:02:47,@emqmp4,THEY SAID THE THING 
0:02:48,@dominicunderwood4911,Bartleby vs Broly
0:02:49,@jo3a548,He is rigfht
0:02:50,@laahocsm0019,o
0:02:51,@makotoikari4854,MINDYYYYY
0:02:51,@Wizards0nly,SU FOREVER
0:02:51,@TheMTwinny,DAMN HE PACKING
0:02:51,@springystarscout,MINDY
0:02:52,@punkypony5165,Bartleby soloing everyone
0:02:52,@firewolf595,the ponies got 7 why does SU get 6? 
0:02:53,@Lulu-ot5gw,ok
0:02:53,@MiniPlush12,this is avengers endgame levels of
0:02:53,@kingautismoslayatheivth6946,ok
0:02:54,@fluttergabe22,"sorry I'm late y'all, I was busy and I got back from taking a fat dump"
0:02:55,@UngulaPropriaRQ,"""ok"" lmao"
0:02:55,@Tiki2970,MINDY LATOUR
0:02:56,@Morflow_,ok
0:02:57,@jo3a548,ok
0:02:58,@jennythebean9117,Sanic underground 
0:02:58,@emqmp4,woah
0:02:59,@SonataDidIt,They got bigger
0:03:00,@TheMTwinny,YEAH
0:03:00,@springystarscout,WHERES FLORA
0:03:00,@UngulaPropriaRQ,DAMN GIRL 
0:03:00,@punkypony5165,Mindy
0:03:00,@funstorm1789,lol
0:03:01,@jennythebean9117,Damn
0:03:03,@jo3a548,OHJ YES
0:03:03,@NubMcMoofin,:exploding_head:
0:03:04,@Tamers12345MLP,I can't believe goku put the tournament together to fight bartleby...? he must be a fool..
0:03:04,@TheMTwinny,MINDY
0:03:04,@MeinCouch123,WIFE
0:03:04,@JesusitoXD,:face-blue-wide-eyes:
0:03:04,@Aromaticgrassitem,yo Mindy
0:03:05,@MiniPlush12,dammmn
0:03:05,@MillerTheDarkTransPrince,this is so good
0:03:05,@cricket_gaming_hd9439,W0OOOOOAAAHHHH
0:03:06,@jo3a548,MINDY
0:03:08,@Morflow_,humina humina
0:03:10,@CoolGuy-d1b,Daaaaaamn
0:03:11,@Skidum1,MINDY
0:03:13,@therandom_dude,AYOOOO
0:03:15,@thegoodoldays911,This must be the new form
0:03:16,@Dalekoverhauls,Hoonkers
0:03:16,@agoatheadbaby3512,YES THE GANG IS BACK IN TOWN
0:03:17,@LápisLazuli-z6u,DAMMM
0:03:18,@LL-kz8eb,yeah yeah it's finally going
0:03:19,@Tiki2970,GRLZ R DUM
0:03:20,@Dalekoverhauls,Big ones
0:03:22,@frikitiki5403,sonic underground with Bartleby 100% Bartleby without sonic underground 100%
0:03:23,@jo3a548,GIRLS DROOL
0:03:25,@AnimeGames16,Good point.
0:03:25,@LightTim,ok
0:03:26,@SilveePokemonUnite,so weird to see Sonic Underground again xD
0:03:33,@punkypony5165,Her durability is high
0:03:37,@galaxyofeq,plastic surgery
0:03:38,@springystarscout,FLORA
0:03:40,@Cheeseandblood,"She's basically Buu, except Buubs I guess"
0:03:41,@bartc561,YES
0:03:41,@AnimeGames16,FLORA MY BELOVED
0:03:42,@delta-v4x,Robust
0:03:43,@springystarscout,CUTECUTECUTECUTECUTE
0:03:43,@makotoikari4854,florashutup
0:03:46,@springystarscout,CUTE!!!!!!
0:03:46,@misakayy1911,FLORA
0:03:46,@SonataDidIt,cutie
0:03:46,@elskywardgonz9929,FLORA
0:03:47,@va_fail,that's smart
0:03:47,@KvVuld,that music lol
0:03:47,@JorArg-c7s,you can always trust in mindy
0:03:48,@jotarofatso5743,FLORA
0:03:48,@Tiki2970,FLORA
0:03:48,@TheMTwinny,FLORA
0:03:48,@NubMcMoofin,:exploding_head::smiling_face_with_hearts:
0:03:49,@bartc561,FLORA YES
0:03:50,@thegoodoldays911,And flora was just there lmao
0:03:50,@frikitiki5403,flora!
0:03:50,@moriorinvictus69,MY WIIIIIIIIIIIIIFE
0:03:51,@TheMTwinny,BEST GIRL
0:03:51,@olizalzeortolan8322,Flora new voice ??
0:03:51,@jo3a548,oh yes
0:03:51,@Dalekoverhauls,Oh there fake ones okay 
0:03:51,@Tiki2970,OHM Y GOD ITS BEEN YEARS
0:03:52,@Hyloaf,FLORA!!!!!
0:03:53,@applebloom2307,No she's so cute ｡ﾟ(ﾟ´Д｀ﾟ)ﾟ｡
0:03:53,@cricket_gaming_hd9439,FLORA
0:03:53,@misakayy1911,MY WIFE
0:03:53,@GlimmyGOD,Whoa cute new flora voice
0:03:53,@galaxyofeq,New character
0:03:54,@jo3a548,cooking mama
0:03:55,@MaximumPlanck,THE VOICE
0:03:55,@bartc561,:face-red-heart-shape:
0:03:55,@MillerTheDarkTransPrince,lovely
0:03:55,@Nick-yl4qp,Awww Flora so cute
0:03:55,@t.tnetwork8654,flora!!!!
0:03:55,@dominicunderwood4911,"NOOOO, HER VOICE IS WRONG!!!"
0:03:56,@agoatheadbaby3512,NOOOOO THE VOICE CHANGED
0:03:56,@jennythebean9117,She like that yellow bear from Dragon Ball Super 
0:03:56,@Skidum1,FLORA!!!!!!!
0:03:57,@Aromaticgrassitem,Mindy is one of the high ranking fighters entering this tourny
0:03:58,@springystarscout,SO CUTE
0:03:58,@CoolGuy-d1b,FLORA!!!
0:03:58,@Pocket_of_Explosives,FLORA!!
0:03:59,@TheMTwinny,FLORA > PONIES
0:03:59,@cabbzinator,FLORAAA
0:03:59,@SilveePokemonUnite,:)
0:04:01,@Binary_Forever,agh
0:04:02,@galaxyofeq,"wow, she looks normal"
0:04:03,@agoatheadbaby3512,IT'S FUCKING OVER
0:04:04,@JesusitoXD,:cat-orange-whistling::cat-orange-whistling::cat-orange-whistling:
0:04:05,@chara5,a transformation to surpass ultra instinct
0:04:06,@billyboy8534,BEST GIRL
0:04:06,@jo3a548,CUUUUUUUUUTE
0:04:07,@Tiki2970,HOLY SHII THIS IS THE SCREENCAP THAT WAS POSTED IN TWITTER MONTHS AGO AHHH
0:04:08,@dominicunderwood4911,Damn this dumb new voice
0:04:08,@JennyIsDead,where's Sonia?
0:04:09,@Lucario4thewin,lol
0:04:11,@applebloom2307,Ohhhhhhnf I have to drawww herrr
0:04:11,@Aromaticgrassitem,flory got a cute new voice:face-red-heart-shape:
0:04:13,@punkypony5165,Trevor!
0:04:14,@MeinCouch123,HU TAO VOICE?
0:04:14,@TheMTwinny,AAAAAAAAHHHHHHHHH
0:04:15,@Morflow_,uhhh based?
0:04:15,@Wizards0nly,trevor?!?!?!?!?!?!?!!!
0:04:15,@SonataDidIt,Trevor get the fuck out of here
0:04:15,@elskywardgonz9929,Oh wait Mindy has a home again 
0:04:17,@agoatheadbaby3512,TREVOR??????
0:04:17,@TheMTwinny,TRVOR
0:04:18,@olizalzeortolan8322,Trevor ??
0:04:19,@Lulu-ot5gw,leave trevor
0:04:20,@t.tnetwork8654,trevor!!!!
0:04:21,@TheMTwinny,TREVOR
0:04:22,@cabbzinator,WIAT
0:04:22,@jo3a548,TREVOOOOOOOOOOR
0:04:23,@Nick-yl4qp,Trevor's ugly ass haircut
0:04:23,@jennythebean9117,Trevor
0:04:23,@Lucario4thewin,who?
0:04:24,@punkypony5165,I love Trevor
0:04:25,@CoolGuy-d1b,Aww yeah
0:04:26,@GlimmyGOD,Eew trevoer get him otu of here
0:04:26,@MillerTheDarkTransPrince,Trevor shut up
0:04:26,@jo3a548,LASDOASFLSFOSALFOSAFL
0:04:27,@frikitiki5403,Trevor thinks blud is on the team lol
0:04:28,@NubMcMoofin,:pensive_face:
0:04:28,@dominicunderwood4911,Flora & Trevor's voices both got ruined!
0:04:28,@Tiki2970,THE TREVSTER HIMSELF
0:04:29,@Tamers12345MLP,I couldn't find Flora's exact voice but that's fine because she doesn't have a chance to win the tournament anyway so you shouldn't care
0:04:30,@cabbzinator,"YOU POSTED THAT FLORA DRAWING ON TWITTER, WAS THSI FORESHADOWIGN"
0:04:31,@makotoikari4854,Knux
0:04:32,@TheMTwinny,WAY PAST COOL
0:04:34,@Hmon160,no.
0:04:35,@springystarscout,KNUCKLES THE COOL KID
0:04:40,@SharkDoggy,This is gonna be history 
0:04:41,@jo3a548,OH HELL YEAH
0:04:41,@JennyIsDead,Sonic Underground>Ponies
0:04:41,@frikitiki5403,the main man!
0:04:42,@AnimeGames16,KNUCKLES THE COOL ECHIDNA
0:04:43,@jennythebean9117,:loudly_crying_face::loudly_crying_face::loudly_crying_face:
0:04:43,@Lulu-ot5gw,the COOL ECHIDNA
0:04:44,@jo3a548,KNUCKLES 
0:04:46,@misakayy1911,KNUCKLES HELL YEAH
0:04:46,@thegoodoldays911,LMAO trevor isn't making the roster
0:04:48,@olizalzeortolan8322,Knuckles!!!
0:04:50,@dominicunderwood4911,What about Trevor? Trevor's voice was Iconic!
0:04:52,@jo3a548,No
0:04:53,@Tamers12345MLP,Dang Knux's bike looks SICK
0:04:53,@NubMcMoofin,:pensive_face:
0:04:54,@JorArg-c7s,I love knuckles bros
0:04:55,@punkypony5165,But Bartleby and Sonic is gay
0:04:56,@JesusitoXD,:face-purple-crying:
0:04:57,@elskywardgonz9929,"I’m sorry Travis, but he’s right…"
0:04:58,@Aromaticgrassitem,trevor has some war crimes to work past
0:05:01,@frikitiki5403,knuckles is so based
0:05:01,@jo3a548,He is right
0:05:02,@makotoikari4854,so true
0:05:05,@Hmon160,knux
0:05:07,@UngulaPropriaRQ,"he's right,,,,,,,"
0:05:07,@Lulu-ot5gw,trevor is gay? lol!
0:05:11,@applebloom2307,I like Sonics bike more (๑>◡<๑)
0:05:11,@moriorinvictus69,TRVE
0:05:11,@jestermaxxed,knuckles is so wise
0:05:16,@pawmerized,tammers when are u going to expand on the pinky pie dragon powers exposed 
0:05:16,@Wizards0nly,go away trevor!!!
0:05:16,@SuperSonicRB,W dap
0:05:16,@makotoikari4854,ANIMATION
0:05:18,@MillerTheDarkTransPrince,yep he is gay
0:05:18,@olizalzeortolan8322,Aren't they all gay lmao ?
0:05:19,@springystarscout,W
0:05:21,@frikitiki5403,Trevor got what he deserved
0:05:21,@Tamers12345MLP,Knuckles spitting the facts up in this bitch
0:05:21,@emqmp4,YEAHHH
0:05:22,@bartc561,Knux is so cool
0:05:22,@pawmerized,episode 
0:05:22,@jo3a548,Knuckles speaking truth
0:05:22,@dominicunderwood4911,he can hit them with his poop sack
0:05:24,@Tiki2970,ROTOSCOPE MOMENT
0:05:25,@TheMTwinny,DAP
0:05:25,@punkypony5165,Rad
0:05:27,@UngulaPropriaRQ,YEAH RIVALS 
0:05:27,@funstorm1789,lol\
0:05:27,@KvVuld,oh shit
0:05:28,@misakayy1911,HELL YEAH
0:05:28,@NubMcMoofin,:saluting_face:
0:05:28,@FrenchfriedAndham,THE ROTOSCOPING
0:05:29,@Morflow_,hell yeah
0:05:29,@SuperCaptainFail,the rotoscoping
0:05:29,@applebloom2307,:tired_face::tired_face::tired_face:
0:05:30,@Aurapone,kino
0:05:31,@MillerTheDarkTransPrince,wow
0:05:33,@CoolGuy-d1b,Niiiice
0:05:33,@cricket_gaming_hd9439,ROTOSCOPING?
0:05:33,@JesusitoXD,HELL YEAH
0:05:34,@MiniPlush12,they dapped!!
0:05:35,@jo3a548,THE DREAM TEAM
0:05:36,@frikitiki5403,but we need robotnik
0:05:41,@dominicunderwood4911,What about Sonia?
0:05:43,@jo3a548,cuuuuuuuuuuuutwe
0:05:44,@applebloom2307,Flora is way too moe
0:05:46,@cricket_gaming_hd9439,DAAAAAAAAAA
0:05:49,@thegoodoldays911,owlowiscious is still dead lol
0:05:49,@misakayy1911,MY WIFE
0:05:50,@SonataDidIt,Manic spitting facts
0:05:50,@punkypony5165,Tell it like it is Manic
0:05:51,@MiniPlush12,that was smiling friends levels of rotoscoping
0:05:52,@Tiki2970,This is brilliant metacommentary on the gender ratio in dbz
0:05:52,@SuperCaptainFail,YES SHES SO CUTE
0:05:53,@theosaurusrex3885,Is this the episode where Knuckles becomes the woman she was always meant to be?
0:05:53,@Aromaticgrassitem,The U team. the u is for underground
0:05:54,@springystarscout,So cute 
0:05:54,@dominicunderwood4911,ok...that Flora pose was pretty cute.
0:05:58,@TheMTwinny,SHUT UP FLORA
0:06:00,@Lucario4thewin,who is Sonia never heard of her
0:06:02,@moriorinvictus69,ZAMN
0:06:02,@Wizards0nly,mindy
0:06:03,@makotoikari4854,Autism!
0:06:04,@bartc561,Flora W
0:06:04,@Tamers12345MLP,Knuckles and Sonic are allowed to do the dap because they grew up in the hood
0:06:04,@cricket_gaming_hd9439,WOAH
0:06:07,@springystarscout,SHES SO ME
0:06:10,@bartc561,XD
0:06:11,@SonataDidIt,CUTIE
0:06:11,@JoshThePinkGump,AUTISM
0:06:13,@r4pegod,wtf new voice
0:06:13,@TheMTwinny,FLORA IS CAKED UP
0:06:15,@lordofshrimps,okay
0:06:15,@Morflow_,AUTISM
0:06:15,@jo3a548,loloololololl
0:06:17,@t.tnetwork8654,floras gonna go on a villain arc one day just they wait. maybe???. not sure?????.
0:06:18,@basedimperialism,AUTISM
0:06:18,@BxMxW97,BASED
0:06:19,@springystarscout,AUTISM CUTIE
0:06:19,@NubMcMoofin,:smiling_face_with_hearts:
0:06:20,@MillerTheDarkTransPrince,so cute
0:06:20,@makotoikari4854,Flora is a minority? :exploding_head:
0:06:20,@jo3a548,cuuuuuuuuuuuuuuuuuuuuuuute
0:06:22,@Hmon160,what
0:06:22,@TheMTwinny,LMAO
0:06:23,@moriorinvictus69,why is flora serving tea?
0:06:23,@Lulu-ot5gw,she's just like me
0:06:23,@dominicunderwood4911,"If Flora's voice wasn't ruined, she'd be perfect Tamers waifu."
0:06:24,@UngulaPropriaRQ,SHE'S BLACK????
0:06:24,@JoshThePinkGump,& KNUCKLES
0:06:24,@LightTim,Damn flora cute
0:06:24,@Lucario4thewin,lol
0:06:25,@bartc561,HAHAHA
0:06:26,@punkypony5165,And Knuckles
0:06:28,@Skidum1,wat
0:06:28,@springystarscout,Mari where.
0:06:28,@frikitiki5403,& Knuckles
0:06:29,@midkidable,AND KNUCKLES
0:06:29,@jo3a548,oh hell yeah
0:06:29,@agoatheadbaby3512,Knuckles.
0:06:30,@TheMTwinny,...& KNUCKLES
0:06:30,@emqmp4,OMG 
0:06:31,@Pocket_of_Explosives,pffft
0:06:31,@Aromaticgrassitem,knock knock
0:06:31,@mlpfimguy,kek
0:06:31,@TheKalimanMX,B L A C K
0:06:31,@TheMTwinny,"OH YEAH, IT'S THOSE WHACK ASS PONIES"
0:06:31,@JorArg-c7s,OUR HEROES
0:06:31,@misakayy1911,MARES
0:06:31,@jo3a548,ALSDOASDFLASFOASLFasf
0:06:32,@RRRIDLEY,The fanservice is huge
0:06:33,@SuperCaptainFail,FLORA IM WHITE PLEASE MARRY ME
0:06:33,@JennyIsDead,AND KNUCKLES
0:06:33,@JoshThePinkGump,FINALLY
0:06:35,@MillerTheDarkTransPrince,she's black
0:06:36,@CelestialZizzy,And knuckles
0:06:36,@GlimmyGOD,oh shit
0:06:36,@JoshThePinkGump,PONIES ARE COMING ON
0:06:36,@t.tnetwork8654,flawless!!!!
0:06:37,@jo3a548,THE GALS
0:06:37,@phenix5323,YEAS
0:06:38,@UngulaPropriaRQ,AND PINKIE????
0:06:39,@Tiki2970,OUR HEROINES... and Pinkie
0:06:39,@va_fail,pinkie cutee
0:06:39,@Lulu-ot5gw,who are these horses?
0:06:41,@cricket_gaming_hd9439,chipotle is peak
0:06:42,@applebloom2307,FLAWLESS SSSSSSSHSBXJSB!!!! (๑>◡<๑)(๑>◡<๑)(๑>◡<๑)(๑>◡<๑)(๑>◡<๑)
0:06:42,@thegoodoldays911,that 99.99% percent of their fighting strength is bartleby is true
0:06:43,@punkypony5165,Pinkie!
0:06:44,@Dalekoverhauls,Damn
0:06:45,@t.tnetwork8654,flawless the goat!!!!
0:06:47,@Tamers12345MLP,I just spilled my fucking coca cola
0:06:50,@jotarofatso5743,"ponies, i sleep"
0:06:51,@elskywardgonz9929,No Soarin? Yeah they have no chance 
0:06:51,@jestermaxxed,"i NEED her and changling drone 13,420 to link tf up"
0:06:52,@iratemoviesonfunny,Wew lad
0:06:53,@Vagab0ndify,Flawless has gotta be up there.
0:06:54,@Tamers12345MLP,god damn it
0:06:54,@Morflow_,Fax
0:06:55,@TheMTwinny,RIP TAMERS COKE
0:06:57,@JorArg-c7s,WHERE THE GAY STALLIONS
0:06:58,@MrWormTuxedo,Good Morning Fellas
0:06:59,@billyboy8534,RIP Tamers
0:06:59,@KvVuld,color swatch leadership
0:07:01,@applebloom2307,Oh no ｡ﾟ(ﾟ´Д｀ﾟ)ﾟ｡
0:07:01,@Lucario4thewin,nice try
0:07:01,@stembarx6,"wheres Mari, she is the strongest"
0:07:02,@laahocsm0019,Arinos should be there.
0:07:03,@galaxyofeq,Yah taco 
0:07:04,@jo3a548,cute
0:07:04,@Wizards0nly,where the fuck is bartleby? i dont care about these
0:07:06,@agoatheadbaby3512,DAMN
0:07:08,@springystarscout,Mmm tacos 
0:07:10,@hellraiserfan6990,THAT WAS THE LAST COCA COLA I HADDDDD
0:07:10,@Tiki2970,Im gonna open a new coke zero right now
0:07:10,@punkypony5165,Color coordination
0:07:10,@jennythebean9117,Pinkie pie is right 
0:07:11,@moriorinvictus69,@Tamers12345MLP Hell yeah!
0:07:12,@makotoikari4854,@Tamers12345MLP :crying_cat:
0:07:14,@MillerTheDarkTransPrince,fr
0:07:15,@springystarscout,MARI WHERE
0:07:15,@thegoodoldays911,Trixie literally everyone else is an alicorn at this point who else are you bringing lol.
0:07:17,@emqmp4,fr
0:07:18,@Dalekoverhauls,Ohh why did I say that 
0:07:18,@agoatheadbaby3512,They are so color coordinated.
0:07:20,@punkypony5165,Goddamnit Twilight
0:07:20,@AnimeGames16,THEY'RE FUCKED LMAO
0:07:23,@jo3a548,She is right
0:07:24,@Tamers12345MLP,It's fine I'm taking a huge shit right now so much of it fell in the bath tub
0:07:25,@TheMTwinny,TAMERS I'M ALREADY SUFFERING FROM BARTLEBY WITHDRAWNL
0:07:30,@Lulu-ot5gw,wehre is barlteybe?
0:07:30,@applebloom2307,I hope we find out about the marshmallow incident
0:07:34,@emqmp4,why was pinkie even invited 
0:07:35,@MiniPlush12,"where's Mary, Friendship, Care package, Arinos, Clean Sweep"
0:07:36,@bartc561,Pinkie squaking
0:07:36,@springystarscout,LMAO
0:07:36,@Lucario4thewin,twilight is crazy
0:07:37,@MrWormTuxedo,Tf Pinkie Pie :rolling_on_the_floor_laughing:
0:07:40,@Tiki2970,I CANT WAIT TO SEE BARTLEBY AND FLAWLESS DUKE IT OUT
0:07:41,@emqmp4,SPIKE OMG
0:07:41,@Tamers12345MLP,I'm not shitting in the bath tub the bath tub is just neext to me
0:07:41,@va_fail,call rainbow dash 
0:07:42,@jennythebean9117,Bring Mary
0:07:43,@jo3a548,She is right
0:07:43,@dominicunderwood4911,"@stembarx6 Since the fight with Care Package, like 5 new characters all with godly power have showed up, Mari is old news."
0:07:44,@SonataDidIt,fatty
0:07:44,@misakayy1911,ENTER
0:07:45,@TheMTwinny,YOU DAMN RIGHT
0:07:46,@basedimperialism,Twilight is such a bitch she's going to kill everyone so she can stand in the middle
0:07:46,@billyboy8534,A MEXICAN
0:07:48,@agoatheadbaby3512,SPIKE
0:07:48,@t.tnetwork8654,spike!!!
0:07:48,@va_fail,whoa
0:07:48,@jo3a548,OH FUCK
0:07:49,@delta-v4x,Oh no
0:07:49,@JorArg-c7s,yoooo
0:07:50,@punkypony5165,Rarity sadly isn't here but at least Pinkie is
0:07:50,@Aromaticgrassitem,This ep is really good so far
0:07:51,@negativflan,i was here
0:07:51,@UngulaPropriaRQ,oh shit it's spike 
0:07:51,@iamboomer7805,ENTER OUR HERO
0:07:54,@Nick-yl4qp,We need Sombra
0:07:54,@galaxyofeq,Spike! Yay
0:07:54,@tonyjohnson5374,HOLY SHIT HE'S HERE
0:07:56,@Dalekoverhauls,Oh okay then tamers 
0:07:56,@MyriadSkyFlaming,SPIKE!
0:08:01,@applebloom2307,Mari is not old news!!!1!
0:08:02,@TheMTwinny,BARTLEBY WILL WRECK ALL OF YOU
0:08:03,@misakayy1911,THERE GOES MY HERO
0:08:03,@Lucario4thewin,dammit spike
0:08:04,@MillerTheDarkTransPrince,yayyy
0:08:04,@r4pegod,when i am sad i rewatch the 10+ sanic underground
0:08:06,@makotoikari4854,lol
0:08:07,@applebloom2307,Same
0:08:08,@pawmerized,tammers expand on pinky dragon powers PLEASE 
0:08:13,@iamboomer7805,SPIKE BROS
0:08:14,@Lulu-ot5gw,are these mobiens
0:08:20,@LightTim,ANOTHER?
0:08:21,@iamboomer7805,ITS OUR TIME 
0:08:24,@stembarx6,"@dominicunderwood4911 you got a point, care package and big nose soarin could also blast bratleby"
0:08:24,@Tamers12345MLP,With these teams the MLP-verse and SU-verse are fucked
0:08:25,@jo3a548,she ios right
0:08:26,@JorArg-c7s,twilight and trixie team is back
0:08:29,@galaxyofeq,Twilight that your son! 
0:08:29,@makotoikari4854,Krillin's house
0:08:31,@vegas_o3o,:o!!!
0:08:32,@Tamers12345MLP,excluding bartleby obviously
0:08:33,@KittysLand,more people watching this than playing highguard rn
0:08:34,@thegoodoldays911,Oh yeah we aren't bringing mary because she's also blue lol
0:08:35,@dominicunderwood4911,Pinky Pie out here lookin dummy with that hat
0:08:36,@jennythebean9117,lol
0:08:36,@Dalekoverhauls,Yes
0:08:38,@jo3a548,OH FUCK
0:08:38,@lordofshrimps,oh my god
0:08:40,@TheMTwinny,>krillin's house
0:08:40,@cricket_gaming_hd9439,DAAA
0:08:41,@moriorinvictus69,lol
0:08:43,@laahocsm0019,18!
0:08:43,@Cheeseandblood,I love that every universe has that sleeping shot
0:08:45,@basedimperialism,DAAAAAAAAAAAAAAAAAMN
0:08:45,@cricket_gaming_hd9439,WOAH
0:08:45,@vodka5988,LMAO
0:08:46,@agoatheadbaby3512,KRILLON
0:08:47,@r4pegod,yo when does arale from dr slump come 
0:08:48,@makotoikari4854,18号 :red_heart:
0:08:48,@Lucario4thewin,just beat up spike 4 a power boost
0:08:50,@TheMTwinny,OH DAMN
0:08:52,@emqmp4,ANDRIOD 16 BBYGRL
0:08:53,@misakayy1911,FEMALE
0:08:53,@tonyjohnson5374,oh my God kuhrillin is here
0:08:54,@qlai3155,who are the guys at the beggining?
0:08:56,@emqmp4,18
0:08:58,@Vagab0ndify,"Oh, dang. "
0:08:58,@MrWormTuxedo,:face_with_tears_of_joy::face_with_tears_of_joy::face_with_tears_of_joy:
0:08:58,@funstorm1789,BASED
0:08:58,@berdlykinnie,I hope the dandy's world universe gets destroyed because I keep losing dandy's world run 
0:09:00,@t.tnetwork8654,krillin dawg!!
0:09:00,@Tiki2970,POOPIN INSTEAD OF LISTENING OT MY WIFE? WHAT CAN I SAY EXCEPT YABBA DABBA DOO!
0:09:00,@TheMTwinny,YOU FEMALE
0:09:00,@TheKalimanMX,FEMALE
0:09:02,@MillerTheDarkTransPrince,18 :smiling_face_with_heart_eyes::smiling_face_with_heart_eyes::smiling_face_with_heart_eyes:
0:09:02,@elskywardgonz9929,Typical krillan 
0:09:08,@olizalzeortolan8322,based
0:09:08,@basedimperialism,@emqmp4 18
0:09:09,@moriorinvictus69,CANON voice
0:09:09,@lordofshrimps,lol
0:09:10,@TheMTwinny,LMAO
0:09:11,@thegoodoldays911,Kuririn based
0:09:11,@Wizards0nly,tell her kirllin
0:09:11,@makotoikari4854,that Piccolo tho
0:09:12,@jo3a548,PICOLO
0:09:13,@frikitiki5403,krillin is based
0:09:13,@TheMTwinny,PICCOLO???
0:09:13,@Dalekoverhauls,I didn’t expect his voice to sound like that lol
0:09:15,@MiniPlush12,based krillin
0:09:16,@Morflow_,wow krillin
0:09:19,@Tamers12345MLP,Krillin is canonically like this
0:09:19,@MrWormTuxedo,wtf piccolo
0:09:21,@dominicunderwood4911,"Jesus, Piccolo out here on that lean."
0:09:22,@Binary_Forever,Haha piccolo
0:09:22,@r4pegod,i hope chichi comes (prime form)
0:09:22,@bartc561,DAYUYM
0:09:24,@therandom_dude,the real 18 would beat his ass
0:09:24,@misakayy1911,ITS OVER
0:09:24,@firewolf595,the vegeta voice????
0:09:24,@sylveon_nimphia,HAHHAHAHAHA THATS SO GOOD
0:09:25,@thegoodoldays911,Krillin isn't making the roster lmao
0:09:25,@jo3a548,NOOOOOOO
0:09:26,@SuperSonicRB,What happened to piccolo :loudly_crying_face:
0:09:26,@galaxyofeq,Wtd piccolo
0:09:26,@firewolf595,its so accurate
0:09:27,@jennythebean9117,Piccolo where is your clothes 
0:09:27,@emqmp4,already corrected myself :pensive_face::pensive_face:
0:09:27,@frikitiki5403,you got christ sabat?!!
0:09:27,@SonataDidIt,hes so ugly
0:09:28,@Lucario4thewin,lol
0:09:29,@agoatheadbaby3512,vegeta been smoking?
0:09:31,@billyboy8534,Gas station crackhead Piccolo 
0:09:31,@JPSwim5,BEJITA BROS
0:09:32,@Dalekoverhauls,BALD BALD
0:09:32,@moriorinvictus69,REAL VOICE
0:09:32,@jo3a548,KRILLIN DESERVED IT
0:09:36,@bartc561,"We see the fit, Piccolo"
0:09:37,@Krueger_ai,Sorry I’m late 
0:09:39,@TheMTwinny,KRILLIN OWNED
0:09:39,@Nick-yl4qp,The REAL english voice of Vageeta
0:09:39,@Pocket_of_Explosives,piccolo aura farming like always
0:09:42,@MrWormTuxedo,DAMN PICCOLO
0:09:44,@tonyjohnson5374,this really sounds like him
0:09:44,@theosaurusrex3885,Where is piccolo's fit?
0:09:46,@Tamers12345MLP,I called akira Toriyama up last week and he told me to write krillin like this for some reason. It was really weird
0:09:47,@CoolGuy-d1b,Krillin owned yet again
0:09:49,@jo3a548,LASDFOASLFOSAFLASFL
0:09:49,@KvVuld,every universe has a twilight lol
0:09:49,@MillerTheDarkTransPrince,fr
0:09:49,@Tiki2970,MY MAIN MAN TIEN
0:09:50,@Wizards0nly,.................................
0:09:51,@Cheeseandblood,I. HATE. EVERYTHING ABOUT YOUUUUUUU
0:09:52,@jo3a548,TIEN
0:09:52,@TheMTwinny,TIEN
0:09:53,@applebloom2307,Twilight's dad's voice
0:09:54,@jo3a548,NOOOOOOOOOOOOO
0:09:54,@emqmp4,krillin too desperate
0:09:54,@jerrel-o6191,@Tamers12345MLP please tell me you made Flora X Fluttershy a reality
0:09:55,@phenix5323,theyre built like centaurs with no back legs 
0:09:56,@misakayy1911,ITS OVER
0:09:56,@TheRagingSaiyan213,Piccolo and sunset are Aura Farming in the Background
0:09:57,@Aromaticgrassitem,"tien shen ha got a serious upgrade in recent times, i hear"
0:09:58,@olizalzeortolan8322,goku is real
0:09:59,@makotoikari4854,thank you Toriyama
0:09:59,@jennythebean9117,Don’t betray your friend!
0:10:02,@Tamers12345MLP,:(
0:10:03,@Kiki_myshu,you called heaven?
0:10:04,@TheVampireVito,HELL YEAH TIEN
0:10:05,@thegoodoldays911,Are all these rosters decided entirely by how they want to look standing in formation lmao
0:10:06,@TheKalimanMX,:eyes-purple-crying::eyes-purple-crying::eyes-purple-crying:
0:10:07,@sylveon_nimphia,"NAHHHH,VEGGETA WHY YOU PUT YOU HAND HERE?!?!"
0:10:08,@tonyjohnson5374,My glorious king tien
0:10:10,@applebloom2307,Toriyama (ಥ﹏ಥ)
0:10:10,@AnimeGames16,@Tamers12345MLP His ghost visited you???
0:10:11,@therandom_dude,wait toriyamas dead
0:10:14,@Lulu-ot5gw,kuririn bros...
0:10:15,@jo3a548,This is true to Toriyama vision
0:10:16,@Tamers12345MLP,This is sadder than the time SU got cancelled
0:10:18,@JorArg-c7s,toriyama from heaven
0:10:18,@LightTim,REAL
0:10:19,@firewolf595,TAMERS REVIVED TORIYAMA FOR THIS
0:10:19,@Lucario4thewin,laugh at his pain
0:10:19,@MiniPlush12,top ten anime betrayals
0:10:20,@Hughman23,Goku is in the right 
0:10:22,@Krueger_ai,R.I.P. Akira Toriyama
0:10:23,@MillerTheDarkTransPrince,poor killan
0:10:28,@basedimperialism,@Tamers12345MLP Toriyama should have made you his apprentice instead of Toyotaro
0:10:30,@jo3a548,LAODFSLASDOFASLF
0:10:35,@makotoikari4854,@Tamers12345MLP nah SU getting canceled was sadder
0:10:36,@SonataDidIt,Lore accurate hair
0:10:37,@TheKalimanMX,say gex
0:10:42,@elskywardgonz9929,Vegeta always says that 
0:10:42,@funstorm1789,lmfao
0:10:43,@LightTim,F
0:10:45,@JPSwim5,GET HIM BEJITA 
0:10:45,@punkypony5165,Tell it like it is Vegeta
0:10:46,@LightTim,F for krillin
0:10:47,@Pocket_of_Explosives,"tell em, vegeta"
0:10:47,@cricket_gaming_hd9439,Nothing is as sad as SU getting canceled and my dog died 2 days ago and thats not as said as SU
0:10:50,@firewolf595,Tamers perfected Vegetas widows peak
0:10:52,@jennythebean9117,Gay
0:10:54,@bartc561,DBZ Agenda
0:10:54,@rockyroad2256,Power Troll 
0:10:55,@thegoodoldays911,I see we're upscaling vegeta after his embarassing showing in flawless farts open a portal.
0:10:55,@jo3a548,Bejita is right
0:10:56,@UngulaPropriaRQ,he's so real for it 
0:10:56,@jestermaxxed,YESSSSSSSSSSS
0:10:56,@Wizards0nly,hmmmmmmmm
0:10:57,@scooz3904,W Vegeta
0:10:58,@lordofshrimps,This is all true
0:10:59,@Tiki2970,Kakarot-sama... I kneel...
0:11:00,@misakayy1911,OH
0:11:00,@tonyjohnson5374,Vegeta NTR?
0:11:02,@TheMTwinny,LMAO
0:11:02,@jo3a548,ASFLDASOFSALFOASDGFL
0:11:02,@UngulaPropriaRQ,DAMN BOY 
0:11:04,@mlpfimguy,OWH
0:11:05,@punkypony5165,Common Vegeta W
0:11:05,@jestermaxxed,this is real and true
0:11:07,@Lulu-ot5gw,Bejita is right
0:11:07,@MiniPlush12,slay Vegeta :nail_polish::nail_polish::nail_polish::nail_polish:
0:11:07,@TheMTwinny,KRILLIN OWNED
0:11:08,@sylveon_nimphia,NOOO
0:11:08,@MillerTheDarkTransPrince,damn
0:11:09,@bartc561,Bumrillen
0:11:10,@Kiki_myshu,in character
0:11:10,@moriorinvictus69,GOTEEM
0:11:10,@Dalekoverhauls,OH
0:11:14,@sylveon_nimphia,LMAO
0:11:14,@delta-v4x,He is not wrong
0:11:15,@lordofshrimps,Gohan
0:11:16,@Lucario4thewin,SU getting canceled was the kicker for the apocalypse
0:11:17,@jo3a548,SALDOASFLAFOLASFLADGOL
0:11:18,@PatriciaWimbish,GYATTTTTTTTTTTTTTTTTTTT
0:11:20,@Tamers12345MLP,Vegeta had every right to do that?
0:11:23,@jotarofatso5743,truuuu
0:11:23,@iamboomer7805,Did krillin deserve it? 
0:11:26,@MillerTheDarkTransPrince,slay 
0:11:27,@MiniPlush12,shits gonna go down!!!
0:11:27,@agoatheadbaby3512,How did Flora get there.
0:11:28,@sylveon_nimphia,HELP
0:11:28,@va_fail,flawless
0:11:29,@cricket_gaming_hd9439,Yes
0:11:29,@Dalekoverhauls,Here it comes man!
0:11:30,@AnimeGames16,BASED
0:11:30,@emqmp4,yeah
0:11:31,@jotarofatso5743,bart leby will win
0:11:31,@Aromaticgrassitem,"so one time in dbz, they wished for all the beings frieza killed to become alive again, which should mean all the saiyans came back to life but the show never acknowledged this"
0:11:33,@SonataDidIt,Truth
0:11:34,@punkypony5165,Honestly real Sky
0:11:34,@TheMTwinny,SPOILERS
0:11:34,@thelizardqueen9541,i made it bardonic bless
0:11:34,@UngulaPropriaRQ,they're right about bartleby winning 
0:11:35,@thegiver_gift,yeah
0:11:36,@delta-v4x,BEST VA
0:11:36,@makotoikari4854,Sky's voice is really good
0:11:37,@jo3a548,Glad everyone agree Bartleby will win
0:11:38,@thegoodoldays911,Sky decided tto minimise casualties lmao
0:11:38,@lordofshrimps,Look at my team we're trash
0:11:40,@bartc561,Gohan!
0:11:41,@TheMTwinny,MINDY PLS
0:11:45,@jo3a548,OH FUCJ
0:11:45,@Dalekoverhauls,What
0:11:46,@AnimeGames16,GET HIM MANIC
0:11:46,@SonataDidIt,Why does that guy have 3 eyes
0:11:48,@TheMTwinny,NOW IS NOT THE TIME
0:11:49,@Pocket_of_Explosives,this roster is better than the dbs version
0:11:50,@therandom_dude,not against goku
0:11:53,@Dalekoverhauls,What did she say!!!
0:11:54,@MiniPlush12,slay :nail_polish::nail_polish::nail_polish::nail_polish::nail_polish::nail_polish::nail_polish::nail_polish::nail_polish::nail_polish::nail_polish:
0:11:55,@JPSwim5,KAKAROT SAMA AIEEEE
0:11:55,@dominicunderwood4911,Just edited in Gohan like nothing
0:11:56,@elskywardgonz9929,Good rule 
0:11:56,@thegoodoldays911,The DBFZ render lol
0:11:56,@agoatheadbaby3512,I thought there would be more contestants in the Tournament of Power.
0:12:00,@jennythebean9117,Piccolo where is your clothes 
0:12:02,@therandom_dude,LMFAO
0:12:03,@tf84,I WANNA WORK FOR TAMERS
0:12:05,@tonyjohnson5374,Manic is prepping a sneak attack trust
0:12:08,@FrenchfriedAndham,mlp will either die immediately or theyll winn
0:12:09,@Lucario4thewin,i hope they don't hit each other too hard
0:12:09,@galaxyofeq,Weird 
0:12:13,@Krueger_ai,@Tamers12345MLP Ever heard of Haruhi Suzumiya? 
0:12:13,@makotoikari4854,not fair!!!
0:12:15,@Tamers12345MLP,I never watched dragon ball wtf does gohban wear Piccolo's clothes and not his own dads? Does his dad suck?
0:12:16,@t.tnetwork8654,damn!!!
0:12:16,@va_fail,oh no
0:12:16,@sylveon_nimphia,I SHIP SONIC AND RAINBOW DASH HELP:loudly_crying_face::folded_hands:
0:12:18,@JorArg-c7s,RIP MLP
0:12:18,@AnimeGames16,NOOOOO
0:12:18,@UngulaPropriaRQ,WHAT THE FUCK 
0:12:19,@misakayy1911,OH MY GOOOOOOOOOD
0:12:19,@Wizards0nly,??????????????????????
0:12:20,@TheMTwinny,WHAT
0:12:20,@vodka5988,WTF
0:12:20,@agoatheadbaby3512,WHAT
0:12:20,@SonataDidIt,LOL
0:12:20,@thegoodoldays911,LMAO
0:12:20,@NubMcMoofin,:exploding_head::exploding_head:
0:12:21,@jo3a548,WHAAAAAAAAAAAAAAAAAAT
0:12:22,@Tiki2970,WHATTTt? NO BARTLEBY??? THIS IS MADNESS
0:12:22,@JPSwim5,/dbs/ is silent about this kino 
0:12:23,@mlpfimguy,NOO
0:12:24,@elskywardgonz9929,OH NO
0:12:24,@jo3a548,NO WAY
0:12:25,@TheMTwinny,THAT'S NOT FAIR
0:12:25,@UngulaPropriaRQ,"THAT'S CHEATING!""!!!!!!"
0:12:26,@mlpfimguy,RIGGED
0:12:26,@MillerTheDarkTransPrince,amazing
0:12:26,@Tamers12345MLP,Goku cheating up in this bitch??
0:12:28,@JorArg-c7s,NOOOOOO
0:12:29,@GlimmyGOD,Oh shiiitttt
0:12:29,@jennythebean9117,Cheating fr fr
0:12:29,@Wizards0nly,NOOOOOOOOOOOOOOOOOOOO
0:12:29,@Kiki_myshu,yes
0:12:30,@agoatheadbaby3512,OH NOOOOOO
0:12:31,@Vagab0ndify,Can't they all take a dive and just wait for him? 
0:12:33,@JoshThePinkGump,RIGGED
0:12:34,@lordofshrimps,Lol
0:12:35,@applebloom2307,Big Mac voice (๑>◡<๑)
0:12:35,@punkypony5165,I mean... Thats kind of fair. Bartelby is boken
0:12:37,@punkypony5165,*broken
0:12:37,@thelizardqueen9541,oh shit
0:12:38,@TheMTwinny,BULLSHIT
0:12:38,@MillerTheDarkTransPrince,:exploding_head::exploding_head::exploding_head:
0:12:38,@Lucario4thewin,goku a cheater
0:12:38,@PatriciaWimbish,DIH
0:12:38,@tf84,PLEASE LET ME WORK FOR YOU
0:12:38,@cricket_gaming_hd9439,big mac and cell kiss confirmed?
0:12:40,@JennyIsDead,BARTLEBY
0:12:41,@jo3a548,They are gonna lose
0:12:42,@thegoodoldays911,Goku is cheating because he is scared lol
0:12:43,@MiniPlush12,:nail_polish::nail_polish::nail_polish::nail_polish::nail_polish::nail_polish::nail_polish::nail_polish::nail_polish::nail_polish::nail_polish::nail_polish::nail_polish::nail_polish::nail_polish::nail_polish::nail_polish::nail_polish:
0:12:43,@dominicunderwood4911,fight boi!
0:12:44,@Aromaticgrassitem,rip team Bart
0:12:46,@galaxyofeq,Whelp sonic universe is gonna die
0:12:47,@misakayy1911,FLORA MY WIFE
0:12:47,@Krueger_ai,Is Goku that much of a chicken that he’s afraid of Bartleby?
0:12:48,@emqmp4,piccolo being gohans master or something 
0:12:49,@Gunnarandersen891,Debuffed and cancelled. ; ;
0:12:49,@jo3a548,CUTE FLORA
0:12:49,@KvVuld,no rush bartlby 20
0:12:51,@Tamers12345MLP,It's fucking over
0:12:51,@moriorinvictus69,holy gap
0:12:52,@tonyjohnson5374,I believe in Sonic and Knuckles and Flora
0:12:52,@agoatheadbaby3512,YOU CAN LAST 20 MINUTES SONIC.
0:12:54,@TheMTwinny,THEY KNOW BARTLEBY WOULD SWEEP
0:12:55,@TierAnon,UNF FLORA
0:12:57,@JorArg-c7s,IT'S SO OVWER
0:12:58,@Nick-yl4qp,Holy shit Flora got such a gigantic upgrade
0:13:00,@thelizardqueen9541,theyare dead
0:13:03,@Aromaticgrassitem,Flora...
0:13:03,@SonataDidIt,"No.,..."
0:13:04,@basedimperialism,I thought Fluttershy was going to be in this tournament????
0:13:04,@JennyIsDead,THE POWER OF SONIC UNDERGROUND
0:13:04,@Tiki2970,W-Why is flora drawn with more detail than the others my GOODNESS.
0:13:08,@Kiki_myshu,lol
0:13:12,@jennythebean9117,Sonic go Super Hedgehog 
0:13:14,@rockyroad2256,This already better than Dragon Ball Super’s Tournament of Power 
0:13:16,@thegoodoldays911,I mean even if they all die horribly bartleby will come in after 20 minutes anywway
0:13:17,@Tamers12345MLP,Flora never got upgrades she doesn't believe in plastic surgery
0:13:17,@TheMTwinny,LMAO
0:13:19,@bartc561,Flora solos :glasses-purple-yellow-diamond:
0:13:21,@Krueger_ai,Tamersverse Goku is a fraud and a coward 
0:13:23,@GalianFour,hahah
0:13:24,@Tamers12345MLP,Now spike however...
0:13:24,@jennythebean9117,Manic noooooo
0:13:27,@agoatheadbaby3512,NOOOOOOO MANIC DON'T GO ALONE!!!!
0:13:28,@GalianFour,God i missed you tamers
0:13:28,@berdlykinnie,why the FUCK does krillin have a nose. I have autism so him having a nose is making me very upset when he doesnt usually have one.
0:13:31,@punkypony5165,Manic is about to get his ass kicked
0:13:32,@UngulaPropriaRQ,OH SHIT 
0:13:33,@LightTim,Flora doesn't need plastic surgery
0:13:34,@jo3a548,LASFOKSAFOLASOFLAESGFOASGFL
0:13:34,@Wizards0nly,oh no
0:13:39,@TheMTwinny,LMAO
0:13:39,@Nick-yl4qp,You upgraded her in natural ways
0:13:41,@funstorm1789,OH SHIDD
0:13:42,@TheKalimanMX,go krillin!
0:13:42,@Lucario4thewin,oh shit a gun
0:13:42,@thegoodoldays911,OH NO
0:13:43,@MiniPlush12,oh shit!
0:13:44,@agoatheadbaby3512,IT'S A GUN!!!
0:13:44,@iamboomer7805,OH FUDGE 
0:13:44,@galaxyofeq,38. No revolver.
0:13:44,@elskywardgonz9929,The iconic dragon ball gun!
0:13:49,@makotoikari4854,:mouth:
0:13:51,@Treekotrouble,bro got a glock
0:13:53,@Tamers12345MLP,lol I forgot Krillin doesn't have a nose in dragon ball
0:13:53,@MiniPlush12,oh shit!!
0:13:54,@caatgutz,oh shiitttt
0:13:55,@Tiki2970,THE DBFZ ART LMAOOOOO
0:13:55,@MillerTheDarkTransPrince,omg
0:13:55,@JoshThePinkGump,LIPS
0:13:55,@emqmp4,LMAOOO
0:13:57,@TheMTwinny,WTF
0:13:57,@applebloom2307,SCARY
0:13:58,@jo3a548,ALSDFOADSFLAFOSLAGOALDSG
0:13:58,@jennythebean9117,Krillian you cheat!
0:13:59,@vodka5988,kek
0:13:59,@delta-v4x,Dragon cap and ball gun
0:14:00,@lordofshrimps,LOLLLL
0:14:00,@MiniPlush12,those lips
0:14:02,@jennythebean9117,Lips
0:14:03,@moriorinvictus69,woah high quality animation
0:14:04,@UngulaPropriaRQ,incredible 
0:14:04,@galaxyofeq,A 38 snubbed revolver
0:14:05,@makotoikari4854,violence!
0:14:06,@cricket_gaming_hd9439,dem lips
0:14:08,@TudleP,:loudly_crying_face::loudly_crying_face:
0:14:09,@MaximumPlanck,MANICCCC
0:14:09,@thelizardqueen9541,someone call the cops
0:14:10,@SuperSonicRB,W krillin 
0:14:10,@t.tnetwork8654,thats cheating though no deaths
0:14:11,@UngulaPropriaRQ,OH SHIT 
0:14:12,@SonataDidIt,oh god...
0:14:12,@AnimeGames16,MANIC NOOOOOO
0:14:12,@TheMTwinny,OH SHIT
0:14:13,@basedimperialism,lmao
0:14:13,@UngulaPropriaRQ,MANICCCCC
0:14:13,@Krueger_ai,Krillen has a Six Shooter?
0:14:14,@thegoodoldays911,LMAO
0:14:15,@JPSwim5,NOOOOOOO
0:14:15,@Gunnarandersen891,Flora is all natural and weak! cute though :3
0:14:15,@punkypony5165,W Krillin
0:14:15,@misakayy1911,WHITE BOY
0:14:15,@NubMcMoofin,:face_holding_back_tears:
0:14:16,@jo3a548,OH SHOIT
0:14:16,@applebloom2307,But he green
0:14:17,@JorArg-c7s,RIO
0:14:17,@cricket_gaming_hd9439,oh hes dead
0:14:17,@JoshThePinkGump,CHEATING
0:14:18,@tonyjohnson5374,MANIC GET UP
0:14:18,@OrpheusHart,BASED KRILLIN
0:14:18,@agoatheadbaby3512,OOOOOH NOOOOOOO
0:14:19,@delta-v4x,BASTARD
0:14:20,@UngulaPropriaRQ,MANIC HANG IN THERE 
0:14:20,@firewolf595,THE DBFZ RENDER LMAAOOOO
0:14:20,@usaminabe,omg
0:14:20,@vdn2468,NOOOOOO
0:14:21,@TheMTwinny,KRILLIN YOU BASTARD
0:14:22,@FrenchfriedAndham,holy guacemole
0:14:22,@scooz3904,sources tell me Manic is stable. please god
0:14:22,@jo3a548,MANIC YOUTR JOBERT
0:14:22,@Tamers12345MLP,Akira Toriyama wrote this scene
0:14:22,@therandom_dude,manic!!!
0:14:22,@phenix5323,NOOOOOOO
0:14:24,@Aromaticgrassitem,oh shit HE DEAD
0:14:25,@Wizards0nly,manic..............
0:14:26,@dominicunderwood4911,Wonder if Krillin beats 18
0:14:26,@MillerTheDarkTransPrince,nooo
0:14:26,@UngulaPropriaRQ,NOOOOOOOOOOOOOOOOOO
0:14:27,@emqmp4,NOOOO
0:14:27,@vodka5988,NOOOOOO
0:14:27,@chijureiu39,MANIC NO
0:14:28,@Lulu-ot5gw,Krillin... is STRONG
0:14:29,@caatgutz,OMG MANIC
0:14:29,@Kiki_myshu,why is not dandy's world part of the tournament?
0:14:30,@bartc561,Manic jobbing
0:14:31,@punkypony5165,RIP Akira Toriyama
0:14:32,@JorArg-c7s,DEAD ALREADY
0:14:32,@NubMcMoofin,:loudly_crying_face:
0:14:33,@Nick-yl4qp,"Ahh Manic, that was pathetic"
0:14:33,@Stratosfear_930,I do not think he was bluffing
0:14:33,@Wizards0nly,manic... that sucked...............
0:14:34,@GlimmyGOD,MANICbros???
0:14:35,@jennythebean9117,Noooooooooooooooo
0:14:35,@lordofshrimps,jobber
0:14:36,@therandom_dude,MANIC NOOOI
0:14:37,@thegoodoldays911,Manic is the first out </3
0:14:37,@Lucario4thewin,cheater
0:14:38,@Gunnarandersen891,Krillen is badass!
0:14:39,@MillerTheDarkTransPrince,yup
0:14:40,@delta-v4x,"I kneel before Toriyama, as always"
0:14:40,@jo3a548,LOSER
0:14:40,@applebloom2307,Tamers is so omnipotent he can contact heaven ヾ(｡>﹏<｡)ﾉﾞ✧*。
0:14:41,@GalianFour,JOBBER
0:14:42,@MiniPlush12,where's the Dandy's world
0:14:44,@LightTim,MANIC
0:14:46,@tonyjohnson5374,Manic is such a fucking jobber
0:14:47,@frikitiki5403,manic dropped the ball
0:14:48,@GalianFour,manic is a jobber
0:14:49,@jennythebean9117,Fr fr
0:14:50,@KvVuld,anyone but me lol
0:14:50,@Tamers12345MLP,It's fine because manic had fun
0:14:51,@Krueger_ai,At least Manic got revived 
0:14:53,@user-gk1mp1zk7n,we want dandys world
0:14:54,@GalianFour,everyone except me based
0:14:55,@PinkChampagne-r9i,He threw it
0:14:56,@jo3a548,OH SHIT
0:14:57,@t.tnetwork8654,I think I miss evil flawless
0:15:01,@Aromaticgrassitem,this is definitely alot more gripping than Dragon Ball Super. Bravo Toriyama-San
0:15:01,@Lucario4thewin,better then db super
0:15:03,@AnimeGames16,LETS GOOOOO
0:15:03,@agoatheadbaby3512,SONIC WATCH OUT
0:15:04,@Ace4573,"""Does it feel like I'm bluffing, white boy?"" LOOOOOOL"
0:15:05,@punkypony5165,LETS GO BARTLEBY
0:15:06,@jo3a548,OH HELL YEAH
0:15:07,@TheMTwinny,HELL YEAH BARTLEBY
0:15:08,@NubMcMoofin,:saluting_face:
0:15:11,@Wizards0nly,wow!!
0:15:12,@lordofshrimps,Aura
0:15:12,@FrenchfriedAndham, 
0:15:13,@jo3a548,YEAH
0:15:13,@MiniPlush12,gigachad Bartleby
0:15:13,@SonataDidIt,Peak shit
0:15:14,@agoatheadbaby3512,WOOOOAH
0:15:15,@jo3a548,HAY
0:15:15,@misakayy1911,H-HE'S FAST!
0:15:16,@SuperCaptainFail,IS THAT A REFERENCE TO SONIC AND BARTLEBY PLAYING BASKETBALL
0:15:16,@dominicunderwood4911,oh my word
0:15:18,@jo3a548,HAYIAI
0:15:19,@Lucario4thewin,it's over
0:15:20,@thegoodoldays911,Bartleby is gaming the system 
0:15:20,@elskywardgonz9929,GOOD THINKING BARTLEBY 
0:15:21,@JorArg-c7s,HAYAI
0:15:21,@va_fail,big mac voice
0:15:21,@UngulaPropriaRQ,YEAHHHHH
0:15:22,@TheMTwinny,THE POWER OF BARDONIC
0:15:22,@Tamers12345MLP,This is more animation than Dragon Ball Super
0:15:22,@thegoodoldays911,HAYAI
0:15:24,@stembarx6,@Tamers12345MLP that fkn ultrakill reference with the coin!!!
0:15:24,@jennythebean9117,Go fast
0:15:27,@iamboomer7805,SONIC FINALLY GETTING HIS COMEBACK 
0:15:30,@UngulaPropriaRQ,YOU KNOW HOW TO PICK EM BARTLEBY 
0:15:31,@mlpfimguy,OWH
0:15:32,@KvVuld,im crying
0:15:33,@makotoikari4854,Bartleby is the best
0:15:33,@dominicunderwood4911,fuck yeah
0:15:35,@GalianFour,based
0:15:35,@jo3a548,DO IT SONIC
0:15:37,@datekaname2246,it feels like it's been eons since sonic underground
0:15:38,@laahocsm0019,makes sense
0:15:40,@Gunnarandersen891,Bartleby is the Goat!
0:15:43,@jennythebean9117,Bartlby 
0:15:45,@JPSwim5,GIGACHAD 
0:15:47,@TheKalimanMX,based
0:15:48,@firewolf595,@Tamers12345MLP when they slandering your goat but it lowkey true
0:15:48,@Skidum1,gold nuggies
0:15:48,@dominicunderwood4911,Tamers would have made GT perfect
0:15:49,@Lucario4thewin,hell yeah Robotnik is a fat ass
0:15:49,@MiniPlush12,this is better than one piece season 3
0:15:50,@jo3a548,loalsdfoasfl
0:15:53,@thelizardqueen9541,:blue_circle::blue_circle:
0:15:54,@iamboomer7805,lol 
0:15:54,@AnimeGames16,KINO
0:15:54,@makotoikari4854,advanced strats
0:15:55,@caatgutz,my goat
0:15:56,@punkypony5165,lmao
0:16:00,@firewolf595,THE DBFZ ANIMATION LMAAAOOOO
0:16:01,@Tamers12345MLP,Bartleby is so powerful...
0:16:01,@GalianFour,:blue_circle::blue_circle::waving_hand::waving_hand::waving_hand:
0:16:02,@SonataDidIt,Oh shit
0:16:03,@UngulaPropriaRQ,GO SONIC GO 
0:16:04,@JoshThePinkGump,DIVA DOWN
0:16:04,@jo3a548,yeeeeeeeeeeees
0:16:06,@TheKalimanMX,uuuuuuf
0:16:07,@TheMTwinny,SONIC GOT ONE OUT
0:16:07,@jo3a548,one dive
0:16:07,@agoatheadbaby3512,NO WAY
0:16:09,@GhostlyManiac77,#TeamSU
0:16:11,@frikitiki5403,green loses
0:16:13,@jennythebean9117,Zamn he fast
0:16:13,@Aromaticgrassitem,diva down. lmao
0:16:14,@GalianFour,diva down
0:16:14,@MillerTheDarkTransPrince,diva down
0:16:14,@MiniPlush12,:nail_polish::nail_polish::nail_polish::nail_polish::nail_polish::nail_polish::nail_polish::nail_polish::nail_polish::nail_polish::nail_polish:
0:16:16,@lordofshrimps,Aura
0:16:17,@TheRagingSaiyan213,.....
0:16:18,@Lulu-ot5gw,tenshinKEKS???
0:16:21,@chijureiu39,TS so peak
0:16:22,@galaxyofeq,what happens when he runs out?
0:16:22,@CelestialZizzy,DIVA DOWN
0:16:23,@TheMTwinny,THAT'S TWO
0:16:24,@NubMcMoofin,:saluting_face:
0:16:24,@punkypony5165,Yeah there's no way in hell SU is losing
0:16:25,@lordofshrimps,CRAZY LOOP
0:16:26,@misakayy1911,FLORA NO
0:16:26,@dominicunderwood4911,Beef Stew victory!
0:16:26,@jo3a548,FLORA
0:16:27,@Tiki2970,Oh right the mlp characters are in this too
0:16:28,@TheMTwinny,FLORA NO
0:16:28,@Lucario4thewin,destroyed
0:16:29,@thelizardqueen9541,LMAOO
0:16:29,@applebloom2307,Nuuuu
0:16:30,@UngulaPropriaRQ,HAHAHAH 
0:16:30,@agoatheadbaby3512,FLORA WILL DIE
0:16:32,@bartc561,Sonic Underground is OP :glasses-purple-yellow-diamond:
0:16:33,@JPSwim5,FLORAKEKS 
0:16:33,@dominicunderwood4911,NO FLORA
0:16:35,@Lulu-ot5gw,BASED KNUCKLES
0:16:36,@GalianFour,HAHAHAHA
0:16:37,@MiniPlush12,
0:16:37,@thegoodoldays911,These guys being surprised about jump dodging when ki exists lol
0:16:38,@Wizards0nly,based knux
0:16:38,@tonyjohnson5374,knuckles go!
0:16:39,@Tiki2970,FLORA X TRIXIE
0:16:40,@bartc561,FLORA NO!!!
0:16:40,@GlimmyGOD,Lucky flora...
0:16:40,@UngulaPropriaRQ,oh there goes spike 
0:16:43,@JoshThePinkGump,SPIKE JOBS AGAIN
0:16:43,@emqmp4,SPIKE NO DONT HSE THEM 
0:16:45,@Allproseahawks,Lol
0:16:46,@TheKalimanMX,spike noooooooooooooo
0:16:46,@datekaname2246,spikes only appearance
0:16:48,@MillerTheDarkTransPrince,
0:16:49,@jo3a548,OH FUCJ
0:16:49,@va_fail,damn spike did nothing 
0:16:49,@Gunnarandersen891,wow the powerlevel!
0:16:49,@Skidum1,RIP Flora
0:16:50,@MiniPlush12,
0:16:53,@agoatheadbaby3512,UH OH
0:16:54,@jo3a548,SPIKE YOUR BASTARD
0:16:55,@GalianFour,LETS GO SPIKE
0:16:55,@makotoikari4854,he'll be able to...?
0:16:55,@misakayy1911,CHAD
0:16:55,@SuperSonicRB,Spike Finna die bruh :loudly_crying_face:
0:16:57,@jennythebean9117,Spike you trickster
0:16:59,@MiniPlush12,
0:16:59,@LightTim,BRAZILIAN DOUBLE FART JUMP
0:17:01,@LUNN4T1C, OMG
0:17:01,@lordofshrimps,AURA
0:17:02,@Tamers12345MLP,Spike coming in clutch when no one thought he could do it
0:17:07,@thegoodoldays911,Spike has no hops
0:17:08,@lordofshrimps,DONT DO IT
0:17:08,@MiniPlush12,
0:17:08,@punkypony5165,OK thank you for finishnig Spike
0:17:08,@iamboomer7805,DO IT SPIKE
0:17:08,@SonataDidIt,he ain't making it
0:17:09,@dominicunderwood4911,"Z-""FIGHTERS"" not ""warriors"", so many people get that wrong!"
0:17:10,@UngulaPropriaRQ,oh shit spike 
0:17:11,@galaxyofeq,Gg spike
0:17:12,@lordofshrimps,Spike no
0:17:12,@UngulaPropriaRQ,go for it spike
0:17:12,@JorArg-c7s,spike got this
0:17:14,@lordofshrimps,Dont jump
0:17:15,@berdlykinnie,Krillin in dragon ball super canonically has stinky shoes
0:17:15,@applebloom2307,The big dragon gonna come!! Whatever his name was!!!
0:17:18,@thegoodoldays911,OH SHIT
0:17:18,@UngulaPropriaRQ,NO SPIKE CLIMB 
0:17:19,@Aromaticgrassitem,Spike is gonna die
0:17:20,@MiniPlush12,
0:17:24,@misakayy1911,SPIKE NO
0:17:25,@TheMTwinny,DOUBLE BARREL SHOTTY
0:17:26,@Tiki2970,GALICK GUNNNNN
0:17:27,@galaxyofeq,double barrel shotgun 
0:17:27,@agoatheadbaby3512,SHOTGUN
0:17:28,@wuzfoz,RRRR VEGETAAAA
0:17:29,@MillerTheDarkTransPrince,oh no spike
0:17:30,@caatgutz,this is fire
0:17:30,@TheRagingSaiyan213,ah shit here we again
0:17:31,@Gunnarandersen891,The Flora love is real! :light_blue_heart:
0:17:36,@agoatheadbaby3512,SPIKE LOOKOUT
0:17:37,@Tamers12345MLP,f
0:17:37,@wuzfoz,GALICK SHOTGUN
0:17:38,@iamboomer7805,SPIKE DODGE!!!
0:17:38,@jennythebean9117,Spike doge!
0:17:39,@MiniPlush12,
0:17:39,@TheMTwinny,NO WAY
0:17:40,@makotoikari4854,RIP Spike
0:17:40,@SuperSonicRB,W goku
0:17:41,@emqmp4,NOOOO
0:17:41,@punkypony5165,KA MEEE
0:17:42,@ubersoldierboi,lol
0:17:42,@AnimeGames16,F
0:17:42,@jo3a548,NOOOOOOOOOOOOOOOO\
0:17:42,@SonataDidIt,the strongest ability...
0:17:42,@Tiki2970,KEK
0:17:42,@punkypony5165,HA MEEEE
0:17:42,@elskywardgonz9929,NO GOKU 
0:17:43,@bartc561,XDDDD
0:17:43,@MillerTheDarkTransPrince,f
0:17:43,@MiniPlush12,f
0:17:44,@lordofshrimps,OH MY GOD
0:17:44,@firewolf595,BARTLEBY IS A HOMIE
0:17:44,@Lulu-ot5gw,BASED GOKU
0:17:45,@CricketIrken,that's pump action though
0:17:45,@NubMcMoofin,:face_holding_back_tears:
0:17:45,@UngulaPropriaRQ,SHOTGUN KAHMEAMEAH 
0:17:45,@basedimperialism,ded
0:17:46,@misakayy1911,NOOOOOOOOOOOOOO
0:17:46,@TheMTwinny,LMAO
0:17:47,@t.tnetwork8654,spikes done for
0:17:47,@JoshThePinkGump,KILLING IS ILLEGAL
0:17:47,@applebloom2307,Nuuuuuu
0:17:47,@lordofshrimps,HAAAAAAAAAAAAAAAAA
0:17:47,@LUNN4T1C,NO
0:17:47,@FrenchfriedAndham,OH
0:17:48,@Nick-yl4qp,GOT EM
0:17:48,@caatgutz,FUUUUCK
0:17:48,@Lucario4thewin,he's using a secret technique
0:17:48,@wuzfoz,f
0:17:48,@thegoodoldays911,Damn rip
0:17:48,@iamboomer7805,NOOOOOOOOOOO
0:17:49,@moriorinvictus69,LOL
0:17:49,@vodka5988,f
0:17:49,@dominicunderwood4911,"Why are you warning him, Bartleby?"
0:17:49,@punkypony5165,Amazing
0:17:50,@GhostlyManiac77,Womp womp
0:17:50,@galaxyofeq,Spike nooooooooo
0:17:51,@vdn2468,f
0:17:51,@Skidum1,lmao
0:17:51,@GalianFour,MY SIDES
0:17:51,@thelizardqueen9541,oh shit
0:17:51,@Aromaticgrassitem,lmao
0:17:52,@UngulaPropriaRQ,NO SPIKE NOOOO
0:17:52,@JorArg-c7s,NOOOOOO
0:17:52,@MyriadSkyFlaming,HAHAHA
0:17:52,@Morflow_,D:
0:17:53,@catmoon_8314,xdd
0:17:53,@GalianFour,hahaha
0:17:54,@NubMcMoofin,:loudly_crying_face::loudly_crying_face::loudly_crying_face:
0:17:56,@Dalekoverhauls,That was very anti-climactic
0:17:56,@Hyloaf,F
0:17:56,@laahocsm0019,f
0:17:57,@agoatheadbaby3512,SPIKE IS FUCKING DES
0:17:57,@Lulu-ot5gw,BASED GOKU
0:17:58,@mlpfimguy,ucu
0:17:58,@jo3a548,NOOOOOOOOOOOOOO
0:17:58,@cricket_gaming_hd9439,shot like a dog
0:17:58,@ichidori1212,S
0:17:59,@SuperCaptainFail,THANK YOU GOKU
0:17:59,@JorArg-c7s,he dead
0:17:59,@elskywardgonz9929,He’s dead again!
0:17:59,@t.tnetwork8654,wait didnt goku technically cheated
0:18:00,@JPSwim5,SPIKEBROS
0:18:00,@TheMTwinny,HAHAHAHAH
0:18:00,@GalianFour,f
0:18:00,@SonataDidIt,oh no...
0:18:00,@DragonDuppy,I’m late. 
0:18:01,@jennythebean9117,Oh no!
0:18:01,@applebloom2307,He'll come back 
0:18:02,@phenix5323,"""no killing"""
0:18:03,@GalianFour,f
0:18:03,@GlimmyGOD,wat the fuck goku...
0:18:03,@emqmp4,BLUD BROKE THE RULES
0:18:05,@basedimperialism,F
0:18:06,@JoshThePinkGump,BOOOOOOO
0:18:06,@scarlethorse5391,f
0:18:06,@MiniPlush12,
0:18:06,@Juluuvian,f
0:18:07,@clockguy2793,SPIKE NOO
0:18:08,@bartc561,Bumku
0:18:09,@TheKalimanMX,Spike :eyes-purple-crying:
0:18:09,@MillerTheDarkTransPrince,oh no
0:18:09,@rockyroad2256,:face-purple-crying::face-purple-crying::face-purple-crying::face-purple-crying::face-purple-crying::face-purple-crying::face-purple-crying::face-purple-crying::face-purple-crying::face-purple-crying::face-purple-crying::face-purple-crying::face-purple-crying::face-purple-crying::face-purple-crying::face-purple-crying::face-purple-crying::face-purple-crying::face-purple-crying::face-purple-crying:
0:18:10,@Lulu-ot5gw,PSYCHOku
0:18:10,@TheMTwinny,GOKU YOU MONSTER
0:18:10,@TheRagingSaiyan213,lmao
0:18:11,@TheVampireVito,good riddance 
0:18:11,@jo3a548,CHEATER
0:18:12,@Tiki2970,"SPIKE IS DEAD... for like, the third time already"
0:18:12,@caatgutz,f
0:18:12,@Aromaticgrassitem,you're to blame. you gave spike a bad thang
0:18:14,@clockguy2793,WHAT THE FUCK GOKU
0:18:14,@JoshThePinkGump,DISQUALIFY GOKU
0:18:14,@qlai3155,time to get sued
0:18:15,@JorArg-c7s,THIS SUCKS
0:18:15,@therandom_dude,noooooooooooooooooooooo
0:18:16,@iamboomer7805,BAN GOKU 
0:18:16,@Kiki_myshu,hell yeah
0:18:17,@billyboy8534,"It's Goku, so he can get away with it"
0:18:18,@clockguy2793,NOT NEEDED
0:18:19,@lordofshrimps,LOLLL
0:18:20,@vodka5988,wtf goku?!
0:18:21,@agoatheadbaby3512,JUMP IN BARTLEBY
0:18:21,@SonataDidIt,Goku gonna get rekt
0:18:23,@thegoodoldays911,This is like the 5th time spike died
0:18:24,@JPSwim5,KAKAKEKS
0:18:25,@misakayy1911,BAN GOKU
0:18:25,@galaxyofeq,Spike! Noooooooooooooooooooooooo
0:18:26,@caatgutz,thats fucked up goku
0:18:27,@Nick-yl4qp,Spike was outside the arena
0:18:28,@Tamers12345MLP,Spike is actually dead this time
0:18:30,@PinkChampagne-r9i,The rules he made himself too
0:18:30,@t.tnetwork8654,r.i.p spike he will just come back next mlp vid
0:18:31,@Tamers12345MLP,I promise
0:18:32,@Nick-yl4qp,It doesn't count
0:18:33,@agoatheadbaby3512,OOOOHH NOOOO
0:18:34,@TheKalimanMX,ban goku
0:18:35,@clockguy2793,NOO
0:18:35,@dominicunderwood4911,Blame it on Goku Black
0:18:38,@punkypony5165,Betrayal
0:18:38,@Tamers12345MLP,DBZ infighting...
0:18:38,@LUNN4T1C,NOOOO
0:18:38,@jennythebean9117,:loudly_crying_face::loudly_crying_face::loudly_crying_face::loudly_crying_face:
0:18:39,@MiniPlush12,
0:18:39,@cricket_gaming_hd9439,oh thank god
0:18:40,@JoshThePinkGump,KAAAAAMEEEEEEEEEEE
0:18:40,@Gunnarandersen891,Goku cheated!:face-blue-wide-eyes:
0:18:41,@jo3a548,oh no
0:18:42,@punkypony5165,Shining
0:18:43,@JorArg-c7s,nooooo
0:18:43,@agoatheadbaby3512,GOHAN
0:18:44,@JoshThePinkGump,HAAAAAAAAAAAAAAAAAAAAA
0:18:44,@TheMTwinny,GOKU WOULD SHOOT HIS OWN SON
0:18:45,@jennythebean9117,Daddy stop!
0:18:46,@lordofshrimps,Thanked that though
0:18:46,@therandom_dude,NOOOOO TAMERS WHYYYY!!!?
0:18:48,@thegoodoldays911,LMAO
0:18:50,@CoolGuy-d1b,Thank god spike is dead
0:18:50,@JorArg-c7s,gohan jobbing already
0:18:51,@jo3a548,LOLASODFASLFOASFLASFGOSAFL
0:18:52,@thelizardqueen9541,gasp
0:18:52,@Nander___,he's the yami yugi of fighting
0:18:53,@SuperSonicRB,W METHODS GOKU
0:18:53,@lordofshrimps,CRAZYYYYYYY
0:18:53,@makotoikari4854,"thank you for explaining, Vegeta"
0:18:54,@Lucario4thewin,Christ
0:18:55,@firewolf595,I LOVE DRAGON BALL
0:18:56,@MillerTheDarkTransPrince,OMG :astonished_face: :face_screaming_in_fear: :astonished_face: :face_screaming_in_fear:
0:18:56,@Aromaticgrassitem,why is everyone kungfu fighting?
0:18:57,@MiniPlush12,imagine if spike came back
0:18:58,@galaxyofeq,someone get the Dragon balls and say spike with a wish
0:18:58,@elskywardgonz9929,"Goku is cheating… he’s fallen so far, just for his lust for battle "
0:19:00,@bartc561,FARTMEHA
0:19:01,@UngulaPropriaRQ,THAT'S INSANE 
0:19:03,@MillerTheDarkTransPrince,crazy
0:19:04,@jennythebean9117,Should have been me
0:19:04,@punkypony5165,I love this so much
0:19:05,@TheMTwinny,MORE THAN 20 SPIRIT BOMBS?
0:19:06,@Lucario4thewin,lol
0:19:06,@jo3a548,This is what Toriyama envisioned
0:19:07,@Allproseahawks,Y poopy in he’s but
0:19:07,@Gunnarandersen891,hahahahaha :face_with_tears_of_joy:
0:19:07,@Amirwouldofgames,Whatttty
0:19:13,@Solums,i wanna know if dandy gonna be here
0:19:13,@MiniPlush12,
0:19:14,@dominicunderwood4911,Everyone is just afraid now
0:19:14,@emqmp4,OMG TRXIE NO
0:19:17,@Gunnarandersen891,Peak!
0:19:17,@Binary_Forever,lol wtf
0:19:17,@misakayy1911,NOOOOOOOOOOOOO
0:19:18,@frikitiki5403,tamers got a hold of akira toriyama's lore notes
0:19:18,@bartc561,OH NO
0:19:19,@UngulaPropriaRQ,WHAT 
0:19:19,@TheMTwinny,OH MY GOD
0:19:19,@jo3a548,OH FUCK
0:19:19,@punkypony5165,GODDAMN
0:19:19,@Krueger_ai,This is absolute cinema 
0:19:19,@SonataDidIt,no....
0:19:20,@makotoikari4854,lmao
0:19:20,@dominicunderwood4911,HA
0:19:21,@mlpfimguy,ow
0:19:21,@lordofshrimps,Ow
0:19:21,@Hyloaf,NOOOOOOO
0:19:22,@JorArg-c7s,DEAD
0:19:22,@NubMcMoofin,:face_holding_back_tears::face_holding_back_tears::loudly_crying_face:
0:19:22,@va_fail,nooo
0:19:22,@jo3a548,NOOOOOOOOOOOOOOOOOOOOOOO
0:19:22,@elskywardgonz9929,TRIXIE NO 
0:19:23,@scooz3904,NOOOOOOOOOOOOOO
0:19:23,@t.tnetwork8654,Trixie noooo
0:19:23,@Solums,no
0:19:23,@iamboomer7805,Good god 
0:19:24,@UngulaPropriaRQ,oh fair 
0:19:24,@jennythebean9117,Noooooooooooooooo
0:19:24,@Pocket_of_Explosives,wtf
0:19:24,@agoatheadbaby3512,TRIXIE NOOOOOOO
0:19:24,@Artist_Graveyard,TRIXIE NOOOOOOO
0:19:24,@MiniPlush12,
0:19:25,@Tamers12345MLP,I bet Goku is regretting this tournament now
0:19:25,@Amirwouldofgames,Nooooooo
0:19:25,@GalianFour,SIDEWAYS KMFAO
0:19:26,@caatgutz,NO TRIXIE
0:19:26,@thelizardqueen9541,call the cops!!!
0:19:26,@thegoodoldays911,KRILLIN > TRIXIE
0:19:27,@applebloom2307,It do
0:19:27,@bartc561,Trixie!
0:19:27,@Cinnaloaff,NOOOOO
0:19:27,@Allproseahawks,Noooooooooooo
0:19:27,@Lulu-ot5gw,the STRONGEST human
0:19:29,@galaxyofeq,Trixie nooo
0:19:29,@TheMTwinny,DAMN
0:19:29,@SonataDidIt,Trixie will be put down....
0:19:30,@LUNN4T1C,NOO
0:19:30,@Dalekoverhauls,NOOOOO
0:19:31,@Stratosfear_930,"ah yes, the death of Trixie Lulamoon"
0:19:31,@Amirwouldofgames,O noooo
0:19:32,@Juluuvian,not again
0:19:32,@wuzfoz,TRIXIE NOOOO
0:19:32,@punkypony5165,As forshadowed in Sweetie Belle In Love
0:19:33,@Tamers12345MLP,It's okay she still has 3 other legs
0:19:34,@ichidori1212,BASED KRILLIN
0:19:35,@Aromaticgrassitem,rip trixie. diabeetus
0:19:35,@MiniPlush12,Trixie INoooooooo
0:19:35,@TheMTwinny,GOKU IS GONNA DIE
0:19:36,@AnimeGames16,RIP
0:19:36,@jo3a548,TWILGIHT SAVE YOUR WIFE
0:19:36,@billyboy8534,Google Ai
0:19:37,@Kiki_myshu,"Twilight blast"""
0:19:38,@vdn2468,TRIXIE NOOO
0:19:39,@JorArg-c7s,N0000
0:19:41,@UngulaPropriaRQ,TWILIGHT 
0:19:42,@Lucario4thewin,smoked
0:19:42,@agoatheadbaby3512,"Just heal your leg, Trixie."
0:19:44,@MiniPlush12,
0:19:45,@MillerTheDarkTransPrince,noooo
0:19:46,@applebloom2307,"Ye, that one pic in TDOTL"
0:19:47,@caatgutz,WHAT THE FUCK
0:19:47,@bartc561,YES GET HIM
0:19:47,@UngulaPropriaRQ,WAIT
0:19:47,@lordofshrimps,Lock in Twilight
0:19:48,@TheMTwinny,FLAWLESS IS PISSED
0:19:48,@dominicunderwood4911,"Hallelujah, she learned she was mortal."
0:19:48,@UngulaPropriaRQ,FLAWLESS 
0:19:49,@Tiki2970,"Truly, My Little Pony, this is... The Death Of Trixie Lulamoon..."
0:19:49,@KvVuld,bury me at the library
0:19:50,@usaminabe,NOOOOOOOO
0:19:51,@JennyIsDead,what about Dandy's World?
0:19:52,@TheRagingSaiyan213,"imagine Z Broly was in this Verse, he would Kill Everyone and doesn't care but wanted to Fight Kakarot"
0:19:52,@Krueger_ai,No spoilers 
0:19:52,@SuperCaptainFail,"GWET EM, FLAWLESS"
0:19:53,@Lucario4thewin,uh oh
0:19:53,@jennythebean9117,Twilight go super Saiyan 
0:19:53,@elskywardgonz9929,FLAWLESS STOP GOKU
0:19:53,@Solums,what
0:19:53,@punkypony5165,Flawless lock in
0:19:54,@GlimmyGOD,oh shity
0:19:54,@bartc561,DAB ON HIM
0:19:54,@MiniPlush12,
0:19:54,@Artist_Graveyard,Put a bandaid on trixie
0:19:56,@phenix5323,DO IT
0:19:56,@firewolf595,FRACTURED MY GOAT
0:19:57,@jo3a548,OHHELL YEAH
0:19:59,@applebloom2307,FLAWLESS GOOO
0:19:59,@TheMTwinny,YOU PISSE DOFF FLAWLESS GOKU
0:20:01,@lordofshrimps,Oh okay
0:20:01,@SonataDidIt,MY DREAMS COMING TRUE
0:20:02,@TheKalimanMX,flawless go
0:20:02,@Wizards0nly,where is uncle chuck
0:20:03,@bartc561,GET ÉM!
0:20:05,@t.tnetwork8654,evil flawless!!!
0:20:06,@freetimesketchbook9485,he should've shot flawless
0:20:07,@CoolGuy-d1b,Oh shiiiiit
0:20:09,@Tamers12345MLP,Trixie temporarily forgot that she can heal or leg like she did in the first episode she showed up in
0:20:09,@dominicunderwood4911,"Notice how Zeno is nowhere to be seen, he fears Bartleby."
0:20:09,@kachangaz,:face-orange-biting-nails::face-fuchsia-tongue-out:
0:20:09,@caatgutz,get em flawless
0:20:09,@jo3a548,THE LESBIAN HORSES ARE GOING SUPER DSAYIAN
0:20:10,@Aromaticgrassitem,flawl3ss n frac clean sweeping this bitxh!!!
0:20:11,@DerivativeWorker,"Oh no, it's schizo time"
0:20:11,@wuzfoz,flawless clear
0:20:12,@galaxyofeq,flawless transformed into a God
0:20:12,@Gunnarandersen891,Blue is getting takendown today... go sonic! :blue_heart:
0:20:12,@JoshThePinkGump,ENTER
0:20:13,@lordofshrimps,Become evil again
0:20:13,@mlpfimguy,oh shit
0:20:14,@Kiki_myshu,power up
0:20:14,@TheMTwinny,OH SHIT
0:20:14,@misakayy1911,HAPPENING
0:20:15,@firewolf595,SHATTERED MIRROR LETS FUCKING GOOOOOOOO
0:20:17,@Amirwouldofgames,O no
0:20:17,@usaminabe,the music!!!!
0:20:18,@MillerTheDarkTransPrince,please do it
0:20:19,@MiniPlush12,
0:20:21,@jo3a548,FUSION
0:20:22,@thegoodoldays911,Flawless you had liike an hour to stop krillin lol
0:20:22,@UngulaPropriaRQ,OH SHIIIIIIIIT
0:20:23,@GhostlyManiac77,"Who do y’all think will win, Flawless or Goku?"
0:20:22,@Iwillhughim,WHY DID NO ONE TELL ME THERE WAS A NEW TAMERS EPISODE
0:20:23,@Skidum1,here we go!!!
0:20:23,@TheKalimanMX,:face-orange-biting-nails::face-orange-biting-nails::face-orange-biting-nails:
0:20:24,@punkypony5165,Flawless is whole
0:20:24,@PotatorOficial,NOW UR FUCKED
0:20:25,@jennythebean9117,She going sicko mode
0:20:26,@JoshThePinkGump,WE'RE FUCKING BACK
0:20:26,@bartc561,HYYYYPE
0:20:27,@Tiki2970,I still donw know what the evil inverted shadow Flawless is called
0:20:27,@Vagab0ndify,Here we go!
0:20:27,@jo3a548,OHHHH FUCK
0:20:27,@Amirwouldofgames,Omg
0:20:28,@MillerTheDarkTransPrince,fusion
0:20:28,@firewolf595,SHATTERED MIRRROOOOOOORRRRRRRRRRR
0:20:28,@vdn2468,HELL YEAH
0:20:29,@UngulaPropriaRQ,SHE'S BACK 
0:20:29,@LightTim,Trixie is stupid enough to forget she's a god
0:20:29,@Lucario4thewin,the reunion
0:20:30,@SonataDidIt,ITS HER
0:20:30,@jo3a548,THE ORIGINAL
0:20:30,@Furrylover69-mx9fu,:face-blue-wide-eyes::face-blue-wide-eyes::face-blue-wide-eyes:
0:20:31,@freetimesketchbook9485,bartleby wins duh
0:20:31,@vodka5988,kino
0:20:31,@firewolf595,LESBIANS
0:20:31,@iamboomer7805,ENTER
0:20:32,@lordofshrimps,Oh okay
0:20:32,@JoshThePinkGump,WE ARE SO FUCKING BACK
0:20:32,@JorArg-c7s,just like that time vegeta turn evil
0:20:32,@Juluuvian,HOLY SHIT
0:20:32,@TheMTwinny,THIS IS WHAT HAPPENS WHEN YOU HARM HER MOMMA
0:20:32,@NubMcMoofin,:exploding_head::exploding_head:
0:20:32,@Lulu-ot5gw,but krillin has a gun
0:20:32,@GalianFour,NAH DONT LET GOKU JOB NOW
0:20:33,@OrpheusHart,WE'RE SO BACK
0:20:33,@thelizardqueen9541,YEAH GIRL
0:20:33,@thegoodoldays911,The mare iin the mirror is back
0:20:34,@delta-v4x,Peak
0:20:34,@va_fail,yay best flawless outfit 
0:20:35,@GlimmyGOD,Shes back
0:20:36,@Nick-yl4qp,"Oh no, Flawless is evil again"
0:20:36,@Dalekoverhauls,Ohh
0:20:36,@Stratosfear_930,toom em long enough
0:20:36,@vdn2468,THE HAT IS BACK
0:20:38,@t.tnetwork8654,the og flawless is back!!!!!
0:20:41,@MiniPlush12,we so back!
0:20:42,@TheMTwinny,KNUCKLES NO
0:20:42,@CelestialZizzy,WE ARE SO BACK
0:20:43,@bartc561,:3
0:20:43,@GalianFour,YOU GIVE BARELY THE KINO HE DESERVES
0:20:43,@MillerTheDarkTransPrince,the original
0:20:45,@jennythebean9117,Her true form
0:20:48,@Artist_Graveyard,LETS GO FLAWLESS!!!!
0:20:48,@thegoodoldays911,LMMAO
0:20:48,@applebloom2307,She GOT a cAAANe!
0:20:49,@Tamers12345MLP,Krillin needs to stop being a lil bitch omg
0:20:50,@emqmp4,YEAHHHH
0:20:54,@applebloom2307,Luv her
0:20:55,@usaminabe,YEAG
0:20:56,@Tiki2970,"EVERYTIME WE TOUCH, I FEEL THE STATIC"
0:20:56,@jo3a548,oooooooooooooooooo
0:20:57,@bartc561,XD
0:21:00,@phenix5323,FLAWLESS SWEEP
0:21:01,@firewolf595,THANK YOU FOR SHATTERED MIRROR TAMERS I LOVE YOU
0:21:01,@AnimeGames16,KNUCKLES NOOOOOOO
0:21:02,@LUNN4T1C,yay
0:21:03,@JennyIsDead,"welp, Pack it up, SU fans"
0:21:03,@agoatheadbaby3512,KRILLON NOO
0:21:03,@lordofshrimps,It didnt even hurt that bad
0:21:04,@NubMcMoofin,:saluting_face:
0:21:04,@TheMTwinny,NOOOOOOOOOOOOOOOOO
0:21:05,@Allproseahawks, Hehhehehe
0:21:05,@JorArg-c7s,Knuckles bros it's over
0:21:06,@grimtidings5451,FLAW LET'S GOOOO
0:21:07,@Lucario4thewin,knux!
0:21:08,@JennyIsDead,we had a good run
0:21:08,@doggerlander,krillinbros...
0:21:11,@Dalekoverhauls,DAMN
0:21:12,@TheMTwinny,BARTLEBY DO SOMETHING
0:21:12,@Aromaticgrassitem,the fairies or whatever are growing on me tbh
0:21:13,@wuzfoz,LMFAO RIP
0:21:15,@skyberry_axx,this peak
0:21:15,@therandom_dude,daaaaaaaaamn
0:21:16,@thegoodoldays911,Even like this she's still following the rules
0:21:18,@MillerTheDarkTransPrince,yayyyy
0:21:18,@emqmp4,wrap it up :loudly_crying_face:
0:21:19,@MiniPlush12,
0:21:23,@jo3a548,BARTLEBY STYOP YTHIS MADNESS
0:21:24,@GalianFour,"nah, SU is still in this shit"
0:21:24,@jennythebean9117,Go FLAWLESS!
0:21:25,@JPSwim5,GET HER BEJITA
0:21:25,@MiniPlush12,
0:21:27,@Nander___,i can't believe krillin is fucking dead and knuckles
0:21:29,@UngulaPropriaRQ,HAHAHAH
0:21:29,@Amirwouldofgames,Omh
0:21:30,@DerivativeWorker,Is she supposed to be saying somthing?
0:21:32,@Gregisdead1,legit what is happening 
0:21:33,@JorArg-c7s,can't they turn into saiyan blue?
0:21:33,@Lulu-ot5gw,BEJITA NOO
0:21:33,@bartc561,NO SONIC!
0:21:33,@agoatheadbaby3512,VISUAL CALLBACK
0:21:33,@JoshThePinkGump,what happened to her voice
0:21:33,@MiniPlush12,
0:21:34,@Gunnarandersen891,krillen it is just a fleshwound
0:21:34,@TheMTwinny,SONIC IS OUT
0:21:34,@freetimesketchbook9485,NOOOO
0:21:35,@iamboomer7805,VEGETA JOBBING LIKE USUAL 
0:21:36,@jo3a548,noooooooooooooooooooooo
0:21:37,@vodka5988,bejitabros....
0:21:37,@AnimeGames16,BARTLEBY JUMP IN
0:21:37,@Wizards0nly,bartleby
0:21:37,@TheMTwinny,NOOOOOOOOOOOOOOOOOOOO
0:21:38,@JPSwim5,BEJITAKEKS 
0:21:38,@lordofshrimps,Uh okay
0:21:39,@makotoikari4854,let Bartleby in!
0:21:39,@Tamers12345MLP,Sky from winx club isn't a fairy he's just a guy
0:21:39,@grimtidings5451,RING OUT
0:21:39,@JennyIsDead,BARTLEBY PLEASE
0:21:40,@Aromaticgrassitem,bejita...
0:21:40,@CrossCityToon,What did I miss
0:21:41,@UngulaPropriaRQ,@DerivativeWorker she's singing along 
0:21:43,@GalianFour,GOD DAMN IT SONIC YOU FAILURE
0:21:43,@bartc561,Woah
0:21:45,@jo3a548,aaaaaaaaaaaaaaaa
0:21:45,@MillerTheDarkTransPrince,yesss go Flawless
0:21:45,@SonataDidIt,COSTUME
0:21:45,@Lucario4thewin,weakling!
0:21:45,@JoshThePinkGump,WOW
0:21:47,@emqmp4,GOD DAMN
0:21:47,@thegoodoldays911,MAGICAL HATS
0:21:48,@misakayy1911,SECKSOOOOOOOOOOOOOOOOOOOO
0:21:49,@jennythebean9117,Magic 
0:21:49,@applebloom2307,YES
0:21:50,@MiniPlush12,
0:21:50,@jo3a548,seeeeeeeeeeeeect
0:21:50,@NubMcMoofin,:smiling_face_with_hearts:
0:21:50,@wuzfoz,HOT
0:21:51,@SuperSonicRB,GOKU ARE YOU FINISHEDD
0:21:51,@Morflow_,YEAAAAAH
0:21:52,@thelizardqueen9541,OMG
0:21:52,@grimtidings5451,SLAAAAYYYYY
0:21:53,@Solums,wow
0:21:54,@basedimperialism,Gohan jobbed
0:21:55,@Erisblazar,Sonic noooooooooo
0:21:55,@Aromaticgrassitem,Darg magicianed gphan!!
0:21:56,@applebloom2307,YESYESEHEYES
0:21:56,@jennythebean9117,New outfit 
0:21:57,@emqmp4,OMG
0:21:57,@dominicunderwood4911,The fuck did the hips come from??
0:21:57,@mlpfimguy,woah!
0:21:57,@JoshThePinkGump,HE SAID IT
0:21:58,@JorArg-c7s,BARTLEBY SAVE US
0:21:58,@Lulu-ot5gw,MY GOAT
0:21:59,@thegoodoldays911,Great outfit
0:21:59,@applebloom2307,YESSSSSS
0:22:00,@TheKalimanMX,go flawless!
0:22:01,@caatgutz,damn
0:22:03,@lordofshrimps,HE SAID IT
0:22:04,@jo3a548,OOOOOOOOOOOOOOOOOHHH
0:22:05,@punkypony5165,ULTRA INSTINCT
0:22:05,@basedimperialism,YOOOOOOOOOOOO
0:22:05,@Stratosfear_930,oh dear
0:22:05,@jo3a548,SHIT
0:22:05,@elskywardgonz9929,ULTRA INSTINCT 
0:22:05,@grimtidings5451,UI
0:22:05,@TheMTwinny,OH SHIT
0:22:06,@Nick-yl4qp,Ultra stink goku
0:22:07,@lordofshrimps,Uh like
0:22:07,@doggerlander,FUARRRKKK
0:22:07,@OrpheusHart,GOKU BLANCO
0:22:08,@t.tnetwork8654,ultra instinct goku!!!!!
0:22:09,@Stratosfear_930,he gonna get 1 tapped
0:22:10,@wuzfoz,"uh oh, goku blanco"
0:22:11,@GalianFour,goku Blanco...
0:22:11,@Vagab0ndify,"Come on, Flawless!"
0:22:11,@Lucario4thewin,he what?
0:22:13,@UngulaPropriaRQ,ULTRA IN STINK
0:22:13,@jo3a548,stink
0:22:14,@JoshThePinkGump,10 SECONDS
0:22:14,@thegoodoldays911,ultra stinky
0:22:14,@TBB_productions,I thought tamers said sky dose Minecraft
0:22:15,@MiniPlush12,
0:22:16,@freetimesketchbook9485,goku please save us
0:22:16,@jo3a548,ultrra stink
0:22:17,@TheKalimanMX,in stink
0:22:17,@Amirwouldofgames, O shit
0:22:17,@Kiki_myshu,if who?
0:22:17,@TheMTwinny,10 SECONDS
0:22:19,@Erisblazar,LMAO
0:22:21,@dominicunderwood4911,"YOU SAID THIS WAS DB'Z', NOT SUPER!"
0:22:21,@caatgutz,SHIT
0:22:21,@agoatheadbaby3512,Very well my little pony...allow me to pull out all the stops....
0:22:22,@MillerTheDarkTransPrince,wowie
0:22:22,@Aromaticgrassitem,mmm i love that ultra instinct
0:22:23,@JorArg-c7s,Where flora
0:22:23,@bartc561,GOTEEM
0:22:23,@emqmp4,YEAHHHH
0:22:24,@SuperSonicRB,Ultra instinct :loudly_crying_face::loudly_crying_face::loudly_crying_face:
0:22:25,@t.tnetwork8654,UI goku vs OG flawless
0:22:26,@phenix5323,LOL
0:22:26,@UngulaPropriaRQ,HAHAHAH NOT EVEN CLOSE 
0:22:27,@GlimmyGOD,haha jobku got rekt
0:22:27,@jo3a548,NOOOOOOOOOOOOOOOOOO
0:22:28,@vodka5988,kwab
0:22:28,@MiniPlush12,
0:22:29,@lordofshrimps,He kinda sucks lol
0:22:29,@galaxyofeq,Lol
0:22:29,@Tamers12345MLP,Why are people saying instinct? I thought it was in stink? Did I fuck up?
0:22:29,@TheRagingSaiyan213,oh shit Goku Tapped into Mastered Ultra Instinct or Perfected Ultra Instinct
0:22:29,@moriorinvictus69,lol
0:22:30,@thegoodoldays911,Damn </3
0:22:31,@wuzfoz,YOOOO
0:22:31,@jo3a548,GOKU NO
0:22:31,@elskywardgonz9929,FLAWLESS SOLOS UI GOKU???
0:22:32,@LightTim,HE SAID THE THING
0:22:34,@misakayy1911,OH NO
0:22:34,@TheMTwinny,IT'S GONNA BE FLAWLESS VS BARTLEBY
0:22:34,@Allproseahawks,Poopy
0:22:34,@MiniPlush12,
0:22:35,@jo3a548,It's over
0:22:36,@Tiki2970,TIME FOR FLAWLESS TO LOSE
0:22:36,@GalianFour,bull m
0:22:36,@doggerlander,gokubros...
0:22:40,@punkypony5165,Time for Bartleby to clean up
0:22:40,@iamboomer7805,ENTER
0:22:41,@MiniPlush12,
0:22:42,@PotatorOficial,Ultra Stink lol
0:22:43,@Tamers12345MLP,Oh no...
0:22:43,@TheMTwinny,LMAOOOOOOOOOOOOOOOOOOO
0:22:43,@JPSwim5,GET HER BARTLEBY 
0:22:43,@AnimeGames16,GO BARTLEBY
0:22:43,@jo3a548,YES
0:22:44,@LightTim,MORE LIKE HE STINKS
0:22:46,@UngulaPropriaRQ,valid response flawless
0:22:46,@JoshThePinkGump,I HEAR YOU'RE STRONG
0:22:46,@jennythebean9117,Flawless is stronger then Ultra Instinct 
0:22:47,@thegoodoldays911,FLAWLESS IS TERRIFFIED LMAO
0:22:47,@bartc561,BARTLEBY
0:22:47,@SonataDidIt,No one can blame her
0:22:48,@mlpfimguy,KEK
0:22:48,@Tiki2970,FLAWLESS FEARS BARTLEBY CONFIRMED
0:22:48,@Aromaticgrassitem,@tamers. nah you got it right
0:22:48,@GalianFour,HAHAHAHA
0:22:48,@iamboomer7805,FLAWLESS YOU COWARD 
0:22:49,@Kiki_myshu,safety first
0:22:49,@Lucario4thewin,no you're right
0:22:49,@TheVampireVito,YEAH RUN BITCH
0:22:49,@AnimeGames16,:blue_circle::blue_circle::waving_hand:
0:22:50,@dominicunderwood4911,"HAHAHAHA, BISH KNOWS HER PLACE."
0:22:50,@wuzfoz,Bartleby BASED
0:22:51,@doggerlander,AIEEEEEE
0:22:52,@Erisblazar,FINALLY 
0:22:52,@usaminabe,thats a wrap
0:22:52,@va_fail,lmao that scream 
0:22:53,@TheMTwinny,FLAWLESS IS SCARED OF BARTLEBY
0:22:53,@jo3a548,Bartleby time to shine
0:22:53,@caatgutz,LETS GO
0:22:54,@Stratosfear_930,even flawless is not foolish enough to fight bartleby
0:22:54,@JorArg-c7s,ITS OVER
0:22:57,@JennyIsDead,CMON BARTLEBY
0:22:58,@freetimesketchbook9485,tamers can you make bartleby snap flawless' neck
0:22:58,@galaxyofeq,Flawess!
0:23:00,@CelestialZizzy,LOOL
0:23:01,@makotoikari4854,why is Kakarot so evil
0:23:02,@MillerTheDarkTransPrince,go bartley
0:23:03,@MiniPlush12,
0:23:03,@Vagab0ndify,Did it work? 
0:23:06,@Lucario4thewin,dammit
0:23:08,@elskywardgonz9929,"Typical Goku, not fighting fair"
0:23:12,@doggerlander,CHEATku
0:23:12,@dominicunderwood4911,Flawless knows she is nothing in his shadow
0:23:12,@jennythebean9117,Don’t cheat
0:23:12,@Amirwouldofgames,Ummmm
0:23:12,@bartc561,YOU FOOL!
0:23:12,@TheMTwinny,LMAO
0:23:12,@JoshThePinkGump,KEK
0:23:13,@Tiki2970,M-MASAKA...
0:23:13,@UngulaPropriaRQ,HOLY SHIT 
0:23:13,@misakayy1911,ENTER
0:23:14,@t.tnetwork8654,figured bartelby was a sayian hes just him though
0:23:14,@thegoodoldays911,lol
0:23:16,@jo3a548,NOOOOOOOOOOO
0:23:16,@agoatheadbaby3512,gulp.....
0:23:17,@MiniPlush12,
0:23:17,@lordofshrimps,aura
0:23:17,@Tamers12345MLP,"It, it's didn't do anything...?"
0:23:17,@emqmp4,OP
0:23:17,@TheMTwinny,UNFAZED
0:23:18,@doggerlander,TANKED
0:23:18,@Gunnarandersen891,Goku is done!
0:23:18,@jo3a548,GOKU RUN
0:23:19,@Lulu-ot5gw,RATku
0:23:20,@mlpfimguy,XD
0:23:20,@JorArg-c7s,To expected
0:23:20,@Aromaticgrassitem,"goku is a little more evil than usual, damn"
0:23:21,@GalianFour,h-hes good
0:23:21,@JPSwim5,ENTER
0:23:23,@Lucario4thewin,too strong
0:23:24,@maxbear027,:fish-orange-wide-eyes::fish-orange-wide-eyes::fish-orange-wide-eyes::fish-orange-wide-eyes::fish-orange-wide-eyes:
0:23:24,@PotatorOficial,HAHA UR WEAK GOKU
0:23:26,@CrossCityToon,@Tamers12345 just to let you know you inspired me to make a Nickelodeon bumper fan series even though I haven’t uploaded the first episode because I fear paramount will take it down
0:23:26,@Wizards0nly,.................
0:23:27,@AnimeGames16,IM DYING
0:23:27,@wuzfoz,RATku
0:23:28,@GhostlyManiac77,N-Nani?
0:23:28,@SonataDidIt,Not surprised
0:23:28,@MiniPlush12,
0:23:29,@GalianFour,ENTER JEFFERY
0:23:29,@PotatorOficial,TOO WEAK
0:23:30,@JennyIsDead,BARTLEBY IS THE GOAT
0:23:30,@Tomerツ,cooked
0:23:30,@doggerlander,MY HERO BARTLEBY I KNEEEEEEEEL
0:23:30,@thegoodoldays911,MASAKA
0:23:31,@UngulaPropriaRQ,YESSSSS
0:23:31,@NubMcMoofin,:exploding_head:
0:23:32,@SonataDidIt,No one can touch a god
0:23:34,@Pocket_of_Explosives,"erm, multi trillionaire"
0:23:35,@TheMTwinny,ALL YOU MLP FANS GONNA UNDERSTAND
0:23:35,@punkypony5165,He's only a multimillionaire? The economy ht Bartleby hard
0:23:35,@clockguy2793,godamn
0:23:36,@CoolGuy-d1b,The power of money and gay love 
0:23:37,@Nick-yl4qp,Bartleby is really struggling with that shoelace
0:23:37,@bartc561,GET HIM BARTLEBY
0:23:38,@MillerTheDarkTransPrince,poor goku
0:23:39,@Krueger_ai,What’s the name of that song?
0:23:40,@clockguy2793,based
0:23:43,@MiniPlush12,
0:23:44,@grimtidings5451,BATTLE PF THE CENTURY
0:23:44,@jo3a548,LASDLOASOLFASOFOLASRFLASFOL
0:23:44,@UngulaPropriaRQ,CANON 
0:23:44,@wuzfoz,LMAOOOOO
0:23:45,@misakayy1911,M-MASAKA
0:23:47,@thegoodoldays911,lmao
0:23:48,@UngulaPropriaRQ,ALL OF THIS IS CANON 
0:23:48,@GalianFour,lmfaooo
0:23:48,@TheKalimanMX,too weak goku
0:23:48,@dominicunderwood4911,Like punching Spongebob
0:23:49,@Dalekoverhauls,Ohh
0:23:49,@JoshThePinkGump,LMAO
0:23:49,@JennyIsDead,BARTLEBY WILL BRING BACK SU
0:23:50,@Artist_Graveyard,Bartleby :red_heart:
0:23:50,@Lucario4thewin,goku stop
0:23:51,@MiniPlush12,
0:23:53,@firewolf595,KAIOKEN
0:23:53,@colaccount,all nonchalant too
0:23:54,@JPSwim5,AIEEEEEE
0:23:55,@OrpheusHart,Frequent Bartleby W
0:23:56,@MillerTheDarkTransPrince,goooo bartley
0:23:56,@CoolGuy-d1b,Lmaooo
0:23:57,@MiniPlush12,
0:23:57,@thelizardqueen9541,LMAOOO
0:23:57,@firewolf595,USE KAIOKEN GOKU
0:23:58,@lovetrain-xx,goku...
0:23:58,@Nander___,the gold in bartleby's coat is probably heavier than the z sword
0:23:58,@opticghost,bartleby is losing a fight to shoe strings
0:23:59,@lordofshrimps,Why is it taking him this long to tie his shoes though
0:23:59,@JennyIsDead,:blue_circle::blue_circle::waving_hand:
0:23:59,@frikitiki5403,Bartleby is spending more effort in his shoestring than with goku
0:23:59,@jennythebean9117,Goku he’s too strong 
0:24:00,@SharkDoggy,"I absolutely love this, as a goku fan this is great "
0:24:00,@doggerlander,CHADTLEBY YOURE TOO STRONG AIEEEEEEEEEEEEEE
0:24:01,@hoelt1,GO BARTLEBY
0:24:01,@emqmp4,goku wrap it up 
0:24:02,@Dalekoverhauls,Fight fight fight this is peak cinema right here
0:24:02,@Allproseahawks,Lol
0:24:03,@MiniPlush12,
0:24:03,@Stratosfear_930,the shoe lace is stronger then bartleby?
0:24:05,@KvVuld,hes got those complex shoes
0:24:05,@PinkChampagne-r9i,He's really struggling with that shoe
0:24:06,@dominicunderwood4911,Can Bartleby even be Hakai'd?
0:24:07,@Ch0colo0vyy,I JUST CAME WHAT HAPPENED 
0:24:07,@TheMTwinny,Damn that shoelace is really giving him problems
0:24:09,@bartc561,Jobber request
0:24:10,@JoshThePinkGump,\o/
0:24:10,@JorArg-c7s,RIP GOKU
0:24:11,@MiniPlush12,
0:24:12,@AnimeGames16,:blue_circle::blue_circle::waving_hand:
0:24:13,@jo3a548,OH FUCK
0:24:14,@makotoikari4854,Kuririn's arm grew back
0:24:15,@Amirwouldofgames,O
0:24:15,@Lucario4thewin,damn shoes
0:24:16,@Kiki_myshu,he can't tie cause he has people do it for him
0:24:17,@elskywardgonz9929,"Heh, no one can replicate Bartleby "
0:24:17,@MiniPlush12,
0:24:18,@JennyIsDead,:blue_circle::blue_circle::waving_hand:
0:24:18,@RDMVidya,He is once again asking for your help 
0:24:18,@Aromaticgrassitem,krakorak has gone ultra instink
0:24:22,@DerivativeWorker,Bernie spirit bomb
0:24:22,@Tamers12345MLP,Does Bartleby even know what's happening? lol
0:24:23,@MillerTheDarkTransPrince,:blue_circle::blue_circle:
0:24:23,@doggerlander,\o/
0:24:25,@freetimesketchbook9485,bartleby my goat
0:24:25,@delta-v4x,NO REFUNDS
0:24:26,@TheMTwinny,:blue_circle::blue_circle::waving_hand:
0:24:26,@SonataDidIt,Still ain't gonna do shit
0:24:26,@JorArg-c7s,wher gohan
0:24:26,@MiniPlush12,
0:24:27,@bartc561,Bartleby fart bomb
0:24:29,@JoshThePinkGump,\o/
0:24:32,@JennyIsDead,:blue_circle::blue_circle::waving_hand:
0:24:33,@opticghost,shoe string is the highest scaling thing in the multiverse now
0:24:33,@MyriadSkyFlaming,:hand-pink-waving:
0:24:34,@GalianFour,BASED
0:24:34,@thegoodoldays911,Bartleby is no selling everything lol
0:24:35,@caatgutz,"heh, foolish goku thinks that he can win with bartleby"
0:24:36,@MiniPlush12,
0:24:37,@jo3a548,ITS OVER
0:24:37,@Lulu-ot5gw,\o/
0:24:37,@subwaytrain1093,ok
0:24:39,@Vagab0ndify,"To be fair, Bartleby's pure good, so"
0:24:39,@jennythebean9117,Rival? I thought he was your lover
0:24:40,@TheMTwinny,This is nothing for Bartleby ngl 
0:24:40,@Lucario4thewin,no he has money
0:24:40,@freetimesketchbook9485,tamers please know us sonic underground fans are still out there
0:24:40,@GalianFour,\o/
0:24:41,@JoshThePinkGump,LMAO
0:24:41,@agoatheadbaby3512,Why is Bartleby taking so long to tie his shoe?
0:24:41,@Stratosfear_930,holy damn
0:24:41,@UngulaPropriaRQ,HOLY FUCK 
0:24:42,@Tiki2970,FLASHBACKS TO MADARA VS BARTLEBY FROM THE WW3 MOVIE
0:24:44,@TierAnon,Bartleby is really bad at tying knots I guess
0:24:45,@dominicunderwood4911,HAKAI
0:24:47,@UngulaPropriaRQ,most tense DBZ battle 
0:24:48,@galaxyofeq,Bullshit
0:24:48,@MiniPlush12,
0:24:48,@UltimateStarky,oh
0:24:49,@delta-v4x,How long are these shoelaces anyway
0:24:49,@JennyIsDead,:blue_circle::blue_circle::waving_hand:
0:24:49,@Artist_Graveyard,He’s still tying his shoe :skull:
0:24:49,@jo3a548,ULTRA STINK
0:24:49,@wuzfoz,Bartleby must have like 10000 laces
0:24:51,@Nick-yl4qp,Why doesn't Goku destroy the ground under Bartleby? Is he stupid ?
0:24:51,@Aromaticgrassitem,its frieza arc all over again
0:24:52,@doggerlander,INVINCIBLEBY THE STRONGEST
0:24:52,@AnimeGames16,LETS GO BARTLEBY
0:24:55,@TheMTwinny,:blue_circle::blue_circle::waving_hand:
0:24:56,@LightTim,Bartleby is using the regular show death block
0:24:58,@HorizonML,Holy shit this is peak
0:24:59,@emqmp4,GOO BARTLEBY
0:25:00,@Lucario4thewin,shoe is bigger threat
0:25:00,@MiniPlush12,
0:25:01,@TheRagingSaiyan213,WE SAIYAN'S HAVE NO LIMITS :speaking_head::speaking_head::speaking_head:
0:25:01,@colaccount,this goes to show how much forms Goku has
0:25:04,@JennyIsDead,:blue_circle::blue_circle::waving_hand:
0:25:06,@Amirwouldofgames,Ummmmm
0:25:06,@KvVuld,that shoe
0:25:07,@嚐一口風琴,BARTLEBYY CMON
0:25:09,@MiniPlush12,
0:25:09,@GalianFour,i really want Bartleby vs flawless
0:25:10,@Wizards0nly,this fight... is amazing...........
0:25:10,@MillerTheDarkTransPrince,so peak
0:25:11,@Stratosfear_930,bartleby losing the fight to the shoe laces
0:25:13,@Morflow_,damn he's tying that shit
0:25:13,@Tamers12345MLP,Bartleby is just taking his time. He's not really in a hurry against someone like goku
0:25:14,@AnimeGames16,It sure takes him awhile to tie his shoes.
0:25:14,@emqmp4,:loudly_crying_face::loudly_crying_face::loudly_crying_face::loudly_crying_face:
0:25:15,@MiniPlush12,
0:25:16,@jennythebean9117,Weak
0:25:16,@Kiki_myshu,couldn't even handle flawless
0:25:17,@misakayy1911,LMAO
0:25:17,@TheMTwinny,LMAO
0:25:17,@bartc561,EZ
0:25:18,@JoshThePinkGump,JOBBED
0:25:18,@KvVuld,that shoe is his greatist battle
0:25:19,@jo3a548,noooooooooooooooo
0:25:21,@TheMTwinny,GOKU IS OUT
0:25:21,@Iwillhughim,taking a long ass time to tie his shoe
0:25:21,@thelizardqueen9541,he isnt even paying attention
0:25:22,@UngulaPropriaRQ,HAHAHAHA
0:25:23,@vdn2468,LOL
0:25:23,@agoatheadbaby3512,uh no
0:25:24,@MiniPlush12,
0:25:24,@GalianFour,fucking over
0:25:24,@mlpfimguy,EZ 
0:25:25,@AnimeGames16,WOOOOOOO
0:25:26,@doggerlander,"stand proud Goku, you were strong"
0:25:26,@Lulu-ot5gw,JOBku
0:25:27,@thegoodoldays911,lmao
0:25:28,@makotoikari4854,:yellow_heart::blue_heart:
0:25:29,@JennyIsDead,:blue_circle::blue_circle::waving_hand:
0:25:29,@Nick-yl4qp,Goku should've gone Blue so Bartleby would've been confused
0:25:29,@bartc561,HOW 
0:25:29,@Amirwouldofgames,lol
0:25:30,@jo3a548,YES
0:25:31,@嚐一口風琴,GOKU YOU SUCK-
0:25:33,@jo3a548,SU IS SAVED
0:25:34,@punkypony5165,ggez
0:25:34,@JorArg-c7s,noooo poor bartlbely
0:25:34,@wuzfoz,KING SHIT
0:25:34,@Erisblazar,LMAOOOO
0:25:35,@mlpfimguy,\0c0/
0:25:35,@phenix5323,EZ
0:25:36,@CoolGuy-d1b,He usually has someone tie them for him 
0:25:36,@bartc561,HOW DID COME BACK
0:25:37,@Artist_Graveyard,YAYYYY
0:25:37,@thegoodoldays911,Did flawless run off the edge lmao
0:25:38,@PotatorOficial,Yay Sonic is alive
0:25:39,@MiniPlush12,
0:25:39,@MillerTheDarkTransPrince,:yellow_heart::blue_heart:
0:25:39,@TheMTwinny,SONIC UNDERGROUND WINS
0:25:40,@jo3a548,ALSDOASDFLASFOOLASF
0:25:40,@Tamers12345MLP,:clapping_hands::clapping_hands::clapping_hands:
0:25:41,@JennyIsDead,BARDONIC FOREVER
0:25:42,@freetimesketchbook9485,WE ARE BARTLEBY WE CARRY THE UNIVERSE
0:25:43,@Aromaticgrassitem,haha. that was a funny joke where bllwweeeee is ultra power
0:25:44,@jennythebean9117,True 
0:25:47,@SonataDidIt,*clap*
0:25:47,@Tiki2970,I like how they're just chill like that
0:25:47,@LUNN4T1C,yessss
0:25:48,@doggerlander,Bartleby our HERO
0:25:50,@Zedpo1,Booo
0:25:51,@Gunnarandersen891,bartleby wow he used his ultimate weapon!
0:25:51,@jo3a548,BARTLEBY WINS AGAIN
0:25:51,@UngulaPropriaRQ,he really is the strongest being in the omniverse 
0:25:52,@MiniPlush12,
0:25:52,@RDMVidya,Bartlby stays winning 
0:25:52,@dominicunderwood4911,"Goku didn't use SS2, that was his key mistake."
0:25:53,@maxbear027,:clapping_hands::clapping_hands:
0:25:55,@SuperSonicRB,Everyone forgot spike died :loudly_crying_face:
0:25:55,@qlai3155,bartelby vs parcel core
0:25:55,@Lucario4thewin,:partying_face::partying_face::partying_face:
0:25:56,@applebloom2307,But the pones are still there
0:25:57,@TheMTwinny,SONIC UNDERGROUD > MY LITTLE PONY SUCKAS
0:25:58,@caatgutz,applause for my goat
0:25:58,@galaxyofeq,But we still got 12 mins left in ep
0:25:58,@emqmp4,YEAHH FOR ONCE GOKU SOEAKING FACTS
0:25:59,@freetimesketchbook9485,WE FIGJT FOR THE UNDERGROUND WE HONOR SONICS NAME
0:25:59,@billyboy8534,Spike is dead so the tournament was worth it
0:26:00,@neargaming2057,Flawless is typing...
0:26:00,@GalianFour,I kneel....
0:26:00,@MiniPlush12,
0:26:00,@punkypony5165,:blue_circle::blue_circle::waving_hand:
0:26:00,@abc123-w2o,:money_bag::money_bag::money_bag::money_bag:
0:26:01,@applebloom2307,They're friends tho
0:26:02,@doggerlander,gokugeta <<<<<<< bardonic
0:26:03,@JPSwim5,MY FUARKING HEROOOOOOOO
0:26:04,@freetimesketchbook9485,WE ARE BARTLEBY
0:26:05,@makotoikari4854,shoulder Sonic!
0:26:10,@Nick-yl4qp,:hedgehog:
0:26:11,@MiniPlush12,
0:26:11,@Allproseahawks, :)
0:26:11,@RDMVidya,shidded pants
0:26:15,@Kiki_myshu,but no pony lose :c
0:26:19,@Lucario4thewin,so modest
0:26:19,@嚐一口風琴,Why does he sounds like Looey... 
0:26:19,@misakayy1911,MY HERO
0:26:20,@Vagab0ndify,I knew it!
0:26:21,@dominicunderwood4911,Suuuure you're not
0:26:22,@MiniPlush12,
0:26:22,@UngulaPropriaRQ,YEAH BARTLEBY 
0:26:23,@NubMcMoofin,:saluting_face::saluting_face:
0:26:23,@JoshThePinkGump,BASED
0:26:24,@zocie,Vegetate crapped his pants like a poopy baby
0:26:24,@SonataDidIt,Amazing
0:26:24,@emqmp4,common bartleby W
0:26:26,@bartc561,Flora!
0:26:27,@UngulaPropriaRQ,THE HERO OF VIRTUE 
0:26:27,@jo3a548,THANKS BARTLEBY
0:26:28,@agoatheadbaby3512,THANK YOU BARTLEBY
0:26:28,@rileyk3197,fuck I'm so late to the party
0:26:30,@vodka5988,He is so cool...
0:26:30,@olizalzeortolan8322,lmao not materialistic ?
0:26:31,@Skidum1,BASED
0:26:31,@TheMTwinny,BARTLEBY IS SO KIND
0:26:31,@firewolf595,I KNEW IT
0:26:32,@SonataDidIt,Bartleby the god
0:26:32,@va_fail,aww that sweet 
0:26:33,@iamboomer7805,Bartleby our hero 
0:26:33,@galaxyofeq,What about spike! 
0:26:33,@lordofshrimps,Truly amazing
0:26:34,@misakayy1911,THERE GOES MY HERO
0:26:34,@LUNN4T1C,PEAK
0:26:34,@thegoodoldays911,LORE ACCURATE
0:26:35,@GalianFour,based Bartleby
0:26:36,@Artist_Graveyard,Bartleby the true hero
0:26:36,@MillerTheDarkTransPrince,
0:26:36,@Wizards0nly,:)
0:26:36,@jo3a548,THE HERO OF THE UNIVERSE
0:26:37,@MiniPlush12,
0:26:37,@Tiki2970,"Truly, Bartleby Montclair is the most selfless individual alive"
0:26:38,@doggerlander,Bartleby the GENEROUS
0:26:39,@TheKalimanMX,OUR HERO
0:26:39,@PotatorOficial,I'm more worried about Trixie horse leg:sad_but_relieved_face:
0:26:39,@Tamers12345MLP,"Bartleby could have wished Spike abck to life but he didn't, because in his eyes Spike was was weak and didn't deserve life"
0:26:40,@mlpfimguy,TRU 
0:26:41,@UltimateStarky,what a cool dude
0:26:41,@punkypony5165,RIP Spike
0:26:42,@Lucario4thewin,who?
0:26:43,@jennythebean9117,Bro is pure
0:26:43,@JorArg-c7s,noooo
0:26:44,@TheMTwinny,SPARKY
0:26:44,@LUNN4T1C,im crying 
0:26:45,@Gunnarandersen891,bartleby is pure!
0:26:45,@MiniPlush12,
0:26:47,@colaccount,phony
0:26:49,@iamboomer7805,Spike still dead… 
0:26:50,@LUNN4T1C,NOOO
0:26:51,@Tiki2970,Cosmo's voice from Dandy's World
0:26:51,@Aromaticgrassitem,"bringing pony back. those other suckas dont know where its at, yuhuh"
0:26:51,@Dalekoverhauls,“Crap his pants” it says in the video
0:26:52,@Lulu-ot5gw,based bartleby
0:26:52,@GalianFour,fingers
0:26:53,@MiniPlush12,
0:26:54,@Lucario4thewin,nice
0:26:55,@JorArg-c7s,saddest dead in mlp
0:26:56,@Kiki_myshu,fingers
0:26:56,@t.tnetwork8654,hows sparky alive pinkie killed him!!!!
0:26:59,@firewolf595,did we see pinky once? 
0:27:00,@agoatheadbaby3512,What about the Dragonballs over there on the bench?
0:27:00,@MiniPlush12,
0:27:02,@SeriouslySodium,Bruh i had to take a fat shit and i couldnt watch this in time oh shit i will have to rewatch this shit alone later fuck ok fcuk it i will follow it from here
0:27:02,@elskywardgonz9929,Spike can stay dead it’s fine 
0:27:02,@Krueger_ai,Goku has pillow hands. He’s doing -1 damage
0:27:02,@doggerlander,bartleby the MERCIFUL
0:27:04,@dominicunderwood4911,"Flora & Flawless had the hips of goddesses this episode, fsr."
0:27:06,@MiniPlush12,
0:27:07,@Amirwouldofgames,O nooo
0:27:08,@TheMTwinny,LMAO THE MEME
0:27:09,@moriorinvictus69,THE POSE
0:27:12,@MiniPlush12,
0:27:14,@lordofshrimps,LOLLLL
0:27:14,@Amirwouldofgames,:cat-orange-whistling::face-orange-raised-eyebrow::face-orange-biting-nails::face-turquoise-covering-eyes:
0:27:16,@punkypony5165,I love Vegeta
0:27:16,@Lucario4thewin,who is Spike?
0:27:17,@JoshThePinkGump,THE MEME
0:27:19,@MiniPlush12,
0:27:19,@maxbear027,:rolling_on_the_floor_laughing::rolling_on_the_floor_laughing::rolling_on_the_floor_laughing::rolling_on_the_floor_laughing:
0:27:20,@Aromaticgrassitem,spike had rabbies
0:27:21,@thegoodoldays911,LMAO
0:27:21,@Tamers12345MLP,This is a fucking travesty.
0:27:21,@zocie,Leo
0:27:22,@doggerlander,KEKAROOOOO
0:27:24,@makotoikari4854,:crying_face:
0:27:24,@zocie,lol 
0:27:25,@MiniPlush12,
0:27:26,@NubMcMoofin,:face_holding_back_tears::loudly_crying_face:
0:27:26,@bartc561,RIP
0:27:27,@JorArg-c7s,goku is awful
0:27:28,@jo3a548,Nooooo
0:27:28,@嚐一口風琴,:face-orange-biting-nails:
0:27:28,@Pocket_of_Explosives,lmfao
0:27:29,@UltimateStarky,vegeta looking up at an angle how did he draw him like that
0:27:30,@symphonydawn3,imagine taking a screenshot of this to a DBZ fan
0:27:31,@MiniPlush12,
0:27:33,@LUNN4T1C,im crying irl
0:27:33,@Kiki_myshu,wasn't sparky in jail?
0:27:33,@MillerTheDarkTransPrince,:rolling_on_the_floor_laughing::rolling_on_the_floor_laughing::rolling_on_the_floor_laughing:
0:27:34,@JPSwim5,Bejitabros
0:27:34,@delta-v4x,Vegeta has serious Soarin vibes
0:27:35,@TheMTwinny,:);
0:27:35,@GhostlyManiac77,Rest in piss Spike LMAO
0:27:35,@Aromaticgrassitem,canon vegito
0:27:35,@midkidable,#justiceforspike
0:27:35,@lordofshrimps,This is awful
0:27:35,@JorArg-c7s,:(
0:27:36,@wuzfoz,who cares lmao
0:27:37,@makotoikari4854,VEGETA COOKING TIME
0:27:37,@Erisblazar,:broken_heart:
0:27:38,@MiniPlush12,
0:27:39,@va_fail,:(
0:27:39,@iamboomer7805,Tragedy in celebration 
0:27:40,@RDMVidya,RIP in piss Spike 
0:27:40,@jennythebean9117,Damn his lover
0:27:40,@TheRagingSaiyan213,Gogeta would easily Win by Simply Take Everyone out in Ultra Instinct or Ultra Ego
0:27:41,@Tiki2970,"""Cosmo, I'm afraid Sprout Seedly was just shot to death"""
0:27:41,@SonataDidIt,oh god
0:27:42,@colaccount,Spike got a wife and kids back home
0:27:42,@jo3a548,EVIL FLAWLESS
0:27:43,@lordofshrimps,And his food is burning on the stove
0:27:44,@wuzfoz,f-flawless...?
0:27:44,@MiniPlush12,
0:27:45,@grimtidings5451,Uh
0:27:45,@Tamers12345MLP,Flawless is mean now the hell
0:27:48,@UngulaPropriaRQ,So we have 50% evil flawless back
0:27:48,@TheMTwinny,Is Flawless aight
0:27:49,@UngulaPropriaRQ,damn
0:27:49,@agoatheadbaby3512,Uh-oogh
0:27:50,@Wizards0nly,yay
0:27:50,@UngulaPropriaRQ,crazy
0:27:50,@dominicunderwood4911,"I hate vegeta's va, but Tamers makes it all worthwhile."
0:27:51,@Hyloaf,Flawless...
0:27:51,@MiniPlush12,
0:27:51,@applebloom2307,KAATAWA SHOUJO MUSIC
0:27:52,@bartc561,XD
0:27:52,@thegoodoldays911,Flawless really merged back together for nothing lmao
0:27:54,@Lulu-ot5gw,DAMN bro Bejita lookin FINE
0:27:55,@MaximumPlanck,Almost as sad as when SU got cancelled
0:27:55,@jennythebean9117,Flawless changed
0:27:56,@jo3a548,Oh hell yeah
0:27:57,@Kiki_myshu,:c
0:27:57,@UltimateStarky,little Trixie
0:27:57,@firewolf595,GIVE ME SHATTERED MIRROR YURI
0:27:57,@TheMTwinny,HE DOES
0:27:58,@Lucario4thewin,chilli dog
0:27:58,@firewolf595,PLAESE
0:27:58,@lordofshrimps,She's edgy now
0:27:58,@va_fail,trixie smoll 
0:27:59,@t.tnetwork8654,the og flawless is back!!!
0:28:04,@vdn2468,I missed evil flawless
0:28:05,@JPSwim5,Good ending 
0:28:05,@PotatorOficial,no chilli hothot dog??:pleading_face:
0:28:06,@caatgutz,LMAOO
0:28:07,@MiniPlush12,
0:28:07,@JorArg-c7s,good old sonic
0:28:08,@rockyroad2256,Can’t believe Tamers managed to get vegeta’s voice actor
0:28:08,@dookyking4lyfe,HAPPY ENDING YAY
0:28:08,@grimtidings5451,"Oh no, did Flaw finally merge with Flawless?"
0:28:09,@dominicunderwood4911,"Flawless & Flora were strangely hot this episode, idk why."
0:28:09,@GalianFour,kawata shoju
0:28:11,@TheMTwinny,PISS OFF GOKU
0:28:12,@wuzfoz,flawless is evil as fuck now
0:28:13,@BasilSimp,was kinda hoping to see the dragon power twi or trixie doin something:broken_heart:
0:28:13,@frikitiki5403,more burgers than sonic?
0:28:14,@applebloom2307,She's going through puberty
0:28:17,@GalianFour,takes me back bro thanks
0:28:17,@bartc561,Hamburger strat
0:28:18,@Tiki2970,Marvel v Capcom 3 trailer ending
0:28:18,@NubMcMoofin,:smiling_face_with_hearts:
0:28:20,@MiniPlush12,
0:28:20,@Allproseahawks,..
0:28:21,@Lucario4thewin,gtfo goku
0:28:25,@punkypony5165,Flawless inhereted her mothers eating habit
0:28:26,@thegoodoldays911,Flawless is still a liittle normal lol
0:28:27,@MiniPlush12,
0:28:28,@makotoikari4854,oh
0:28:28,@Tamers12345MLP,This is Twilight Sparkles back yard btw. I had to get a random back yard because she didn't have one in the actual cartoon
0:28:29,@Aromaticgrassitem,flawless diva arc?
0:28:30,@cricket_gaming_hd9439,i had to leave for about 1 minute to fart outside so the house didnt blow up what did i miss
0:28:36,@PotatorOficial,Flatulence
0:28:37,@wuzfoz,o.o
0:28:38,@TheMTwinny,FLORA
0:28:39,@jo3a548,FLORA
0:28:39,@iamboomer7805,Oh no
0:28:39,@MiniPlush12,
0:28:41,@SonataDidIt,Flora deserves whateve ris about to happen
0:28:42,@RDMVidya,Best girl is here
0:28:45,@JorArg-c7s,floooraaaa noooo
0:28:45,@jennythebean9117,She deserves it 
0:28:46,@wuzfoz,FLORA WATCH OUT
0:28:47,@bartc561,Flora! 
0:28:47,@NubMcMoofin,:pensive_face:
0:28:47,@Aromaticgrassitem,Flora <3
0:28:48,@MiniPlush12,
0:28:51,@GalianFour,flora better folder
0:28:51,@firewolf595,SHATTERED MIRORRRRRRRRRRRRRRRRRRRR
0:28:53,@Stratosfear_930,"oh ye, this flawless stuff is going to have far reaching concequences that will not be resolved in the next 8 years"
0:28:53,@Tiki2970,DONT BULLY FLORA
0:28:53,@dominicunderwood4911,kiss...kiss...kiss
0:28:53,@MeinCouch123,hutao's voice fits flora so well
0:28:53,@jennythebean9117,Give her lemons 
0:28:56,@firewolf595,I LOVE QUEERS
0:28:58,@Gunnarandersen891,oh snap!
0:28:59,@JoshThePinkGump,SHE SAID THE THING
0:29:01,@MiniPlush12,
0:29:03,@lordofshrimps,Say that again?
0:29:04,@agoatheadbaby3512,Autism group.
0:29:05,@phenix5323,TRUE
0:29:05,@zocie,Yuri 
0:29:09,@Lulu-ot5gw,what...?
0:29:09,@MiniPlush12,
0:29:10,@applebloom2307,She right tho
0:29:11,@grimtidings5451,SHE BACK
0:29:11,@bartc561,NOOOO
0:29:11,@jennythebean9117,Sharing is caring 
0:29:12,@TheMTwinny,NO
0:29:13,@Skidum1,Flawless and Flora should kiss
0:29:13,@bartc561,FLORA!!!
0:29:15,@dookyking4lyfe,I'd be too scared
0:29:15,@thegoodoldays911,lmao
0:29:15,@agoatheadbaby3512,HA
0:29:15,@colaccount,trixie saying friendship is magic was not on my bingo card
0:29:15,@Lucario4thewin,lol
0:29:17,@wuzfoz,@Tamers12345MLP not really though right
0:29:17,@Stratosfear_930,smash
0:29:18,@jo3a548,Nooooooooooooo
0:29:20,@MiniPlush12,
0:29:22,@JorArg-c7s,flora deserve it
0:29:22,@SuperSonicRB,Vegeta the goat
0:29:23,@Tamers12345MLP,Damn I meant to say flora lol
0:29:23,@bartc561,Vegeta W!
0:29:24,@TheMTwinny,GOKU PLS
0:29:24,@jo3a548,SAYUUUUM
0:29:26,@makotoikari4854,amazing Twilight Sparkle art
0:29:27,@JoshThePinkGump,TELL HER VEGETA
0:29:27,@Gunnarandersen891,Flora :light_blue_heart::light_blue_heart::light_blue_heart:
0:29:27,@UngulaPropriaRQ,To be fair with you flawless is also kinda like that 
0:29:28,@MiniPlush12,
0:29:28,@SeriouslySodium,flawless wtf
0:29:29,@Tamers12345MLP,I'm just constantly thinking about Bartleby
0:29:29,@agoatheadbaby3512,Goku taking a good look.
0:29:30,@Tiki2970,Bejita is an ally
0:29:30,@jo3a548,Bejita got back
0:29:30,@punkypony5165,I love Vegeta so goddamn much
0:29:31,@lordofshrimps,Nose bleed of death
0:29:32,@JPSwim5,DBZ needs to show up more holy shit 
0:29:32,@AnimeGames16,YOU TELL HER SONIC'
0:29:33,@thegoodoldays911,To be fair flora deserves it.
0:29:35,@MiniPlush12,
0:29:36,@tonyjohnson5374,Vegeta is the nicest
0:29:38,@TheMTwinny,YOU MADE A SONIC UNDERGROUND CHARACTER CRY
0:29:38,@jennythebean9117,Fr fr
0:29:39,@agoatheadbaby3512,Uhhm
0:29:43,@jo3a548,LOOOOSALDOSADFLASFOL
0:29:43,@va_fail,lmao 
0:29:43,@applebloom2307,They're already there kek
0:29:44,@Lucario4thewin,oh no
0:29:44,@wuzfoz,I got that FANTA in my SYSTEM
0:29:45,@GalianFour,lmao
0:29:45,@dookyking4lyfe,haha you had me there tamers
0:29:49,@MiniPlush12,
0:29:49,@Nick-yl4qp,Dragon Ball Pee
0:29:52,@applebloom2307,Love her faces so much
0:29:53,@dominicunderwood4911,Why are they in time-out?
0:29:53,@TheTrueHaddock,damn flora shit herself
0:29:55,@jo3a548,CUUUUUUUUUUUUTE
0:29:55,@JorArg-c7s,awww
0:29:56,@Krueger_ai,Goku is a fraud and
0:29:57,@TheMTwinny,THAT'S WHY MLP DESERVED TO LOSE IN THE TOURNAMENT OF POWER
0:29:57,@bartc561,Flora is so powerful
0:30:00,@va_fail,i hope pinkie didn't do the lemonade 
0:30:00,@agoatheadbaby3512,Flora being evil?
0:30:00,@grimtidings5451,Krillin special
0:30:00,@frikitiki5403,new ship?!
0:30:01,@Aromaticgrassitem,"Tamers is keeping beloved series alive, baby!"
0:30:02,@Kiki_myshu,couldn't she just do the extraction spell again?
0:30:02,@MiniPlush12,
0:30:03,@CoolGuy-d1b,This is so kino
0:30:04,@Tamers12345MLP,Flora is made to be bullied
0:30:05,@UngulaPropriaRQ,WHAT THE FUCK 
0:30:06,@misakayy1911,NOOOOOOOOOOOOOOOOOOOO
0:30:07,@thegoodoldays911,Klepto flawless lol
0:30:08,@Wizards0nly,:)
0:30:09,@bartc561,:eyes-purple-crying:
0:30:10,@MillerTheDarkTransPrince,so adorable
0:30:10,@doggerlander,kwab
0:30:11,@JorArg-c7s,autism fight
0:30:11,@UngulaPropriaRQ,SHE GOT HER TRIXIE SIDE BACK
0:30:11,@Aromaticgrassitem,"damn, flawless..."
0:30:12,@JPSwim5,NOOOOOOOO
0:30:12,@vdn2468,:face-purple-crying:
0:30:13,@UngulaPropriaRQ,DAYMMMMMM
0:30:13,@qlai3155,i love flora
0:30:14,@zocie,Jeez
0:30:16,@MiniPlush12,
0:30:16,@va_fail,looks tasty
0:30:18,@SonataDidIt,Ok trixie
0:30:19,@Tiki2970,"Whats the blond sword guy character called, i forgot"
0:30:20,@NubMcMoofin,:face_savoring_food:
0:30:20,@OrpheusHart,I like Flora's new voice
0:30:20,@wuzfoz,lol
0:30:20,@colaccount,WOAH
0:30:21,@GalianFour,flawless is made for beatings
0:30:21,@RDMVidya,Oh god
0:30:22,@JoshThePinkGump,thats not mayo :)
0:30:22,@jo3a548,OH FUCK
0:30:22,@firewolf595,Shattered Mirror is back... but at what cost...
0:30:23,@caatgutz,oh
0:30:23,@grimtidings5451,FLORA'S LIFE SUCKS ALREADY
0:30:23,@lordofshrimps,Ok
0:30:23,@SonataDidIt,Shes back!
0:30:24,@MiniPlush12,
0:30:24,@jennythebean9117,Trixie 
0:30:25,@Binary_Forever, Lol damn
0:30:26,@JorArg-c7s,how many minutes are left
0:30:26,@mlpfimguy,OcO
0:30:26,@thegoodoldays911,The showmare mascot
0:30:26,@kiryugaming7523,nahhhh
0:30:26,@colaccount,WDYM U DIDNT SEE MAYI
0:30:27,@lordofshrimps,DELICIOUS
0:30:27,@Lucario4thewin,"""mayo"""
0:30:27,@misakayy1911,OH MY GOD THIS THING AGAIN
0:30:27,@applebloom2307,oh it's her!!n!
0:30:29,@NubMcMoofin,:exploding_head::exploding_head:
0:30:31,@laeeb,yummy
0:30:32,@Stratosfear_930,finally she is back
0:30:32,@agoatheadbaby3512,OH THIS FUCKIN' THING AGAIN??
0:30:34,@phenix5323,uh oh
0:30:34,@lordofshrimps,ITs that freaky thing
0:30:34,@Skidum1,again
0:30:34,@OrpheusHart,OH ITS THAT THING
0:30:34,@MiniPlush12,
0:30:34,@basedimperialism,Oh this thing
0:30:36,@Krueger_ai,Bartleby is an aura farmer 
0:30:36,@dookyking4lyfe,true it's fun to bully the weak
0:30:37,@galaxyofeq,It back!
0:30:40,@thegoodoldays911,Likely here to kill owlowiscious again
0:30:41,@Aromaticgrassitem,Those emotional girls will reconcile
0:30:42,@Gunnarandersen891,Flora is such a tiny ball!
0:30:42,@MiniPlush12,
0:30:44,@dominicunderwood4911,"Fuuuuuuuuck, why are you heeeeere?!?!"
0:30:45,@jennythebean9117,Letter for Trixie
0:30:46,@bartc561,Braces!
0:30:47,@colaccount,she came on that hotdog
0:30:47,@SonataDidIt,demon
0:30:47,@lordofshrimps,LOLLLLLLLLLLLLLLLLLLL
0:30:47,@jo3a548,BRACES
0:30:48,@punkypony5165,CAUGHT
0:30:49,@wuzfoz,Uh oh
0:30:50,@kiryugaming7523,uh oh
0:30:50,@basedimperialism,damn
0:30:51,@Lucario4thewin,haha
0:30:51,@GalianFour,lmaoooo
0:30:52,@LUNN4T1C,oh
0:30:52,@MiniPlush12,
0:30:52,@thegoodoldays911,Oh she's creepy
0:30:52,@t.tnetwork8654,that thing look like a demon
0:30:53,@jennythebean9117,Oh no
0:30:53,@LightTim,LOL
0:30:53,@NubMcMoofin,:loudly_crying_face:
0:30:54,@grimtidings5451,OH GOD
0:30:55,@lordofshrimps,LOLLLLLLLLLLLLLL
0:30:55,@tonyjohnson5374,PEAK
0:30:55,@Lulu-ot5gw,I wish Vegeta would final explosion
0:30:56,@agoatheadbaby3512,OH NOOOOO
0:30:56,@RDMVidya,lmao
0:30:56,@GalianFour,CRIPPPED
0:30:56,@Kiki_myshu,wasn't that intto flawless?
0:30:59,@doggerlander,Bartleby? The STRONGEST and most MERCIFUL
0:30:59,@caatgutz,WHAT
0:31:01,@TheMTwinny,Oh hey Mindy
0:31:03,@galaxyofeq,Wtf?!?
0:31:03,@applebloom2307,Exterminaton?!
0:31:05,@punkypony5165,Lol she's an earth pony now
0:31:07,@laahocsm0019,isnt she an op alicorn?
0:31:07,@JorArg-c7s,noooo
0:31:08,@MiniPlush12,
0:31:09,@thegoodoldays911,Why do you care trixie you're a pegacorn.
0:31:11,@thelizardqueen9541,uhhh
0:31:13,@Stratosfear_930,that was random as fuck
0:31:13,@Tamers12345MLP,No body ever seemed to care that trixie still did performance magic even though she got fired
0:31:18,@JoshThePinkGump,ENTER
0:31:19,@TheMTwinny,CELESTIA
0:31:19,@Tiki2970,PRINCESS MOE LESTIA
0:31:22,@colaccount,she came on that hotdog
0:31:23,@Nander___,a unicorn without magic is like a horse with a broken leg
0:31:24,@moriorinvictus69,cute
0:31:24,@Nyax50Lopez,what
0:31:24,@misakayy1911,ENTER
0:31:25,@lordofshrimps,Celestia is useless
0:31:25,@doggerlander,my HEROINE
0:31:26,@MiniPlush12,
0:31:26,@wuzfoz,WIFElestia
0:31:26,@Aromaticgrassitem,Ahhh Celestia
0:31:28,@MillerTheDarkTransPrince,adorable
0:31:30,@galaxyofeq,it’s on a lease lol
0:31:32,@DerivativeWorker,She ruined several lives for magic and now she is banned. it's like a drivers license!
0:31:33,@dominicunderwood4911,can't she?
0:31:35,@berdlykinnie,fuuuuccck why does food in tamers video look soooooooooooooooo good :drooling_face:
0:31:36,@Aromaticgrassitem,so good to see the horse god again
0:31:36,@MiniPlush12,
0:31:38,@JorArg-c7s,"you fool me , this is just another mlp episode"
0:31:41,@Tamers12345MLP,Ha ha ha celestias is sitting funny
0:31:47,@MiniPlush12,
0:31:48,@JorArg-c7s,USSLESS FUCK
0:31:49,@Kiki_myshu,Luna can't do shit
0:31:51,@thegoodoldays911,What the hell is this thing
0:31:52,@galaxyofeq,that’s a big horse
0:31:53,@lordofshrimps,So worthless
0:31:56,@LightTim,CELESTIA LOAF
0:31:56,@bartc561,:hand-orange-covering-eyes:
0:31:58,@Lulu-ot5gw,can we go back to krillin
0:31:59,@punkypony5165,Chucky
0:31:59,@MiniPlush12,
0:31:59,@SonataDidIt,Fetishes I didn't know existed
0:32:04,@JoshThePinkGump,LORE
0:32:04,@TheMTwinny,LORE
0:32:04,@jo3a548,'OH no
0:32:05,@JorArg-c7s,Why are you even here 
0:32:06,@misakayy1911,LORE????
0:32:06,@jennythebean9117,Evil creature 
0:32:08,@dookyking4lyfe,neckmaxxed
0:32:08,@applebloom2307,THWRE SHE IS
0:32:10,@LUNN4T1C,LORELORE
0:32:10,@caatgutz,of course Celestia can't do shit
0:32:11,@MillerTheDarkTransPrince,lore
0:32:12,@t.tnetwork8654,new villain!!!!
0:32:12,@Skidum1,LORE
0:32:13,@lovetrain-xx, lore?
0:32:13,@Aromaticgrassitem,celestia sitting is kinda funny come to think of it
0:32:13,@TheRagingSaiyan213,imagine the manga Dbs Version of Goku and Vegeta Merely show up
0:32:14,@Solums,LORE TIME
0:32:15,@TheMTwinny,SKY WISHES
0:32:16,@GlimmyGOD,qtqf
0:32:16,@applebloom2307,Ohhhhhhhh she Kyuuuuutte
0:32:16,@wuzfoz,oh?
0:32:17,@jo3a548,Sky wishes
0:32:17,@punkypony5165,LORE
0:32:18,@MiniPlush12,
0:32:18,@misakayy1911,WHAT
0:32:19,@lordofshrimps,OH MY GOD
0:32:19,@jennythebean9117,New OC
0:32:20,@Stratosfear_930,lore
0:32:21,@TheMTwinny,TRIXIE BELLE
0:32:21,@winterfoliage,no way
0:32:22,@applebloom2307,Ohhhhh he kyuuute!!
0:32:23,@dookyking4lyfe,oh no
0:32:24,@thegoodoldays911,NEW CLOWN
0:32:25,@RDMVidya,CLOWN BOIS
0:32:26,@bartc561,:eyes-purple-crying:
0:32:29,@firewolf595,WHAT IS HAPPENING
0:32:29,@jo3a548,WE GETTING MORE OC BULLSHIT
0:32:29,@TheKalimanMX,new OC
0:32:30,@applebloom2307,Gotta draw gotta draw gotta draw
0:32:31,@Kiki_myshu,Arinos vibes
0:32:31,@Morflow_,LORE DUMP LORE DUMP
0:32:32,@DerivativeWorker,Another clown
0:32:33,@Lucario4thewin,i don't know these ponies
0:32:33,@makotoikari4854,:popcorn::horse:
0:32:34,@galaxyofeq,G1 or g2
0:32:34,@MiniPlush12,
0:32:34,@Nyax50Lopez,HE LOOKS CUTE
0:32:36,@Artist_Graveyard,Cuteeee
0:32:36,@tonyjohnson5374,OH GOD IT'S BLAZ BLUE
0:32:37,@GlimmyGOD,Arinos....
0:32:38,@punkypony5165,popcorn smells nice
0:32:39,@TheMTwinny,TAMERS GIVING US NEW OCS LIKE A BOSS
0:32:40,@RRRIDLEY,"I dont care about this, bring back Bartleby"
0:32:40,@Wizards0nly,where is uncle chuck????????????????????
0:32:40,@GalianFour,okay can we go back to sonic underground
0:32:41,@fernando8802,SKYWISHES?? THE G3 PONY??
0:32:42,@JoshThePinkGump,STAR CATCHER MENTIONED
0:32:42,@snookboi6025,MORE OC'S ARE YOU KIDDING MEEEEEEEEEEEEEEEEEEEEE
0:32:43,@LUNN4T1C,omG
0:32:43,@va_fail,popcorn smell nice
0:32:46,@wuzfoz,trans rights??????????
0:32:47,@JoshThePinkGump,G3 KINO
0:32:47,@lovetrain-xx,HUHHH
0:32:47,@basedimperialism,Astral pony
0:32:48,@bartc561,Boomer horse
0:32:49,@jennythebean9117,LORE
0:32:49,@dominicunderwood4911,A Lil bambino obsessed with clowns :3
0:32:49,@TheMTwinny,STAR CATCHER LOOKS BEAUTIFUL
0:32:49,@grimtidings5451,WE GOT LORE PEOPLE
0:32:49,@Tamers12345MLP,He's not a clown he's a jester. You can tell because he looking a bit more retarded
0:32:50,@LUNN4T1C,STAR CATCHER
0:32:51,@SuperCaptainFail,WHO ARE THESE CUTIES
0:32:51,@t.tnetwork8654,yooooo new lore
0:32:51,@applebloom2307,I LOVE STARCATVHER!!
0:32:53,@Tiki2970,Are these OCs or is this a reference i dont get
0:32:53,@mlpfimguy,OOO
0:32:55,@Nyax50Lopez,ewww they look like Colgate toothpaste
0:33:01,@lordofshrimps,Oh no
0:33:01,@TheHipHopBrothers,:popcorn:
0:33:01,@winterfoliage,g3 ponies
0:33:03,@fernando8802,OH MY GOD STARCATCHER AND SKYWISHES I CANT BELIEVE IM SK HAPPY
0:33:04,@neargaming2057,Does this mean Arinos is the fusion on these two other ponies' soulds?
0:33:05,@colaccount,There is always a starcatcher in mlp aus
0:33:05,@Minos_prim,Wsg it’s me Minos prime
0:33:05,@Tamers12345MLP,These aren't OC's
0:33:06,@Hyloaf,My G3 yuri
0:33:06,@thegoodoldays911,My mistake he is wearing the jester hat
0:33:07,@kiryugaming7523,toothpaste pony
0:33:07,@TheMTwinny,WE NEED FAN ART OF THESE THREE STAT
0:33:08,@Niconifilmz,TRANS HORSE
0:33:09,@jo3a548,I don't watch pony shit so I don't know if they were from G3
0:33:10,@PinkChampagne-r9i,Ponies from the earlier generations
0:33:10,@Nick-yl4qp,A straight couple? In Tamers? No way
0:33:10,@MillerTheDarkTransPrince,wow
0:33:11,@nzp9369,Pony with trans flag colors?
0:33:14,@thegoodoldays911,Yeah these are canon
0:33:15,@Tamers12345MLP,they were in an older generation of MLP
0:33:16,@cricket_gaming_hd9439,trans flag hair
0:33:16,@Solums,G3?
0:33:16,@jennythebean9117,:O
0:33:17,@colaccount,WOAHHHH
0:33:17,@lordofshrimps,OH MY GOD
0:33:18,@Morflow_,NOOOOOOOOO
0:33:19,@Krueger_ai,Surely the dragon balls can revive Spike
0:33:20,@crowpen,STAR CATCHER
0:33:21,@MyriadSkyFlaming,STARCACHTER! MY FAVORITE!
0:33:21,@TheTrueHaddock,this is boring and lame where is Bartleby
0:33:22,@applebloom2307,"Yeh, she's gen 3"
0:33:22,@jennythebean9117,Toxic Yuri 
0:33:23,@caatgutz,they lowkey fine :drooling_face::drooling_face::drooling_face::drooling_face:
0:33:23,@Kiki_myshu,woulf clowns and jesters would have rivalry?
0:33:24,@punkypony5165,I love this
0:33:25,@Lunarshellhole,TRANS
0:33:26,@crowpen,I HAD A CRUSH ON HER AS A KID
0:33:28,@firewolf595,YURI WINS AGAIN
0:33:29,@LUNN4T1C,g3 pone
0:33:30,@colaccount,Star catcher crazy for that
0:33:31,@OrpheusHart,Is this The Promised Neverlad??
0:33:32,@JorArg-c7s,all those girls
0:33:32,@applebloom2307,I drew a pic of her with the trans flag
0:33:34,@wuzfoz,oh shit
0:33:36,@dominicunderwood4911,"@wuzfoz Its kinda unfortunate that people can't see the basic primary colors of common cotton candy without thinking about trans flags, lol."
0:33:37,@Nyax50Lopez,holy Black Butler vibe
0:33:40,@Aromaticgrassitem,"I see you, Tamers. True art, my man."
0:33:42,@galaxyofeq,5 mins left
0:33:43,@NubMcMoofin,:pensive_face:
0:33:43,@bartc561,:face-purple-crying:
0:33:44,@colaccount,Ms Diddy right here
0:33:45,@lordofshrimps,BUTLER RYOSHU
0:33:48,@makotoikari4854,lmao
0:33:51,@TheMTwinny,Wait...sister and lover...? OH NO
0:33:52,@JorArg-c7s,literally cucked
0:33:52,@JoshThePinkGump,IF SHE BREATHES
0:33:53,@MillerTheDarkTransPrince,Yuri :3
0:33:55,@Minos_prim,Holy moly guacamole
0:33:56,@scarlethorse5391,yo what?
0:33:57,@Kiki_myshu,lol
0:33:57,@freetimesketchbook9485,this shit sucks
0:33:58,@jennythebean9117,Nooooooooooo
0:33:58,@OrpheusHart,LMAOOOO
0:33:58,@punkypony5165,LOL
0:33:58,@TheKalimanMX,based
0:34:00,@wuzfoz,@dominicunderwood4911 true!
0:34:00,@Nyax50Lopez,LMAO
0:34:00,@thegoodoldays911,Based jester
0:34:01,@Elendil404,2018 memes
0:34:01,@kiryugaming7523,what is happening
0:34:02,@misakayy1911,WHAT
0:34:04,@olizalzeortolan8322,LMAO
0:34:06,@Artist_Graveyard,LOL
0:34:07,@punkypony5165,He became an incel!
0:34:09,@MillerTheDarkTransPrince,peak
0:34:09,@delta-v4x,B-based?
0:34:09,@tonyjohnson5374,A man cucked into villainy
0:34:10,@laahocsm0019,18
0:34:10,@Lulu-ot5gw,was I... tricked...
0:34:10,@agoatheadbaby3512,That's cool but I want to see what Bartleby's up to...
0:34:10,@CoolGuy-d1b,BASED
0:34:11,@Tiki2970,I dont get whats happening
0:34:12,@Minos_prim,Woah
0:34:12,@doggerlander,FUNNYROO
0:34:14,@makotoikari4854,authentic $18 Temu 日本刀
0:34:15,@wuzfoz,maid samurai is based
0:34:15,@lordofshrimps,Straigth SLAMMED HIS SHIT
0:34:16,@KohJhonesItula,my head...
0:34:16,@clockguy2793,slight detour
0:34:17,@alishaadekunle9098,yayyy
0:34:18,@TheMTwinny,TEMU
0:34:19,@bartc561,:face-pink-tears:
0:34:19,@dookyking4lyfe,lol
0:34:20,@misakayy1911,18 WHOLE DOLLARS????
0:34:20,@Krueger_ai,"Ah, Black Butler… haven’t heard that name in years."
0:34:21,@jennythebean9117,Temu blade
0:34:23,@RancerDevote,dave strider
0:34:23,@NubMcMoofin,:face_holding_back_tears:
0:34:24,@Pocket_of_Explosives,oh damn
0:34:24,@basedimperialism,"$18? Damn, that's high quality"
0:34:26,@JorArg-c7s,where dbz
0:34:26,@Lucario4thewin,18 dollars is a lot
0:34:27,@TheMTwinny,oh shit
0:34:28,@dominicunderwood4911,"Gonna be a shitty sword, for that deal."
0:34:29,@PinkChampagne-r9i,the incel curse
0:34:29,@lordofshrimps,Oh okay
0:34:31,@scarlethorse5391,DAMN! Oh no he dead!
0:34:31,@Lorkhanable,I miss Bartleby
0:34:39,@Aromaticgrassitem,They should have just gotten little Cesars
0:34:39,@delta-v4x,Planet?
0:34:40,@wuzfoz,bisected by a temu blade LMAO jobber
0:34:40,@Tamers12345MLP,"Trixiebelle actually appeared 8 months ago in the credits for ""flawless farts open a portal to another world"" We just haven't seen his face until now."
0:34:43,@dominicunderwood4911,Murderer!
0:34:44,@agoatheadbaby3512,That's cool but I want to see what Bartleby's up to...
0:34:48,@thegoodoldays911,A grudge formed inside the doll huh?
0:34:48,@TheMTwinny,WHERE'S BARTLEBY THO
0:34:49,@doggerlander,bartleby could've saved them....
0:34:53,@jo3a548,What
0:34:55,@lordofshrimps,Crazy
0:34:57,@punkypony5165,So she IS Chucky
0:34:57,@dominicunderwood4911,eh?
0:34:57,@misakayy1911,WHAT
0:34:58,@applebloom2307,Oh dam
0:34:59,@basedimperialism,WTF Straight ponies go to hell?
0:35:03,@va_fail,baby twilight
0:35:03,@TheKalimanMX,straights
0:35:04,@cricket_gaming_hd9439,WHAT
0:35:05,@jennythebean9117,Rebirth
0:35:05,@Kiki_myshu,Wut?
0:35:05,@Artist_Graveyard,HUH?!
0:35:07,@UltimateStarky,what
0:35:09,@AnimeGames16,WE BACK
0:35:10,@lordofshrimps,Thats not wrong
0:35:11,@scarlethorse5391,HAHAHAHHAHAAA
0:35:11,@JoshThePinkGump,WHITE PEOPLE
0:35:12,@wuzfoz,LMAO
0:35:12,@Elendil404,wypipo
0:35:12,@TheMTwinny,MIndy you in the way
0:35:13,@SuperSonicRB,The greatest grill master 
0:35:13,@Lucario4thewin,worse than hell
0:35:14,@jo3a548,I know Bejita
0:35:14,@doggerlander,straight bros...
0:35:15,@Lulu-ot5gw,WE BACK
0:35:15,@punkypony5165,Based Vegeta
0:35:16,@caatgutz,WOAH WHAT
0:35:18,@delta-v4x,Hell is a preferable alternative to Equestria
0:35:18,@SonataDidIt,Mindy will say yes
0:35:19,@Aromaticgrassitem,lmao
0:35:21,@grimtidings5451,REINCARNATION???
0:35:21,@DerivativeWorker,...What does this have to do with the doll?
0:35:22,@iamboomer7805,Twilight stuck in samsara reincarnation hell 
0:35:22,@LightTim,WHAT
0:35:23,@TheMTwinny,LMAO
0:35:23,@Nyax50Lopez,but straight ponies are more loved than gay ponies in ponyland :loudly_crying_face::loudly_crying_face::loudly_crying_face:
0:35:24,@LightTim,HOW
0:35:25,@jo3a548,LASRFODASFLOASOFLADFGOASFL
0:35:27,@SonataDidIt,GOD WHY
0:35:27,@skyberry_axx,SAY WHAT
0:35:28,@colaccount,Starcatcher like them young
0:35:28,@basedimperialism,LMAO
0:35:28,@agoatheadbaby3512,HA
0:35:29,@UngulaPropriaRQ,damn fair enough vegeta
0:35:32,@Tamers12345MLP,Celestia thinks hell is cool because it has a lot of gire
0:35:32,@Skidum1,LMAO
0:35:33,@cricket_gaming_hd9439,lol
0:35:34,@mlpfimguy,OH OKAY
0:35:34,@punkypony5165,God I love Vegeta so much
0:35:34,@caatgutz,LOLL
0:35:34,@TheMTwinny,HE said the hting
0:35:34,@dominicunderwood4911,"if straights go to hell, do bis go to purgatory?"
0:35:38,@Gunnarandersen891,:face_with_tears_of_joy::face_with_tears_of_joy:
0:35:39,@MiniPlush12,
0:35:39,@MillerTheDarkTransPrince,damn chill
0:35:40,@TheMTwinny,THERE HE IS
0:35:42,@olizalzeortolan8322,LMAOOO
0:35:43,@Tamers12345MLP,So in her eyes Straight ponies are the luckiest bitches ever
0:35:44,@Aromaticgrassitem,he said the thing
0:35:46,@clockguy2793,makes sense
0:35:48,@Lulu-ot5gw,the STRONGEST human
0:35:51,@beepbeepok,what have i come to
0:35:51,@JorArg-c7s,why everyone so mean :(
0:35:53,@Minos_prim,Yo this is probably the best thing I’ve ever seen:face_holding_back_tears::victory_hand:
0:35:56,@Nyax50Lopez,makes sense
0:35:57,@lordofshrimps,Starlight you literally were going to kill everybody
0:35:58,@wuzfoz,bartleby should kiss sonic rn
0:36:00,@lordofshrimps,Like a week ago
0:36:01,@TheMTwinny,WTF
0:36:02,@doggerlander,HOREHOPESAVIOR
0:36:04,@JoshThePinkGump,BASED PINKIE
0:36:04,@LightTim,Oh I guess that makes sense
0:36:04,@SonataDidIt,wtf is pinkie
0:36:05,@makotoikari4854,haha
0:36:06,@SonataDidIt,that creature
0:36:07,@galaxyofeq, A second diaper fetish joke in the whole series. 
0:36:07,@thegoodoldays911,Shut up starlight you're just salty you got folded umu
0:36:07,@jo3a548,Oh hell yeah
0:36:11,@va_fail,pinkie wtf lmaoo
0:36:11,@TheMTwinny,AYO
0:36:11,@Lulu-ot5gw,Bartleby is being nice take a picture
0:36:11,@dominicunderwood4911,"WHAT...THE...FUCK...ARE YOU, PINKY?!?!?"
0:36:12,@misakayy1911,HA HA
0:36:13,@lyonsheartmusic,So celestia is the fucking devil lol
0:36:14,@lordofshrimps,AURA
0:36:16,@jo3a548,You telll it Piccollo
0:36:17,@doggerlander,based piccolo
0:36:17,@LightTim,Hell becomes heaven I guess'
0:36:18,@TheKalimanMX,wtf picolo
0:36:20,@grimtidings5451,CREATURE
0:36:20,@jennythebean9117,Friendship!
0:36:21,@SonataDidIt,LMAO
0:36:21,@NubMcMoofin,:smiling_face_with_hearts::smiling_face_with_hearts:
0:36:24,@agoatheadbaby3512,WOW
0:36:24,@UngulaPropriaRQ,lmao 
0:36:25,@MiniPlush12,pinkie pie wth
0:36:25,@Lucario4thewin,Haha just kidding
0:36:26,@JorArg-c7s,OUR HEROES
0:36:27,@jo3a548,Hell yeah
0:36:28,@Treekotrouble,theyre so cute
0:36:28,@Wizards0nly,yay
0:36:30,@Aromaticgrassitem,I hope Aleena is chilling out real max and having a good time
0:36:31,@frikitiki5403,SU wins again
0:36:33,@doggerlander,holy PEAK
0:36:34,@jo3a548,FINALLY 
0:36:34,@UltimateStarky,thank you sonic
0:36:35,@dookyking4lyfe,YEEEAAAAAAAHHHHH
0:36:36,@Nyax50Lopez,holy :fearful_face:
0:36:36,@jo3a548,OUT HEROES
0:36:37,@Tiki2970,Classic SU shenanigans
0:36:37,@Pocket_of_Explosives,gawddamn
0:36:39,@Lulu-ot5gw,bardonic is so cute...
0:36:39,@Lucario4thewin,damn
0:36:40,@thegoodoldays911,He got 1 of each universe in there total lol
0:36:40,@CoolGuy-d1b,That was so friggin epic
0:36:41,@TheMTwinny,BARDONIC BABY
0:36:41,@SonataDidIt,that horn
0:36:41,@dominicunderwood4911,Did Starlight do a damn thing in this episode?
0:36:41,@AnimeGames16,BARDONIC WON
0:36:43,@UngulaPropriaRQ,FINALLY snaked bartleby 
0:36:44,@applebloom2307,Cute cute cute cute cute cute cute
0:36:45,@firewolf595,I NEED MORE SHATTERED MIRROR
0:36:49,@Stratosfear_930,that horn though
0:36:49,@AnimeGames16,:blue_circle::blue_circle::waving_hand:
0:36:49,@galaxyofeq,$400 !
0:36:49,@jennythebean9117,Zamn
0:36:52,@Skidum1,rebellious age
0:36:53,@JoshThePinkGump,:poomp:
0:36:53,@fernando8802,PEAK
0:36:54,@MiniPlush12,fpe?
0:36:54,@Gunnarandersen891,big horn means!
0:36:55,@Aromaticgrassitem,Queen Aleena
0:36:55,@MillerTheDarkTransPrince,peak
0:36:56,@va_fail,big horn
0:36:56,@SonataDidIt,10/10 and its not even over
0:36:57,@makotoikari4854,comfy drive
0:36:57,@LightTim,That pic has actual aura
0:36:59,@dookyking4lyfe,:clapping_hands::loudly_crying_face::clapping_hands::loudly_crying_face::clapping_hands::loudly_crying_face::clapping_hands::loudly_crying_face:
0:37:00,@jo3a548,Flawless is evil now
0:37:02,@MeinCouch123,CUTE
0:37:02,@NubMcMoofin,:smiling_face_with_hearts:
0:37:02,@Nyax50Lopez,peak
0:37:05,@scooz3904,awww awww
0:37:05,@applebloom2307,Cute face gotta draw
0:37:05,@JPSwim5,KINOOOOOOO
0:37:06,@t.tnetwork8654,so if those 3 new characters proginated earth ponies unicorns & pegasuses where the hell did alicorns originate from!!!!
0:37:07,@TheMTwinny,REMINDER: SONIC UNDERGROUND WON THE TOURNAMENT OF POWER 
0:37:09,@dominicunderwood4911,At some point Twilight or Trixie are gonna have to spank Flawless & get her in line
0:37:09,@thegoodoldays911,Starliight did nothing but complain but tthat isn't that much different from usual
0:37:09,@MillerTheDarkTransPrince,:purple_circle::purple_circle:
0:37:10,@wuzfoz,flawless is best pony
0:37:10,@UngulaPropriaRQ,flawless is gonna be sad now because she can't date herself 
0:37:11,@punkypony5165,amazing music
0:37:12,@iamboomer7805,Spike should be there:pleading_face:
0:37:13,@JorArg-c7s,Flawless got ruinned
0:37:14,@Aromaticgrassitem,it does my heart good to get some more feelsie pony time.
0:37:14,@Kiki_myshu,the best family 
0:37:15,@doggerlander,all our HEROES triumphed in the end
0:37:15,@Lucario4thewin,where is Mari?
0:37:15,@jennythebean9117,Flawless is baby
0:37:15,@Stratosfear_930,took em 8 months but this is a masterpiece
0:37:15,@MiniPlush12,"image of tamers did FPE, I would love that"
0:37:16,@TheKalimanMX,JUMEX
0:37:20,@grimtidings5451,Flawless is complete
0:37:26,@MiniPlush12,t
0:37:30,@Tamers12345MLP,yum apple juice
0:37:32,@JPSwim5,CHADLEBY WONNED HARD 
0:37:32,@LightTim,9/10. Maybe 10/10 This has been a blast.
0:37:36,@Dalekoverhauls,Is that the end? 
0:37:37,@jo3a548,Nerds
0:37:39,@lordofshrimps,Apple Juice is peak
0:37:41,@Nyax50Lopez,JUMEX MENTIONED
0:37:42,@JorArg-c7s,hey sharing a can. are the gay
0:37:48,@jo3a548,She is right
0:37:48,@doggerlander,yup YUP CHADleby always wins
0:37:50,@Dalekoverhauls,Oh thank god it not over
0:37:50,@Kiki_myshu,:c
0:37:50,@Tamers12345MLP,@doggerlander not really because spike is dead
0:37:51,@skyberry_axx,FR apple juice is amazing
0:37:51,@lordofshrimps,Loserrrrrrrrr
0:37:52,@applebloom2307,She's such a teen now sho kyuye
0:37:53,@laahocsm0019,qt
0:37:55,@jennythebean9117,Good Flawless 
0:37:56,@LightTim,THEY BE SWAPPEN SPIT
0:37:56,@SonataDidIt,<3
0:37:59,@UngulaPropriaRQ,AWWWWWW
0:37:59,@jo3a548,CUUUUUUUUUUT
0:37:59,@dominicunderwood4911,Apples...Apples??? APPLES!!!
0:38:00,@Aromaticgrassitem,i prefer mango
0:38:01,@wuzfoz,CUTE!!!!!!!!!!!!!!!!!!
0:38:02,@Hyloaf,Cute
0:38:05,@olizalzeortolan8322,PEAK
0:38:05,@MillerTheDarkTransPrince,<3
0:38:07,@colaccount,Flawless is like literally 3 i dont know what she on abt
0:38:08,@applebloom2307,THUNDERE MOE MOE MOE MOE
0:38:09,@doggerlander,RIP Spike
0:38:10,@TristanMerritt,I love that tamers is here with us
0:38:11,@Aromaticgrassitem,"and grape, like my man knux"
0:38:13,@usaminabe,im happy they didn't try and fix her.
0:38:14,@SonataDidIt,Her even bratter teenage phase
0:38:14,@Tamers12345MLP,Krillin doesn't even have to go to jail for killing spike so he's the real winner through all this
0:38:24,@Lulu-ot5gw,Krillin is the real hero
0:38:25,@grimtidings5451,Flawless is still Flawless y'all
0:38:27,@Aromaticgrassitem,This was fantatsic. 10/10 Tamers
0:38:27,@BrazeyB,thank you @Tamers12345MLP 
0:38:27,@t.tnetwork8654,I thought it was goku
0:38:27,@thegoodoldays911,Flawless still has some of her development so its not a total reset.
0:38:29,@TheOffcialBacontonACC,I just missed everything.
0:38:29,@dookyking4lyfe,woah
0:38:30,@jo3a548,Flawless is evil now
0:38:32,@t.tnetwork8654,that killed spike
0:38:32,@jennythebean9117,Tell mama
0:38:32,@lordofshrimps,Fake idgaf
0:38:34,@SonataDidIt,ok flawless
0:38:35,@misakayy1911,uhhh
0:38:35,@JoshThePinkGump,based
0:38:41,@Wizards0nly,uncle chuck
0:38:42,@Nyax50Lopez,oh
0:38:42,@delta-v4x,Flawless is a teenager now
0:38:43,@makotoikari4854,:O
0:38:44,@lordofshrimps,Convient
0:38:44,@phenix5323,teenaged grown ass woman
0:38:45,@TheMTwinny,FLAWLESS PLS
0:38:47,@Stratosfear_930,"good joke flawless, good joke"
0:38:47,@basedimperialism,@Tamers12345MLP Yeah but I don't think killing Spike constitutes a crime because it happened outside of the United States
0:38:48,@doggerlander,clocked her
0:38:48,@wuzfoz,fair
0:38:48,@jo3a548,oh cute
0:38:50,@applebloom2307,Sho kyute kyute
0:38:52,@laahocsm0019,lore
0:38:52,@misakayy1911,WHAT
0:38:53,@TheMTwinny,OH
0:38:54,@jo3a548,WH
0:38:54,@JorArg-c7s,WHAT
0:38:55,@firewolf595,PEAK
0:38:55,@wuzfoz,STANDO POWA
0:38:56,@punkypony5165,LORE
0:38:57,@Nyax50Lopez,OH?!!!
0:38:57,@usaminabe,WAIT WHAT
0:38:57,@jo3a548,WHAAAAAAAAAAAAT
0:38:57,@RancerDevote,they're growing up sp fast <
0:38:58,@fucknugget135,:exploding_head:
0:38:59,@applebloom2307,This was PEAK
0:38:59,@punkypony5165,Peak
0:38:59,@caatgutz,WOAH
0:39:00,@mlpfimguy,W
0:39:01,@Kiki_myshu,so much going on 
0:39:01,@SonataDidIt,By Celestia
0:39:01,@jo3a548,oh fuck
0:39:01,@jennythebean9117,Lore bomb!
0:39:02,@Solums,kimo
0:39:03,@MillerTheDarkTransPrince,so amazing
0:39:03,@JoshThePinkGump,BRAVO VINCE
0:39:04,@skyberry_axx,PEAK
0:39:04,@Aromaticgrassitem,Man
0:39:04,@donshade1937,Worth the wait 15/10
0:39:04,@NubMcMoofin,:exploding_head:
0:39:05,@CelestialZizzy,OMG
0:39:06,@lordofshrimps,Why is she cathy
0:39:07,@galaxyofeq,Hint drop!
0:39:08,@Amirwouldofgames,Ummmm
0:39:08,@Lucario4thewin,she is whole again
0:39:08,@applebloom2307,Such lore!!!!
0:39:09,@jo3a548,we going into another plot
0:39:10,@thegoodoldays911,Huh so thats why the doll is harassing her
0:39:10,@grimtidings5451,Ohhhh SHE'S Star
0:39:10,@Gamerhead43560,Literal cinema. Felt like a movie gah damn
0:39:12,@wuzfoz,BRAVO VINCE
0:39:12,@moisturizer1355,I can't believe I missed it:(
0:39:12,@JorArg-c7s,EWWWW a straight pony
0:39:13,@Kiki_myshu,cute jester
0:39:14,@PinkChampagne-r9i,That's a good bargain
0:39:14,@applebloom2307,"Aw, that's sad"
0:39:16,@punkypony5165,10/10 episode better than Digital Circus
0:39:16,@dookyking4lyfe,I'M EXCITED FOR WHAT'S TO COME
0:39:16,@negativflan,Wonderful episode
0:39:17,@michaelallen7146,Peak. Gotta rewatch.
0:39:17,@Skidum1,DEEP LORE
0:39:17,@MillerTheDarkTransPrince,10/10
0:39:18,@Tiki2970,Whats this songs name?
0:39:19,@CoolGuy-d1b,That was so good
0:39:19,@MiniPlush12,absolute Cinema
0:39:19,@Cinnaloaff,Peak as always
0:39:20,@Aromaticgrassitem,absolutely great Tamers!
0:39:20,@delta-v4x,Wild ride of an ep
0:39:21,@applebloom2307,He was still an incel tho
0:39:25,@jo3a548,AAAAAAAAAAAAAAAAAAAA
0:39:25,@cornbreadHD,REMEMBER TO LIKE THE VIDEO BITCHES
0:39:26,@negativflan,10/10 tamers
0:39:28,@TudleP,that was amazing
0:39:28,@snookboi6025,ALL THESE MARES CUCKING HARD WORKING STALLIONS DONT YOU HAVE A HEART TAMERS :face-purple-crying:
0:39:30,@GlimmyGOD,Definitely worth the wait
0:39:31,@Lulu-ot5gw,seriously who are these horses
0:39:31,@punkypony5165,He's a cute incel though
0:39:31,@TheMTwinny,BARDONIC WINS :blue_circle::blue_circle::waving_hand:
0:39:34,@jennythebean9117,Who jester pone reincarnation 
0:39:35,@vdn2468,the new characters are awesome
0:39:35,@grimtidings5451,Straight lore
0:39:35,@wuzfoz,LIKE THE VID BITCHES
0:39:36,@thegoodoldays911,He's a cute incel tho
0:39:39,@Aromaticgrassitem,This shit refreshed my life
0:39:40,@jo3a548,YURI PLOTLINE JUST GOT BIGGER
0:39:41,@Nyax50Lopez,woah
0:39:42,@duffel_brr,I MISSED IT NOOOO
0:39:43,@flutterfae,new character arc?
0:39:44,@JPSwim5,SONIC UNDERGODS WON
0:39:46,@Gunnarandersen891,Thank you Tamers man your story telling is so nice!!
0:39:48,@Alicano1111,Fuck
0:39:49,@subwaytrain1093,that was fire
0:39:49,@Artist_Graveyard,Good episode
0:39:50,@duffel_brr,I'll rewatch it u-u
0:39:51,@misakayy1911,WHAT
0:39:53,@GhostlyManiac77,The cutest incel to exist. Can we get more of him?
0:39:54,@MillerTheDarkTransPrince,fr
0:39:55,@Slackjaw55,i never thought i'd pity a hetero.
0:39:55,@cricket_gaming_hd9439,waiter waiter more yoai please
0:39:56,@SonataDidIt,SO MUCH PEAK
0:39:57,@punkypony5165,Kino
0:40:00,@SeriouslySodium,another of tamers oc's lets goo
0:40:02,@NubMcMoofin,:racehorse::racehorse::horse:
0:40:03,@AnimeGames16,"Loved it, thank you Tamers. o7"
0:40:03,@Lucario4thewin,Mari!
0:40:03,@TheMTwinny,TWO MORE SONIC UNDERGROUND VIDEOS THIS YEAR PLEASE PAPA TAMERS
0:40:06,@thegoodoldays911,Crazy lore drops
0:40:06,@Dalekoverhauls,Dear totem
0:40:07,@MillerTheDarkTransPrince,:blue_circle::blue_circle:
0:40:07,@TheMTwinny,:blue_circle::blue_circle::waving_hand:
0:40:10,@galaxyofeq,Mari!
0:40:12,@duffel_brr,your outros are so cool
0:40:13,@t.tnetwork8654,its all connecting together
0:40:15,@fucknugget135,:exploding_head::exploding_head::exploding_head::exploding_head::exploding_head::exploding_head:
0:40:16,@jennythebean9117,:blue_circle::blue_circle:
0:40:16,@AnimeGames16,:blue_circle::blue_circle::waving_hand:
0:40:19,@Nyax50Lopez,that ain't tamers ocs btw
0:40:20,@Stratosfear_930,10/10 would watch again
0:40:23,@LightTim,WAIT
0:40:23,@doggerlander,peak episode
0:40:23,@applebloom2307,Sad ヾ(｡>﹏<｡)ﾉﾞ✧*。
0:40:24,@lordofshrimps,Ventus?
0:40:25,@skyberry_axx,TAMERS DESERVES 15M+ SUBSCRIBERS
0:40:26,@punkypony5165,This might actually be my favorite outro 
0:40:26,@grimtidings5451,Oooo this lore getting spicy
0:40:27,@dovaak,who toke the ball of spike ? 
0:40:28,@Lucario4thewin,good shit
0:40:29,@lordofshrimps,Anyway good video ig
0:40:29,@jo3a548,OH HELL YEAH
0:40:31,@moriorinvictus69,bro the letterboxing is losing its mind
0:40:32,@Qylete,:blue_circle::blue_circle::waving_hand:
0:40:34,@TheMTwinny,SONIC UNDERGROUND RULES THE TAMERSVERSE
0:40:34,@LightTim,IS THIS A GENUINE KINO ADVENTURE REFERENCE?
0:40:35,@UltimateStarky,amazing tournament arc thank you tamers
0:40:35,@dovaak,And good ep 
0:40:36,@MillerTheDarkTransPrince,:smiling_face_with_heart_eyes:
0:40:37,@KvVuld,he won elden ring at some point
0:40:38,@makotoikari4854,based Sky
0:40:39,@jo3a548,Finally
0:40:40,@thegoodoldays911,I wonder if he has something to do with whats happeniing to arinos
0:40:41,@UngulaPropriaRQ,Hi prince skye 
0:40:42,@punkypony5165,Hi Skye
0:40:43,@wuzfoz,:blue_circle::blue_circle:
0:40:43,@clockguy2793,right so from that scene a second ago we can infer from starlights face that she feels guilty about how mari is right now and how she treated her
0:40:43,@JorArg-c7s,yeeeahaaaaaaaah
0:40:43,@delta-v4x,BEST VA
0:40:44,@Hyloaf,Bravo Tamers
0:40:44,@lordofshrimps,W ADDDDDD
0:40:45,@NubMcMoofin,:saluting_face:
0:40:47,@TheMTwinny,:blue_circle::blue_circle::waving_hand:
0:40:48,@Aromaticgrassitem,Winx club guys are nice
0:40:49,@misakayy1911,HELL YEAH I AM
0:40:52,@jo3a548,Me too Skyie
0:40:53,@dookyking4lyfe,WOAH ME TOO
0:40:53,@MooMoo_420,Wat
0:40:54,@UngulaPropriaRQ,YEAH WHY DON'T YOU 
0:40:54,@thegoodoldays911,Whys skys butt so tiny lol
0:40:55,@ParisLee-h3n,Dammmm
0:40:56,@MillerTheDarkTransPrince,:blue_circle::blue_circle:
0:40:56,@makotoikari4854,good stuff
0:40:57,@NubMcMoofin,:saluting_face::saluting_face::saluting_face:
0:40:57,@Lucario4thewin,ok
0:40:57,@Stratosfear_930,ofcourse
0:40:57,@UngulaPropriaRQ,thanks tamers 
0:40:58,@TheMTwinny,I AM A SONIC UNDERGROUDN FAN
