timestamp,author,message
0:00:00,@wheres_waddle1913,FeelsAmazingMan 
0:00:00,@UltimateStarky,yay
0:00:01,@ronaldo_mejor,wooooohoooooooo
0:00:01,@UrFavMexicanArtist,YAYYY
0:00:03,@alittlebitof_art,YES I MADE IT AT THE START
0:00:04,@jennythebean9117,Cato 
0:00:05,@hollywareham6810,YAY
0:00:05,@applebloom2307,UUUUUUUUUU
0:00:06,@UngulaPropriaRQ,Damn cleanmac is already winning 
0:00:07,@NubMcMoofin,:racehorse::racehorse::racehorse::horse::horse::racehorse::horse::racehorse::racehorse::racehorse::racehorse:
0:00:07,@wheres_waddle1913,YESSSS
0:00:08,@nclarkbar,clean sweep!!
0:00:08,@fluttergabe22,Irish
0:00:08,@vazquezzavaladarielaalejan6147,OH?
0:00:09,@SkullCalipers,Moofin
0:00:10,@jennythebean9117,Muffien 
0:00:11,@wheres_waddle1913,CLEANSWEEP!!!
0:00:11,@Mira-ep3cd,BRAEBURN
0:00:12,@hollywareham6810,the counting was worth it
0:00:12,@ronaldo_mejor,oh good
0:00:12,@UngulaPropriaRQ,DAMN CLEANMAC IS WINNING CRAZY
0:00:13,@Hyloaf,moofins
0:00:13,@clockguy2793,ITS HERE
0:00:13,@OrpheusHart,KINO??
0:00:14,@applebloom2307,AAAA CLEAN
0:00:14,@0neth3g3n1us1,is ir wrong i hate clean hook:broken_heart:
0:00:14,@pixelated6451,???
0:00:14,@Leetify.02k,russian pony les go
0:00:15,@neva773,oooooo
0:00:16,@delta-v4x,Kino from the get-go
0:00:16,@clockguy2793,AGGGHHH
0:00:17,@Peejaylew,W MUSIX ALREADY 
0:00:17,@Tamers12345MLP,He's wearing his green sweeter because it makes him feel cute
0:00:18,@Judithdith-mf7bs,oh my
0:00:18,@pixelated6451,Braeburn?
0:00:19,@jennythebean9117,Oh shit
0:00:19,@ears-123,braeburn!!!
0:00:21,@Shivery,DAmn
0:00:22,@applebloom2307,Oh
0:00:23,@pixelated6451,AnD WHO the FUCK
0:00:23,@kathrynbarto1,YO!!!!
0:00:23,@NubMcMoofin,:exploding_head:
0:00:23,@KohJhonesItula,AUSTRALIUM SHOTGUN
0:00:23,@Sweetie-r9p9r,OMG
0:00:24,@fluttergabe22,This is going to kickass
0:00:25,@im-having-a-stroke-lowkey,amazing mindset
0:00:28,@ronaldo_mejor,wtf Is hapend
0:00:29,@wheres_waddle1913,HE IS VERY CUTE!
0:00:31,@applebloom2307,dammmm straight into it!!!!!!
0:00:31,@okuriinu8489,CLEAN SWEEEEEEEEEEP
0:00:32,@Peejaylew,NOOO 
0:00:33,@vazquezzavaladarielaalejan6147,NOT HIS MUFFINS
0:00:33,@belastcyr8475,What is that?
0:00:34,@Bowquetthethird,Wow 
0:00:34,@Judithdith-mf7bs,go braeburn
0:00:34,@delta-v4x,MUFFINS
0:00:34,@jennythebean9117,Another Kirin?!??!?!
0:00:36,@certafan,Starting off very strong! so cool!
0:00:36,@Peejaylew,HIS MUFFINS
0:00:37,@vazquezzavaladarielaalejan6147,NOOOOOOOOO
0:00:38,@Sweetie-r9p9r,WAIT WHO IS THIS
0:00:39,@Frankiekillerkittybatbug,CLEANSWEEP NOOO
0:00:39,@jennythebean9117,Nooooooooo
0:00:40,@Leetify.02k,kablooey
0:00:40,@jw-vu4je,what is that video :eyes::eyes::eyes:
0:00:40,@UngulaPropriaRQ,OH NO HIS BAKED GOODS
0:00:41,@Shivery,MUFFIN
0:00:44,@creamsouda3338,THE MUFFINS
0:00:44,@creamsouda3338,NO
0:00:46,@ronaldo_mejor,oh gooood
0:00:46,@natalkacieslak4289,NOOOOO
0:00:47,@applebloom2307,NOOOOOOO THE MUFFINNNN ><
0:00:47,@Peejaylew,W MUSIC
0:00:47,@belastcyr8475,Better question what on earth is the being
0:00:47,@vazquezzavaladarielaalejan6147,WAHT
0:00:48,@Judithdith-mf7bs,GO BRAEBURN GO BRAEBURN
0:00:49,@vazquezzavaladarielaalejan6147,WHAT
0:00:49,@Sammy-zq5dc,wait whad i miss
0:00:50,@CatcatcatCATbrrriii,Might turn straight bc of clean sweep
0:00:50,@Mira-ep3cd,OOO
0:00:51,@vazquezzavaladarielaalejan6147,WHAT??
0:00:52,@wheres_waddle1913,HUH
0:00:52,@UngulaPropriaRQ,HIS FACE
0:00:54,@neva773,:00
0:00:55,@okuriinu8489,oh hey a kirin
0:00:55,@fluttergabe22,LOCK IN Braeburn
0:00:55,@vazquezzavaladarielaalejan6147,HE HAS A FACE??
0:00:55,@Hyloaf,WOAH
0:00:55,@applebloom2307,I cried
0:00:55,@Frankiekillerkittybatbug,CLEENSWEEP?!!!
0:00:56,@Solums,Face
0:00:56,@ComoLoMueveEseMuchachote,"Man, why the fight scenes are sooo profesional LOVE"
0:00:56,@NubMcMoofin,:exploding_head::exploding_head::exploding_head:
0:00:57,@UngulaPropriaRQ,OH DAMN 
0:00:57,@moisturizer1355,YOOO
0:00:57,@SuperCaptainFail,TAMERS IM WATCHING THIS ISNTEAD OF SUMMERGAMES FEST
0:00:59,@solarismare,oh damn
0:00:59,@muggz7752,YEE
0:00:59,@belastcyr8475,I think it’s e oh my God it’s his face
0:01:00,@Sammy-zq5dc,THERES AN AD I CANT SKIP
0:01:00,@jennythebean9117,Save muffins 
0:01:01,@nclarkbar,whoah
0:01:01,@Shivery,Half
0:01:01,@trap631,kitty?
0:01:02,@vazquezzavaladarielaalejan6147,CLEANSWEEP??
0:01:03,@creamsouda3338,how could tamers draw smth like this? His muffins?? Wtf?? Im never watching this shit again.
0:01:03,@moisturizer1355,His Face!
0:01:03,@dripworks6659,HOLY SHEET
0:01:03,@applebloom2307,oooooohhhh face reveall
0:01:04,@jakiyrahmason4824,HIS FACE
0:01:04,@mr.bananaman9805,oh it's a mask
0:01:04,@natalkacieslak4289,YOOO
0:01:05,@muggz7752,I KNEW THERE WAS G
0:01:05,@ears-123,FACE REVEAL LETS GO
0:01:06,@UngulaPropriaRQ,also HOLY SHIT FIGHT SCENE OFF THE BAT
0:01:06,@lordofshrimps,did blud get ponified
0:01:07,@haileykitty6993,Pinkie Pie and Rainbow Dash got married in my tomodachi life: living the dream game. I just let it happened.
0:01:07,@belastcyr8475,This is what he looks like the cats was alive
0:01:11,@natalkacieslak4289,OMG
0:01:13,@vazquezzavaladarielaalejan6147,WHATT
0:01:13,@ronaldo_mejor,oh dammmmm it
0:01:13,@muggz7752,I KNEW THERE WAS G
0:01:13,@muggz7752,Be a face reveal
0:01:14,@belastcyr8475,Bro was wearing the Batman suit all this time
0:01:15,@Xzonza1,WTF he blue
0:01:16,@pixelated6451,and since when did braeburn learn how to do that
0:01:17,@certafan,"Ah hell nah, Braeburn got Der Frieshutz"
0:01:17,@nclarkbar,is he another soarin?
0:01:22,@pixelated6451,is this a different braeburn?
0:01:23,@ronaldo_mejor,omg omg omg :face_with_open_mouth:
0:01:24,@Peejaylew,UH OH
0:01:25,@natalkacieslak4289,BLUE?
0:01:25,@jo3a548,Oh fuck
0:01:26,@salemsobased,IS CLEAN SWEEP GONNA FALL FOR ALT UNIVERSE BRAEBURN?????
0:01:26,@muggz7752,He was always blur
0:01:27,@esotericpony,omg he might turn back into a pony
0:01:28,@creamsouda3338,CLEANSWEEP PARTIAL FACE REVEALLLLL
0:01:30,@Gaalnr,:yellow_circle::yellow_circle:
0:01:31,@jennythebean9117,No
0:01:31,@UngulaPropriaRQ,rip twi
0:01:32,@Peejaylew,WHAT HAOOEND YHERE
0:01:32,@im-having-a-stroke-lowkey,bro got that marionette treatment but the opposite
0:01:32,@solarismare,dead sweetie belle
0:01:33,@JorArg-c7s,WELL RIP EVERYONE
0:01:33,@jo3a548,Lolololol
0:01:34,@Mira-ep3cd,RARITY :loudly_crying_face:
0:01:34,@Leetify.02k,SWEETIE BELLE
0:01:35,@Shivery,Sweatie
0:01:35,@applebloom2307,dam
0:01:35,@creamsouda3338,LMFAOOO SWEETIE BELL
0:01:36,@fluttergabe22,Twily died
0:01:36,@ComoLoMueveEseMuchachote,RARITY WHAT YOU JUST DO???
0:01:37,@NubMcMoofin,:disappointed_face:
0:01:37,@hollywareham6810,lol
0:01:39,@natalkacieslak4289,RIP
0:01:39,@applebloom2307,ded
0:01:40,@trap631,deserved
0:01:40,@Leetify.02k,YALL SWEETIE BELLE
0:01:40,@haileykitty6993,the hell Rarity?!
0:01:41,@UltimateStarky,I'm sure she's fine
0:01:42,@jennythebean9117,Don’t beat Sweetie Belle
0:01:42,@fluttergabe22,#1
0:01:42,@Peejaylew,WHAT HAPOEND TO HER
0:01:42,@muggz7752,This song is sick
0:01:43,@UngulaPropriaRQ,there goes ponyville lmao
0:01:43,@belastcyr8475,He has anyone noticed that it kinda looks like Marinette
0:01:43,@shdw_619,this isnt the first face reveal of cleansweep
0:01:44,@creamsouda3338,TWILIGHT IS DEAD
0:01:45,@NubMcMoofin,:crying_face::crying_face::face_holding_back_tears:
0:01:46,@Leetify.02k,MARS
0:01:47,@BridgettePatterson-e1n,sweetie belle :(
0:01:47,@creamsouda3338,oh jesus christ
0:01:48,@Shivery,Ponyville can't have a fucking break
0:01:48,@JakesFavorites,yo wur
0:01:49,@applebloom2307,nuuuu not again
0:01:49,@okuriinu8489,so hes been wearin a mask or.....
0:01:50,@JorArg-c7s,AGAIN?
0:01:51,@WerchioMop,TEILIGHT
0:01:52,@sosadderall,im wet
0:01:52,@Tamers12345MLP,"Sweetie Belle was getting what she deserves, don't worry about it"
0:01:52,@belastcyr8475,Why does it look like Marinette?
0:01:52,@natalkacieslak4289,1 bark
0:01:53,@trap631,finally those lesbians are gone for good
0:01:54,@Mira-ep3cd,NOOOO
0:01:55,@creamsouda3338,wonder how long this episodes gonna be!! Im excited
0:01:56,@Solums,Better that solo leveling
0:01:57,@wheres_waddle1913,OH
0:01:58,@ImKooka,OH LORD
0:01:57,@UngulaPropriaRQ,OH SNAP
0:01:58,@Gaalnr,rekt
0:01:58,@solarismare,LOL
0:01:59,@muggz7752,New overpowered oc yes
0:01:59,@solarismare,RIP
0:02:00,@ComoLoMueveEseMuchachote,NOOOOO
0:02:00,@wheres_waddle1913,WHAT
0:02:00,@Frankiekillerkittybatbug,NOOOOOOOOOOOOOOOOO
0:02:01,@Peejaylew,WHAT SHE DO THO
0:02:01,@Hyloaf,oh fuck
0:02:02,@Sammy-zq5dc,WHAD I MISSSSSSSSSSSSSSSSSSSSS
0:02:02,@Solums,NOO
0:02:02,@Leetify.02k,NOOOO
0:02:02,@fluttergabe22,NOOOOOIIIIIII
0:02:02,@SeriouslySodium,did twilight got killed by a the weather before everything blew up
0:02:02,@vdn2468,NOOO
0:02:03,@Zizzy-e9g,This is bad ass
0:02:03,@Leetify.02k,RIP
0:02:03,@NubMcMoofin,:loudly_crying_face::loudly_crying_face::loudly_crying_face::loudly_crying_face:
0:02:03,@GlimmyGOD,yooo holy shit
0:02:04,@delta-v4x,"Okay, that's cool"
0:02:04,@vazquezzavaladarielaalejan6147,HELP
0:02:04,@applebloom2307,oh
0:02:04,@trap631,nooooooo
0:02:04,@okuriinu8489,ioop
0:02:05,@CatcatcatCATbrrriii,Oh damn 
0:02:05,@wheres_waddle1913,OMG
0:02:05,@Shivery,RIP
0:02:06,@Skidum1,rip
0:02:07,@GlimmyGOD,he needs some milk
0:02:07,@ronaldo_mejor,what ate yours fav ship un this acountt
0:02:08,@neargaming2057,Holy trade batman
0:02:08,@haileykitty6993,he fucking died!
0:02:09,@natalkacieslak4289,NOOOOOOOO
0:02:09,@UngulaPropriaRQ,YO WHAT 
0:02:09,@Mira-ep3cd,WHATS GOING ON
0:02:09,@applebloom2307,WAYT
0:02:10,@HopeIsEpic.,BRAEBURN NOO
0:02:11,@certafan,"""Yooooo!! Yo holy shit he dead!"""
0:02:12,@applebloom2307,WAT
0:02:12,@jennythebean9117,Wat
0:02:13,@Leetify.02k,Braeburn!!
0:02:13,@mr.bananaman9805,what the fuck just happened
0:02:14,@jo3a548,Oh fuck
0:02:15,@belastcyr8475,"Oh my God this is the second time they have died, bro how are you the strongest type of being on earth and die"
0:02:15,@HopeIsEpic.,BRAEBURN YESS OMG
0:02:15,@solarismare,HE DEAD
0:02:16,@NubMcMoofin,:face_savoring_food::face_savoring_food:
0:02:17,@WerchioMop,oMG
0:02:17,@pixelated6451,:eyes:
0:02:18,@Shivery,Huh
0:02:19,@Peejaylew,DGAF SONG YESS
0:02:19,@Judithdith-mf7bs,o my god
0:02:19,@UngulaPropriaRQ,WATCH THEM GO
0:02:19,@WerchioMop,BRABEURN
0:02:20,@V0dk4n4tion,hello gays
0:02:21,@WerchioMop,IMG
0:02:21,@muggz7752,I’ve been binging this series like hell
0:02:21,@Leetify.02k,CRAZYY
0:02:22,@BridgettePatterson-e1n,no correlation??
0:02:23,@Rayolx,ponyy ville-
0:02:23,@jo3a548,Dsyuuuuum
0:02:25,@mothartsss,BRAEBURN
0:02:25,@natalkacieslak4289,yeeee
0:02:25,@Zizzy-e9g,Who did the nuke?
0:02:26,@okuriinu8489,suprise knife
0:02:26,@Shivery,Hawt
0:02:28,@ImKooka,HUH...
0:02:28,@belastcyr8475,"Wait, wait wait wait wait, then who is this?"
0:02:28,@Frankiekillerkittybatbug,Wiat a minute..that means 
0:02:29,@neva773,CAAAAREPACKAAGGEEEE AAA
0:02:31,@fluttergabe22,what a relief
0:02:32,@ronaldo_mejor,Is un rave
0:02:32,@Leetify.02k,wait then who the fuck
0:02:33,@wheres_waddle1913,OOH TWO OF THEM
0:02:34,@JorArg-c7s,FUTURE BREABORN?
0:02:35,@Milly-u5y4u,What the
0:02:35,@UngulaPropriaRQ,damn look at that gut
0:02:38,@Koro-sensei-glazer,Rip Braeburn 
0:02:40,@okuriinu8489,OH HELLLLLLLLOOOOOOOOOOOOOOOO
0:02:40,@applebloom2307,Different universe Brae?
0:02:41,@pixelated6451,future...?
0:02:42,@UngulaPropriaRQ,WAIT SOARMAC
0:02:44,@pixelated6451,braeburn...
0:02:46,@Shivery,Future Soarin...
0:02:46,@mothartsss,BRAE BURN??
0:02:46,@pixelated6451,oh.
0:02:49,@creamsouda3338,omg but they didnt bring cleansweep...??
0:02:51,@fluttergabe22,Big Mac let himself go :smiling_face_with_smiling_eyes:
0:02:51,@wheres_waddle1913,I love CleanSweep's voice 
0:02:51,@UngulaPropriaRQ,THE BABY 
0:02:51,@applebloom2307,"Ohhh, future maybe!! omg"
0:02:52,@Fatz12,DOOMED TIMELINE
0:02:52,@hollywareham6810,lol
0:02:52,@jennythebean9117,Nooooo
0:02:56,@jo3a548,Cute
0:02:57,@Leetify.02k,ponyville got slimed
0:02:57,@WerchioMop,HES SO BIG KMAOO
0:02:57,@creamsouda3338,OH MY GOD
0:02:57,@solarismare,no ponyville :(
0:02:57,@NubMcMoofin,:smiling_face_with_hearts::smiling_face_with_hearts::smiling_face_with_hearts:
0:02:58,@UngulaPropriaRQ,HELL YEAH 
0:02:59,@creamsouda3338,AWWWWWWWWW
0:02:59,@theconfusedasian7685,no way papa package
0:03:00,@belastcyr8475,How is there even to rain there? It should be like straight up flat.
0:03:01,@applebloom2307,YEWSSSSS BABY
0:03:01,@Shivery,Baby
0:03:01,@Slackjaw55,MY GOAT
0:03:03,@jennythebean9117,Yippee 
0:03:04,@haileykitty6993,baby vampire
0:03:05,@wheres_waddle1913,Dumb baby
0:03:06,@creamsouda3338,oh hell yea 
0:03:07,@certafan,Is he stupid?
0:03:10,@applebloom2307,YO lookit all of those cigs
0:03:13,@wheres_waddle1913,pookie
0:03:14,@Padtygalaxy,Foal!
0:03:15,@hollywareham6810,lol
0:03:16,@jo3a548,Pookie
0:03:17,@creamsouda3338,parcel core needs to learn early on
0:03:19,@ronaldo_mejor,thats mad idea
0:03:19,@Hayseed119,:heart_on_fire:
0:03:20,@NubMcMoofin,:crying_face:
0:03:20,@jennythebean9117,Braeburn is right 
0:03:21,@chasthejoker_,Holy peak
0:03:26,@applebloom2307,good parenting
0:03:28,@Tamers12345MLP,@applebloom2307 And he's gonna smoke all of them
0:03:29,@UngulaPropriaRQ,APPLE SPLIT YOU MADE THE DEMON
0:03:29,@Shivery,Average Apple Package
0:03:31,@Peejaylew,CHILL
0:03:31,@chasthejoker_,Heh im on my sisters iPad hehehe]\
0:03:31,@Milly-u5y4u,Oh my
0:03:33,@chasthejoker_,Yh
0:03:33,@delta-v4x,"Frankly, based"
0:03:36,@okuriinu8489,Parcel is such a grem- oh they know its parcel
0:03:38,@belastcyr8475,How about we call the Braburn that just fight the thing that kinda looks like Marinette merged with a plant called doom Braburn or just doom
0:03:39,@Shivery,He's taking it from his parents
0:03:43,@applebloom2307,@Tamers12345MLP based 
0:03:44,@UngulaPropriaRQ,YEAH DRINK UP LITTLE FELLA 
0:03:47,@jennythebean9117,Eat baby 
0:03:47,@jo3a548,Cute
0:03:48,@solarismare,LOL
0:03:50,@WerchioMop,BABY
0:03:51,@hollywareham6810,lol
0:03:54,@solarismare,67
0:03:54,@Mira-ep3cd,NOO I WANT THE BABY BACK
0:03:54,@ImKooka,67
0:03:54,@belastcyr8475,"Also, are we not gonna talk about how that thing that fight doom kinda looked like Marinette"
0:03:55,@KungaBungaonToast,67
0:03:56,@Leetify.02k,blood
0:03:56,@haileykitty6993,"he has a point, also AWWW!"
0:03:56,@certafan,67!!!!
0:03:57,@wheres_waddle1913,Apple Bottom no
0:03:58,@Hyloaf,67
0:03:58,@jennythebean9117,6 7
0:03:59,@Leetify.02k,67
0:04:00,@Leetify.02k,67
0:04:00,@haileykitty6993,oh
0:04:00,@vazquezzavaladarielaalejan6147,WHAT
0:04:00,@Shivery,67
0:04:00,@Leetify.02k,67
0:04:01,@Leetify.02k,67
0:04:02,@neva773,look at them parenting
0:04:02,@hollywareham6810,lol
0:04:02,@Diskaria,67
0:04:02,@Leetify.02k,67
0:04:03,@jo3a548,Oh fuck
0:04:03,@Fatz12,6 7!
0:04:04,@Leetify.02k,67
0:04:04,@applebloom2307,67??!?!?!?!
0:04:05,@esotericpony,OH HELL NO
0:04:05,@Leetify.02k,67
0:04:06,@UngulaPropriaRQ,YO WHAT 
0:04:06,@Leetify.02k,67
0:04:07,@solarismare,oh hello
0:04:07,@applebloom2307,OH ok
0:04:08,@Leetify.02k,67
0:04:08,@jennythebean9117,Turn him back 
0:04:08,@PestieBestie1314,.
0:04:08,@wheres_waddle1913,WHA
0:04:09,@mr.bananaman9805,67
0:04:09,@Sweetie-r9p9r,OH
0:04:09,@Leetify.02k,67
0:04:09,@JorArg-c7s,This is better than the game awards
0:04:11,@pixelated6451,dance.
0:04:11,@creamsouda3338,OH MY GOD
0:04:12,@Fatz12,YOOOO
0:04:12,@vazquezzavaladarielaalejan6147,WHAT??
0:04:12,@pixelated6451,wow.
0:04:13,@Leetify.02k,67
0:04:14,@UngulaPropriaRQ,HI 3D ARINOS
0:04:14,@Leetify.02k,67
0:04:14,@Peejaylew,WHAT
0:04:15,@creamsouda3338,??? OH MY GOD
0:04:15,@NubMcMoofin,:smiling_face_with_hearts:
0:04:15,@ronaldo_mejor,parents be like:
0:04:17,@UltimateStarky,look at him go
0:04:17,@Solums,A 3d model
0:04:18,@Leetify.02k,67
0:04:19,@haileykitty6993,so many masks
0:04:19,@vazquezzavaladarielaalejan6147,OMG
0:04:19,@Shivery,Noice
0:04:20,@vazquezzavaladarielaalejan6147,??
0:04:20,@JR3Ramirez-f8g,:fearful_face:
0:04:20,@delta-v4x,TRANSPLANTED HEAD
0:04:24,@dripworks6659,AYOOOOO 
0:04:25,@hollywareham6810,skin
0:04:25,@fluttergabe22,Scooby Doo move :rolling_on_the_floor_laughing:
0:04:26,@leonardwhite4659,no 6.. nooooooooooooooooooooooooo...7 noooooooooooooooooooo
0:04:29,@jennythebean9117,:O
0:04:35,@SketchyZero,@Tamers12345MLP Will you depict Star Tracker as a crossdressing rival to apple split/bottom?
0:04:36,@Shivery,The background pony one
0:04:37,@jo3a548,OH FUCK
0:04:37,@jennythebean9117,Epic lore
0:04:43,@pixelated6451,can he cut that out
0:04:43,@AmenaYarbrough,fr
0:04:44,@applebloom2307,ohwow
0:04:44,@JorArg-c7s,oh no he hot
0:04:44,@creamsouda3338,this is so cool dude
0:04:45,@WerchioMop,OMG CLEAN SWEET
0:04:47,@applebloom2307,ARINOS
0:04:47,@alanatoh4724,when is he gonna do an another dandy's world episode
0:04:47,@læeesz,I love me pony lore
0:04:47,@NubMcMoofin,:smiling_face_with_hearts::smiling_face_with_hearts::smiling_face_with_hearts:
0:04:48,@SeriouslySodium,damn
0:04:48,@okuriinu8489,wait how tf does this work
0:04:48,@haileykitty6993,that's pretty cool actually
0:04:48,@jennythebean9117,Dance!
0:04:49,@Leetify.02k,what the fack
0:04:51,@AmenaYarbrough,omg
0:04:51,@applebloom2307,Oop
0:04:51,@UngulaPropriaRQ,Arinos just chilling tf out 
0:04:53,@wheres_waddle1913,HAREM
0:04:55,@im-having-a-stroke-lowkey,ARINOS HIT THAT
0:04:56,@Tamers12345MLP,Arinos is just vibing don't worry about him
0:04:57,@fluttergabe22,hello kitty poptarts
0:04:58,@Solums,Power Rangers?
0:04:59,@PestieBestie1314,thats a lot of skin hes wearing
0:05:00,@haileykitty6993,oh shit
0:05:00,@belastcyr8475,So what he saying is that he’s basically invincible if you try to cut off his head oh yeah and he’s basically 
0:05:00,@applebloom2307,OHhhHhHhHh NEW CHARA
0:05:01,@AmenaYarbrough,even! >:0
0:05:01,@creamsouda3338,where the HELL are they
0:05:01,@nclarkbar,yo where can I get those hello kitty poptarts?
0:05:03,@ronaldo_mejor,mlp damms of friendship
0:05:03,@Markinzskinman-eo1ko,NOOO I'M SEVEN MINUTES LATE WHAT'S HAPPENING
0:05:03,@NubMcMoofin,:exploding_head::exploding_head:
0:05:04,@Sweetie-r9p9r,woah all the stallions are there
0:05:05,@okuriinu8489,hes so gorgeous
0:05:07,@basedimperialism,KIRIN
0:05:08,@jo3a548,WHAT?
0:05:08,@jennythebean9117,The gay 
0:05:08,@neva773,3d arinos how
0:05:09,@belastcyr8475,"Wait, hold up isn’t that the same person that killed doom?"
0:05:10,@delta-v4x,Arinos has sick moves
0:05:12,@UngulaPropriaRQ,oh that explains the whole fight 
0:05:14,@JorArg-c7s,OH NO
0:05:14,@certafan,I wish for less wishes
0:05:15,@AmenaYarbrough,soo op
0:05:16,@CrispyCrispsss,"TAMER, YOU GOT COMPETITION BRO"
0:05:17,@Tamers12345MLP,@Solums lmao i didn't even realize that but you're right
0:05:23,@firewolf595,yaoi tournament of power?
0:05:25,@applebloom2307,SO KYUTE APPLE BOTTOM
0:05:27,@im-having-a-stroke-lowkey,i wish for a 13 incher
0:05:29,@fluttergabe22,I wish I was gay
0:05:31,@jo3a548,Squid game
0:05:32,@hollywareham6810,lol
0:05:32,@wheres_waddle1913,Yaoi tournament lol
0:05:35,@NubMcMoofin,:horse:
0:05:35,@solarismare,arinos looking ahh
0:05:35,@belastcyr8475,Guys that’s the same person that killed the other Braburn
0:05:35,@SoupCam69,wtfwtf
0:05:36,@creamsouda3338,tamers12345 squid games
0:05:41,@karmii_p,insert some joke here anyways
0:05:41,@JorArg-c7s,isn't that the bad guy?
0:05:44,@Fatz12,tournament arc!
0:05:46,@dookyking4lyfe,who all here is gay
0:05:48,@JakesFavorites,This is so much higher production quality than before
0:05:49,@Leetify.02k,booo
0:05:50,@Shivery,BOO
0:05:50,@Tamers12345MLP,@fluttergabe22 uhhh don't don't you be bitch?
0:05:52,@okuriinu8489,just whos played or seen homicipher cause parcel core looks like mr scarlettela
0:05:52,@midkidable,the council of sages
0:05:54,@jennythebean9117,Fart on Kirin 
0:05:58,@wheres_waddle1913,their little outfits :pride-heart-rainbow-philly: 
0:06:07,@Xzonza1,Angy kirins
0:06:08,@Binary_Forever,is this lord of the ring?
0:06:11,@firewolf595,arinos' wish is to be a girl im calling it
0:06:14,@dripworks6659,this goes hard already
0:06:15,@Hayseed119,"oh look my will to live, care package"
0:06:19,@fluttergabe22,"why not Tamers? ,:grinning_face_with_sweat:"
0:06:19,@UngulaPropriaRQ,damn nice shirt 
0:06:21,@okuriinu8489,im pansexual
0:06:22,@solarismare,twiitter
0:06:26,@hollywareham6810,lol
0:06:28,@solarismare,the
0:06:29,@delta-v4x,Thee oven
0:06:29,@jo3a548,Lolollllol
0:06:31,@Fatz12,isnt this a HxH arc?
0:06:32,@solarismare,i'm gay
0:06:33,@UngulaPropriaRQ,HE'S GAY
0:06:35,@dookyking4lyfe,lol
0:06:35,@throwup,if my crush is watching this without me just know i want to wear your skin
0:06:37,@hollywareham6810,crazy
0:06:38,@Shivery,I'm gay
0:06:38,@jennythebean9117,I’m Gay
0:06:39,@jo3a548,Lolllllollolololl
0:06:40,@certafan,mogged
0:06:40,@applebloom2307,hawt
0:06:42,@Leetify.02k,guys i think he's gay
0:06:42,@neva773,i think he May be gay
0:06:42,@belastcyr8475,That’s genuinely crazy
0:06:43,@SonataDidIt,lol
0:06:43,@creamsouda3338,HELL YEA
0:06:48,@creamsouda3338,I knew apple bottom was a bad bitch
0:06:50,@midkidable,ratio
0:06:55,@whaa..gollyy,OMG IM LATE NOOO
0:06:56,@UngulaPropriaRQ,awww care package
0:06:57,@haileykitty6993,I would wish for an unlimited supply of cherry cola
0:06:58,@hollywareham6810,crazy
0:07:00,@JorArg-c7s,aww
0:07:01,@jsaenz96,also rough face riding
0:07:02,@jennythebean9117,Kiss
0:07:02,@fluttergabe22,:flushed_face:
0:07:03,@Shivery,Make out
0:07:05,@ZapzipapC,happy pride 
0:07:07,@wheres_waddle1913,perfect first video of pride month
0:07:08,@whaa..gollyy,Guess gotta watch from here
0:07:09,@applebloom2307,nnnffff
0:07:11,@hollywareham6810,lol
0:07:11,@jennythebean9117,Gay
0:07:12,@applebloom2307,CUTE
0:07:12,@S0ci0stan,lmao
0:07:13,@jsaenz96,or would it be muzzle riding?
0:07:14,@NubMcMoofin,:face_savoring_food::smiling_face_with_hearts:
0:07:14,@fluttergabe22,just kiss already
0:07:15,@im-having-a-stroke-lowkey,im gay aswell
0:07:16,@jennythebean9117,He cat
0:07:16,@UngulaPropriaRQ,THEY'RE SO TOXIC WE LOVE IT 
0:07:20,@Leetify.02k,carepackage might just be straight because applebottom is just a femboy
0:07:21,@creamsouda3338,ik tamers12345 is a joke series but i do like the rep too.. Apple bottom wanting to get rid of his schizophrenia makes so much sense.. thank u tamers
0:07:21,@BoxBoy-u7i,apple bottom can go three times as hard because there's three guys inside him
0:07:21,@whaa..gollyy,YESSS
0:07:22,@applebloom2307,KYUTE
0:07:24,@hollywareham6810,piss
0:07:24,@jennythebean9117,Dog
0:07:25,@MM3rrcuryy,apple bottom more like power bottom
0:07:26,@UngulaPropriaRQ,damn hes PISSING 
0:07:27,@whaa..gollyy,GAHHHH
0:07:28,@JR3Ramirez-f8g,:smiling_face_with_heart_eyes::victory_hand:
0:07:30,@jo3a548,Cute
0:07:30,@certafan,LOL
0:07:31,@belastcyr8475,Oh no OK but like genuinely how was this even possible?
0:07:33,@ImKooka,THEM!
0:07:33,@whaa..gollyy,DO ITS 
0:07:38,@belastcyr8475,"Basically, just destroying all physics"
0:07:39,@hollywareham6810,crazy
0:07:43,@fluttergabe22,:hot_face:
0:07:46,@creamsouda3338,HELL UEAAAAAA
0:07:47,@Leetify.02k,WOAH
0:07:48,@UngulaPropriaRQ,COWBOY CANDY
0:07:51,@Leetify.02k,hell yea
0:07:54,@SonataDidIt,candy!!!
0:07:56,@NubMcMoofin,COWBOY CANDY
0:07:57,@SeriouslySodium,so we are just gonna forget all of equestria is gone now.
0:08:00,@jsaenz96,no balls you won't Tamers
0:08:00,@S0ci0stan,This is the gayest thing since gay came to gay town
0:08:05,@belastcyr8475,Are we not gonna talk about doom?
0:08:08,@neva773,I literally have to study calculus
0:08:08,@whaa..gollyy,TAMER QUESTIONS WILL U MAKE MORE DW EPISODES OR MURDER DRONES????
0:08:08,@Max_kit615,@ MIN
0:08:10,@fluttergabe22,Cowboy Candy lol
0:08:10,@belastcyr8475,You know like the other Braburn
0:08:11,@jennythebean9117,Kiss
0:08:12,@wheres_waddle1913,oof
0:08:22,@dookyking4lyfe,say cowboy candy 5 more times
0:08:23,@Shivery,Dump him 
0:08:23,@jsaenz96,I'll sub to your patreon with all 50 of my accounts if you do it
0:08:24,@Peejaylew,Still here
0:08:27,@JorArg-c7s,so not explanation of what happened in the intro
0:08:27,@creamsouda3338,au soarin getting cucked right infront of his eyes...
0:08:29,@belastcyr8475, GUYS
0:08:31,@wheres_waddle1913,silly
0:08:31,@Tamers12345MLP,"@SeriouslySodium Just Ponyville is gone, but they'll be fine cause ponyvilel gets destroye dlike once or twice a week and they always rebuild"
0:08:34,@applebloom2307,Kablam!!
0:08:40,@Koro-sensei-glazer,I want to try braeburns pickles (not an innuendo)
0:08:42,@solarismare,thanks tamers
0:08:43,@JR3Ramirez-f8g,whats cowboy candy
0:08:44,@belastcyr8475,Are we not gonna talk about what just happened? Like the other Braburn just got killed what’s happening?
0:08:46,@haileykitty6993,I really like his voice
0:08:47,@okuriinu8489,i love a freaky bf x his ace bf
0:08:47,@solarismare,and twilight will b e alive next time
0:08:52,@UngulaPropriaRQ,ha ha clean sweep says winner like weiner 
0:08:52,@NubMcMoofin,:horse:
0:08:56,@jo3a548,Cute
0:08:56,@okuriinu8489,OH MY FUCKING GOD JUST POLY
0:08:56,@jennythebean9117,Gay
0:08:57,@SeriouslySodium,@Tamers12345MLP oh yeah I forgot mb
0:08:58,@okuriinu8489,PLEASE
0:09:01,@wheres_waddle1913,cheesy 
0:09:01,@DragonDuppy,I'm 9 minutes late
0:09:05,@PowerfulTrix.32k-f1p,lol big mac i didnt know u were like that 
0:09:05,@symphonydawn3,Flawless and Trixiebelle is dead at this episode lol
0:09:07,@S0ci0stan,Is the black pony the same dude that licked Big Mac's armpit?
0:09:09,@KungaBungaonToast,@fluttergabe22 hello
0:09:11,@fluttergabe22,"this universe is just like Invincible, it gets destroyed and they rebuild like it's nothing :rolling_on_the_floor_laughing:"
0:09:13,@Shivery,Why they wish since the're alicorns?
0:09:13,@wheres_waddle1913,omg
0:09:14,@hollywareham6810,crazy
0:09:14,@UngulaPropriaRQ,CLEAN SWEEP LORE 
0:09:16,@okuriinu8489,POLY SORIN CLEAN MAC
0:09:18,@Sweetie-r9p9r,Omg
0:09:19,@applebloom2307,ohh backstory
0:09:23,@fluttergabe22,hi kunga
0:09:26,@MM3rrcuryy,HES SO CUTE BRAHHH
0:09:27,@jennythebean9117,Dad
0:09:27,@hollywareham6810,lol
0:09:30,@UngulaPropriaRQ,OH DAMN
0:09:31,@solarismare,wtf
0:09:31,@NubMcMoofin,:disappointed_face:
0:09:31,@Peejaylew,SAD
0:09:32,@Slackjaw55,another father for the collection.
0:09:32,@belastcyr8475,Oh my God This is not gonna be YouTube friendly
0:09:32,@jennythebean9117,Noooooo
0:09:32,@Leetify.02k,What the hell
0:09:34,@wheres_waddle1913,:(
0:09:35,@deltaromee,DOGMAN
0:09:35,@Hyloaf,damn
0:09:36,@creamsouda3338,HWATTT
0:09:37,@lordofshrimps,Wow okay
0:09:38,@BoxBoy-u7i,heel yeah tamers petey
0:09:38,@Leetify.02k,Yall what happened
0:09:38,@NubMcMoofin,:exploding_head::exploding_head::exploding_head:
0:09:39,@creamsouda3338,ph my god theyre back
0:09:39,@lordofshrimps,OH MY GOD
0:09:40,@Sweetie-r9p9r,damm why all mlp fathers are abusive
0:09:40,@whaa..gollyy,Why do the backstories gotta be so dramatic :pensive_face:
0:09:40,@Peejaylew,DOG MAN YESS
0:09:40,@haileykitty6993,that happened really fast
0:09:41,@lordofshrimps,DOGMAN
0:09:41,@FreyaMcAuley-x5z,ALICORNSSSSSSSSSSS!!!!
0:09:41,@wheres_waddle1913,holy wshit
0:09:41,@UngulaPropriaRQ,THE BEST VOICE ACTOR EVER 
0:09:42,@belastcyr8475,What the
0:09:43,@wheres_waddle1913,dogman!
0:09:43,@Leetify.02k,DOG MAN
0:09:44,@gummy8440,"YES WE""RE SO BACK"
0:09:44,@jo3a548,Oooh hell yeha
0:09:44,@ImKooka,DOGMAN
0:09:44,@fluttergabe22,DOGMAN!!!!! :smiling_face_with_heart_eyes::smiling_face_with_heart_eyes::smiling_face_with_heart_eyes::smiling_face_with_heart_eyes::smiling_face_with_heart_eyes:
0:09:45,@Peejaylew,LIL PEATEY
0:09:45,@AnimeGames16,LOL Tamers' voice.
0:09:45,@Leetify.02k,DOG MAN
0:09:46,@wheres_waddle1913,hell yeah
0:09:47,@im-having-a-stroke-lowkey,DOGMAN GOT THAT DOG CAKE
0:09:47,@jo3a548,Tamers vocie
0:09:48,@Leetify.02k,DOG MAN
0:09:48,@JorArg-c7s,DOGMAN SAVE US
0:09:49,@wheres_waddle1913,omg
0:09:49,@jsaenz96,"no polly, clean sweep doesn't deserve big mac"
0:09:50,@Bowquetthethird,NO
0:09:50,@Sweetie-r9p9r,DOGMANN
0:09:51,@hollywareham6810,lol
0:09:51,@læeesz,DOG MAAAAN
0:09:52,@jennythebean9117,Tik Tok
0:09:52,@delta-v4x,Feels
0:09:53,@Peejaylew,THA K YOU TAMERS FOR A DIG MAN REFRENCE
0:09:53,@wheres_waddle1913,DogMan!!
0:09:53,@Lillypool-sd3ih,i wish i knew how tamers rendered the bg of those magical looking scenes bro
0:09:53,@dookyking4lyfe,my favorite show
0:09:53,@UngulaPropriaRQ,awww i feel it clean sweep
0:09:54,@applebloom2307,aww bby
0:09:55,@pixelated6451,Its the guy from finn for a fish
0:09:56,@Leetify.02k,DAAS CRAZYY
0:09:56,@FreyaMcAuley-x5z,Jesus
0:09:57,@Peejaylew,DOG MAAAN
0:09:59,@Slackjaw55,peak voice acting
0:10:00,@DragonDuppy,I'll rewind later y'all.
0:10:01,@Kinahwuzhere,Yay DogMan 
0:10:03,@belastcyr8475,"Wow, at least bro didn’t make a butt for Lil Petty"
0:10:05,@PowerfulTrix.32k-f1p,lol
0:10:06,@Zizzy-e9g,:smiling_face_with_heart_eyes::smiling_face_with_heart_eyes::smiling_face_with_heart_eyes::smiling_face_with_heart_eyes::smiling_face_with_heart_eyes::smiling_face_with_heart_eyes::face_blowing_a_kiss::smiling_face_with_hearts::smiling_face_with_hearts::smiling_face_with_heart_eyes::smiling_face_with_heart_eyes::smiling_face_with_heart_eyes::smiling_face_with_heart_eyes::smiling_face_with_heart_eyes::smiling_face_with_heart_eyes::smiling_face_with_heart_eyes::smiling_face_with_heart_eyes::smiling_face_with_heart_eyes::smiling_face_with_heart_eyes::smiling_face_with_heart_eyes:
0:10:07,@okuriinu8489,tamers can create dilfs and im here for it
0:10:08,@Mira-ep3cd,Poor Clean sweep :((
0:10:08,@wheres_waddle1913,nooo
0:10:09,@creamsouda3338,dude oh my god 
0:10:10,@jennythebean9117,Oh no
0:10:11,@Peejaylew,THANK YOU TAMER
0:10:11,@Fatz12,is he a clone of his dad?
0:10:13,@belastcyr8475,"Oh, and he got the Glock"
0:10:17,@NubMcMoofin,:crying_face:
0:10:18,@Gaalnr,lol
0:10:19,@hollywareham6810,lol
0:10:21,@fluttergabe22,what a childhood
0:10:21,@solarismare,SCREAM?
0:10:22,@Tamers12345MLP,I may or may not be working on a Dogman movie right now btw
0:10:23,@UngulaPropriaRQ,OH DAMN 
0:10:24,@jsaenz96,why does clean sweep have anime eyes
0:10:24,@basedimperialism,OH GOD
0:10:24,@jo3a548,Lolaodlos
0:10:27,@jennythebean9117,:O
0:10:27,@belastcyr8475,That is not a good place to hide
0:10:29,@UltimateStarky,wow
0:10:29,@vazquezzavaladarielaalejan6147,WHAT
0:10:30,@wheres_waddle1913,YEs!
0:10:30,@Leetify.02k,"Ponyville, the true asylum"
0:10:30,@Peejaylew,W TAMER
0:10:32,@vazquezzavaladarielaalejan6147,WHATT=???
0:10:33,@solarismare,hell yeah tamers
0:10:35,@deltaromee,OH MY GOD
0:10:35,@wheres_waddle1913,DogMan movie please!
0:10:36,@UngulaPropriaRQ,oh snap dogman movie too
0:10:36,@im-having-a-stroke-lowkey,OH HE WAS THE JANITOR??
0:10:36,@Peejaylew,DO IT
0:10:37,@Leetify.02k,W TAMERS
0:10:37,@creamsouda3338,YOOO
0:10:38,@jennythebean9117,Extended flashback
0:10:38,@Frankiekillerkittybatbug,THAT WAS HIMMMMM
0:10:39,@mr.bananaman9805,glock (firearm) vs glock (horse semen)
0:10:39,@DragonDuppy,I'm kinda on time
0:10:41,@læeesz,oh louad
0:10:41,@vazquezzavaladarielaalejan6147,HELLO
0:10:44,@theconfusedasian7685,hell yeah dogman
0:10:44,@Mira-ep3cd,Oh for fucks sake :loudly_crying_face:
0:10:46,@UngulaPropriaRQ,oh that explains a lot
0:10:46,@shdw_619,yes
0:10:46,@certafan,Based as hell
0:10:48,@JorArg-c7s,OH NO
0:10:49,@deltaromee,HELLOOO
0:10:49,@moisturizer1355,Foreshadowing?!
0:10:49,@jennythebean9117,Noooooo
0:10:50,@NubMcMoofin,:exploding_head::exploding_head:
0:10:50,@applebloom2307,wait bro killed him
0:10:51,@dripworks6659,HOLY SHIT
0:10:51,@basedimperialism,Damn
0:10:52,@JR3Ramirez-f8g,omg the infection episode
0:10:52,@neva773,attac
0:10:52,@solarismare,BRUH
0:10:52,@zandon_259,67
0:10:53,@Goatsworn,well looks like tammers is working on 3 shows now
0:10:54,@shdw_619,cleansweep was the janitor
0:10:55,@haileykitty6993,he fucking died!
0:10:55,@jo3a548,Lolllololllilolil
0:10:55,@jsaenz96,LMAO
0:10:56,@zandon_259,67
0:10:57,@belastcyr8475,"Wait a minute wait a minute Wait, is this no, there’s no way is this? No, it can’t be it can’t"
0:10:58,@zandon_259,67
0:10:58,@Zizzy-e9g,"Bang bang, bang, bang, bang bang super fun"
0:10:59,@zandon_259,67
0:11:00,@zandon_259,67
0:11:00,@muggz7752,He’s so jawaiiii
0:11:01,@UngulaPropriaRQ,I love these two
0:11:02,@zandon_259,67
0:11:03,@WerchioMop,OMG THAT WAS HIM????
0:11:05,@Hyloaf,alright
0:11:05,@jennythebean9117,Alright 
0:11:05,@JakesFavorites,The horse internet :3
0:11:06,@shdw_619,yall didnt know?
0:11:06,@Leetify.02k,67
0:11:07,@Tamers12345MLP,STOP saying 67
0:11:07,@Zizzy-e9g,Molll
0:11:10,@jsaenz96,OH APPLE SPLIT
0:11:10,@agoatheadbaby3512,I just got here what happened.
0:11:11,@Padtygalaxy,How sh—
0:11:11,@Leetify.02k,67
0:11:14,@im-having-a-stroke-lowkey,67
0:11:14,@im-having-a-stroke-lowkey,67
0:11:15,@PestieBestie1314,76
0:11:15,@im-having-a-stroke-lowkey,67
0:11:15,@jennythebean9117,Same 
0:11:15,@im-having-a-stroke-lowkey,67
0:11:16,@im-having-a-stroke-lowkey,67
0:11:16,@im-having-a-stroke-lowkey,67
0:11:17,@UngulaPropriaRQ,GO GO ARINOS 
0:11:17,@dookyking4lyfe,oh no
0:11:17,@KungaBungaonToast,67
0:11:17,@incafox,"hola tamers, puedes mandarle un saludo a mi amigo trakmer por favor, es fan tuyo, saludos desde Lima - Peru <3"
0:11:17,@hollywareham6810,9
0:11:18,@Fatz12,arinos looks weird on all fours
0:11:18,@JR3Ramirez-f8g,stop saying 67
0:11:19,@Zizzy-e9g,"Yeah, listen to the boss"
0:11:19,@Leetify.02k,76
0:11:19,@agoatheadbaby3512,I just got here what happened?
0:11:20,@Leetify.02k,67
0:11:21,@LUNN4T1C,67
0:11:22,@UltimateStarky,look what you did
0:11:23,@Leetify.02k,61
0:11:24,@Luxie_4444,@Tamers no
0:11:24,@jennythebean9117,67
0:11:24,@fluttergabe22,67 is a sin
0:11:25,@S0ci0stan,NOW LOOK WHAT YOU'VE DONE
0:11:26,@jsaenz96,gay face riding
0:11:26,@solarismare,oh I see
0:11:26,@Leetify.02k,61
0:11:27,@solarismare,because
0:11:27,@Leetify.02k,61
0:11:28,@Leetify.02k,61
0:11:30,@Xzonza1,SIXTY SEVEN
0:11:30,@basedimperialism,Ban everyone who says the forbidden number
0:11:30,@Leetify.02k,61
0:11:31,@whaa..gollyy,YES TAMER GO BACK WOrKIN ON IT!!!! WE NEED IT!!!!
0:11:31,@jennythebean9117,67
0:11:31,@UngulaPropriaRQ,he's so fluffy 
0:11:33,@Padtygalaxy,Uss 67
0:11:34,@certafan,She's kinda spitting
0:11:35,@Leetify.02k,61
0:11:35,@UngulaPropriaRQ,INCREDIBLE ARINOS 
0:11:36,@hollywareham6810,crazy
0:11:39,@Leetify.02k,61
0:11:39,@jennythebean9117,67
0:11:42,@Zizzy-e9g,Boss has so much I
0:11:42,@narkythesharky5449,omg cvming
0:11:46,@applebloom2307,"ohhh, so thats why his heads are fancy"
0:11:47,@fluttergabe22,stop saying that s*it
0:11:47,@pixelated6451,Another puppet? Like… other puppet…? Deltarune: the other puppet?
0:11:48,@belastcyr8475,It can’t be it can’t be it can’t be it can’t be it can’t be it can’t be it can’t be!!!!!!!!!!!!!!!!!!!!!!! This is unprecedented. It’s unbelievable. Is it how? It what’s I don’t even have words.
0:11:49,@jo3a548,Oh fuck
0:11:51,@FaithLeguias,I’m late.
0:11:55,@JorArg-c7s,WWWWHAAAAT
0:11:58,@creamsouda3338,dude I love this episode alreadt
0:11:59,@whaa..gollyy,TAMER CAN U MAKE AN OBJECT SHOW ONE DAY???:pleading_face:
0:12:01,@agoatheadbaby3512,k well
0:12:01,@jo3a548,Truke
0:12:02,@wheres_waddle1913,hahahaha
0:12:02,@applebloom2307,true lol
0:12:02,@solarismare,LMFAO
0:12:03,@jennythebean9117,True 
0:12:06,@firewolf595,AAAAHHHHHHHH HES WHITE
0:12:06,@White_Hershie,im late but what is up mu dude
0:12:10,@Skidum1,lmao
0:12:14,@Solums,He say true
0:12:15,@lordofshrimps,True
0:12:22,@UngulaPropriaRQ,incredible lore 
0:12:22,@fluttergabe22,"Hasbro thinks MLP is feminist garbage, it's not"
0:12:23,@applebloom2307,yo fr?
0:12:23,@UngulaPropriaRQ,10/10
0:12:24,@wheres_waddle1913,glitter glue
0:12:28,@haileykitty6993,"holy crap, is that like the Dogman Lore?!"
0:12:29,@solarismare,clean sweep lore
0:12:29,@jo3a548,Llaoslsoalodlsolso
0:12:29,@Zizzy-e9g,Ioi
0:12:31,@okuriinu8489,i love friend and arinos so much
0:12:32,@jennythebean9117,His origins 
0:12:33,@neva773,they literally superglued him hshsahaa
0:12:34,@Zizzy-e9g,lol
0:12:35,@applebloom2307,i love cats so much
0:12:36,@belastcyr8475,So this man is a Symbiot
0:12:42,@UltimateStarky,huh
0:12:42,@belastcyr8475,This man is literally venom
0:12:42,@White_Hershie,clean sweep loreeee
0:12:43,@pixelated6451,The other puppet
0:12:44,@wheres_waddle1913,he's so perfect
0:12:44,@agoatheadbaby3512,glued to his head
0:12:45,@Padtygalaxy,Cat pony hybrid 
0:12:47,@27McCracken,I MADE IT TO ANOTHER LIVE SHOWING LETS GOOOO
0:12:47,@Luxie_4444,talk about Yappin
0:12:48,@creamsouda3338,YOOO
0:12:49,@Skidum1,he was a cat?
0:12:50,@JorArg-c7s,JUST LIKE DOGMAN
0:12:50,@wheres_waddle1913,i love him don't leave us
0:12:53,@jo3a548,Cute
0:12:54,@Gaalnr,interesting
0:12:55,@belastcyr8475,This dude is venom This man is a hybrid of a cat.
0:12:55,@Tamers12345MLP,I've literally been sitting on this par tof the video for 8 months cause I could never find a good enough time to pu Clean Sweep's backstory into an episode lmao
0:12:56,@JakesFavorites,The Cleansweep lore is goooood!
0:12:58,@delta-v4x,IS CAT NOW
0:13:05,@UngulaPropriaRQ,oh damn he wants to be a cat 
0:13:14,@creamsouda3338,this is so awesome @Tamers12345MLP this episode is amazing already 
0:13:14,@applebloom2307,I wanna be a cat
0:13:17,@okuriinu8489,fair
0:13:20,@applebloom2307,oh rude
0:13:21,@Mira-ep3cd,NOOO I THOUGHT THEY WERE GONNA BE FRIENDS NOW :loudly_crying_face:
0:13:22,@Zizzy-e9g,Iomugjj
0:13:23,@wheres_waddle1913,I love him so much :loudly_crying_face: 
0:13:23,@fluttergabe22,:cat2:
0:13:24,@jo3a548,Oh fuck
0:13:26,@Gaalnr,so cleansweep is kinda like dogman
0:13:27,@Zizzy-e9g,Like lollipops
0:13:28,@Leetify.02k,thats crazy
0:13:34,@whaa..gollyy,Cat…
0:13:34,@Zizzy-e9g,Fun
0:13:37,@UngulaPropriaRQ,CLEANMAC SHIPPERS HANG IN THERE 
0:13:39,@KennyCarter943,I always knew that clean sweep is Tamers version of dogman
0:13:40,@Zizzy-e9g,Night
0:13:44,@creamsouda3338,videos first dislike! :revolving_hearts:
0:13:49,@belastcyr8475,10000000000000000000000000000 year old man by the way
0:13:52,@applebloom2307,I am Cleanmac shipper hehhehhhehhhhh
0:13:53,@wheres_waddle1913,oh
0:13:54,@Tamers12345MLP,Clean Sweep wants to be Dogman so bad
0:13:55,@okuriinu8489,NO! JUST POLY! PLEASE!
0:13:58,@solarismare,uh oh
0:13:58,@jennythebean9117,Toxic Yaoi Love Triangle 
0:13:59,@Leetify.02k,You need to make a herd
0:13:59,@solarismare,UH OH
0:14:01,@White_Hershie,OOOOH BURN
0:14:04,@wheres_waddle1913,Let him be DogMan
0:14:04,@Peejaylew,lol
0:14:05,@jo3a548,What
0:14:05,@Leetify.02k,BRAEBURN
0:14:07,@WerchioMop,hot take: i dont like soarin 
0:14:08,@Zizzy-e9g,Zzzzz:smiling_face_with_heart_eyes::smiling_face_with_heart_eyes::smiling_face_with_heart_eyes::smiling_face_with_heart_eyes::smiling_face_with_heart_eyes:
0:14:10,@BoxBoy-u7i,atomize him alt timeline soarin
0:14:11,@agoatheadbaby3512,Gog damn
0:14:11,@JR3Ramirez-f8g,he's catman
0:14:13,@NubMcMoofin,:face_holding_back_tears:
0:14:13,@Gaalnr,this isn't even a triangle anymore what the fuck is this
0:14:16,@haileykitty6993,why not be a poly relationship?
0:14:16,@agoatheadbaby3512,Oh
0:14:17,@Judithdith-mf7bs,soarin x big Mac soamac
0:14:21,@MM3rrcuryy,he's snorting his ashes
0:14:21,@wheres_waddle1913,Future Soarin don't piss me off
0:14:21,@firewolf595,when they slandering your goat but they lowkey right
0:14:22,@jo3a548,The gays are being drama queens again
0:14:23,@agoatheadbaby3512,The evil.
0:14:24,@jsaenz96,ok but the same can be said for big Mac sooook
0:14:25,@Zizzy-e9g,Zzzzzzzzzzozozozozozozoz
0:14:26,@læeesz,I mean that's normal
0:14:31,@fluttergabe22,Catman :smiling_face_with_smiling_eyes:
0:14:33,@Tamers12345MLP,@MM3rrcuryy Possibly true
0:14:34,@agoatheadbaby3512,:(
0:14:35,@JR3Ramirez-f8g,he's catman
0:14:42,@certafan,Damn future Soarin is based
0:14:44,@Luxie_4444,who?
0:14:47,@solarismare,ooooooooooof
0:14:47,@whaa..gollyy,Will there be angst….
0:14:49,@jennythebean9117,:flushed_face::flushed_face::flushed_face:
0:14:52,@agoatheadbaby3512,oooooh damn
0:14:54,@solarsicle,poop rocketing out of my angus as i watch 
0:14:54,@Pupicornns,I’m so late 
0:14:54,@belastcyr8475,This is the ultimate rage bait
0:14:56,@KennyCarter943,well catpony
0:14:58,@Frankiekillerkittybatbug,Why can’t they just thrupple?
0:15:00,@WerchioMop,HIS HRON
0:15:00,@agoatheadbaby3512,"Don't push it, jackass."
0:15:02,@Zizzy-e9g,Also Landon ncm xv
0:15:04,@jo3a548,Oh fuxk
0:15:04,@JorArg-c7s,FFFUCK
0:15:05,@UltimateStarky,YEAH THE HOOD
0:15:05,@Leetify.02k,Yall the ragebait is insane
0:15:11,@Sweetie-r9p9r,oh fuckkk
0:15:11,@Peejaylew,What did Big Mac do
0:15:16,@Messenger-u8b,ITS TIIIIIME
0:15:16,@jennythebean9117,Don’t hurt
0:15:18,@NubMcMoofin,:disappointed_face:
0:15:19,@whaa..gollyy,OI
0:15:19,@Peejaylew,NOO
0:15:19,@belastcyr8475,That’s not bad. This man is about to wipe the entire hood immediately.
0:15:21,@wheres_waddle1913,no baby no
0:15:21,@WerchioMop,@Peejaylew alot
0:15:22,@UngulaPropriaRQ,awwwww
0:15:24,@agoatheadbaby3512,"CleanSweep, stop it dumbass."
0:15:24,@fluttergabe22,just wish for it
0:15:25,@Tamers12345MLP,@jennythebean9117 What hasn't he done
0:15:27,@esotericpony,clean sweep alwaays suffering T_T
0:15:30,@Shivery,DO IT
0:15:33,@haileykitty6993,holy shit
0:15:34,@theconfusedasian7685,damn he still has the hood
0:15:35,@jennythebean9117,:0
0:15:35,@solarismare,broken
0:15:36,@White_Hershie,bros a coward of he wants to leave he should leave
0:15:38,@jennythebean9117,Gay
0:15:38,@firewolf595,suspiciously trans colored marbles
0:15:43,@Luxie_4444,Clean sweep is suicidal
0:15:44,@Tamers12345MLP,Cleansweep is just extremely suicidal 
0:15:48,@jsaenz96,period future soarin end that hag
0:15:51,@jo3a548,Creepy clown
0:15:51,@applebloom2307,same tbf
0:15:51,@hollywareham6810,crazy
0:15:56,@UngulaPropriaRQ,holy fuck their first domestic argument 
0:16:03,@WerchioMop,@jsaenz96 2{££[¥<LMAO
0:16:04,@fluttergabe22,my momma is kinda homeless
0:16:07,@delta-v4x,I love this comic relief duo
0:16:07,@wheres_waddle1913,just tell CleanSweep to be happy 
0:16:08,@okuriinu8489,hes eating marbles isnt he
0:16:08,@SlugCreator,this boring
0:16:09,@UngulaPropriaRQ,NO ARINOS YOU'RE PERFECT AS YOU ARE 
0:16:11,@jennythebean9117,Don’t change!
0:16:11,@Gabriella-q3b4n,HI
0:16:11,@Messenger-u8b,What the fuck
0:16:12,@solarismare,trvke
0:16:13,@lonleystranger,Clean sweep is so relatable kinda... IM OK
0:16:13,@UngulaPropriaRQ,APART FROM THE ILLNESS 
0:16:14,@SonataDidIt,a true gay relationship
0:16:15,@WerchioMop,ARINOS OMG
0:16:18,@WerchioMop,ARINOS W
0:16:24,@wheres_waddle1913,Arinos I missed you
0:16:25,@jennythebean9117,Kiss
0:16:26,@Lillypool-sd3ih,"i see why sweep is very sui, after ts he had to go thru bro "
0:16:27,@Shivery,Headless
0:16:28,@UngulaPropriaRQ,WHY ARE YOU HERE PARCEL CORE 
0:16:28,@BoxBoy-u7i,he already died he just wants to forfeit again early
0:16:30,@agoatheadbaby3512,*gulp*
0:16:31,@Pupicornns,Omg parcelcore 
0:16:32,@fluttergabe22,those thigh highs look cute :smiling_face_with_hearts:
0:16:33,@creamsouda3338,omg the girls r fighting just KISS
0:16:36,@UngulaPropriaRQ,SO THEY ARE BROTHERS 
0:16:40,@Shivery,Goob
0:16:41,@Goatsworn,GO BACK TO HAZBIN HOTEL!!!!!!
0:16:42,@jennythebean9117,Beat up Parcel Core
0:16:50,@neva773,zero crepckage genes
0:16:50,@solarismare,gay
0:16:53,@WerchioMop,OU
0:16:53,@jo3a548,Oh fuck
0:16:53,@SoupCam69,lost his marbles
0:16:54,@applebloom2307,Kyute!!!
0:16:54,@im-having-a-stroke-lowkey,they are brothers from another father
0:16:55,@Leetify.02k,Yall the ragebait is insane
0:16:55,@jennythebean9117,Blue
0:16:58,@fluttergabe22,Alastor :loudly_crying_face:
0:17:00,@UngulaPropriaRQ,OH DAMN ARINOS 2 
0:17:01,@Peejaylew,THANK YOU TO SOMEONE WHO SAID GOOB
0:17:03,@UngulaPropriaRQ,THE SEQUEL
0:17:05,@dripworks6659,This lore is so damn good
0:17:08,@jsaenz96,now who said hazbin.... now I can't unsee it
0:17:08,@lordofshrimps,lollll
0:17:08,@WerchioMop,The spotlight
0:17:09,@Luxie_4444,"Arinos is awesome, I don't really care for Friendship"
0:17:10,@agoatheadbaby3512,ParcelCore.....sounds like....someone from Dandy's World....but who?
0:17:12,@haileykitty6993,bro thinks he's Alastor
0:17:17,@UngulaPropriaRQ,oh yeah he swears lmao
0:17:19,@SoupCam69,:clown_face::heart_on_fire:
0:17:21,@JorArg-c7s,HE KNOWS
0:17:22,@applebloom2307,bro is alastor 
0:17:25,@Tamers12345MLP,@agoatheadbaby3512 shhhhh
0:17:25,@UngulaPropriaRQ,our beautiful baby 
0:17:27,@jennythebean9117,What the fuck
0:17:28,@Shivery,@Peejaylew Your Welcome 
0:17:29,@UngulaPropriaRQ,who is now a grown man
0:17:32,@okuriinu8489,parcel is more scarlettella from homicipher
0:17:35,@Orion-tk5hl,vivziepop written pony
0:17:37,@fluttergabe22,this is getting good
0:17:38,@neva773,bro is written by vivziepop
0:17:40,@SoupCam69,HOT
0:17:43,@jo3a548,OOOOH
0:17:44,@creamsouda3338,these past few episodes have been so drama pilled omg
0:17:44,@Fatz12,lol he even swears constantly 
0:17:45,@solarismare,oh it's the evil kirin dude
0:17:46,@Frankiekillerkittybatbug,I HATE HIM I HATE HI 
0:17:48,@LUNN4T1C,son:loudly_crying_face:
0:17:50,@White_Hershie,CHIIILLL BRO
0:17:53,@firewolf595,GET THIS OLD PERVERT OFF MY SCREEN
0:17:53,@Leetify.02k,Yall why the vampire ragebaiting :folded_hands:
0:17:56,@mr.bananaman9805,old ass man
0:18:01,@WerchioMop,OMG THE CHAT IS ISSNE
0:18:04,@fluttergabe22,We wish to be :rainbow_flag:
0:18:05,@unknownanimator4744,love me some kirin screen time
0:18:07,@WerchioMop,its quiet
0:18:08,@UngulaPropriaRQ,HERE WE GO 
0:18:09,@WerchioMop,nvm
0:18:09,@SoupCam69,the son is making moves!!
0:18:13,@jsaenz96,stop yall ruined him for me I can't :loudly_crying_face::face_with_tears_of_joy:
0:18:13,@jo3a548,OH HELL YEAH
0:18:13,@wheres_waddle1913,oh
0:18:15,@UngulaPropriaRQ,IT'S A BATTLE ROYALE OR SOMETHING
0:18:17,@lonleystranger,yay games
0:18:18,@firewolf595,THE GUN FROM EARLIER
0:18:19,@jo3a548,FORTNITE
0:18:20,@Luxie_4444,Hunger Games?
0:18:21,@JordanRoberts-r9w,IM A FURRY
0:18:21,@solarismare,LOL
0:18:22,@applebloom2307,oh shoot they givin them guns
0:18:22,@firewolf595,THE GUN THE OTEHR BRAEBURN HAD
0:18:23,@KennyCarter943,I'm so happy to see the gays get some storytime
0:18:23,@scarlethorse5391,Potty mouth! :angry_face:
0:18:24,@Solums,Turnament arc
0:18:25,@creamsouda3338,OMGGGGGG APPLE SPLIT IS SO ABSOLUTELY ADORABLE
0:18:25,@belastcyr8475,Oh my God oh my God this is what happened
0:18:25,@wheres_waddle1913,oh
0:18:27,@Leetify.02k,*cough*
0:18:28,@wheres_waddle1913,oh no
0:18:28,@JordanRoberts-r9w,IM KIDDING 
0:18:29,@fluttergabe22,Fortnite :loudly_crying_face:
0:18:30,@jennythebean9117,Fortnite battle royal 
0:18:31,@WerchioMop,total drama fama
0:18:31,@UngulaPropriaRQ,also ALL THEIR OUTFITS GO SO HARD GOOD JOB TAMERS 
0:18:33,@wheres_waddle1913,infinite loop
0:18:34,@hollywareham6810,crazy
0:18:35,@White_Hershie,I came late why the boring eyes gone
0:18:37,@jsaenz96,furry shouldn't draw breath
0:18:39,@wheres_waddle1913,it's an infinite loop!
0:18:39,@Shivery,Death BVattle
0:18:40,@SketchyZero,I like both furries and ponies
0:18:40,@UngulaPropriaRQ,PARCEL CORE CALLED CARE PACKAGE MOM LMAOOOO
0:18:45,@fluttergabe22,PonyRivals
0:18:45,@JordanRoberts-r9w,Uhm..
0:18:49,@belastcyr8475,This is what happened so you need to tell me that clean sweep saw this happen. I’m gonna have to say like four months in advance.
0:18:50,@jo3a548,cute
0:19:00,@WerchioMop, ugly pony :loudly_crying_face::loudly_crying_face:
0:19:00,@esotericpony,happy birthday daniel...
0:19:01,@applebloom2307,LOVE that Care Package outfit
0:19:01,@jennythebean9117,True 
0:19:03,@Peejaylew,What
0:19:04,@UngulaPropriaRQ,AWWW DADPACKAGE 
0:19:04,@JorArg-c7s,This is a battle royale isn't?
0:19:05,@dowweby5470,Awwww
0:19:10,@Luxie_4444,W Kirins
0:19:14,@Shivery,Y they wearing Hot Topic??
0:19:21,@Tamers12345MLP,"Thanks, I wanted them all to dress like they all looked mentally challenged"
0:19:24,@deltaromee,LMAOO
0:19:26,@UngulaPropriaRQ,GAY CLOWN SEIZURE 
0:19:27,@jennythebean9117,Nooooo
0:19:29,@solarismare,gay clown seizures
0:19:32,@wheres_waddle1913,you succeeded
0:19:34,@jsaenz96,goal achieved Tamers
0:19:37,@agoatheadbaby3512,Gay clown seizures.
0:19:37,@JR3Ramirez-f8g,no I love arinos
0:19:37,@fluttergabe22,"just to be clear, there has been only one fart count this entire episode so far :rolling_on_the_floor_laughing:"
0:19:40,@MM3rrcuryy,he looks so cute without his stupid clown hat
0:19:46,@jennythebean9117,Save boy
0:19:57,@WerchioMop,why do their snouts just kinda leave 
0:19:58,@creamsouda3338,awwww braeburn you're so darling just so cute
0:20:02,@belastcyr8475,It’s a time loop. It’s a time loop.
0:20:05,@JR3Ramirez-f8g,save the clown
0:20:05,@Tamers12345MLP,"@fluttergabe22 You're right, it's gotta start ramping up soon"
0:20:14,@jennythebean9117,True
0:20:15,@wiiintah,I'm gay
0:20:18,@fluttergabe22,thx Tamers
0:20:18,@Leetify.02k,Therapy
0:20:20,@delta-v4x,Let's go gambling!
0:20:21,@jo3a548,Ooooooh
0:20:22,@lonleystranger,sounds like... epilepsy......... said a person with epilepsy... (I'm talking about the arinos)
0:20:24,@Peejaylew,COME TRUEEEE
0:20:26,@solarismare,LOL
0:20:29,@applebloom2307,ywesss sbig mac
0:20:29,@MM3rrcuryy,big Mac oh my god
0:20:31,@fluttergabe22,Friendship is Farting
0:20:33,@JR3Ramirez-f8g,we need farts and shits
0:20:34,@jo3a548,Cute
0:20:34,@WerchioMop,tamers rlly locked in on freindship
0:20:35,@Leetify.02k,CarePackage lmao
0:20:37,@belastcyr8475,That is not fun
0:20:37,@solarismare,thank you care package
0:20:37,@certafan,gay clown seizure lol
0:20:38,@jennythebean9117,They got Kingdom Hearts ass designs
0:20:39,@UngulaPropriaRQ,YES CARE PACKAGE 
0:20:40,@applebloom2307,god i love apple bottoms outfit i want it
0:20:47,@belastcyr8475,Are we not gonn
0:20:50,@jurupinga7282,I don't like the Russian guy hes annoying
0:20:51,@applebloom2307,I wanna cosplay tgemmmmm even tho im white
0:20:58,@WerchioMop,BIG MAC LMA
0:20:59,@wheres_waddle1913,Ugh! Arinos' new look is so hot
0:21:00,@WerchioMop,KMG
0:21:08,@KohJhonesItula,Man.
0:21:10,@WerchioMop,^ true
0:21:10,@BoxBoy-u7i,I swear to god if android 17 wishes to grant all their wishes
0:21:20,@applebloom2307,no yer not
0:21:24,@Shivery,Why they all walk in two legs?
0:21:25,@jo3a548,Lolaoslsoalso
0:21:26,@belastcyr8475,It’s not that deep
0:21:29,@hollywareham6810,lol
0:21:30,@Shivery,Nvm
0:21:31,@agoatheadbaby3512,Gog damn.
0:21:31,@dripworks6659,AMONGUS
0:21:32,@JakesFavorites,Little beans
0:21:33,@Hyloaf,among us
0:21:33,@jennythebean9117,Among Us!
0:21:35,@Sweetie-r9p9r,that old ass kirin just a chud really
0:21:36,@lonleystranger,GET THIS OLD GUY OUT OF HERE
0:21:38,@WerchioMop,among us
0:21:38,@NubMcMoofin,:exploding_head::exploding_head:
0:21:41,@ears-123,AMONGUS
0:21:41,@Leetify.02k,amongus
0:21:41,@Solums,Among Us
0:21:43,@jennythebean9117,:loudly_crying_face:
0:21:44,@jo3a548,Lsmdodmdfodm
0:21:47,@Shivery,LOL
0:21:49,@WerchioMop,Why does everyone hate soarin
0:21:50,@Leetify.02k,amongus
0:21:51,@fluttergabe22,:face_screaming_in_fear: worst calculation
0:21:51,@applebloom2307,dammmm
0:21:53,@solarismare,LOL
0:21:54,@UngulaPropriaRQ,HE TAKES AFTER HIS PARENTS LMAO
0:21:55,@Leetify.02k,AAAA
0:21:55,@belastcyr8475,What cave the reason is that?
0:21:56,@WerchioMop,THEIR FACES
0:21:58,@applebloom2307,oh shoooottt
0:21:58,@fluttergabe22,dead
0:21:59,@Padtygalaxy,Use your wings
0:22:00,@jo3a548,Ouch
0:22:01,@Gaalnr,:orange_circle::orange_circle:
0:22:03,@Shivery,His ass saves him
0:22:03,@Leetify.02k,Big Mac Nooooo!
0:22:04,@solarismare,beeg mac
0:22:04,@trap631,nooooo
0:22:06,@LUNN4T1C,LOL
0:22:06,@jurupinga7282,hes naw
0:22:07,@jennythebean9117,:loudly_crying_face::loudly_crying_face::loudly_crying_face:
0:22:10,@WerchioMop,YOO
0:22:11,@Shivery,:face-purple-crying:
0:22:12,@basedimperialism,sadge
0:22:12,@wheres_waddle1913,his little voice 
0:22:12,@creamsouda3338,Bigmac took my fall.. :(
0:22:12,@Tamers12345MLP,@WerchioMop Soarin is old and therefor people don't wanna deal with him+
0:22:12,@haileykitty6993,Mac sacrificed himself!
0:22:14,@jurupinga7282,hell nah
0:22:14,@JR3Ramirez-f8g,he's cry
0:22:14,@jsaenz96,ew clean sweeps voice :skull:
0:22:21,@WerchioMop,TRUE
0:22:24,@belastcyr8475,"And he’s already dead, talk about absolutely no plot armor, bro on the front page of the title and died at the rise of the climax"
0:22:25,@NubMcMoofin,:face_savoring_food:
0:22:28,@jennythebean9117,Boba tea :3
0:22:28,@jo3a548,Loaldoddlo
0:22:30,@agoatheadbaby3512,Boba tea.
0:22:31,@UngulaPropriaRQ,ITS TRUE 
0:22:32,@Sweetie-r9p9r,sometimes i forget that soarin is old
0:22:32,@jurupinga7282,ew i hate clean sweep
0:22:33,@UngulaPropriaRQ,BOBA TEA
0:22:37,@agoatheadbaby3512,*gulp*
0:22:38,@belastcyr8475,This man was at the front of the title page and proceeded to die when it actually got serious
0:22:38,@WerchioMop,his voice huck
0:22:39,@Koro-sensei-glazer,Big Mac BIG MAC
0:22:40,@Shivery,Green Boba tea
0:22:41,@im-having-a-stroke-lowkey,thats kinda gnarly
0:22:42,@Peejaylew,MWHEHEHEHEHEHEHEHE
0:22:46,@delta-v4x,Friendship is not your friend
0:22:50,@creamsouda3338,oh my god?
0:22:50,@solarismare,ew I hate jurupinga7282
0:22:51,@lonleystranger,no i don't like the kirin he's old and yucky
0:22:52,@wheres_waddle1913,oooh
0:22:52,@mr.bananaman9805,parcelcore is genuinely evil asf
0:22:56,@jsaenz96,clean sweep should suffer more because I don't like him specifically
0:22:56,@agoatheadbaby3512,Gaslighting?
0:22:57,@jurupinga7282,big mac deserved better
0:23:00,@læeesz,damn bruh :skull:
0:23:00,@belastcyr8475,Genuinely crazy This man has no blood armour just to come to show that if you’re on the title of the front page that does not mean you have water armour
0:23:03,@KohJhonesItula,OH
0:23:04,@wheres_waddle1913,oh no
0:23:05,@JR3Ramirez-f8g,:red_circle::red_circle::waving_hand:
0:23:06,@Shivery,Who is this Shadowmilk Cookie? 
0:23:08,@Tamers12345MLP,"Parcel Core is just silly, he like smessing with people"
0:23:09,@Luxie_4444,@juru are you Polish?
0:23:14,@WerchioMop,i think lonelystranger loves the kirin
0:23:17,@fluttergabe22,he's a entity
0:23:18,@haileykitty6993,oh damn
0:23:23,@Ra.-0Hworm,damn. parcelcore getting kinda relevant
0:23:27,@okuriinu8489,i love tamers OCs
0:23:30,@jennythebean9117,Kiss
0:23:41,@Kiki_myshu,that little fanart
0:23:42,@Goatsworn,is it just me or did tammers change his artstile in this vid like the eyes are closer to each other
0:23:44,@jurupinga7282,stay mad solarismare
0:23:44,@Padtygalaxy,20 mins left!
0:23:46,@UngulaPropriaRQ,HE ABSOLUTELY SHUT THEM DOWN LMAO GOOD JOB PARCEL CORE 
0:23:47,@Mira-ep3cd,Arinos is so cute
0:23:52,@wheres_waddle1913,tamers ocs are so peak
0:23:52,@Leetify.02k,Yall this vampire is ragebaiting
0:23:54,@solarismare,stay mad juruping7282
0:23:54,@okuriinu8489,he so messy like all the bloods he drink
0:23:58,@MM3rrcuryy,tamers has the best character designs ever
0:24:00,@jennythebean9117,:loudly_crying_face::loudly_crying_face::loudly_crying_face::loudly_crying_face:
0:24:02,@Potatogalsunite,oh shitttt
0:24:03,@jennythebean9117,Kiss
0:24:04,@Kiki_myshu,i like the little clown :pleading_face:
0:24:05,@Frankiekillerkittybatbug,Parcel core stfu
0:24:06,@Shivery,Tamers Deviantart OCs 
0:24:08,@seaweed52,I really love your scripts.
0:24:10,@lordofshrimps,loserrrrrr
0:24:11,@KennyCarter943,lowkey Friendship is my most favorite character
0:24:11,@SuperCaptainFail,"""passing"" discourse, huh"
0:24:14,@jo3a548,The gays are fighting
0:24:15,@fluttergabe22,Tamers deserves an Emmy
0:24:20,@jurupinga7282,lol do you don't know how to write
0:24:21,@KennyCarter943,he's just so adorable
0:24:21,@Gaalnr,damn
0:24:21,@Luxie_4444,he's glitching
0:24:26,@NubMcMoofin,:face_holding_back_tears:
0:24:30,@Kiki_myshu,it's giving Gypsy rose
0:24:31,@White_Hershie,parcel core wants to get rid of friendship so he can do what he wants
0:24:34,@dowweby5470,Friendship deserves love 
0:24:36,@belastcyr8475,"Oh no, this man is glitching. This man is absolutely crying."
0:24:37,@WerchioMop,OMG
0:24:39,@wheres_waddle1913,oof
0:24:39,@jennythebean9117,Noooooooo
0:24:40,@JR3Ramirez-f8g,that's sad
0:24:41,@okuriinu8489,stop it hes cute
0:24:41,@jo3a548,Nooooo
0:24:43,@firewolf595,they're both wrong here omg
0:24:43,@belastcyr8475,Good Lord
0:24:43,@Those_Robloxgamersz,OOOP
0:24:43,@Shivery,Deserve
0:24:44,@MM3rrcuryy,NOO
0:24:45,@jo3a548,Dont fight
0:24:46,@delta-v4x,That was tough
0:24:47,@Goatsworn,is it just me or did tammers change his artstile in this vid like the eyes are closer to each other
0:24:47,@lonleystranger,man.. arinos deserves the world
0:24:48,@Potatogalsunite,lol
0:24:49,@Sweetie-r9p9r,nooo
0:24:49,@wheres_waddle1913,gasp
0:24:50,@WerchioMop,OH NO MY PC
0:24:50,@MM3rrcuryy,OMG
0:24:51,@Peejaylew,no bro
0:24:52,@applebloom2307,aww nuuuuuu
0:24:53,@wheres_waddle1913,noo
0:24:53,@NubMcMoofin,:face_holding_back_tears::face_holding_back_tears::face_holding_back_tears:
0:24:57,@wheres_waddle1913,they're breaking up!
0:24:58,@jurupinga7282,hes better looking than clean swep
0:25:00,@jennythebean9117,:loudly_crying_face::loudly_crying_face::loudly_crying_face::loudly_crying_face:
0:25:02,@belastcyr8475,That’s crazy to say on your day one that’s honestly crazy to say on your day one bro
0:25:04,@UngulaPropriaRQ,PARCEL CORE GET THAT BAG 
0:25:06,@WerchioMop,OMG
0:25:06,@vdn2468,:loudly_crying_face:
0:25:08,@ImKooka,ooow <:c
0:25:10,@JorArg-c7s,GAY DRAMA
0:25:13,@WerchioMop,:loudly_crying_face::loudly_crying_face::loudly_crying_face::loudly_crying_face::loudly_crying_face::loudly_crying_face::loudly_crying_face::loudly_crying_face::loudly_crying_face::loudly_crying_face::loudly_crying_face::loudly_crying_face::loudly_crying_face::loudly_crying_face::loudly_crying_face:
0:25:14,@jennythebean9117,Nooooooooooo
0:25:14,@Tamers12345MLP,@Goatsworn Mya rtstyle is everchanging yeah
0:25:17,@belastcyr8475,What the hell?
0:25:20,@WerchioMop,NOOO
0:25:20,@KungaBungaonToast,this is gay
0:25:22,@Padtygalaxy,Two in one pony
0:25:23,@belastcyr8475,That’s what he actually looks like
0:25:24,@wheres_waddle1913,this is so good
0:25:26,@Solums,Im start crying
0:25:27,@Leetify.02k,actually gay drama
0:25:27,@solarismare,valid crashout
0:25:30,@jo3a548,Schizo
0:25:32,@agoatheadbaby3512,ParcelCore....is a gaslighter?
0:25:32,@trap631,damn
0:25:34,@ok7777-j3s,:pensive_face:
0:25:34,@KennyCarter943,Like every artist tamers
0:25:36,@lordofshrimps,This is not a valid crashout
0:25:40,@Kiki_myshu,it's like flawless but in reverse :crying_face:
0:25:40,@trap631,:penguin-blue-waving-tear::penguin-blue-waving-tear::penguin-blue-waving-tear::penguin-blue-waving-tear:
0:25:40,@Luxie_4444,Friendship should go Postel
0:25:41,@Orion-tk5hl,his new design is awesome actually
0:25:43,@certafan,NOOOO
0:25:44,@solarismare,it is a valid crashout
0:25:45,@WerchioMop,WOW
0:25:46,@jennythebean9117,Does he gain a new form
0:25:51,@MM3rrcuryy,WOOOAH
0:25:52,@belastcyr8475,"Oh boy, this is about to be the most valid crash out of all time"
0:25:56,@delta-v4x,That's a fun wish!
0:25:56,@lordofshrimps,This nigga is tweaking
0:25:57,@okuriinu8489,oop
0:25:59,@wheres_waddle1913,oh
0:25:59,@Potatogalsunite,good for you :face_with_diagonal_mouth:
0:26:00,@belastcyr8475,He’s valid
0:26:00,@jo3a548,Oooooooooh
0:26:00,@NubMcMoofin,:face_holding_back_tears::face_holding_back_tears:
0:26:01,@Shivery,Yes
0:26:03,@JorArg-c7s,ssheet
0:26:04,@JR3Ramirez-f8g,nooo not arinos
0:26:05,@dreggmancurien,Nyarlathotep the Crawling Chaos
0:26:07,@belastcyr8475,The most valid crash out of all time
0:26:07,@SketchyZero,Its kiggah
0:26:08,@WerchioMop,hes being truthful
0:26:09,@fluttergabe22,wtf
0:26:11,@okuriinu8489,PARCEL SO MESSY
0:26:12,@jennythebean9117,Fight!
0:26:12,@lonleystranger,evil twist
0:26:13,@belastcyr8475,Valid crash out
0:26:14,@WerchioMop,YP
0:26:22,@dookyking4lyfe,I'M CRINE :loudly_crying_face:
0:26:27,@Shivery,Get this old hag out of my screen
0:26:30,@applebloom2307,oh its like the holy grailll
0:26:31,@jo3a548,Lollloollolo
0:26:31,@solarismare,noooo arinos
0:26:33,@firewolf595,if this old ass kirin doesn't die 
0:26:35,@hollywareham6810,fun
0:26:35,@Padtygalaxy,Medic!
0:26:44,@jennythebean9117,Fight!
0:26:47,@KennyCarter943,lowkey I wish I could do something like this level of creativity and story telling
0:26:49,@delta-v4x,"Your clown seizures, sir"
0:26:52,@NubMcMoofin,:face_holding_back_tears::face_holding_back_tears:
0:26:55,@solarismare,NOO HE IS FALLING APARt
0:26:58,@belastcyr8475,"Oh, here, we go oh"
0:27:01,@fluttergabe22,#2
0:27:01,@jo3a548,Noooooo
0:27:02,@applebloom2307,number 2 heh
0:27:03,@solarismare,SOARIN LMFAO
0:27:04,@Shivery,*fart*
0:27:05,@fluttergabe22,4
0:27:07,@dreggmancurien,He Comes...
0:27:11,@KohJhonesItula,Incredible
0:27:12,@JorArg-c7s,thanks good for the farting
0:27:14,@UngulaPropriaRQ,that cowboy candy don't wait on anyone 
0:27:14,@Tamers12345MLP,"What was Soarin supposed to do, go somewhere else to fart?"
0:27:15,@MM3rrcuryy,oh my god
0:27:17,@NubMcMoofin,:disappointed_face::disappointed_face::disappointed_face:
0:27:18,@BridgettePatterson-e1n,killer queen??
0:27:18,@belastcyr8475,"Oh………….,………………………………….."
0:27:21,@Pupicornns,Whatever clown 
0:27:21,@Shivery,Cool Manequine 
0:27:23,@agoatheadbaby3512,Sayin' some bullshit...*gulp* the little old man is looking to steal the wish.
0:27:23,@ZapzipapC,who up farting
0:27:25,@Leetify.02k,the farts are killing me :loudly_crying_face:
0:27:26,@belastcyr8475,This man is cookedI’m 
0:27:26,@Padtygalaxy,Mmmh
0:27:27,@Peejaylew,REST IN PEACE MAN
0:27:29,@pixelated6451,*Insert full mask mark edit here*
0:27:30,@jsaenz96,yes tamers... in my face
0:27:30,@jennythebean9117,:0
0:27:31,@creamsouda3338,omg... 
0:27:31,@belastcyr8475,This man is crazy
0:27:32,@BridgettePatterson-e1n,bro killer queen
0:27:32,@KungaBungaonToast,theres only been 2 farts
0:27:33,@agoatheadbaby3512,Oh.
0:27:34,@jo3a548,KINGDOM HEARRS MOMENT
0:27:34,@KungaBungaonToast,what is this 
0:27:38,@creamsouda3338,is arinos an allegory for something?
0:27:40,@Mira-ep3cd,I love Braeburn so much 
0:27:42,@MM3rrcuryy,this episode is so good I cannot
0:27:46,@agoatheadbaby3512,Is this Kingdom Hearts?
0:27:48,@Zizzy-e9g,:frowning_face::slightly_frowning_face::confused_face::disappointed_face::pensive_face::worried_face::crying_face::pleading_face::weary_face::persevering_face::confounded_face::tired_face:
0:27:50,@WerchioMop,OWWH
0:27:52,@belastcyr8475,Bro is trying to use the techno Jitsu
0:27:53,@jennythebean9117,This episode been epic 
0:27:54,@trap631,best boys braebum and soarin
0:27:55,@MyriadSkyFlaming,kingdom hearts!
0:27:57,@fluttergabe22,4 farts
0:28:02,@Shivery,:face-purple-crying::face-purple-crying::face-purple-crying::face-purple-crying::face-purple-crying::face-purple-crying::face-purple-crying:
0:28:04,@Solums,Kingdom Hearts be like
0:28:04,@Padtygalaxy,15 minutes left!
0:28:07,@maxzachback,:face-purple-crying:
0:28:07,@jsaenz96,yall better hurry up and sub I wanna see daddy tamers face
0:28:07,@Kiki_myshu,these gays always trying their best :pleading_face:
0:28:11,@agoatheadbaby3512,What?
0:28:12,@UngulaPropriaRQ,NO STOP RUINING PARCEL CORE'S PLAN!!!!!! 
0:28:12,@Sweetie-r9p9r,this feel likes 2024 for some reason
0:28:20,@Zizzy-e9g,"Fight fight, fight fight fight"
0:28:28,@maxzachback,stooop
0:28:30,@hollywareham6810,this fire
0:28:30,@starburst-burst,omg aahh
0:28:30,@Shivery,I bet Tamers writing is better than Kingdom Hearts 5 
0:28:30,@KennyCarter943,was that a kingdom hearts reference?
0:28:32,@belastcyr8475,Remember these guys are literally supposed to kill each other
0:28:33,@Orion-tk5hl,this is already peak
0:28:33,@maxzachback,:face-purple-crying::face-purple-crying::face-purple-crying::face-purple-crying::face-purple-crying::face-purple-crying:
0:28:34,@NubMcMoofin,:smiling_face_with_hearts:
0:28:36,@ZapzipapC,Yeah get ur shit together
0:28:39,@agoatheadbaby3512,Whaagh
0:28:40,@jurupinga7282,me when i cheat on my boyfriend
0:28:44,@jennythebean9117,Restored Arinos
0:28:46,@jo3a548,CUTE
0:28:49,@Padtygalaxy,14 minutes left
0:28:49,@hollywareham6810,crazy
0:28:51,@wheres_waddle1913,:sob: :sob: :loudly_crying_face: 
0:28:53,@jsaenz96,cheating is fun
0:28:55,@delta-v4x,Sweet!
0:28:58,@UltimateStarky,kinda gay
0:28:58,@MM3rrcuryy,AWWWHHHH
0:28:59,@KungaBungaonToast,@jurupinga7282 so true
0:28:59,@solarismare,AWWWW
0:28:59,@Luxie_4444,I'll love you Arinos
0:29:03,@XxZ0MB1E_K1TTYxX,OH MY GODDDDD
0:29:05,@Leetify.02k,shotgun
0:29:05,@belastcyr8475,"Bro, what doesn’t even make sense"
0:29:07,@agoatheadbaby3512,Nooooo!!!
0:29:08,@firewolf595,NOOOOOOOOOOO
0:29:12,@deltaromee,BOOOOOO
0:29:12,@fluttergabe22,bro
0:29:14,@UngulaPropriaRQ,OH NO
0:29:19,@maxzachback,cleansleep my goat
0:29:20,@agoatheadbaby3512,NOOOOOOOOOOOO!!!!11!!!!111!!!!!!11!!!!
0:29:20,@XxZ0MB1E_K1TTYxX,WHATTTTTT
0:29:22,@applebloom2307,uuuu
0:29:26,@Tamers12345MLP,Manlet's a fucking crazy yeah
0:29:27,@deltaromee,WE DONT GAF
0:29:27,@maxzachback,:face-purple-crying::face-purple-crying::face-purple-crying::face-purple-crying:
0:29:28,@Kiki_myshu,to be taller i bet
0:29:29,@jo3a548,OH FUCK
0:29:31,@Gaalnr,oh.
0:29:32,@maxzachback,get himmmmm
0:29:33,@MrKitsuneOwO,*clicks on Tamers' video*
0:29:35,@lonleystranger,UGGGGGGHHHHH NOOO DON'T LET THIS KIRIN WIN NO
0:29:36,@NubMcMoofin,:exploding_head:
0:29:36,@MrKitsuneOwO,this is gay
0:29:37,@Potatogalsunite,stfu
0:29:38,@applebloom2307,waowaowaowoaow
0:29:38,@okuriinu8489,EWWWWWW
0:29:38,@jo3a548,oooooooh
0:29:39,@XxZ0MB1E_K1TTYxX,WHAT
0:29:40,@wheres_waddle1913,oh ew
0:29:40,@solarismare,me too man
0:29:42,@LUNN4T1C,bruhhh
0:29:43,@Kiki_myshu,ewww
0:29:44,@Shivery,:face-red-droopy-eyes::face-red-droopy-eyes::face-red-droopy-eyes::face-red-droopy-eyes::face-red-droopy-eyes::face-red-droopy-eyes::face-red-droopy-eyes:
0:29:44,@trap631,don't care didn't asked
0:29:44,@maxzachback,:face-purple-wide-eyes:
0:29:45,@Mira-ep3cd,He has to die
0:29:46,@Padtygalaxy,13 mins left! 
0:29:46,@Zizzy-e9g,"Oh fuck, yes"
0:29:48,@deltaromee,BOOOOOO WE DONT GAF
0:29:50,@jurupinga7282,real
0:29:52,@Sweetie-r9p9r,will he die
0:29:52,@jennythebean9117,Gay
0:29:52,@basedimperialism,Absolute manlet move wasting a wish like that.
0:29:53,@firewolf595,i dont care kirin die
0:29:54,@læeesz,eh idc
0:29:55,@delta-v4x,Who doesn't
0:29:55,@lordofshrimps,we dont care about you dude
0:29:56,@Orion-tk5hl,no wait let unc talk
0:29:56,@trap631,anyways
0:29:56,@ZapzipapC,um
0:29:57,@0neth3g3n1us1,ew.
0:29:59,@Tamers12345MLP,"@Tamers12345MLP meant to reply to someone else, now it jsut looks like I was calling all short people crazy "
0:30:00,@fluttergabe22,I don't
0:30:00,@sukritnajormploy422,can big mac just fart already
0:30:00,@wheres_waddle1913,ew gross
0:30:01,@Luxie_4444,>me when i was 14
0:30:01,@Skidum1,uhhh
0:30:01,@unknownanimator4744,awww he so cuter
0:30:01,@maxzachback,yesssss
0:30:02,@Shivery,:face-red-droopy-eyes:
0:30:02,@jurupinga7282,true
0:30:03,@applebloom2307,sob story. i still dont forgive him tho
0:30:03,@ImKooka,I dont unc!
0:30:06,@Potatogalsunite,traumadumping :loudly_crying_face:
0:30:06,@BridgettePatterson-e1n,ain't nobody care about kirin bro
0:30:06,@jo3a548,Hmmmm dont know about it
0:30:08,@KungaBungaonToast,this is the worst episode
0:30:09,@jennythebean9117,:flushed_face:
0:30:10,@UngulaPropriaRQ,MAN EVERYONE HERE IS IN THE CYCLES OF ABUSE 
0:30:10,@pixelated6451,“Who doesn’t” WE ALL DON’T 
0:30:10,@NubMcMoofin,:saluting_face::saluting_face:
0:30:13,@rockyroad2256,:nauseated_face::face_vomiting::face_vomiting::face_vomiting::face_vomiting::face_vomiting::face_vomiting:
0:30:15,@Shivery,Smol
0:30:15,@Princesscelestiason_starbright,cooked
0:30:16,@0neth3g3n1us1,his heart tail im crine
0:30:16,@dowweby5470,He’s so small….
0:30:18,@UngulaPropriaRQ,oh ok prof kirin hell yeah i guess
0:30:19,@belastcyr8475,"That genuinely doesn’t even make sense, but OK you could try to solve you know world hunger"
0:30:22,@agoatheadbaby3512,Huuughghgggh
0:30:22,@Koro-sensei-glazer,He’s so edgy 
0:30:25,@trap631,didn't consent to the trauma dump
0:30:28,@SlugCreator,this boring can i watch mr bungle travolta music video
0:30:28,@beepbeepok,PEAK
0:30:28,@wheres_waddle1913,goof 4 u cleansweep
0:30:28,@agoatheadbaby3512,Damn.
0:30:29,@jsaenz96,gurl clean sweep get over it
0:30:29,@WerchioMop,why he playing victim
0:30:30,@jurupinga7282,me
0:30:33,@WerchioMop,WOMP WOMPP
0:30:34,@Shivery,Heart tail
0:30:34,@solarismare,AAAAAAAAAAAAAA
0:30:37,@agoatheadbaby3512,Cleansweep.
0:30:37,@WerchioMop,WOMPP WOMP
0:30:37,@belastcyr8475,"What I don’t even understand, bro"
0:30:37,@jennythebean9117,Run
0:30:38,@maxzachback,1 day ago
0:30:39,@KungaBungaonToast,i literally dont give a fuck
0:30:41,@jurupinga7282,LMAO
0:30:42,@applebloom2307,fair
0:30:42,@Padtygalaxy,12 mins left! 
0:30:43,@BridgettePatterson-e1n,this is gyatt
0:30:44,@Leetify.02k,crazy
0:30:45,@WerchioMop,WOMPP WOMPP
0:30:47,@Shivery,:face-fuchsia-tongue-out::face-fuchsia-tongue-out::face-fuchsia-tongue-out::face-fuchsia-tongue-out::face-fuchsia-tongue-out::face-fuchsia-tongue-out:
0:30:48,@ZapzipapC,nooooo
0:30:48,@lonleystranger,"i am 4'11"" and yeah i am kinda unhinged at times"
0:30:49,@agoatheadbaby3512,Cleansweep............................................................................................................
0:30:49,@maxzachback,oh
0:30:50,@BridgettePatterson-e1n,HUH
0:30:50,@jurupinga7282,true
0:30:51,@Peejaylew,WHAT
0:30:51,@NubMcMoofin,:frowning_face_with_open_mouth:
0:30:52,@BridgettePatterson-e1n,BRO
0:30:53,@wheres_waddle1913,oh jeez
0:30:53,@Mira-ep3cd,YO :loudly_crying_face:
0:30:53,@Fatz12,LOL
0:30:55,@solarismare,LMFAO
0:30:55,@Skidum1,lmao
0:30:55,@BridgettePatterson-e1n,OMG
0:30:55,@UngulaPropriaRQ,HAHAHAH LYING BASTARD 
0:30:57,@Tamers12345MLP,"@WerchioMop He's very nefarious, I wouldn't trus thim"
0:30:57,@lordofshrimps,wow
0:30:58,@BridgettePatterson-e1n,WTF
0:30:59,@jo3a548,Lamdsksldodm
0:30:59,@Shelly_tt,I WAS LATEEEE
0:31:01,@hollywareham6810,lol
0:31:01,@Goatsworn,LOL
0:31:01,@delta-v4x,Not even Taco Bell
0:31:01,@maxzachback,so it's much worse
0:31:02,@jennythebean9117,McDonald 
0:31:02,@Luxie_4444,Prince?
0:31:06,@jo3a548,Are all kirins name kirin?
0:31:08,@PerpetualityHypnosis,finally made it to a showing
0:31:08,@solarismare,oh fuck
0:31:09,@dowweby5470,I wish I could hate kirin but he’s drawn too good to hate
0:31:09,@jennythebean9117,:0
0:31:10,@solarismare,he's the princee?
0:31:12,@LUNN4T1C,wHAt
0:31:13,@wheres_waddle1913,former prince?!
0:31:13,@agoatheadbaby3512,McDonald's :3
0:31:15,@Shivery,Where's Cesars Pizza?
0:31:17,@jennythebean9117,He’s a prince
0:31:17,@Zizzy-e9g,Just a reminder somebody that’s a nerd how to draw animated
0:31:17,@Wh4td0uw4n7,YAOIIIIIIIIIIIIIIIIIIIIIII
0:31:18,@læeesz,oh!
0:31:18,@Potatogalsunite,stfu :smiling_face_with_tear::victory_hand:
0:31:18,@BridgettePatterson-e1n,this is insane
0:31:19,@UngulaPropriaRQ,OF COURSE HE'S THE FORMER PRINCE 
0:31:20,@starburst-burst,oh nah
0:31:23,@NubMcMoofin,:exploding_head::exploding_head:
0:31:23,@haileykitty6993,"oh, it's not because he was gay, it's because he went after the dead."
0:31:24,@basedimperialism,"@Tamers12345MLP Damn, they've got a McDonalds in Kirin Village?"
0:31:24,@Shelly_tt,PIZZA?
0:31:25,@maxzachback,wow
0:31:29,@Wh4td0uw4n7,SHUT UP ZIZZY
0:31:30,@Kiki_myshu,dirty B
0:31:35,@Shelly_tt,CHEESEBURGERS?
0:31:35,@applebloom2307,ohhhhhhh he was the prince>!>!?!?!
0:31:38,@MillerTheDarkTransPrince,amazing
0:31:38,@neva773,I am starting to like this ol man
0:31:41,@solarismare,LOL
0:31:42,@Shelly_tt,uh
0:31:42,@Padtygalaxy,11 mins left
0:31:45,@jennythebean9117,The Manlet is Royal 
0:31:46,@Goatsworn,DANG that mcdonalds looks nice! what aout the icecream maschine?
0:31:48,@Shelly_tt,CHICKEN?
0:31:48,@jo3a548,Laodlaoslaodldodol
0:31:49,@Shivery,:face-blue-smiling::face-blue-smiling::face-blue-smiling::face-blue-smiling::face-blue-smiling::face-blue-smiling::face-blue-smiling::face-blue-smiling:
0:31:51,@BridgettePatterson-e1n,clocked him :loudly_crying_face:
0:31:51,@dripworks6659,When the Tamers Kirin lore is better than the MLP Kirin lore lol 
0:31:53,@okuriinu8489,his tail is always in a heart
0:31:53,@dookyking4lyfe,damn
0:31:53,@Tamers12345MLP,"Kirin Village has a way bigger budget that Ponyville, you can tell because they've got a mcdonalds while ponyville just has a little ceasers"
0:31:54,@Wh4td0uw4n7,ts so tuff
0:31:59,@soupcaneater,OH I'M NOT TOO LATE LET'S GOOO
0:32:02,@XxZ0MB1E_K1TTYxX,tuff
0:32:03,@hollywareham6810,fire
0:32:05,@solarismare,"that's true, tamers"
0:32:06,@turtlegod98,i'm shitting right now
0:32:08,@Shivery,True
0:32:08,@Kiki_myshu,are they all male?
0:32:08,@jurupinga7282,ew clean sweep
0:32:09,@Leetify.02k,crazy
0:32:10,@Shelly_tt,Ah okay...
0:32:12,@sukritnajormploy422,I never seen a woman kirins
0:32:12,@fluttergabe22,little Caesars is yummy
0:32:13,@XxZ0MB1E_K1TTYxX,IM LATE TOO
0:32:14,@Wh4td0uw4n7,TAMERS TS IS TUFF
0:32:14,@UngulaPropriaRQ,To be fair Little Caesars is better imo
0:32:15,@MillerTheDarkTransPrince,that's cool
0:32:18,@jennythebean9117,:O
0:32:21,@solarismare,only the ruler of ponyville
0:32:21,@BoxBoy-u7i,busted saa rubble filled mcdonald's
0:32:21,@dookyking4lyfe,ahh shit
0:32:22,@jo3a548,Oooh sgit
0:32:24,@jo3a548,Shit
0:32:25,@SonataDidIt,lol
0:32:27,@Koro-sensei-glazer,I played these games before 
0:32:28,@delta-v4x,Pinkie Stoole Forme
0:32:29,@Solums,Celestia cameo
0:32:29,@jennythebean9117,Yippee 
0:32:29,@Leetify.02k,I've played these games before
0:32:29,@jo3a548,Alslsldosldlldslodldsll
0:32:30,@Fatz12,little ceasers is way better than McDonalds tho
0:32:30,@NubMcMoofin,:saluting_face::saluting_face::saluting_face:
0:32:30,@jurupinga7282,im literally princess celestia
0:32:30,@Gaalnr,heh
0:32:32,@Shivery,LITTLE CESARS
0:32:32,@Shelly_tt,CELESTIA?
0:32:33,@Skidum1,lol
0:32:34,@WerchioMop,BURNNN :face_savoring_food::face_savoring_food::fire::fire::fire::fire::fire:
0:32:36,@jo3a548,LOLOLLLLLLOKLLLOL
0:32:39,@belastcyr8475,"Oh my God Yep, he wanted those two gone so they had absolutely no way of revoking her right as the princess"
0:32:39,@Kiki_myshu,makes sense
0:32:39,@applebloom2307,lololololollololl
0:32:40,@UngulaPropriaRQ,hell yes it's the hot and ready zone 
0:32:41,@Wh4td0uw4n7,TS LWK TUFF
0:32:41,@solarismare,TRUUUUUUUUUUUUUUUUUKE
0:32:42,@Shivery,Little Cesars kick ass
0:32:44,@jurupinga7282,shes so real
0:32:46,@jsaenz96,tamers omg make pay gorn already GOD
0:32:47,@okuriinu8489,tamers lore is just so intresting
0:32:47,@Padtygalaxy,10 mins left! 
0:32:47,@basedimperialism,based
0:32:47,@agoatheadbaby3512,:(
0:32:48,@solarismare,HOLY TRUTH NUKE
0:32:49,@Shelly_tt,PINKIE
0:32:49,@UltimateStarky,based
0:32:50,@Fatz12,RGRE CANON
0:32:51,@Gohan-Tamersfan,hi
0:32:52,@Pupicornns,That pizza looks so delicious mmm im so hungry now
0:32:56,@Angelica_Mii,little ceasars is so good ong
0:32:56,@jurupinga7282,based
0:32:57,@Tamers12345MLP,You know Celestia only gets the 5 dollar hot and readys
0:32:57,@applebloom2307,eheheheheh
0:32:58,@agoatheadbaby3512,She's scary.
0:32:59,@solarismare,BASED MISANDRIST CELESTIA
0:33:02,@Luxie_4444,Apartide Equestria
0:33:04,@okuriinu8489,i do want klil ceasers now.....
0:33:06,@BridgettePatterson-e1n,ew
0:33:09,@SlugCreator,this boring can you add mr bungle to the next video
0:33:09,@Leetify.02k,Best princess
0:33:09,@SemiSigil,what is this
0:33:12,@UngulaPropriaRQ,ONLY THE 5 DOLLAR ONES?
0:33:14,@Shivery,:face-purple-crying:
0:33:15,@jo3a548,OH FUCK
0:33:15,@JorArg-c7s,SAD
0:33:16,@jennythebean9117,Celestia has money 
0:33:17,@Wh4td0uw4n7,WHY PINKY LOOK LIKE SHE GOT DYLES MUSTACHE IM CRINE
0:33:18,@maxzachback,I think we know tamers
0:33:18,@creamsouda3338,oh my god...
0:33:19,@Leetify.02k,Best Princess
0:33:21,@UngulaPropriaRQ,THE CRAZY BREAD IS LITERALLY RIGHT THERE 
0:33:22,@unknownanimator4744,can he not
0:33:22,@Shelly_tt,well yall enmnojy I'm gone..
0:33:22,@mr.bananaman9805,"to celestia, crazy bread is just normal bread"
0:33:26,@agoatheadbaby3512,Goodbye Cleansweep........
0:33:26,@Gaalnr,they still sell them for only $5?
0:33:26,@fluttergabe22,Slug STFU and watch
0:33:27,@belastcyr8475,"In instead of mostly males, it’s now mostly females that are the rappers OK"
0:33:28,@wheres_waddle1913,noooo
0:33:28,@creamsouda3338,is this gonna be the last time we see clean sweep im scared
0:33:29,@maxzachback,nooooo
0:33:30,@dookyking4lyfe,that old world fancironi hits
0:33:31,@jennythebean9117,Kiss
0:33:32,@wheres_waddle1913,dont go!!
0:33:33,@Shivery,:eyes-purple-crying::eyes-purple-crying::eyes-purple-crying::eyes-purple-crying::eyes-purple-crying::eyes-purple-crying::eyes-purple-crying:
0:33:33,@KennyCarter943,little Caesars has the best pizzas
0:33:33,@maxzachback,:face-purple-crying::face-purple-crying::face-purple-crying::face-purple-crying::face-purple-crying:
0:33:34,@TheTantabus.,I hope tamers is sponsored by lil Caesar’s because I eat it more bc of them 
0:33:35,@MillerTheDarkTransPrince,this is so tuff
0:33:36,@wheres_waddle1913,please don't go!!
0:33:37,@creamsouda3338,OH WHAT THE FUCKKK
0:33:37,@Goatsworn,DANG that mcdonalds was looking nice! what aout the icecream maschine?
0:33:37,@haileykitty6993,"no, please stay!"
0:33:38,@foxmcloud23,I bet she doesn't even get the Parmesan spread on that hot and sweaty pizza
0:33:38,@maxzachback,not like this
0:33:40,@okuriinu8489,NO CLEANSWEEP I LOVE U
0:33:40,@Shivery,Kiss
0:33:40,@Kiki_myshu,big mac and his two boyfriends
0:33:41,@agoatheadbaby3512,I will miss you strange little cat pony.............
0:33:44,@applebloom2307,OHHHHHHHHHHH
0:33:44,@firewolf595,so like. does twilights portal to EQG not exist?
0:33:45,@creamsouda3338,OH MY GOD/????
0:33:46,@Frankiekillerkittybatbug,YESSSSSSSSS
0:33:46,@maxzachback,tamers a swear
0:33:46,@MM3rrcuryy,AW
0:33:46,@pixelated6451,Kiss…
0:33:46,@læeesz,Tokyo mew mew reference!?
0:33:46,@wheres_waddle1913,please!!!
0:33:47,@NubMcMoofin,:disappointed_face:
0:33:47,@jo3a548,Oh fuck
0:33:47,@Leetify.02k,SOARIN
0:33:48,@Padtygalaxy,9 mins left 
0:33:48,@jurupinga7282,EWWW
0:33:48,@belastcyr8475,🫩🫩🫩🫩🫩🫩
0:33:48,@Shivery,:face-purple-crying::face-purple-crying::face-purple-crying::face-purple-crying::face-purple-crying::face-purple-crying::face-purple-crying:
0:33:49,@Leetify.02k,SOARIN
0:33:49,@LUNN4T1C,nooooo
0:33:49,@hollywareham6810,lol
0:33:50,@Wh4td0uw4n7,ts lwk tuff
0:33:50,@Sweetie-r9p9r,ohhhh
0:33:52,@Leetify.02k,YALL SOARIN
0:33:53,@BoxBoy-u7i,noooooooooo
0:33:53,@Tamers12345MLP,"Celestia is the type of bitch who would go into a little ceases, ask if they got any sausage 5 dollar hot and readys because that's what Luna wants, but they would only have pepporoni. "
0:33:54,@JorArg-c7s,noooooo
0:33:54,@Tamers12345MLP,So Celestia would go home with a pepperoni pizza only and piss Luna off.
0:33:54,@jo3a548,CUCKED
0:33:54,@wheres_waddle1913,i'm gonna cry!!!
0:33:55,@solarismare,OH FUCK
0:33:55,@Solums,Why
0:33:55,@maxzachback,don't do this
0:33:56,@Shivery,:eyes-purple-crying::eyes-purple-crying::eyes-purple-crying::eyes-purple-crying::eyes-purple-crying::eyes-purple-crying:
0:33:56,@jennythebean9117,They kissed!
0:33:57,@Leetify.02k,U GON LET THAT SLIDE
0:33:57,@deltaromee,OH SHIT
0:33:59,@Wh4td0uw4n7,YAOI
0:34:00,@applebloom2307,Ohh he loves himm
0:34:00,@solarismare,NOOOOO
0:34:01,@okuriinu8489,that face thol
0:34:02,@Leetify.02k,SOARIN U GON LET THAT SLIDE
0:34:02,@agoatheadbaby3512,WOOOOOOOOOOOOOAAAAAAAGH
0:34:03,@Mira-ep3cd,This yaoi shit gets serious 
0:34:03,@sukritnajormploy422,bro this 3 love wheel
0:34:04,@belastcyr8475,This man was genuinely about to leave
0:34:05,@jurupinga7282,ewww
0:34:05,@creamsouda3338,NO
0:34:06,@Leetify.02k,SOARINN
0:34:07,@jennythebean9117,:loudly_crying_face::loudly_crying_face::loudly_crying_face::loudly_crying_face::loudly_crying_face:
0:34:08,@creamsouda3338,NOOOOOO WTF
0:34:11,@Kiki_myshu,cucked :broken_heart:
0:34:12,@vazquezzavaladarielaalejan6147,NOOOOOOO
0:34:12,@Pupicornns,this is a little too gay for me 
0:34:12,@wheres_waddle1913,stop!!!
0:34:13,@SuperCaptainFail,NOOOOO WAY HE JUST SAID THAT
0:34:13,@Zizzy-e9g,"Yeah, that is funny for real"
0:34:14,@Shivery,:eyes-purple-crying::eyes-purple-crying::eyes-purple-crying::eyes-purple-crying::eyes-purple-crying::eyes-purple-crying:
0:34:14,@trap631,wow
0:34:14,@maxzachback,YESSSS
0:34:14,@okuriinu8489,that desperation was so drawn well
0:34:14,@Skidum1,this is kinda gay
0:34:15,@agoatheadbaby3512,OOOOOH SNAP
0:34:16,@Leetify.02k,SOARINN
0:34:16,@basedimperialism,NOOOOO
0:34:17,@ok7777-j3s,... shit
0:34:17,@fluttergabe22,Soarin mad
0:34:17,@Mira-ep3cd,OH MY GODDD
0:34:17,@wheres_waddle1913,oh my gosh!!
0:34:18,@Princesscelestiason_starbright,yooooooooooooooooooooooo
0:34:18,@haileykitty6993,please stay together!
0:34:18,@deltaromee,LMAAAOOO OH SHITT
0:34:19,@Leetify.02k,WOWW
0:34:19,@vazquezzavaladarielaalejan6147,NOOOOOOOOO
0:34:19,@belastcyr8475,"No, the plot arm is gonna stop him"
0:34:19,@MM3rrcuryy,NOOOOO
0:34:20,@jennythebean9117,Noooo
0:34:20,@basedimperialism,YAAAAAAY!
0:34:21,@jo3a548,OH FUCK
0:34:21,@wheres_waddle1913,no!!!
0:34:21,@JorArg-c7s,CUCKED
0:34:21,@UngulaPropriaRQ,OH NOOOOO
0:34:22,@applebloom2307,kitty!!!!!!!
0:34:22,@fluttergabe22,Eq
0:34:23,@Shivery,NO
0:34:23,@Wh4td0uw4n7,NOT THE HORSE YAOI
0:34:24,@creamsouda3338,YESSSSSSSSS
0:34:24,@theconfusedasian7685,bros gotta watch 
0:34:25,@okuriinu8489,he just a kitty
0:34:25,@stuffcrust2834,NOOOOOOOOO
0:34:25,@maxzachback,NOOOOO
0:34:25,@Sweetie-r9p9r,NOOOOOO
0:34:25,@wheres_waddle1913,no!!!
0:34:25,@Shivery,NOOOOOOOOOOOOOOOOOOOOOO
0:34:27,@creamsouda3338,YEESSSSSSSSSSSSSSS
0:34:27,@ImKooka,noooooooooooo
0:34:27,@SonataDidIt,sweep...
0:34:28,@jo3a548,NOOOOOO
0:34:29,@wheres_waddle1913,no no non non
0:34:29,@hollywareham6810,bro might come back
0:34:29,@vazquezzavaladarielaalejan6147,WHAT
0:34:29,@agoatheadbaby3512,FAREWELL DEAR CLEANSWEEP
0:34:30,@ImKooka,NOOOOOOOOOOOOOOOOOOOOOOOOOOOOOOO
0:34:30,@creamsouda3338,HES GOING BACKKKK
0:34:30,@vazquezzavaladarielaalejan6147,WHAT
0:34:31,@Skidum1,cat
0:34:31,@maxzachback,don't you dare
0:34:31,@UngulaPropriaRQ,I'M SO SORRY CLEANMAC SHIPPERS 
0:34:31,@wheres_waddle1913,NOOOO
0:34:31,@hollywareham6810,lol
0:34:31,@Shivery,NOOOOOOOOOOOOOOO
0:34:31,@Mira-ep3cd,Damn
0:34:32,@vazquezzavaladarielaalejan6147,WHAT
0:34:33,@Princesscelestiason_starbright,bye kitty
0:34:33,@wheres_waddle1913,no!
0:34:34,@vazquezzavaladarielaalejan6147,NOOON
0:34:35,@Shivery,NOOOOOOOOOOOO
0:34:35,@wheres_waddle1913,Wait
0:34:36,@Kiki_myshu,B M is gonna end up alone again
0:34:36,@vazquezzavaladarielaalejan6147,NONONONO
0:34:36,@ImKooka,CWHAAT
0:34:37,@Mira-ep3cd,OH
0:34:37,@creamsouda3338,YESSSS YESSSS YESSSSSSSSSSSSSSSSSS
0:34:37,@agoatheadbaby3512,WHAT
0:34:37,@SuperCaptainFail,NAH I KNEW HED COME BACK.
0:34:37,@fluttergabe22,Equestria Girls :rolling_on_the_floor_laughing:
0:34:38,@vdn2468,Is he really gone
0:34:38,@ImKooka,WHAAAAAAAT
0:34:38,@LUNN4T1C,HUHH
0:34:38,@JorArg-c7s,fffucckk
0:34:38,@Shivery,:eyes-purple-crying::eyes-purple-crying::eyes-purple-crying::eyes-purple-crying::eyes-purple-crying::eyes-purple-crying::eyes-purple-crying:
0:34:38,@Leetify.02k,Soarin is about to fack you up :folded_hands:
0:34:39,@haileykitty6993,he's back!
0:34:40,@solarismare,SAD
0:34:40,@unknownanimator4744,NVM YESS
0:34:40,@belastcyr8475,"Oh, it did not save. Yep, I knew it."
0:34:41,@jo3a548,Yessssss
0:34:41,@Shivery,:face-purple-crying::face-purple-crying::face-purple-crying::face-purple-crying::face-purple-crying::face-purple-crying::face-purple-crying:
0:34:42,@Mira-ep3cd,WAIT
0:34:42,@jurupinga7282,I dont wanna see him no more
0:34:42,@wheres_waddle1913,no!
0:34:43,@Leetify.02k,SOARINN
0:34:43,@creamsouda3338,BETTER ENDING THAN TADC
0:34:44,@mr.bananaman9805,big mac ruining everything for himself because he's bored
0:34:44,@Solums,He back?
0:34:45,@Wh4td0uw4n7,OH NAH
0:34:45,@solarismare,OH SHIT
0:34:46,@GlimmyGOD,oh shit classic tamers song
0:34:46,@maxzachback,YESSSS
0:34:46,@Shivery,:eyes-purple-crying::eyes-purple-crying::eyes-purple-crying::eyes-purple-crying::eyes-purple-crying::eyes-purple-crying::eyes-purple-crying:
0:34:46,@Leetify.02k,SOARINN
0:34:47,@belastcyr8475,"Plot armor, plot armour"
0:34:49,@Mira-ep3cd,HE’S BACK
0:34:49,@Padtygalaxy,8 mins left
0:34:50,@basedimperialism,OH NO SOARMAC BROS WE GOT TOO COCKY
0:34:50,@agoatheadbaby3512,OH MAH GAAAAAAAH!!!!
0:34:52,@UngulaPropriaRQ,WAIT THEY'RE BACK
0:34:52,@belastcyr8475,"I called so much plot armor, bro"
0:34:53,@hollywareham6810,crazy
0:34:56,@NubMcMoofin,:exploding_head::exploding_head:
0:34:56,@jo3a548,Oh fuck
0:34:56,@creamsouda3338,THERES SO MUCH YAOI THIS EPISODE
0:34:56,@im-having-a-stroke-lowkey,bro wasted that WISH.. USELESS
0:34:57,@Shivery,:eyes-purple-crying::eyes-purple-crying::eyes-purple-crying::eyes-purple-crying::eyes-purple-crying::eyes-purple-crying:
0:34:58,@maxzachback,yesssss
0:34:59,@Pupicornns,Aww that was cute actually now I want to see a gay dog pony 
0:35:00,@applebloom2307,o
0:35:01,@creamsouda3338,ATE THEY GONNA KISS I HOPE HOH MY GOD
0:35:02,@jsaenz96,ughhh trash
0:35:05,@WerchioMop,OMG
0:35:05,@jo3a548,Cute
0:35:06,@AnimeGames16,BWTB MUSIC
0:35:06,@maxzachback,:cat-orange-whistling::cat-orange-whistling::cat-orange-whistling::cat-orange-whistling:
0:35:06,@sukritnajormploy422,clean sweep lowkey look like like natsuki daniel lmao
0:35:06,@JR3Ramirez-f8g,gay
0:35:07,@belastcyr8475,Bro got turned into the fading skeleton beam
0:35:08,@delta-v4x,Very gay
0:35:08,@Angelica_Mii,YAY
0:35:09,@jennythebean9117,Noooo parcel core died
0:35:14,@UngulaPropriaRQ,OH THEY'RE BACK TOGETHER 
0:35:14,@Kiki_myshu,aww
0:35:15,@creamsouda3338,PPLZZZ KISS PLZ
0:35:15,@Luxie_4444,whats happin?
0:35:16,@wheres_waddle1913,my yaoi loving heart cant take it
0:35:16,@solarismare,ari knows
0:35:17,@Shivery,:face-blue-smiling::face-blue-smiling::face-blue-smiling::face-blue-smiling::face-blue-smiling:
0:35:23,@Wh4td0uw4n7,HOLY THESE OCS ARE SO PEAK
0:35:24,@maxzachback,:face-purple-crying::face-purple-crying::face-purple-crying::face-purple-crying:
0:35:25,@jsaenz96,traaaaaash
0:35:27,@wheres_waddle1913,did he stay?!
0:35:32,@salemsobased,waiting for future soren to oill clean sweep
0:35:33,@UngulaPropriaRQ,AWWWWWWW
0:35:37,@jennythebean9117,Kiss
0:35:42,@jo3a548,CUTE
0:35:45,@jsaenz96,tamers I hope you get banned from little Ceasars
0:35:46,@Padtygalaxy,7 mins left 
0:35:46,@Frankiekillerkittybatbug,this shits so peak the views shot up
0:35:49,@JR3Ramirez-f8g,I love yaoi
0:35:50,@belastcyr8475,These two should probably be about the same size by the way I don’t know why bro just shrunk down
0:35:51,@UngulaPropriaRQ,ARINOS GETS THE WISH 
0:35:53,@UngulaPropriaRQ,YEAHHHHHH
0:35:53,@hollywareham6810,lol
0:35:53,@jsaenz96,and McDonald's
0:35:56,@basedimperialism,"Damn, is everyone getting a free wish today?"
0:35:57,@jennythebean9117,Kiss
0:35:57,@Shivery,:eyes-purple-crying::eyes-purple-crying::eyes-purple-crying::eyes-purple-crying::eyes-purple-crying:
0:35:58,@Tamers12345MLP,@jsaenz96 What makes yout hink I'm not already?
0:35:58,@Mira-ep3cd,AHHH
0:35:59,@jsaenz96,amd Toco bell
0:35:59,@Kiki_myshu,braeburn being the most competent alicorn
0:36:00,@jo3a548,CUUUUUUUTE
0:36:00,@maxzachback,yeahhhh
0:36:00,@creamsouda3338,DOES THIS MEAN APPLE BOTTOMS GONNA GET THE WISH MAYBE?
0:36:01,@delta-v4x,Why is kirin wish with Luna and Celestia?
0:36:04,@UngulaPropriaRQ,OH OK NEVER MIND I GUESS?
0:36:05,@Wh4td0uw4n7,YAOIIIIIIIIIIIIIIII
0:36:06,@Leetify.02k,If Friendship and Arinos become married let Arinos be the groom
0:36:06,@wheres_waddle1913,theyre so cute
0:36:06,@belastcyr8475,"Water armor, plot, armor, plot, armor, plot, armor, plot, armor, plot, armor, plot, armor, plot, armor, plot, armor, plot, armour"
0:36:09,@Goatsworn,then give me the orb
0:36:09,@salemsobased,omg
0:36:11,@dookyking4lyfe,kingdom hearts wishes it could be this gay
0:36:12,@lordofshrimps,Is this Puss and Boots the Last Wish
0:36:13,@jo3a548,OH FUCK
0:36:14,@salemsobased,omg!!!!
0:36:15,@Goatsworn,never mind
0:36:17,@belastcyr8475,What yep it’s a it’s a it’s a time loop
0:36:18,@Angelica_Mii,uh oh
0:36:19,@maxzachback,what
0:36:20,@fluttergabe22,I hope DylanDoez is watching this peak
0:36:20,@creamsouda3338,man apple bottom didnt even get a chance 
0:36:20,@REYNARD_GOODFELLOW,When a new Dandy's World episode coming?
0:36:22,@purpledurple,How is this love now but had comments from 7 hours ago 
0:36:22,@Shivery,:face-orange-biting-nails::face-orange-biting-nails::face-orange-biting-nails::face-orange-biting-nails::face-orange-biting-nails::face-orange-biting-nails:
0:36:23,@jurupinga7282,sacrifice clean sweep
0:36:23,@XxZ0MB1E_K1TTYxX,omg omg omgghg
0:36:23,@jo3a548,WHO KEEP INVENTING THOSE RULES ON THE SPOT
0:36:25,@SlugCreator,"can you add professor kump from the nutty professor this is really boring all of the ""lore"" episodes are boring"
0:36:25,@applebloom2307,FATE
0:36:27,@maxzachback,I knew it
0:36:29,@applebloom2307,FATE REFERENCE
0:36:31,@UngulaPropriaRQ,NINE LIVES 
0:36:33,@Wh4td0uw4n7,WHOS THE SACIFICE
0:36:34,@UngulaPropriaRQ,CATS HAVE NINE LIVES 
0:36:35,@Shivery,:face-blue-smiling::face-blue-smiling::face-blue-smiling::face-blue-smiling::face-blue-smiling::face-blue-smiling:
0:36:37,@creamsouda3338,OMGGG
0:36:37,@firewolf595,WHY DID HE THROW HIM TO HIM
0:36:40,@okuriinu8489,oh i thought he threw arinos
0:36:40,@belastcyr8475,How why?
0:36:40,@applebloom2307,THE HOLY GRAILLLL
0:36:42,@XxZ0MB1E_K1TTYxX,NO OOO
0:36:44,@Padtygalaxy,6 mins left! 
0:36:45,@Wh4td0uw4n7,GET THE CAT
0:36:47,@Zizzy-e9g,lol
0:36:51,@solarismare,uh oh
0:36:51,@jo3a548,OH FUCK
0:36:51,@Tamers12345MLP,@creamsouda3338 Apple Bottom has small stubby legs so it's not like he was ever going to be fast enough to break the kirins with before anyone else tbh
0:36:52,@Leetify.02k,PONYVILLE
0:36:53,@belastcyr8475,"Wait, can this guy literally just shaped this?"
0:36:53,@KennyCarter943,ugh
0:36:53,@Angelica_Mii,Ohhhhh
0:36:53,@purpledurple,PEAAAK
0:36:54,@lonleystranger,this kirin prince is evil uhhh
0:36:57,@lonleystranger,oh
0:36:58,@jennythebean9117,Time loop!
0:37:02,@Zizzy-e9g,He’s running like that like that
0:37:04,@pixelated6451,ITS A FUCKING LOOP
0:37:04,@KennyCarter943,I want friendship to be happy
0:37:04,@Luxie_4444,Linkin Park?
0:37:06,@Tamers12345MLP,All Kirin's are just kinda fucke din the head
0:37:07,@Leetify.02k,I played these games before
0:37:08,@purpledurple,Yo tamers I love you man 
0:37:09,@UngulaPropriaRQ,OH SNAP 
0:37:09,@Tamers12345MLP,It's their nature
0:37:10,@jo3a548,OOH
0:37:12,@okuriinu8489,FRIENDSHIP MY BB
0:37:14,@Angelica_Mii,OH DAMN
0:37:15,@KennyCarter943,he deserves the love
0:37:16,@hollywareham6810,crazy
0:37:15,@Shivery,This is the best thing that comes out in Pride Month
0:37:16,@læeesz,witch hat :sparkling_heart::sparkling_heart:
0:37:19,@XxZ0MB1E_K1TTYxX,Jesus Christ
0:37:19,@jo3a548,MORE LORE
0:37:20,@Kiki_myshu,oh?
0:37:20,@Wh4td0uw4n7,JUST GET THE CAT :slightly_smiling_face:
0:37:20,@jennythebean9117,:o
0:37:21,@agoatheadbaby3512,Many moons ago.......
0:37:23,@creamsouda3338,oh good lord
0:37:24,@maxzachback,lore
0:37:27,@Sweetie-r9p9r,oh shiiit
0:37:27,@belastcyr8475,"Yeah, I have no idea what’s genuinely happening"
0:37:30,@dowweby5470,Who is this
0:37:33,@agoatheadbaby3512,WAIT IS THAT THE GUY??
0:37:37,@Kiki_myshu,they gay
0:37:37,@KungaBungaonToast,2 farts so far btw
0:37:37,@belastcyr8475,We need a good explanation now
0:37:41,@applebloom2307,gay
0:37:41,@dookyking4lyfe,mhm go on
0:37:44,@jsaenz96,oh and I'm misandarist
0:37:46,@Padtygalaxy,5 mins left
0:37:48,@agoatheadbaby3512,THAT ONE GUY FROM THAT THING???
0:37:50,@Princesscelestiason_starbright,im lucky I'm not here bro:loudly_crying_face::loudly_crying_face::loudly_crying_face:
0:37:51,@Wh4td0uw4n7,ouh shii :eyes:
0:37:52,@creamsouda3338,he has homophobia :red_heart:
0:37:52,@agoatheadbaby3512,TWINK
0:37:53,@fluttergabe22,it's 4 dumbass
0:37:54,@Shivery,Twink
0:37:55,@jo3a548,OH FUCK
0:38:00,@hollywareham6810,crazy
0:38:01,@jennythebean9117,No arm
0:38:02,@NubMcMoofin,:disappointed_face:
0:38:04,@solarismare,L
0:38:05,@okuriinu8489,did he try to ungay himself
0:38:06,@Fatz12,AURA FARMERS
0:38:06,@UngulaPropriaRQ,DAMN 
0:38:06,@jo3a548,WHIT
0:38:07,@Leetify.02k,im not trying to look cool :folded_hands:
0:38:07,@jurupinga7282,boohoo
0:38:08,@Wh4td0uw4n7,t w i n k
0:38:08,@Kiki_myshu,lol
0:38:09,@JorArg-c7s,KINO
0:38:11,@belastcyr8475,"Bro, got the future Gohan treatment"
0:38:12,@Wh4td0uw4n7,LOL
0:38:15,@dookyking4lyfe,*taking notes
0:38:17,@salemsobased,LOLL
0:38:18,@haileykitty6993,"show us bro's face, please"
0:38:19,@XxZ0MB1E_K1TTYxX,oh my
0:38:22,@jennythebean9117,:O
0:38:23,@Luxie_4444,@jsaenz96 yeah i can tell you use 4chan
0:38:24,@Mr_NormalXD,lol
0:38:26,@Leetify.02k,"""Im not trying to look cool"" :folded_hands:"
0:38:27,@hollywareham6810,lol
0:38:34,@jsaenz96,what's that?
0:38:35,@Kiki_myshu,this lore is so random i love it
0:38:40,@mother_horror7420,one-day I'll be here on time to watch
0:38:40,@Wh4td0uw4n7,Guess bro didnt wanna help
0:38:43,@Padtygalaxy,4 mins left
0:38:48,@KennyCarter943,better than TADC
0:38:48,@jo3a548,OH FUCK HOW.MAY RULES ARE THEY HIDING
0:38:51,@Mr_NormalXD,:)
0:38:51,@solarismare,wait
0:38:54,@hollywareham6810,ashes
0:38:56,@glad7636,yeah keep talking bud
0:38:59,@XxZ0MB1E_K1TTYxX,so peak
0:39:01,@Shivery,lol 3rd place
0:39:05,@jennythebean9117,OwO 
0:39:08,@haileykitty6993,who is in that vase?
0:39:09,@Mr_NormalXD,PEAK!!
0:39:10,@Tamers12345MLP,They were nice enough to put the ashes up ont he podium at least
0:39:11,@solarismare,oooof
0:39:14,@jo3a548,OH EHLL YEAJ
0:39:17,@basedimperialism,Nirik
0:39:18,@agoatheadbaby3512,O K
0:39:18,@wheres_waddle1913,tru
0:39:18,@belastcyr8475,Uh-oh
0:39:21,@fluttergabe22,Ponyville are full of Communism :rolling_on_the_floor_laughing:
0:39:25,@UngulaPropriaRQ,HERE WE GO
0:39:28,@creamsouda3338,YOOOO
0:39:28,@Shivery,Super Siayan mode
0:39:29,@Luxie_4444,Based Cleansweep
0:39:30,@belastcyr8475,So what you’re saying is we gonna have to throw them hands?
0:39:31,@maxzachback,yessss
0:39:31,@JR3Ramirez-f8g,peak:face_holding_back_tears:
0:39:33,@creamsouda3338,FIGHT SCENE HELL YEAAA
0:39:32,@jennythebean9117,Epic fight!
0:39:34,@hollywareham6810,is it better then Pineville or no
0:39:36,@Leetify.02k,no thats Starlight's Village
0:39:36,@solarismare,I'm gonna help!
0:39:37,@XxZ0MB1E_K1TTYxX,YESSSSSSSS
0:39:37,@Mr_NormalXD,lol this peak as fuck
0:39:38,@applebloom2307,kytuteeeeee
0:39:39,@UngulaPropriaRQ,THE GAY MEN ARE FIGHTING HELL YEAH
0:39:39,@theconfusedasian7685,wtf peak
0:39:42,@Pupicornns,This is so epic 
0:39:43,@Angelica_Mii,PEAK
0:39:44,@Padtygalaxy,3 mins left!
0:39:44,@neva773,go care packagee!
0:39:45,@Koro-sensei-glazer,I love tamers use of music 
0:39:45,@XxZ0MB1E_K1TTYxX,YEAHHHHHH
0:39:45,@solarismare,GO ARINOS!
0:39:47,@hollywareham6810,lol
0:39:47,@NubMcMoofin,:exploding_head::exploding_head::saluting_face:
0:39:49,@UngulaPropriaRQ,EVEN DAD
0:39:49,@wheres_waddle1913,aw
0:39:49,@delta-v4x,Clown wish
0:39:49,@solarismare,LMFAO
0:39:51,@applebloom2307,CLOWN DUDESSS YAYAY
0:39:52,@UngulaPropriaRQ,EVEN THE CLOWNS!!!!!!!!
0:39:52,@creamsouda3338,LMAOOO NOT HIS CLOWN SQUAD
0:39:54,@haileykitty6993,the clowns gonna help too
0:39:55,@LUNN4T1C,LOL
0:39:55,@fluttergabe22,Gayvengers ASSEMBLE
0:39:55,@jo3a548,OH NO
0:39:55,@jsaenz96,yall what's 4chan I'm too employed and not mentallychallenged enough to understand that reference
0:39:55,@belastcyr8475,And this man is cooked
0:39:55,@Mr_NormalXD,Gay men:wilted_flower::wilted_flower::wilted_flower:
0:39:55,@UngulaPropriaRQ,YEAAAAAH GO CLOWNS 
0:39:57,@agoatheadbaby3512,"okay, they're all getting into the fight"
0:39:57,@Sweetie-r9p9r,the clownss
0:39:58,@ears-123,is this the avengers movie?
0:39:58,@JR3Ramirez-f8g,I love clowns
0:39:59,@okuriinu8489,LRETS GO PACKAGE DAD
0:39:59,@jennythebean9117,Everyone join in
0:40:00,@Padtygalaxy,Backup as arrive!
0:40:01,@neva773,2468 who do we appreciate
0:40:01,@KennyCarter943,clown car is there!
0:40:01,@mr.bananaman9805,yeah get em care package's dad
0:40:01,@Shivery,:clown_face::clown_face::clown_face::clown_face::clown_face::clown_face::clown_face:
0:40:01,@wheres_waddle1913,uh oh
0:40:03,@belastcyr8475,Trixie twilight do something
0:40:04,@BoxBoy-u7i,clown brigade lol
0:40:04,@Angelica_Mii,AW MAN EVERYONE WORKING TOGETHER
0:40:05,@Milly-u5y4u,:hand-pink-waving:
0:40:07,@agoatheadbaby3512,NOOOOOOOOOOOOOOO
0:40:08,@okuriinu8489,parcel no!
0:40:10,@Kiki_myshu,love the clowns
0:40:15,@XxZ0MB1E_K1TTYxX,OH
0:40:15,@agoatheadbaby3512,NNNOOOOOOOOOOOO
0:40:16,@Tamers12345MLP,The clowns just wanna be a part of it
0:40:17,@jurupinga7282,huh
0:40:18,@UngulaPropriaRQ,AHAHHAHAHA HYES 
0:40:19,@applebloom2307,oh god
0:40:19,@UngulaPropriaRQ,YESSSSSSS
0:40:20,@Angelica_Mii,oh god
0:40:21,@JR3Ramirez-f8g,nooo
0:40:22,@haileykitty6993,sneaky lil vampire guy
0:40:22,@hollywareham6810,lol
0:40:22,@SuperCaptainFail,NO SHOT
0:40:24,@Pupicornns,Awwwww parcel yes
0:40:24,@okuriinu8489,oh gods..................
0:40:24,@delta-v4x,Only skyrim ponies for him
0:40:25,@fluttergabe22,stfu Alastor you faker
0:40:25,@Shivery,DO IT
0:40:26,@belastcyr8475,Are we serious right now?
0:40:27,@wheres_waddle1913,toomany wishes
0:40:27,@solarismare,that is multiple wishes
0:40:28,@agoatheadbaby3512,INFLATION I'M CALLING IT NOW
0:40:28,@XxZ0MB1E_K1TTYxX,OH MY GOODNESS
0:40:30,@UngulaPropriaRQ,PARCEL CORE GO GO GO GO
0:40:31,@Shivery,:face-blue-smiling::face-blue-smiling::face-blue-smiling::face-blue-smiling::face-blue-smiling::face-blue-smiling::face-blue-smiling::face-blue-smiling:
0:40:31,@dookyking4lyfe,fr
0:40:31,@jurupinga7282,k lol
0:40:33,@XxZ0MB1E_K1TTYxX,OH MY GODDDDD
0:40:33,@Angelica_Mii,OOP
0:40:34,@White_Hershie,bro future soaring is way too desperate he needs to let big Mac go or kill clean sweep fr
0:40:35,@jo3a548,LOALDOSLADLL
0:40:35,@ok7777-j3s,hell no
0:40:35,@deltaromee,LMAOO OH MY GOD
0:40:36,@læeesz,lol so funny parcel core
0:40:36,@jennythebean9117,Zamn
0:40:36,@LUNN4T1C,oh
0:40:36,@dowweby5470,LMAO
0:40:38,@Leetify.02k,Thats like nine wishes :folded_hands:
0:40:39,@esotericpony,oh hell no
0:40:39,@JorArg-c7s,good job
0:40:40,@Mr_NormalXD,Omg
0:40:40,@agoatheadbaby3512,NOW WHAT
0:40:40,@creamsouda3338,thats like nine wishes-(explosion)
0:40:41,@Koro-sensei-glazer,Lol he does look like Alastor 
0:40:43,@Padtygalaxy,2 mins! Left! 
0:40:43,@XxZ0MB1E_K1TTYxX,HOLY SHITTTTT
0:40:45,@Angelica_Mii,"""That's like 9 wishes"" :collision::collision::collision:"
0:40:46,@Solums,What a twist
0:40:47,@LUNN4T1C,stairs
0:40:47,@UngulaPropriaRQ,OH NO PARCEL CORE 
0:40:50,@XxZ0MB1E_K1TTYxX,OH MY OHMMOGDD
0:40:58,@salemsobased,OH
0:41:00,@Luxie_4444,why does he have a British Accent?
0:41:03,@XxZ0MB1E_K1TTYxX,IM SCREAMING
0:41:05,@hollywareham6810,lol
0:41:06,@wheres_waddle1913,oh
0:41:06,@applebloom2307,bro
0:41:06,@jo3a548,OOOOH
0:41:07,@jennythebean9117,Gay
0:41:07,@JR3Ramirez-f8g,yess
0:41:08,@agoatheadbaby3512,NNNNNOOOOOOOOOOOOOO
0:41:08,@Kiki_myshu,wish for parcel core to become vegan
0:41:08,@wheres_waddle1913,omg
0:41:09,@okuriinu8489,gawdamn
0:41:10,@Shivery,Oh 
0:41:10,@pixelated6451,WHA
0:41:10,@jo3a548,CUCLED
0:41:10,@Leetify.02k,YALL WHAT
0:41:10,@fluttergabe22,:hot_face::hot_face::hot_face::hot_face::hot_face::hot_face:
0:41:10,@UngulaPropriaRQ,DAMN 
0:41:11,@Mr_NormalXD,Gay!!!
0:41:12,@creamsouda3338,YOOOO
0:41:13,@jo3a548,CUCKED
0:41:13,@jennythebean9117,Mac
0:41:13,@jurupinga7282,EW BRO
0:41:13,@lonleystranger,man
0:41:14,@Sweetie-r9p9r,WHAT IS THIS
0:41:15,@Mira-ep3cd,Oh okay!
0:41:15,@wheres_waddle1913,ooh
0:41:15,@Shivery,:face-orange-raised-eyebrow:
0:41:15,@maxzachback,w gay
0:41:15,@Solums,Gay
0:41:15,@Leetify.02k,SOARIN 
0:41:16,@Kiki_myshu,damn
0:41:16,@belastcyr8475,"No, this man is the ultimate rage Mater"
0:41:17,@delta-v4x,My friends! You came!
0:41:18,@XxZ0MB1E_K1TTYxX,oh my
0:41:18,@agoatheadbaby3512,OOOOOOOOOOOOOOOOOOH
0:41:19,@hollywareham6810,lol
0:41:20,@okuriinu8489,GAWDAM JUST POLY
0:41:20,@Leetify.02k,SOARIN U GON LET THAT SLIDE
0:41:20,@jsaenz96,oh?
0:41:20,@UngulaPropriaRQ,BIG MAC'S FACE LMAO 
0:41:22,@NubMcMoofin,:smiling_face_with_hearts::smiling_face_with_hearts:
0:41:22,@October-n2q,This is fire!
0:41:22,@belastcyr8475,This man is a rage beater of rage beaters
0:41:24,@solarismare,bibbly bop
0:41:25,@Leetify.02k,SOARINN
0:41:27,@hollywareham6810,larry
0:41:27,@starburst-burst,the camera angle
0:41:28,@BridgettePatterson-e1n,bibblebop
0:41:28,@Angelica_Mii,awwwww
0:41:29,@haileykitty6993,I love the emo clown
0:41:30,@belastcyr8475,This dude is actually a menace to society
0:41:32,@Shivery,:clown_face::clown_face::clown_face::clown_face::clown_face::clown_face::clown_face:
0:41:32,@trap631,I LOVE THEM
0:41:32,@ImKooka,LAST LAUGH
0:41:33,@UngulaPropriaRQ,LAST LAUGH!!!!!!!!!!!
0:41:33,@MM3rrcuryy,I love last laugh ok
0:41:33,@jo3a548,GAYS
0:41:33,@Luxie_4444,W Crew
0:41:34,@Angelica_Mii,Last Laugh my beloved
0:41:35,@XxZ0MB1E_K1TTYxX,Awww :3
0:41:35,@belastcyr8475,Bro had to go
0:41:35,@SonataDidIt,last laugh!!
0:41:36,@UngulaPropriaRQ,HE'S CANON!!!!!!!
0:41:36,@agoatheadbaby3512,TRI-COLORED JUBILEE
0:41:36,@applebloom2307,I love Last Laugh so so much hes hot
0:41:37,@trap631,they are so cute
0:41:37,@jo3a548,LAOSLSOSLSODLAO
0:41:38,@okuriinu8489,i like the name bipplebop
0:41:39,@Tamers12345MLP,lol wouldn't it be crazy if Last Laugh was secretly evil
0:41:40,@creamsouda3338,who names their kids that bro :loudly_crying_face:
0:41:41,@jennythebean9117,True 
0:41:44,@Padtygalaxy,1 mins left in this episode!
0:41:45,@Wh4td0uw4n7,WHY DID THEY JUST TRY TO CRACK
0:41:46,@XxZ0MB1E_K1TTYxX,Awwww
0:41:46,@NubMcMoofin,:smiling_face_with_hearts::smiling_face_with_hearts::smiling_face_with_hearts:
0:41:48,@solarismare,GAY
0:41:49,@misakayy1911,last laugh my bf
0:41:51,@jennythebean9117,Gay
0:41:52,@XxZ0MB1E_K1TTYxX,yaoi
0:41:52,@BridgettePatterson-e1n,awwwwwwwwww
0:41:53,@jo3a548,CUTE
0:41:53,@belastcyr8475,"Unfortunately, clean sweep needs to go. There is no other way to stop him."
0:41:53,@JorArg-c7s,aaawwwww
0:41:54,@neva773,awwww
0:41:55,@MM3rrcuryy,LAST LAUGH LORE?
0:41:55,@user-3894,omg
0:41:56,@applebloom2307,@Tamers12345MLP not my bby >M<
0:41:56,@dookyking4lyfe,epic ending
0:41:56,@hollywareham6810,lol
0:41:56,@Angelica_Mii,@Tamers12345MLP PLEASEEE :place_of_worship::place_of_worship::place_of_worship:
0:41:57,@Mr_NormalXD,Gay
0:41:59,@belastcyr8475,Like that genuine disrespect
0:42:00,@BridgettePatterson-e1n,LMAO
0:42:00,@jurupinga7282,me and my bf fr
0:42:01,@jo3a548,LAOSLAODLDO
0:42:01,@DOCLOCKLOL,oh
0:42:01,@wheres_waddle1913,ooh
0:42:02,@trap631,LOREEE
0:42:02,@maxzachback,last laugh is evil calling it
0:42:02,@dowweby5470,HUH
0:42:02,@ImKooka,GUH?!
0:42:03,@UngulaPropriaRQ,LMAO
0:42:03,@shadow_sketch200,WHA????
0:42:03,@wheres_waddle1913,huh
0:42:03,@Peejaylew,YOO
0:42:04,@NubMcMoofin,:exploding_head:
0:42:04,@jennythebean9117,Gay
0:42:04,@haileykitty6993,"lol, karma"
0:42:04,@Shivery,Deserved
0:42:04,@wheres_waddle1913,wha
0:42:05,@LUNN4T1C,HUHH
0:42:05,@Angelica_Mii,OH MY GOD REAL
0:42:05,@applebloom2307,wait fr
0:42:06,@Kiki_myshu,oh?
0:42:06,@belastcyr8475,"Oh my God, bro that is actually wild"
0:42:07,@mr.bananaman9805,lmao
0:42:07,@UngulaPropriaRQ,FINALLY PARENTING 
0:42:07,@jo3a548,OH FUCK
0:42:07,@theconfusedasian7685,no shot papa package
0:42:07,@Pupicornns,That’s so hot 
0:42:08,@Shivery,:face-blue-smiling:
0:42:08,@Wh4td0uw4n7,CRINE
0:42:08,@Mr_NormalXD,It’s ok to be gay in ponyville lol
0:42:08,@XxZ0MB1E_K1TTYxX,HUH
0:42:08,@JakesFavorites,what
0:42:09,@JorArg-c7s,AAAAAAHHHHHH
0:42:09,@misakayy1911,WHAT
0:42:09,@agoatheadbaby3512,NNOOOOOOOO
0:42:12,@okuriinu8489,DAD X PIEROTT PONY!
0:42:12,@KennyCarter943,Hello?
0:42:12,@Solums,XD
0:42:13,@neva773,hes fathering
0:42:14,@Mira-ep3cd,THIS IS FMU
0:42:14,@shadow_sketch200,WATWAS THAT
0:42:15,@MrKitsuneOwO,i think i can change last laugh
0:42:18,@JR3Ramirez-f8g,why was he looking at the emo clown
0:42:20,@MinioMicha09,Woah there
0:42:20,@firewolf595,there's no way its almost over'
0:42:22,@KennyCarter943,that's so hot
0:42:25,@salemsobased,oh?
0:42:25,@okuriinu8489,DAD X LAST LAUGH
0:42:28,@jennythebean9117,Breathing Technique 
0:42:28,@salemsobased,oh?
0:42:28,@creamsouda3338,:hushed_face:
0:42:29,@UngulaPropriaRQ,YEAH SQUARE BREATHING 
0:42:30,@salemsobased,oh?
0:42:34,@Kiki_myshu,not the mute pony with the mime one lol
0:42:37,@salemsobased,DAD X LAST LAUGH???
0:42:37,@Shivery,NO
0:42:39,@solarismare,so are they just stuck there
0:42:39,@esotericpony,evil gay clown!?!
0:42:40,@Mira-ep3cd,IS THIS HOW IT ENDS?
0:42:41,@applebloom2307,nooo please no cliffhanger no
0:42:42,@wheres_waddle1913,sexy pigeon song!!
0:42:44,@Padtygalaxy,0 mins left the ep is ending now 
0:42:45,@okuriinu8489,DAD X LAST LAUGH
0:42:47,@fluttergabe22,"okay, wishes sucks"
0:42:54,@jennythebean9117,:O
0:42:55,@jurupinga7282,the horse or pony
0:43:00,@delta-v4x,WISHSLOP
0:43:01,@haileykitty6993,how will they leave?
0:43:01,@wheres_waddle1913,bro just saying shit 
0:43:02,@Kiki_myshu,this is peak
0:43:03,@agoatheadbaby3512,ALL THE STALLIONS ARE STUCK IN THE STAIRCASE DIMENSION
0:43:04,@Padtygalaxy,Cliffhanger
0:43:06,@sukritnajormploy422,dont end this yo
0:43:07,@Ra.-0Hworm,"no more horse yaoi, only horse yuri"
0:43:08,@okuriinu8489,WE NEED TO NAME DADPACKAGE
0:43:12,@creamsouda3338,ABSOLUTE CINEMA.
0:43:14,@UngulaPropriaRQ,OH HE FEELS BETTER ABOUT HIMSELF 
0:43:15,@trap631,YAOI
0:43:17,@Wh4td0uw4n7,Ts so tuff
0:43:19,@Shivery,Cute
0:43:19,@Padtygalaxy,I got a love chiff hangers
0:43:19,@jo3a548,OH FUCK
0:43:19,@trap631,YAOI DIMENSION
0:43:19,@SuperCaptainFail,TAMERS SEALED ALL OF HIS OCS IN A DIMENSION WHERE THEY WILL NEVER ESCAPE
0:43:21,@solarismare,CUTE
0:43:21,@wheres_waddle1913,aw!!
0:43:24,@firewolf595,WHAT
0:43:25,@NubMcMoofin,:saluting_face::saluting_face::saluting_face:
0:43:25,@Mr_NormalXD,Noo
0:43:26,@Tamers12345MLP,Professor Kirin will continue to do bad shit you just know
0:43:26,@firewolf595,THATS IT
0:43:28,@solarismare,THE YAOI DIMENSION
0:43:28,@sukritnajormploy422,oh they got out
0:43:28,@UngulaPropriaRQ,WOW NEW ARM
0:43:30,@Peejaylew,Yess
0:43:30,@neargaming2057,Wait what?!
0:43:31,@Frankiekillerkittybatbug,HELLL YAAAAAAAAAAAAAAHHH
0:43:31,@Shivery,At first I thought it was a ...
0:43:33,@fluttergabe22,only #4 farts today :rolling_on_the_floor_laughing:
0:43:33,@jo3a548,THEY STUXK IN WISH DIMENSION?
0:43:34,@wheres_waddle1913,what?!
0:43:34,@Kiki_myshu,so what happened between the three?
0:43:35,@Sweetie-r9p9r,YAOI
0:43:36,@MM3rrcuryy,this was such a great episode
0:43:37,@salemsobased,no the goat flawless is safe and all the foids
0:43:37,@Leetify.02k,I'm not just trying to look cool :folded_hands:
0:43:37,@jennythebean9117,It ends here for now 
0:43:39,@Luxie_4444,people hating Prof Kirin like he's a actual guy
0:43:41,@UngulaPropriaRQ,wait WHERE IS HIS HORN AND WINGS 
0:43:41,@belastcyr8475,Is that just the end of the series?
0:43:41,@SuperCaptainFail,UNIVERSAL RESET. THE OCS ARE GONE FOREVER
0:43:42,@wheres_waddle1913,yaoi town
0:43:42,@XxZ0MB1E_K1TTYxX,10/10 so peakk
0:43:44,@haileykitty6993,I guess they are in a new world.
0:43:45,@fluttergabe22,peak episode :smiling_face_with_hearts:
0:43:46,@Tamers12345MLP,The clowns will be the key to getting out of the gay wish dimension
0:43:50,@delta-v4x,THEY ARE ALL IN A CLOSET NOW
0:43:51,@hollywareham6810,why did it freeze
0:43:52,@dookyking4lyfe,"apple package lives on, nothing else matters"
0:43:52,@Mr_NormalXD,It’s over :(
0:43:54,@UngulaPropriaRQ,OH WAIT PARCEL CORE IS LITERALLY GOD 
0:43:56,@UngulaPropriaRQ,HAHAHAHA 
0:43:57,@UngulaPropriaRQ,YES 
0:43:57,@stormyyowo,am I late
0:43:58,@KennyCarter943,Yaoiil
0:43:58,@UngulaPropriaRQ,YESSSSSSSSSSS
0:44:00,@okuriinu8489,I need flawless to meet with arinos friend and parcel
0:44:00,@Leetify.02k,"""im not just trying to look cool"" :folded_hands:"
0:44:00,@wheres_waddle1913,Literally a yaoi town
0:44:02,@fluttergabe22,Happy :rainbow_flag: month everyone
0:44:03,@SeriouslySodium,SPOILER12345
0:44:05,@White_Hershie,WTFFFFFF
0:44:06,@shadow_sketch200,Poor future Soarin
0:44:07,@solarismare,ok so I guess this is a new thing now LOL
0:44:07,@Skidum1,yaoi dimension
0:44:07,@XxZ0MB1E_K1TTYxX,awww
0:44:08,@Wh4td0uw4n7,SHUT UP TAMERS NO SPOILERS
0:44:10,@Angelica_Mii,yayyyy
0:44:12,@wheres_waddle1913,Happy Pride!!
0:44:12,@ok7777-j3s,yes
0:44:15,@trap631,yipiiiiieeee
0:44:15,@BridgettePatterson-e1n,happy pride month
0:44:17,@lvy-y8i,𝐮𝐠𝐡
0:44:17,@haileykitty6993,"hey, they can be gay with no problems anymore"
0:44:17,@Kiki_myshu,so everyone will become an apple?
0:44:20,@jsaenz96,yeah tamers shut up
0:44:20,@Fatz12,sure
0:44:25,@belastcyr8475,What wait what the is that just the end of the series it’s just the end of the series man that’s it
0:44:25,@creamsouda3338,AWWWWWW hes still tryna feed his grandson theyre so cute omg
0:44:28,@agoatheadbaby3512,THE STALLION POPULATION IN REAL WORLD IS EVEN SMALLER THAT BEFORE
0:44:29,@NubMcMoofin,:smiling_face_with_hearts::smiling_face_with_hearts::smiling_face_with_hearts:
0:44:29,@UngulaPropriaRQ,WHY LEAVE THE GAY DIMENSION HAHAHA
0:44:32,@Shivery,Why go back to Equestria since they're homophobes
0:44:33,@belastcyr8475,Everything is done???
0:44:35,@Princesscelestiason_starbright,peak ending
0:44:36,@ADWLOVERANDMM2,Get a room
0:44:36,@hollywareham6810,they're definitely going to die
0:44:36,@creamsouda3338,this is like an extra honeymoon for them how cute.
0:44:36,@im-having-a-stroke-lowkey,JUST EAT THE DAMN APPLE SAUCE
0:44:37,@ImKooka,THIS IS SO PEAK
0:44:39,@jennythebean9117,Yaoi horses are stuck in the Yaoi realm 
0:44:40,@NubMcMoofin,:horse::horse::racehorse::racehorse::racehorse::horse::horse:
0:44:40,@lordofshrimps,Why would you go back
0:44:41,@Wh4td0uw4n7,THESE DESIGNS ARE SO PEAK
0:44:41,@KennyCarter943,I wish I could join them
0:44:44,@maxzachback,peak
0:44:44,@NubMcMoofin,:horse:
0:44:44,@UltimateStarky,wow
0:44:45,@jo3a548,oh the gays are in QUARANTINE
0:44:46,@lonleystranger,they're happy and gay yay
0:44:46,@belastcyr8475,It’s just the end that’s just the end
0:44:46,@fluttergabe22,bye everyone
0:44:49,@solarismare,first friend
0:44:50,@sukritnajormploy422,how many minute left
0:44:50,@KennyCarter943,so I could be with friendship
0:44:51,@SonataDidIt,what a good pride month episode
0:44:51,@0neth3g3n1us1,I wish future soarin sees future brab:broken_heart:
0:44:53,@XxZ0MB1E_K1TTYxX,Byee
0:44:54,@wheres_waddle1913,long ahh credits so many names
0:44:54,@læeesz,I can't believe all the yaoi ponies were banished to another dimension
0:44:56,@SeriouslySodium,THEY GREW FOOD OUT OF NOWHERE LOLOLOLOLOL
0:44:57,@maxzachback,w peak
0:44:59,@Eden-199,:smiling_face_with_sunglasses::thumbs_up:
0:44:59,@Tamers12345MLP,@jo3a548 lol you got it
0:45:00,@Fizzyy_Wizzyy,lol
0:45:03,@delta-v4x,All according to Celestia's keikaku
0:45:05,@wheres_waddle1913,aw!!!
0:45:05,@solarismare,HAHA GAY
0:45:06,@KohJhonesItula,wow
0:45:09,@applebloom2307,Boyfriend soon hehehh
0:45:09,@NubMcMoofin,:saluting_face::saluting_face::saluting_face::saluting_face::saluting_face::saluting_face:
0:45:09,@maxzachback,:face-pink-drinking-tea::face-pink-drinking-tea::face-pink-drinking-tea::face-pink-drinking-tea::face-pink-drinking-tea:
0:45:09,@vazquezzavaladarielaalejan6147,Peak 
0:45:10,@creamsouda3338,i thought he was gonna say boyfriend... r.i.p
0:45:11,@wheres_waddle1913,Yaoiville!
0:45:11,@Angelica_Mii,yay
0:45:11,@XxZ0MB1E_K1TTYxX,happy pride
0:45:12,@vdn2468,Great episode
0:45:13,@applebloom2307,SO PEAK
0:45:14,@belastcyr8475,And this is just the end the end of the series man is the end of the series because literally everyone outside the domain is gone everyone no one is alive outside. It’s the end of the series forever.
0:45:14,@vazquezzavaladarielaalejan6147,PEAKK
0:45:16,@wheres_waddle1913,peak
0:45:16,@creamsouda3338,god this episode was amazing
0:45:16,@Angelica_Mii,PEAK
0:45:17,@haileykitty6993,Hopefully they have tomodachi life: living the dream in this world
0:45:17,@hollywareham6810,crazy
0:45:17,@NubMcMoofin,:saluting_face::saluting_face::saluting_face::saluting_face::saluting_face:
0:45:17,@wheres_waddle1913,PEAK
0:45:18,@vazquezzavaladarielaalejan6147,I ATE SO WELL
0:45:18,@ImKooka,RARW
0:45:18,@papafrank769,Peak
0:45:18,@Fizzyy_Wizzyy,tbc
