Date-Time,Author,Message
2025-08-15 17:58:06,Cheeseandblood,"Tamers, thank you for Bardonic, Mindick, Knuxonia, Sleengo, and any other SU ships I can't think of now!"
2025-08-15 17:58:06,C0SM1CH0RR0R,Tamers back must hurt from single handedly carrying the fandom
2025-08-15 17:58:09,Okuri Inu,WHATS GUD TAMERS COMMUNITY
2025-08-15 17:58:14,Rash •,pls have Sunset Shimmer :folded_hands::folded_hands:
2025-08-15 17:58:17,Tootieiscool2004,Ok guys good luck watching this guys!
2025-08-15 17:58:18,ieatrocksanddie,"AnimeGames16, the most awesome duo I mlp DUH they been friends since generations"
2025-08-15 17:58:24,crowpen,yay!!!!!
2025-08-15 17:58:25,Paddy Sparkle (galaxy),1 min
2025-08-15 17:58:26,crowpen,creaming
2025-08-15 17:58:27,Apple Bloom,60 Secooooonds!!!
2025-08-15 17:58:29,Toki420,2 more minutes time for big toke
2025-08-15 17:58:30,𝒞𝒪ℒℬ𝒴!!,IM SO READY CHAT
2025-08-15 17:58:34,G0reFreak,2 MINUTES I'VE BEEN WAITING 1 ½ HOURS FOR THIS
2025-08-15 17:58:34,Arti Loka,oh boy here it comes
2025-08-15 17:58:36,NubMcMoofin,:horse::racehorse::racehorse::horse:
2025-08-15 17:58:42,ieatrocksanddie,SNIPS AND SNAILS
2025-08-15 17:58:46,Okuri Inu,vibrating of excitement as we speak
2025-08-15 17:58:47,Privat ,Hell yea
2025-08-15 17:58:48,SymphonyDawn3,CMC is kinda in between Twixie and Soarinburn arcs
2025-08-15 17:58:49,Toki420,2 hours left of work tho
2025-08-15 17:58:55,pooperdooper,this boutta be peak
2025-08-15 17:59:00,Yurek,I cant wait much longer i might explode
2025-08-15 17:59:04,Rocky road,My heart is racing 
2025-08-15 17:59:08,Privat ,Fr
2025-08-15 17:59:08,G0reFreak,I hope he doesn't repost this one like last time.</33
2025-08-15 17:59:09,Friki Tiki,they made a vow their mother will be found
2025-08-15 17:59:11,Okuri Inu,same
2025-08-15 17:59:11,𝒞𝒪ℒℬ𝒴!!,I hope sweetie bell falls in love with another filly that isn’t Scootalo cuz she’s garbage :skull:
2025-08-15 17:59:15,ieatrocksanddie,tamers should start an arc with snips and snails
2025-08-15 17:59:15,AnimeGames16,:blue_circle::blue_circle::waving_hand:
2025-08-15 17:59:18,FLUTTERGABE 22🐴🦋,":racehorse::racehorse::racehorse::racehorse::racehorse::racehorse: six mares, one kickass story"
2025-08-15 17:59:22,G0reFreak,IM EXPLODING
2025-08-15 17:59:26,Okuri Inu,last time he posted it in wrong fps I thinks
2025-08-15 17:59:27,Connor N,I'm about to pee everywhere I'm so excited
2025-08-15 17:59:27,Elysian,back for another round!
2025-08-15 17:59:41,pooperdooper,this boutta be heat
2025-08-15 17:59:42,G0reFreak,WHO SAID SCOOTALOO IS GARBAGE
2025-08-15 17:59:43,Privat ,I peed 
2025-08-15 17:59:43,SymphonyDawn3,Twixie and Soarinburn arc like Debian and RedHat
2025-08-15 17:59:45,Cosmo Mage,:beaming_face_with_smiling_eyes:
2025-08-15 17:59:47,Friki Tiki,I think it is now 1 year since the Waterpark SU episode and last SU episode
2025-08-15 17:59:48,Irene Desinu (Witch Poof),im so ready
2025-08-15 17:59:50,Okuri Inu,spike and sparky in their villain arc
2025-08-15 17:59:54,Thegoodoldays,I hope sweettie belle takes her eye back from scootaloo
2025-08-15 17:59:57,Elysian,can't wait to see what you've done this time tamers
2025-08-15 17:59:58,ieatrocksanddie,HOLDING ONTO MY SNAILS FIGURINE
2025-08-15 18:00:01,FLUTTERGABE 22🐴🦋,I skatted over excitement
2025-08-15 18:00:05,2ShyShy,what the hell are half the words you're saying
2025-08-15 18:02:06,Sashsuv,im watching from the shower
2025-08-15 18:02:07,Krankten,TAMERSS!!
2025-08-15 18:02:07,Starfluff120 plays,Let’s go!!!
2025-08-15 18:02:07,Okuri Inu,tamers why do u keep posting at the same time as TADC :loudly_crying_face:
2025-08-15 18:02:08,Twilight ,APPLEBLOOM IS BETTER
2025-08-15 18:02:08,Dat random dude,"Tamers,how does it feel to be the Toby Fox of animation!:beaming_face_with_smiling_eyes:"
2025-08-15 18:02:08,Ladisepic,how is applebloom losing
2025-08-15 18:02:08,u.p.R.Q (UngulaPropriaRQ),APPPLE WARRIORS WE OUT HERE 
2025-08-15 18:02:09,Sashsuv,:smiling_face_with_sunglasses:
2025-08-15 18:02:10,keisi ,YAYAYAYAYYAYAA
2025-08-15 18:02:11,RoseyPeach,2
2025-08-15 18:02:12,Thegoodoldays,Scootaloo is best because she's disabled
2025-08-15 18:02:12,G0reFreak,AHHHHHHHHHHHH
2025-08-15 18:02:13,Bell-Bottom Belphie,YESSS
2025-08-15 18:02:14,Niconi filmz,SCOOTALOOO
2025-08-15 18:02:14,SlitherWing,1
2025-08-15 18:02:14,TheTwinny,IT BEGINS
2025-08-15 18:02:15,Prisma,i love all cmc 
2025-08-15 18:02:15,Apple Bloom,Please vote me :(
2025-08-15 18:02:15,Yurek,Its starting
2025-08-15 18:02:15,RoseyPeach,1
2025-08-15 18:02:16,NubMcMoofin,:horse::horse::racehorse::horse::horse::racehorse::horse::horse::racehorse::racehorse::racehorse::racehorse::racehorse:
2025-08-15 18:02:16,dorceless,LETS GOOOOOOOOOO
2025-08-15 18:02:16,keisi ,IM READY IM READY
2025-08-15 18:02:17,FLUTTERGABE 22🐴🦋,here we go
2025-08-15 18:02:18,Ghio,more like stinky belle
2025-08-15 18:02:18,Trap,intro
2025-08-15 18:02:19,TheJazzelCat520,This gonna be epic:heart_on_fire:
2025-08-15 18:02:19,Ladisepic,my fav R.D. club member is carrot top.
2025-08-15 18:02:20,ieatrocksanddie,YAAY
2025-08-15 18:02:20,Catbeanie,Woah 
2025-08-15 18:02:20,Custardd,ITS HAPPENING!!!!!!!
2025-08-15 18:02:21,Yume (Yume),INTRO?
2025-08-15 18:02:21,PrettyPwny,Its time!
2025-08-15 18:02:21,u.p.R.Q (UngulaPropriaRQ),HELL YES 
2025-08-15 18:02:21,Oppaimon,:tired_face::tired_face::tired_face:
2025-08-15 18:02:22,Row,LET'S GO
2025-08-15 18:02:23,Apple Bloom,AAAAAA
2025-08-15 18:02:24,PrettyPwny,INTRO
2025-08-15 18:02:24,fried chicken ,YESSSS
2025-08-15 18:02:24,cough drops,damn she so thug
2025-08-15 18:02:24,Skidum,luv me sweetie belle
2025-08-15 18:02:25,Valory VapeSkin,Already Peak
2025-08-15 18:02:25,TheTwinny,ANIME OP
2025-08-15 18:02:25,Catbeanie,This is gonna be peak
2025-08-15 18:02:25,Krankten,YEAAA
2025-08-15 18:02:26,Jo3a5,ANIME OP
2025-08-15 18:02:26,Cool boy Blues,IKZ
2025-08-15 18:02:26,Nekonnard,the rarity inside me yearns for poop jokes
2025-08-15 18:02:29,Okuri Inu,my gal flawless!
2025-08-15 18:02:29,FLUTTERGABE 22🐴🦋,they're glichin
2025-08-15 18:02:30,VolcaniaV3,NEW INTRO
2025-08-15 18:02:30,Twilight ,"I PRETIDCT CLEAN SWEEP WILL BE HERE, TRUST"
2025-08-15 18:02:31,SonataDidIt,HYPE
2025-08-15 18:02:32,fuffy,:horse::pink_heart:
2025-08-15 18:02:32,Elysian,anime into sats whaaaat!
2025-08-15 18:02:33,Glimmy,ooooh an opening
2025-08-15 18:02:33,SlitherWing,Intro?
2025-08-15 18:02:33,RoseyPeach,ANIME???
2025-08-15 18:02:36,Ikari,Apple Bloom>>>>
2025-08-15 18:02:36,laahocsm001,anime
2025-08-15 18:02:38,ieatrocksanddie,FLAWLESS
2025-08-15 18:02:39,NubMcMoofin,:racehorse::racehorse::racehorse::racehorse::racehorse::racehorse::racehorse::horse::racehorse:
2025-08-15 18:02:39,Prisma,scootaloo love yess
2025-08-15 18:02:39,cough drops,wat was that
2025-08-15 18:02:39,u.p.R.Q (UngulaPropriaRQ),THIS INTRO IS INSANE????
2025-08-15 18:02:41,2ShyShy,oh
2025-08-15 18:02:44,nanamei,solid color tail flawless
2025-08-15 18:02:45,TheTwinny,SO WEEB
2025-08-15 18:02:45,Lance,Ive heated up my special eggos mini confetti pancakes just for this
2025-08-15 18:02:46,Aromaticgrassitem,killer anime op
2025-08-15 18:02:46,Scall0p,Woah an intro 
2025-08-15 18:02:47,Prisma,this is so fire
2025-08-15 18:02:48,FLUTTERGABE 22🐴🦋,the intro is :fire::fire::fire::fire::fire::fire::fire:
2025-08-15 18:02:48,RhiNitrous_Beetle,wait COCO POMMEL???
2025-08-15 18:02:49,fried chicken ,ts tuff
2025-08-15 18:02:49,Bell-Bottom Belphie,THIS GOES HARD :hundred_points::hundred_points::hundred_points:
2025-08-15 18:02:50,1010011010 Forever,Oh my god
2025-08-15 18:02:52,[SHRIMP],AYO
2025-08-15 18:02:53,Twilight ,DAYBREAKER
2025-08-15 18:02:53,Shadowkiller_930,PEAK
2025-08-15 18:02:54,Custardd,FIREEE
2025-08-15 18:02:54,fuffy,if clean sweep foesnt appear ill jump
2025-08-15 18:02:54,nanamei,rarity
2025-08-15 18:02:57,Thegoodoldays,Daybreaker?
2025-08-15 18:02:59,omengi,YESSSSS
2025-08-15 18:02:59,Twilight ,OMG DAYBREAKER
2025-08-15 18:02:59,Prisma,witch flawless?!?!?!?
2025-08-15 18:02:59,Thrawn0089,It's so edgy. It's perfect!
2025-08-15 18:03:00,Yurek,was that arinos wings
2025-08-15 18:03:00,cough drops,whos this tamers guy
2025-08-15 18:03:00,fuffy,oh ky god
2025-08-15 18:03:01,Dude,AAAA
2025-08-15 18:03:01,Oppaimon,Tamers is so badass
2025-08-15 18:03:02,Ladisepic,carrot top is the best rainbow dash club member.......
2025-08-15 18:03:03,cough drops,wat a weirdo
2025-08-15 18:03:04,Ghio,oh boy day breaker
2025-08-15 18:03:04,Shivery,omg
2025-08-15 18:03:04,fuffy,my life is saved
2025-08-15 18:03:06,Twilight ,WHIS THAT OMG?
2025-08-15 18:03:07,ieatrocksanddie,this is so peak
2025-08-15 18:03:08,Drelostams,starlight glimmer!
2025-08-15 18:03:08,[SHRIMP],Flawless mention
2025-08-15 18:03:09,G0reFreak,THIS JS SO COOL
2025-08-15 18:03:10,TheTwinny,How does Tamers know who Daybreaker is...
2025-08-15 18:03:13,Hyloaf,kino
2025-08-15 18:03:15,Prisma,scorching twilight returns?!?!
2025-08-15 18:03:15,cough drops,this is og shit 
2025-08-15 18:03:15,Agent_Mothman_SE,Remember this song from SU
2025-08-15 18:03:16,TheTwinny,RECAP
2025-08-15 18:03:16,Ikari,sick opening
2025-08-15 18:03:16,dorceless,WHY IS THIS SO EPIC?
2025-08-15 18:03:17,Silveevee,:virtualhug:
2025-08-15 18:03:18,[SHRIMP],NOT THIS SONG
2025-08-15 18:03:18,C0SM1CH0RR0R,Peak Intro
2025-08-15 18:03:20,cough drops,straight from the hood
2025-08-15 18:03:20,Oppaimon,OH SHIT
2025-08-15 18:03:22,omengi,I’m gonna nut out of happiness 
2025-08-15 18:03:24,Thegoodoldays,Tamers is my favorite shonen
2025-08-15 18:03:24,Aromaticgrassitem,CLOWN GANGALANG!!!
2025-08-15 18:03:25,silly billy,its all over the screen
2025-08-15 18:03:26,Hikouma,WTF
2025-08-15 18:03:26,sol,PONYTOEN
2025-08-15 18:03:27,RoseyPeach,WHATTT
2025-08-15 18:03:29,Prisma,ahhhh
2025-08-15 18:03:29,Kraggeraa -,wtf Top 10 Anime Openings
2025-08-15 18:03:29,Twilight ,ANOTHER CLOWN YEZSZZZ
2025-08-15 18:03:29,PrettyPwny,Holy
2025-08-15 18:03:29,1010011010 Forever,Is this the mare ver of friendship?
2025-08-15 18:03:30,dorceless,DEAD TRIXIE
2025-08-15 18:03:31,ChocySlushy,I know that ur here pugs gayboy
2025-08-15 18:03:32,Okuri Inu,I ship flawless x arinos and arinos x friend :pensive_face:
2025-08-15 18:03:32,G0reFreak,twighlight with the lesbian hair
2025-08-15 18:03:33,Prisma,ponytwon omg
2025-08-15 18:03:33,u.p.R.Q (UngulaPropriaRQ),YO WTF 
2025-08-15 18:03:35,Bell-Bottom Belphie,Dark Version
2025-08-15 18:03:35,NubMcMoofin,:exploding_head:
2025-08-15 18:03:35,Thegoodoldays,Evil flawless?
2025-08-15 18:03:36,cough drops,based clown enjoyers
2025-08-15 18:03:36,Twilight ,PO YTOWN LMAO
2025-08-15 18:03:37,fuffy,ts is tuff
2025-08-15 18:03:39,PrettyPwny,Lol Ponytown
2025-08-15 18:03:39,Shadowkiller_930,PONYTOW
2025-08-15 18:03:40,SonataDidIt,YAY
2025-08-15 18:03:41,[SHRIMP],AMAZING
2025-08-15 18:03:41,Apple Bloom,Ponytown!!
2025-08-15 18:03:42,¿quien -,PONY TOWN
2025-08-15 18:03:42,TheTwinny,NEW NAME
2025-08-15 18:03:42,Trap,Greta intro lil bro
2025-08-15 18:03:45,SlitherWing,Friendship is flawless goes so hard
2025-08-15 18:03:46,Jeramiha Peters,Trixie dead?
2025-08-15 18:03:47,Paddy Sparkle (galaxy),Teenager fawless? 
2025-08-15 18:03:51,u.p.R.Q (UngulaPropriaRQ),BUT IT'S APPLE SPLIT'S SHOW?????
2025-08-15 18:03:52,Prisma,aw ants on a log 
2025-08-15 18:03:53,Sashsuv,who else watching from the shower
2025-08-15 18:03:54,Shadowkiller_930,The RD costume is peak
2025-08-15 18:03:55,Snupie the Rat,HOLY SHIT THAT INTRO WAS INSANE
2025-08-15 18:03:58,Jo3a5,OH DUCK
2025-08-15 18:03:58,Lance,Everyone sybau
2025-08-15 18:03:59,dorceless,arinos x flawless is a crack ship i need
2025-08-15 18:04:01,[SHRIMP],Oh my god
2025-08-15 18:04:04,Twilight ,no lunchly?
2025-08-15 18:04:04,Thegoodoldays,OH DAMN 
2025-08-15 18:04:07,[SHRIMP],I forgot they existed here
2025-08-15 18:04:07,G0reFreak,KYS DIAMOND TIARA
2025-08-15 18:04:08,Struckeo,omg more yuri so refreshing after all the yaoi 
2025-08-15 18:04:09,cough drops,NOOO SWEETER BELL 
2025-08-15 18:04:10,Alan Carlson,That voice
2025-08-15 18:04:12,FLUTTERGABE 22🐴🦋,Rainbow Dash merch
2025-08-15 18:04:14,nanamei,WHO TF?
2025-08-15 18:04:15,daniel larson,LMAO
2025-08-15 18:04:15,ieatrocksanddie,WHAT IS THST VOICE
2025-08-15 18:04:16,Thegoodoldays,Diamond tiara and silver spoon lmao
2025-08-15 18:04:16,Shivery,worst pony
2025-08-15 18:04:16,laahocsm001,didnt she die?
2025-08-15 18:04:17,NubMcMoofin,:rainbow:
2025-08-15 18:04:17,TamersOfficial,lol
2025-08-15 18:04:17,VaFail,oh no the bullies 
2025-08-15 18:04:19,Bell-Bottom Belphie,Real VA?
2025-08-15 18:04:19,cough drops,ME
2025-08-15 18:04:20,fuffy,“whos tiara”
2025-08-15 18:04:21,Ice Lotus Dragon,voice acting?
2025-08-15 18:04:21,Jo3a5,LMASODASDMQSADO
2025-08-15 18:04:21,[SHRIMP],OH MY GOD
2025-08-15 18:04:21,Arti Loka,yo voice acting
2025-08-15 18:04:23,Ladisepic,SILVER SPOONS TTS VOICE IS SO FUNNY
2025-08-15 18:04:24,TheTwinny,GREAT VOICE
2025-08-15 18:04:25,dorceless,lol
2025-08-15 18:04:26,PrettyPwny,Oh shit Silver Spoon is the dom
2025-08-15 18:04:27,Bell-Bottom Belphie,Lmao
2025-08-15 18:04:30,Shudda Fukkup,Based
2025-08-15 18:04:32,Silveevee,xd
2025-08-15 18:04:32,RhiNitrous_Beetle,APPLE BLOOM LOST THE POLLS? TAKE IT ALL DOWN
2025-08-15 18:04:32,cough drops,she would never be gay!!
2025-08-15 18:04:33,FLUTTERGABE 22🐴🦋,one :racehorse::dashing_away:
2025-08-15 18:04:33,[SHRIMP],This is not the right direction their relationship is in the show
2025-08-15 18:04:35,Ice Lotus Dragon,w
2025-08-15 18:04:37,Oppaimon,SHASTA
2025-08-15 18:04:38,Apple Bloom,Always was the dom
2025-08-15 18:04:38,Okuri Inu,I drew arinos x flawless on bluesky cause theres no fan art of it
2025-08-15 18:04:38,Bell-Bottom Belphie,LMFAOOO
2025-08-15 18:04:41,fuffy,Ok:wilted_flower:
2025-08-15 18:04:42,PrettyPwny,Shasta
2025-08-15 18:04:45,Yurek,THE VOICES ARE SO FUNNY
2025-08-15 18:04:45,Diego 354,VA
2025-08-15 18:04:46,vivi,LOL
2025-08-15 18:04:46,Kraggeraa -,Scoot put that coat away you're scaring all the ladies
2025-08-15 18:04:48,Lance,HELP LOL
2025-08-15 18:04:50,Joaquin Perez,damn
2025-08-15 18:04:50,cough drops,this is me
2025-08-15 18:04:50,Bell-Bottom Belphie,DAMN
2025-08-15 18:04:54,TamersOfficial,Shasta Cola is actually the shit to be fair
2025-08-15 18:04:54,nanamei,is that a real human or am I crazy
2025-08-15 18:04:54,TheTwinny,MIRRORED
2025-08-15 18:04:55,fuffy,STOPLDNANFJA
2025-08-15 18:04:57,Jenny The Bean,I miss the first few minutes :loudly_crying_face:
2025-08-15 18:04:58,PrettyPwny,Cheerilee
2025-08-15 18:04:59,ieatrocksanddie,snails
2025-08-15 18:04:59,Agent_Mothman_SE,Wait are these real VAs?
2025-08-15 18:04:59,dorceless,damn... diamond tiara laying down truth bombs
2025-08-15 18:05:01,ieatrocksanddie,SNAILS
2025-08-15 18:05:01,Alan Carlson,Smoking
2025-08-15 18:05:03,[SHRIMP],Actual art
2025-08-15 18:05:06,NubMcMoofin,:cigarette::horse:
2025-08-15 18:05:06,Jenny The Bean,Don’t smoke!
2025-08-15 18:05:06,Twilight ,cola is superior
2025-08-15 18:05:06,TheTwinny,Cheerilee is having a bad day huh
2025-08-15 18:05:07,Okuri Inu,scootaloo has the power to fight uncle samsonite
2025-08-15 18:05:08,Ladisepic,minimum wage cheerilee
2025-08-15 18:05:09,Valory VapeSkin,Cheerilee Mood
2025-08-15 18:05:09,daniel larson,not cheerilee smoking
2025-08-15 18:05:10,[SHRIMP],Well non tamers art
2025-08-15 18:05:10,Idle Mind,whose cheeralee art is that
2025-08-15 18:05:11,Shadowkiller_930,River cola=best cola il fight u for it fr fr
2025-08-15 18:05:13,ieatrocksanddie,SNAILS
2025-08-15 18:05:14,Don shade,two scootaloos
2025-08-15 18:05:15,G0reFreak,CHERILY WITH THE CIGGERETTE :loudly_crying_face:
2025-08-15 18:05:15,ieatrocksanddie,SNAILS
2025-08-15 18:05:15,Summer Sonne,WTF jewtume ask to confirm age
2025-08-15 18:05:16,C0SM1CH0RR0R,Cheerilee going through it
2025-08-15 18:05:17,Shivery,average teachers
2025-08-15 18:05:19,Bell-Bottom Belphie,I LOVE PIZZA LUNCHABLES
2025-08-15 18:05:20,TheTwinny,Am glad Tamers didn't have them eat that shitty Lunchly shit
2025-08-15 18:05:21,ieatrocksanddie,OMG I SAW SNAILS
2025-08-15 18:05:22,daniel larson,someone sabe cheerilee
2025-08-15 18:05:25,u.p.R.Q (UngulaPropriaRQ),damn
2025-08-15 18:05:26,cough drops,damn they have adealer just like that
2025-08-15 18:05:27,Poka Death Pony,cheerlie been thrugh this shit for far too long
2025-08-15 18:05:27,Oppaimon,SPLORT
2025-08-15 18:05:28,ieatrocksanddie,SNAILS
2025-08-15 18:05:28,Twilight ,ew raisins
2025-08-15 18:05:30,Prisma,pink applebloom
2025-08-15 18:05:32,TheTwinny,Daw that was nice
2025-08-15 18:05:31,Toki420,(You)
2025-08-15 18:05:32,Jo3a5,Frens
2025-08-15 18:05:33,ieatrocksanddie,OMG I SAW SNAILS AGAIN
2025-08-15 18:05:33,G0reFreak,ew raisens
2025-08-15 18:05:35,Summer Sonne,it's time to stream not on this shitty platform
2025-08-15 18:05:37,Nocti_Tea,mlem
2025-08-15 18:05:40,fuffy,TWO SCOOTSLOOS
2025-08-15 18:05:41,🌈𝓜𝓲𝓵𝓵𝓮𝓻 𝓣𝓱𝓮 𝓒𝓱𝓪𝓻𝓶𝓲𝓷𝓰 𝓜𝓪𝓰𝓲𝓬𝓪𝓵 𝓑𝓸𝔂💫,nostalgia snack
2025-08-15 18:05:41,Shadowkiller_930,smash
2025-08-15 18:05:42,Lance,Does anyone want some of my eggos mini confetti pancakes and Eggos mmini chocolate french toast
2025-08-15 18:05:46,ieatrocksanddie,ITS SNAILS
2025-08-15 18:05:46,dorceless,THATS WHAT ANTS ON A LOG IS
2025-08-15 18:05:48,🌈𝓜𝓲𝓵𝓵𝓮𝓻 𝓣𝓱𝓮 𝓒𝓱𝓪𝓻𝓶𝓲𝓷𝓰 𝓜𝓪𝓰𝓲𝓬𝓪𝓵 𝓑𝓸𝔂💫,so cute
2025-08-15 18:05:48,ieatrocksanddie,SNAILS
2025-08-15 18:05:49,DoomGrey,that feel when the video is age restricted and thus can't embed it
2025-08-15 18:05:49,Thegoodoldays,lmao
2025-08-15 18:05:52,dorceless,IT HAS RAISINS
2025-08-15 18:05:53,ieatrocksanddie,SNAILS IS HERE
2025-08-15 18:05:54,Oppaimon,OMG SNAILS
2025-08-15 18:05:56,omengi,AWH MY BABY
2025-08-15 18:05:59,cough drops,i wish that was me
2025-08-15 18:06:04,PrettyPwny,Infect the whole class with gay
2025-08-15 18:06:05,vivi,D:
2025-08-15 18:06:05,ieatrocksanddie,SNAILS IS IN THE TAMERS UNIVERSE
2025-08-15 18:06:05,[SHRIMP],Wow they're nice????
2025-08-15 18:06:06,Bell-Bottom Belphie,Awe
2025-08-15 18:06:06,2ShyShy,happy pride month
2025-08-15 18:06:07,TheTwinny,Dash onesies
2025-08-15 18:06:07,G0reFreak,aww sweetie bell
2025-08-15 18:06:08,Prisma,awww baby 
2025-08-15 18:06:11,Double J,oh no not another one
2025-08-15 18:06:11,u.p.R.Q (UngulaPropriaRQ),awwww
2025-08-15 18:06:16,jamie ng,awww
2025-08-15 18:06:17,ieatrocksanddie,SNAILS IS HERE
2025-08-15 18:06:21,TamersOfficial,Scootaloo looks stupid as shit in that outfit.
2025-08-15 18:06:22,Jenny The Bean,Sweetie Belle go for it you little homo!
2025-08-15 18:06:25,NubMcMoofin,:rainbow::rainbow:
2025-08-15 18:06:25,Shadowkiller_930,@Snupie the Rat this is peak ^^
2025-08-15 18:06:27,daniel larson,LMFAO
2025-08-15 18:06:29,Lance,Some of theseppl here like children….
2025-08-15 18:06:31,G0reFreak,i need a rainbowdash onesie like that
2025-08-15 18:06:32,fuffy,scootaloo always looks stupid
2025-08-15 18:06:32,Prisma,shes adorable 
2025-08-15 18:06:32,cough drops,tamers dont diss the goats 
2025-08-15 18:06:33,Ghio,that outfit makes her look fat
2025-08-15 18:06:34,ieatrocksanddie,SNAILS IS THE BEST CHARACTER IN HERE
2025-08-15 18:06:34,laahocsm001,hobby indeed
2025-08-15 18:06:35,DITU ,cute
2025-08-15 18:06:35,Thegoodoldays,2 years lmao
2025-08-15 18:06:36,Silveevee,2 years??
2025-08-15 18:06:36,[SHRIMP],WHAT
2025-08-15 18:06:37,Struckeo,no she dosen't wth 
2025-08-15 18:06:38,Trap,she looks autistic
2025-08-15 18:06:39,daniel larson,wtf
2025-08-15 18:06:41,Aromaticgrassitem,Scoots is kinda homobonono
2025-08-15 18:06:42,Paddy Sparkle (galaxy),Collect her hair
2025-08-15 18:06:42,Apple Bloom,based
2025-08-15 18:06:42,BlackKanye,kek
2025-08-15 18:06:43,Gaalnr,lol
2025-08-15 18:06:43,AnimeGames16,I agree Tamers.
2025-08-15 18:06:45,Aurapone,not gay at all
2025-08-15 18:06:46,Custardd,huh
2025-08-15 18:06:46,PrettyPwny,"""not gay"""
2025-08-15 18:06:46,daniel larson,WHAT
2025-08-15 18:06:47,TheTwinny,Scoots....wtf
2025-08-15 18:06:47,Oppaimon,:eyes:
2025-08-15 18:06:47,Valory VapeSkin,Based hobby
2025-08-15 18:06:48,Bell-Bottom Belphie,SCOOTALOO FOUND MY OLD RAINBOW DASH HOODIE
2025-08-15 18:06:49,vivi,LIK
2025-08-15 18:06:50,2ShyShy,so real
2025-08-15 18:06:50,Jo3a5,lmao
2025-08-15 18:06:50,mlpfimguy,tru
2025-08-15 18:06:50,leviation saber,:face-fuchsia-wide-eyes::face-fuchsia-wide-eyes:
2025-08-15 18:06:50,ieatrocksanddie,OMG SNAILS I LOVE YOU
2025-08-15 18:06:50,Shivery,fbi
2025-08-15 18:06:51,Jojo,Oh!
2025-08-15 18:06:52,Agent_Mothman_SE,Wtf
2025-08-15 18:06:53,Struckeo,nevermind actually 
2025-08-15 18:06:53,vivi,LOL??
2025-08-15 18:06:53,Twilight ,did people forget rarity was gay with applejack
2025-08-15 18:06:55,[SHRIMP],OKAY
2025-08-15 18:06:55,dorceless,true Scootaloo
2025-08-15 18:06:56,NubMcMoofin,:smiling_face_with_hearts::smiling_face_with_hearts:
2025-08-15 18:06:56,G0reFreak,scootaloo omg
2025-08-15 18:06:57,Reine,kek
2025-08-15 18:06:57,u.p.R.Q (UngulaPropriaRQ),ASSBLASTER THUNDERBOLT
2025-08-15 18:06:58,PrettyPwny,Horse
2025-08-15 18:06:59,DoomGrey,wowza
2025-08-15 18:06:59,Double J,they are 4 years old
2025-08-15 18:07:00,Prisma,hoot!
2025-08-15 18:07:01,daniel larson,ASSBLASTER
2025-08-15 18:07:01,Jo3a5,horse4
2025-08-15 18:07:02,[SHRIMP],TOO MUCH INFORMATION
2025-08-15 18:07:02,ieatrocksanddie,SNAILS IS SO AWSOMESAUXE
2025-08-15 18:07:02,Yurek,ass blaster thunderbolt???
2025-08-15 18:07:03,Silveevee,horse
2025-08-15 18:07:04,Agent_Mothman_SE,Afraid Pinkie Pie is gonna beat her to it
2025-08-15 18:07:04,Thegoodoldays,Assblaster thunderbolt the goat
2025-08-15 18:07:04,Trap,wtf
2025-08-15 18:07:06,Skidum,lmaoooo
2025-08-15 18:07:06,Chris,more lines than she had in the show
2025-08-15 18:07:07,Aromaticgrassitem,dat smile
2025-08-15 18:07:08,ieatrocksanddie,YEAHH SNAILSS
2025-08-15 18:07:08,FLUTTERGABE 22🐴🦋,I'm autistic
2025-08-15 18:07:11,TheTwinny,LMAO
2025-08-15 18:07:11,PrettyPwny,That face
2025-08-15 18:07:13,Bell-Bottom Belphie,A
2025-08-15 18:07:13,daniel larson,assblaster thunderbolt
2025-08-15 18:07:13,Scall0p,Assblaster thunderbolt is a cool name tho ngl 
2025-08-15 18:07:14,VolcaniaV3,THE CENSORED VERSION IS STILL GOOD
2025-08-15 18:07:14,Twilight ,that damn smirk
2025-08-15 18:07:15,dorceless,wow
2025-08-15 18:07:15,Ladisepic,shes so humble and understanding
2025-08-15 18:07:16,TheTwinny,THAT FACE
2025-08-15 18:07:16,NubMcMoofin,:smiling_face_with_hearts:
2025-08-15 18:07:18,Jenny The Bean,She best friend 
2025-08-15 18:07:18,[SHRIMP],Lol?
2025-08-15 18:07:19,Paddy Sparkle (galaxy),No teeth
2025-08-15 18:07:21,The Weird Kitty,She is trying to make rainbow dash catch a case
2025-08-15 18:07:24,Shivery,:grimacing_face:
2025-08-15 18:07:27,Jo3a5,LAMSDOAS
2025-08-15 18:07:27,ieatrocksanddie,IM PISSING BECAUSE SNAILS IS HERE
2025-08-15 18:07:27,dorceless,I need to draw assblaster thunderbolt
2025-08-15 18:07:29,Oppaimon,AMIRITW
2025-08-15 18:07:29,Prisma,coco!!!
2025-08-15 18:07:32,2ShyShy,omg coco
2025-08-15 18:07:33,Thegoodoldays,Its gogo poweranger
2025-08-15 18:07:33,G0reFreak,oh
2025-08-15 18:07:34,Silveevee,xDDD
2025-08-15 18:07:34,TamersOfficial,Scootaloo is such a good friend
2025-08-15 18:07:34,Chimpston,IM LATE
2025-08-15 18:07:36,ieatrocksanddie,SNAILS OH YEAHH
2025-08-15 18:07:36,Jo3a5,yay
2025-08-15 18:07:38,fuffy,snails sucks
2025-08-15 18:07:38,TheTwinny,"""my little pony supermarket"""
2025-08-15 18:07:39,Silveevee,lmao Coco
2025-08-15 18:07:39,Lance,No one wants my eggos mini confetti pancakdz
2025-08-15 18:07:39,Glimmy,oh shit here i5 comes
2025-08-15 18:07:40,[SHRIMP],SO OLD
2025-08-15 18:07:40,Shivery,eww frozen
2025-08-15 18:07:41,Double J,autism
2025-08-15 18:07:42,Jenny The Bean,Best taste
2025-08-15 18:07:43,Agent_Mothman_SE,Her hat
2025-08-15 18:07:43,G0reFreak,yeah get cocoa puffs
2025-08-15 18:07:43,Twilight ,Coco pommel in the shopping cart ! ! !
2025-08-15 18:07:44,Grim Tidings,A little late but I'm here in time for Coco!
2025-08-15 18:07:44,kaleb,GREAT CEREAL CRISIS MENTIONED
2025-08-15 18:07:44,Jo3a5,Coco <3
2025-08-15 18:07:46,ieatrocksanddie,SNAILS STOLE THE SHOW
2025-08-15 18:07:46,Oppaimon,IT'S SNAILS
2025-08-15 18:07:47,Apple Bloom,Yaaay!! more lesbian horses!
2025-08-15 18:07:51,[SHRIMP],Ok
2025-08-15 18:07:51,Bell-Bottom Belphie,GET THE SONIC THE :hedgehog: FRUIT SNACKS BRO
2025-08-15 18:07:53,dorceless,I thought Suri was RICH
2025-08-15 18:07:53,Ladisepic,tamers does carrot top appear this episode
2025-08-15 18:07:53,Twilight ,sweet tarts are nasty
2025-08-15 18:07:55,BlackKanye,Brother
2025-08-15 18:07:57,Jenny The Bean,Why so many ropes?
2025-08-15 18:07:59,vivi,sweettarts
2025-08-15 18:08:00,nanamei,we speny all the money on ropes
2025-08-15 18:08:02,[SHRIMP],That shit is not that good
2025-08-15 18:08:02,PrettyPwny,Lol
2025-08-15 18:08:03,Shadowkiller_930,"ah yes, MISS POMMEL"
2025-08-15 18:08:03,Gaalnr,rest in peace fart scene
2025-08-15 18:08:04,Jo3a5,LAMSDAOSDASMD
2025-08-15 18:08:05,VolcaniaV3,SURI SMOKING IS BAD FOR U
2025-08-15 18:08:07,NubMcMoofin,:cigarette::horse::cigarette::horse:
2025-08-15 18:08:08,fuffy,weet tart ropes yum
2025-08-15 18:08:09,Shadowkiller_930,we know 0_0
2025-08-15 18:08:09,[SHRIMP],Amazing
2025-08-15 18:08:10,leviation saber,lol
2025-08-15 18:08:10,SonataDidIt,Horrifying 
2025-08-15 18:08:11,dorceless,true Suri true
2025-08-15 18:08:12,ieatrocksanddie,SNAILS YOU ARE SO COOL
2025-08-15 18:08:18,stormi,:face-fuchsia-tongue-out:
2025-08-15 18:08:19,Jenny The Bean,Horse toilet paper 
2025-08-15 18:08:20,TheTwinny,Horses use toilet paper...?
2025-08-15 18:08:20,fuffy,LOL
2025-08-15 18:08:23,G0reFreak,WHAT
2025-08-15 18:08:26,Aromaticgrassitem,seizure
2025-08-15 18:08:26, Future Lord Shadow King RDW👑,cool:face_blowing_a_kiss:
2025-08-15 18:08:27,cough drops,this is me
2025-08-15 18:08:28,Jo3a5,lmasmldasoda
2025-08-15 18:08:30,Shadowkiller_930,Snipps>Snails any day of the week change my mind
2025-08-15 18:08:31,Jenny The Bean,Coco is right!
2025-08-15 18:08:31,ieatrocksanddie,SNAILS PLEASE COME BACK
2025-08-15 18:08:32,Bell-Bottom Belphie,LMAO
2025-08-15 18:08:32,cough drops,nooooo
2025-08-15 18:08:33,Alan Carlson,Glitch
2025-08-15 18:08:33,vivi,lmfaoooo
2025-08-15 18:08:33,Yurek,just lick it clean atp
2025-08-15 18:08:34,Jo3a5,blinko
2025-08-15 18:08:36,Idle Mind,smoeone help that mare
2025-08-15 18:08:36,dorceless,FLICKER HORSE
2025-08-15 18:08:36,G0reFreak,The school toilet paper </3
2025-08-15 18:08:36,daniel larson,pew pew
2025-08-15 18:08:36,Lance,Doomed yuri
2025-08-15 18:08:40,SymphonyDawn3,raindrops
2025-08-15 18:08:41,PrettyPwny,Suri is right
2025-08-15 18:08:42,haggidy Andfranku,"Glitch, the pony"
2025-08-15 18:08:42,Thegoodoldays,pee r
2025-08-15 18:08:42,VolcaniaV3,@NubMcMoofin ur PFP is LITERALLY MORGANA
2025-08-15 18:08:43,cough drops,true
2025-08-15 18:08:43,Jo3a5,WHITEW
2025-08-15 18:08:44,Custardd,Lick it up
2025-08-15 18:08:45,TheTwinny,"Whoops, kept the botch in"
2025-08-15 18:08:45,TheJazzelCat520,Hehe blinking pony
2025-08-15 18:08:46,Alan Carlson,Why flicker
2025-08-15 18:08:47,Prisma,moshi moshi omg
2025-08-15 18:08:48,PrettyPwny,Moshi Moshi
2025-08-15 18:08:48,fuffy,they barely use toilet paper in this world bru
2025-08-15 18:08:50,Shivery,lmao the background pony
2025-08-15 18:08:50,BlackKanye,lol
2025-08-15 18:08:51,Scall0p,That one pony flashing in and out of existence 
2025-08-15 18:08:53,TamersOfficial,Was that a fucking ghost? What the fuck?
2025-08-15 18:08:54,Bell-Bottom Belphie,AAAAAA
2025-08-15 18:08:56,Paddy Sparkle (galaxy),Wtf why that pony blink in out exit
2025-08-15 18:08:56,Jenny The Bean,Don’t smoke you wee boo 
2025-08-15 18:08:59,DoomGrey,:ilovethem: rainshine
2025-08-15 18:08:59,Silveevee,the switchup
2025-08-15 18:09:01,Custardd,TAMERS
2025-08-15 18:09:03,daniel larson,sucky tan ducky doo
2025-08-15 18:09:03,ieatrocksanddie,SHADOW SNIPS AND SNAILS ARE BOTH EQUAL BECAUSE THEY'RE BOTH DUMB GAY UNICORN PONIES
2025-08-15 18:09:04,Bell-Bottom Belphie,RAINDROPS
2025-08-15 18:09:05,Aromaticgrassitem,THEY ARE TRUE PATRIOTS SHOPPING AT WALMART GOD BLESS MURICA
2025-08-15 18:09:06,Apple Bloom,scawy :(
2025-08-15 18:09:08,Twilight ,AHHHH IM AO TERRIFIED RIGHT NOW
2025-08-15 18:09:09,Poka Death Pony,ghost horse go BURRR
2025-08-15 18:09:11,Kraggeraa -,Coco <3
2025-08-15 18:09:12,Thegoodoldays,What remains of the changeling kingdom anyway lol
2025-08-15 18:09:13,ieatrocksanddie,IS THAT WALMART
2025-08-15 18:09:13,Lance,Why is tamers acting like a bot r his messages like presended
2025-08-15 18:09:14,DoomGrey,:ilovethem: cute coco
2025-08-15 18:09:14,Jo3a5,CHRYSALLYS
2025-08-15 18:09:15,fuffy,this is going to be plot relevant isnt it
2025-08-15 18:09:16,Elendil,HELL YEAH CHRYSALIS FINALLY
2025-08-15 18:09:17,[SHRIMP],Chrysalis?
2025-08-15 18:09:18,ieatrocksanddie,ANWYAYS SNAILSS
2025-08-15 18:09:19,TurboSplash,:sunbeam:
2025-08-15 18:09:20,Jenny The Bean,Changling 
2025-08-15 18:09:20,Custardd,A G-G-G-GHOST!?!?!?!
2025-08-15 18:09:20,TheTwinny,Waffle House!
2025-08-15 18:09:23,Arsenal Shipka,can we get an episode about this ghost
2025-08-15 18:09:23,Shivery,those aren't ponies in background
2025-08-15 18:09:23,G0reFreak,the waffle house
2025-08-15 18:09:24,Jo3a5,YAY
2025-08-15 18:09:25, Future Lord Shadow King RDW👑,i love it so much :smiling_face_with_hearts::smiling_face_with_heart_eyes::star_struck::face_blowing_a_kiss::smiling_face_with_sunglasses:
2025-08-15 18:09:28,Twilight ,walmart is cannon in mlp now
2025-08-15 18:09:28,ieatrocksanddie,MORE SNAILS PLSS
2025-08-15 18:09:29,laahocsm001,wasnt shiining a mare now?
2025-08-15 18:09:29,Shadowkiller_930,@ieatrocksanddie I will agree with that
2025-08-15 18:09:32,PrettyPwny,LUL
2025-08-15 18:09:32,TamersOfficial,If this part with Suri and Coco feels like it's going by fast it's because this was the 2 minute scene I had to remove
2025-08-15 18:09:34,Okuri Inu,chrysalis mentioned! PLEASE I KISSED HER
2025-08-15 18:09:35,Poka Death Pony,HELL YA WAFFLE HOUSE
2025-08-15 18:09:35,Bell-Bottom Belphie,When Did Walmart Get A EM Lash Place
2025-08-15 18:09:37,Okuri Inu,missed
2025-08-15 18:09:37,Jo3a5,YAYA
2025-08-15 18:09:37,Jenny The Bean,Get protection 
2025-08-15 18:09:37,Scall0p,Ay woah woah what’s wrong with Waffle House 
2025-08-15 18:09:38,Stacey wacy!,“WHY WONT YOU LOVE ME?” “BECAUSE YOIR WHITE”
2025-08-15 18:09:39,VolcaniaV3,@Twilight You and your friends will duel me by sundown
2025-08-15 18:09:40,AnimeGames16,Based bumper sticker.
2025-08-15 18:09:41,Gaalnr,damn 2.48 for a bag of mini donuts? that IS an everyday low price!
2025-08-15 18:09:41,VaFail,omg rarity hii
2025-08-15 18:09:41,PrettyPwny,She's an Uber driver now!
2025-08-15 18:09:41,[SHRIMP],THIS SUCKS
2025-08-15 18:09:41,2ShyShy,is trixie is still unemployed
2025-08-15 18:09:42,Thegoodoldays,Why is trixie in the car lmao
2025-08-15 18:09:43,ieatrocksanddie,THIS WHOLE EPISODE IS ABOUT SNAILS DONT ARGUE WITH ME
2025-08-15 18:09:45,[SHRIMP],OMG TRIXIE
2025-08-15 18:09:45,TheTwinny,Ooooh 2 minute cut
2025-08-15 18:09:46,Shivery,I thought rarity is broke
2025-08-15 18:09:46,Scall0p,Waffle House is awesome 
2025-08-15 18:09:46,Aromaticgrassitem,Rarities Ride is bitchin'
2025-08-15 18:09:50,Jenny The Bean,Why is she eating Vegan Fried Chicken 
2025-08-15 18:09:51,PrettyPwny,God I love that face
2025-08-15 18:09:52,Oppaimon,PRETTY
2025-08-15 18:09:52,Double J,there not a single heterosexual horse in that car
2025-08-15 18:09:53,G0reFreak,what :loudly_crying_face:
2025-08-15 18:09:54,fuffy,give us the suri polo cut
2025-08-15 18:09:55,[SHRIMP],Wow okay
2025-08-15 18:09:56,ieatrocksanddie,I DONT CARE ABOUT RARITY WHEREBIS SNAILS
2025-08-15 18:09:58,Barbz,stream ariana grande
2025-08-15 18:09:59,SonataDidIt,That rarity is pretty
2025-08-15 18:10:00,G0reFreak,literally my dad
2025-08-15 18:10:01,2ShyShy,>today
2025-08-15 18:10:01,Barbz,i gotta tell yall to do that
2025-08-15 18:10:01,Shadowkiller_930,"yes, rarity is an ez smash fr fr"
2025-08-15 18:10:04,leviation saber,hahaha
2025-08-15 18:10:04,Bell-Bottom Belphie,THEY F**KED
2025-08-15 18:10:05,Silveevee,"you're an amazing artist, Tamers"
2025-08-15 18:10:05,Jenny The Bean,Rarity our favorite Racist 
2025-08-15 18:10:06,dorceless,proud of you Rarity :clapping_hands:
2025-08-15 18:10:07,Greysun,>today
2025-08-15 18:10:08,Twilight ,ONLY not today
2025-08-15 18:10:09,[SHRIMP],Not one straight person in here that is true
2025-08-15 18:10:10,ieatrocksanddie,SNAILS COME BACK:face-purple-crying::face-purple-crying::face-purple-crying::face-purple-crying::face-purple-crying:
2025-08-15 18:10:10,Jo3a5,lmao
2025-08-15 18:10:11,Jeramiha Peters,today is wild
2025-08-15 18:10:13,Barbz,OMG COCO POMMEL
2025-08-15 18:10:14,Custardd,Why is she so beautiful :smiling_face_with_heart_eyes::smiling_face_with_heart_eyes:
2025-08-15 18:10:17,Valory VapeSkin,Armpit!
2025-08-15 18:10:17,VolcaniaV3,RARITY IS A HARD SMASH
2025-08-15 18:10:19,Silveevee,xD
2025-08-15 18:10:21,PrettyPwny,Holy based
2025-08-15 18:10:21,Thegoodoldays,Why does she have cadence and shining on her mirror lol
2025-08-15 18:10:21,fuffy,such a good white woman
2025-08-15 18:10:24,FLUTTERGABE 22🐴🦋,Racist Barn
2025-08-15 18:10:26,Twilight ,THEY KEYCHAINS AWWW
2025-08-15 18:10:27,VolcaniaV3,SOMEONE HOLD ME BACK
2025-08-15 18:10:28,Grim Tidings,Give her 4 stars so she has something to work toward
2025-08-15 18:10:28,TheTwinny,Rarity needs the receipts lmao
2025-08-15 18:10:29,dorceless,pitties
2025-08-15 18:10:30,G0reFreak,THE ARMPIT HAIR
2025-08-15 18:10:31,Barbz,omg why does she have armpit hair
2025-08-15 18:10:31,u.p.R.Q (UngulaPropriaRQ),YO
2025-08-15 18:10:32,Shadowkiller_930,yo the little cadence and shining armor toys are wrong gender tamers
2025-08-15 18:10:32,[SHRIMP],Armpit hair
2025-08-15 18:10:32,Jenny The Bean,Pit hair!
2025-08-15 18:10:33,Bell-Bottom Belphie,Ayo Armpit Hair
2025-08-15 18:10:34,fuffy,soar e
2025-08-15 18:10:34,Okuri Inu,im so glad clowns are in almost every animated media
2025-08-15 18:10:36,Custardd,WHY SHE HAVE HAIRY PITS BUTS SLAY
2025-08-15 18:10:38,Barbz,did rarity not shave today?
2025-08-15 18:10:38,Twilight ,YESSSS
2025-08-15 18:10:39,FLUTTERGABE 22🐴🦋,Rarity Armpit hair
2025-08-15 18:10:40,2ShyShy,would
2025-08-15 18:10:41,Trap,oh this is still going on
2025-08-15 18:10:41,Double J,oh no
2025-08-15 18:10:42,TheTwinny,Oh right Shining is....changed
2025-08-15 18:10:43,vivi,armpit hair...
2025-08-15 18:10:44,Barbz,oh hi girl
2025-08-15 18:10:44,daniel larson,i
2025-08-15 18:10:45,Twilight ,MALE CADENCE
2025-08-15 18:10:47,dorceless,GLEAMING SHIELD
2025-08-15 18:10:49,Thrawn0089,Oh God...
2025-08-15 18:10:52,Prisma,i forgot about the gender swap lol
2025-08-15 18:10:53,vivi,still a female
2025-08-15 18:10:54,nanamei,I forgot about this
2025-08-15 18:10:54,ieatrocksanddie,WHERES SNAILS
2025-08-15 18:10:54,Bell-Bottom Belphie,:red_heart::red_heart::red_heart::red_heart::red_heart:
2025-08-15 18:10:56,VolcaniaV3,GENDERSWAPPED
2025-08-15 18:10:57,[SHRIMP],This sucks
2025-08-15 18:10:58,PrettyPwny,Twilight!
2025-08-15 18:10:58,G0reFreak,oh
2025-08-15 18:10:58,Thegoodoldays,lmaooooooo
2025-08-15 18:10:59,u.p.R.Q (UngulaPropriaRQ),oh that's where she's employed 
2025-08-15 18:10:59,Okuri Inu,I forgot shining is a female now
2025-08-15 18:10:59,Shadowkiller_930,yes sir
2025-08-15 18:11:00,sol,yes we cracking shining armor
2025-08-15 18:11:00,daniel larson,not the genderswap
2025-08-15 18:11:01,Grim Tidings,Oh god here we go gotta fix this problem
2025-08-15 18:11:01,Jo3a5,lamsdolasmdo
2025-08-15 18:11:02,[SHRIMP],I HATE THIS
2025-08-15 18:11:03,Oppaimon,SNAILS
2025-08-15 18:11:03,Chimpston,kill him kill him now
2025-08-15 18:11:07,Barbz,can we change knight shining armor i want to see my man again broken heart emoji
2025-08-15 18:11:10,BEADMODE,bead
2025-08-15 18:11:11,ieatrocksanddie,SNAILS
2025-08-15 18:11:12,FLUTTERGABE 22🐴🦋,Twilight is in Uniform :face_with_tears_of_joy::rolling_on_the_floor_laughing:
2025-08-15 18:11:13,TheTwinny,Twilight...and Trixie...IN THE SAME PLACE?
2025-08-15 18:11:13,Twilight ,I LOVE FEMALE SHINING WAY MIRE RHAN HIS NORMAL SELF
2025-08-15 18:11:13,Barbz,YAY TWILGIGHT
2025-08-15 18:11:15,G0reFreak,at least she knows that
2025-08-15 18:11:16,Barbz,TWILIGHT WE ALL CHEERED
2025-08-15 18:11:16,dorceless,Gleaming Shield is pretty damn it
2025-08-15 18:11:16,Trap,BASED
2025-08-15 18:11:16,vivi,maid fit
2025-08-15 18:11:17,daniel larson,wait celestia and luna parallel
2025-08-15 18:11:24,Jo3a5,lmasldmasldo
2025-08-15 18:11:25,Barbz,YUH CLOCK THAT FVG
2025-08-15 18:11:25,Valory VapeSkin,The kink is real
2025-08-15 18:11:26,PrettyPwny,Um
2025-08-15 18:11:27,Silveevee,is this in a different reality?
2025-08-15 18:11:28,ieatrocksanddie,snails...snails...OH AND SNAILS AHAA
2025-08-15 18:11:29,Barbz,ew hypnosis
2025-08-15 18:11:30,TheTwinny,Ha got em
2025-08-15 18:11:30,Shadowkiller_930,"tamers, show us the sharp jawline"
2025-08-15 18:11:31,u.p.R.Q (UngulaPropriaRQ),YOOO HYPNOSIS CHADS WWA
2025-08-15 18:11:31,2ShyShy,god she's so hot
2025-08-15 18:11:32,Lance,Ong we all crackin princess shoning armous
2025-08-15 18:11:34,fuffy,this is who shining was always meant to be
2025-08-15 18:11:34,sol,I NEED TO CRACK PRINCESS SHINING ARMOUR
2025-08-15 18:11:35,Grim Tidings,Ah hell naw
2025-08-15 18:11:35,taku,hes better
2025-08-15 18:11:35,vivi,D:
2025-08-15 18:11:36,[SHRIMP],Not your hypno fetish
2025-08-15 18:11:37,Barbz,sees twilight
2025-08-15 18:11:38,Twilight ,pretty pretty princess
2025-08-15 18:11:39,Custardd,she is so hottttt
2025-08-15 18:11:39,The Weird Kitty,ayooo
2025-08-15 18:11:39,Prisma,yeaa 
2025-08-15 18:11:40,vivi,hypno...
2025-08-15 18:11:41,macross42,yeah go twilight!
2025-08-15 18:11:42,dorceless,based Gleam
2025-08-15 18:11:42,nanamei,I wish I was her
2025-08-15 18:11:43,Glimmy,gymcel twilight
2025-08-15 18:11:43,Gaalnr,hell yeah
2025-08-15 18:11:43,Jo3a5,OH HELL YAH
2025-08-15 18:11:43,Okuri Inu,Trixie is the reason cadence akd shining are genderswapped. she rewrote the world on accident
2025-08-15 18:11:44,[SHRIMP],LOL
2025-08-15 18:11:44,Double J,??
2025-08-15 18:11:45,Barbz,YAY TWILIGHT EXERCISE
2025-08-15 18:11:45,🌈𝓜𝓲𝓵𝓵𝓮𝓻 𝓣𝓱𝓮 𝓒𝓱𝓪𝓻𝓶𝓲𝓷𝓰 𝓜𝓪𝓰𝓲𝓬𝓪𝓵 𝓑𝓸𝔂💫,cool
2025-08-15 18:11:46,Jenny The Bean,She gets buff!!!!!!!!!!
2025-08-15 18:11:46,Oppaimon,BUFF TWI??
2025-08-15 18:11:46,G0reFreak,DERPY
2025-08-15 18:11:48,daniel larson,friendship is manly
2025-08-15 18:11:48,Shadowkiller_930,TRAINING MONTAGE
2025-08-15 18:11:49,Apple Bloom,ohyea
2025-08-15 18:11:49,haggidy Andfranku,BULK!
2025-08-15 18:11:50,TheTwinny,GET REAL JACKED BABYBEEE
2025-08-15 18:11:51,[SHRIMP],NO MORE PIGGY TWIGGY
2025-08-15 18:11:51,Aromaticgrassitem,idk why twi doesnt just shoot shining
2025-08-15 18:11:53,G0reFreak,waow
2025-08-15 18:11:54,fuffy,woahhh haha wouldnt be ceazy if that happened to me
2025-08-15 18:11:55,u.p.R.Q (UngulaPropriaRQ),LUNK ALARM
2025-08-15 18:11:55,Thegoodoldays,Twilight is jacked already lol
2025-08-15 18:11:55,RhiNitrous_Beetle,where do you work out? at the library
2025-08-15 18:11:56,PrettyPwny,It is done
2025-08-15 18:11:56,Barbz,gets wet
2025-08-15 18:11:56,Twilight ,BUFFTWI
2025-08-15 18:11:58,Shivery,bulk biceps where?
2025-08-15 18:12:02,daniel larson,twilight blast
2025-08-15 18:12:02,vivi,chad twilight
2025-08-15 18:12:02,fuffy,THE TWI
2025-08-15 18:12:03,Lance,Ong we all crackin tamers :up_arrow::up_arrow:
2025-08-15 18:12:03,Jo3a5,LAMASODASDMASDO
2025-08-15 18:12:03,Thrawn0089,Muscle Mommy Twigggles?
2025-08-15 18:12:03,Shivery,:flexed_biceps:
2025-08-15 18:12:05,PrettyPwny,GigaChad Twi
2025-08-15 18:12:05,Barbz,yay
2025-08-15 18:12:05,dorceless,no lugg alarm?
2025-08-15 18:12:06,ieatrocksanddie,SNAILS
2025-08-15 18:12:07,[SHRIMP],LOL
2025-08-15 18:12:09,Prisma,hell yeah 
2025-08-15 18:12:09,Yurek,is twilight gonna become a wife beater? is trixie safe?
2025-08-15 18:12:09,G0reFreak,woah lesbians
2025-08-15 18:12:10,Barbz,good
2025-08-15 18:12:10,NubMcMoofin,:face_savoring_food:
2025-08-15 18:12:12,VaFail,butch lesbian 
2025-08-15 18:12:13,Scall0p,She bout to beat shining’s ass
2025-08-15 18:12:13,Okuri Inu,friendship is manly vibes
2025-08-15 18:12:13,Oppaimon,SNAILS
2025-08-15 18:12:13,Jenny The Bean,She lesbian?!?!?!?!?
2025-08-15 18:12:14,BlackKanye,uh based
2025-08-15 18:12:15,Custardd,OOO LAAALAAAAA
2025-08-15 18:12:18,daniel larson,ong we all cracking tamers
2025-08-15 18:12:18,Grim Tidings,Hot damn
2025-08-15 18:12:18,fuffy,she trains at the library 
2025-08-15 18:12:25,[SHRIMP],SO MUCH AURAAAA
2025-08-15 18:12:25,Trap,hit her
2025-08-15 18:12:26,Shadowkiller_930,please crush my head with your thighs :smiling_face_with_heart_eyes:
2025-08-15 18:12:27,Jenny The Bean,Twilight kick her ass!
2025-08-15 18:12:28,Barbz,YUH YUH YUH
2025-08-15 18:12:31,Poka Death Pony,twilight is butvh lesbian
2025-08-15 18:12:31,ieatrocksanddie,SNAILS MORE LIKE SNAILS AM I RIGHT
2025-08-15 18:12:32,Trap,yessssss
2025-08-15 18:12:32,macross42,louder music!
2025-08-15 18:12:35,Double J,auraaa
2025-08-15 18:12:37,TheTwinny,CHAD TWILIGHT VS BARTLEBY MONTCLAIR OF DRESDIN WHEN?
2025-08-15 18:12:37,u.p.R.Q (UngulaPropriaRQ),OH SIIIIIT
2025-08-15 18:12:37,Ladisepic,BYE BYE GLEAM
2025-08-15 18:12:38,Oppaimon,BADASS
2025-08-15 18:12:39,Barbz,God is a Woman - Ariana Grande (had to say that)
2025-08-15 18:12:39,Lance,Twilight stud core
2025-08-15 18:12:39,Devin Gibson,i am back before i play game
2025-08-15 18:12:40,taku,but shes not human
2025-08-15 18:12:41,Barbz,YUH POP HER
2025-08-15 18:12:41,Shadowkiller_930,Twilights bizzare adventure full episodes when?
2025-08-15 18:12:43,Shivery,Deserved
2025-08-15 18:12:44,Ice Lotus Dragon,kill him!
2025-08-15 18:12:44,G0reFreak,LETS GO FIGHT SCENE
2025-08-15 18:12:45,Lance,Stud twighligjt core
2025-08-15 18:12:48,PrettyPwny,Dorky hetero
2025-08-15 18:12:49,Prisma,homura cosplay!?!?!
2025-08-15 18:12:49,FLUTTERGABE 22🐴🦋,muscle :flexed_biceps::flexed_biceps::flexed_biceps::flexed_biceps: power :smiling_face_with_sunglasses:
2025-08-15 18:12:50,Super Sonic,She solos the tournament of power 
2025-08-15 18:12:50,vivi,jacked...
2025-08-15 18:12:51,Ladisepic,YEES
2025-08-15 18:12:53,Barbz,OMG HOLD AWN TWILIGHT BEING STRONGER THAN AN ALICORN???
2025-08-15 18:12:54,cough drops,hetro slop
2025-08-15 18:12:57,vivi,chinned her
2025-08-15 18:13:02,Custardd,She solos goku
2025-08-15 18:13:04,dorceless,NO MAKE THEM LESBIANS TWILIGHT TURN CADANCE BACK INTO A MARE
2025-08-15 18:13:07,cough drops,celstia is wrong gays are right
2025-08-15 18:13:07,Barbz,YAY CHANGE THEM BACK
2025-08-15 18:13:10,Jenny The Bean,Twilight protect the French Woman 
2025-08-15 18:13:14,ieatrocksanddie,SNAILS COULD SAVE THIS
2025-08-15 18:13:19,G0reFreak,huh
2025-08-15 18:13:21,PrettyPwny,MIME
2025-08-15 18:13:21,Thegoodoldays,We'r gonna kill chrysalis lol
2025-08-15 18:13:23,Jo3a5,mime?
2025-08-15 18:13:23,cough drops,HOW ARE THEY GONNA REACT TO EACH OTHER
2025-08-15 18:13:24,Barbz,trixie is ur eternal enemie
2025-08-15 18:13:25,Okuri Inu,wait I wanted to know what chrysalis thought about female shining
2025-08-15 18:13:26,VolcaniaV3,TRIXIE
2025-08-15 18:13:27,Custardd,a mime?
2025-08-15 18:13:27,Valory VapeSkin,Lmao
2025-08-15 18:13:28,u.p.R.Q (UngulaPropriaRQ),cute
2025-08-15 18:13:28,G0reFreak,oh
2025-08-15 18:13:29,DoomGrey,blow that mime up
2025-08-15 18:13:30,Grim Tidings,Trixie why
2025-08-15 18:13:33,TheTwinny,Trixxxxxxx
2025-08-15 18:13:33,[SHRIMP],LOLLLLLL
2025-08-15 18:13:33,Lance,Yuri yuri yuri yuri Yuri yuri yuri yuri yuri 
2025-08-15 18:13:34,Ice Lotus Dragon,lol
2025-08-15 18:13:34,NubMcMoofin,:smiling_face_with_hearts:
2025-08-15 18:13:36,Aromaticgrassitem,The clown invasion continues!!
2025-08-15 18:13:37,dorceless,wait is chryssie gay now
2025-08-15 18:13:38,FLUTTERGABE 22🐴🦋,The Great and Powerful Trrrrr-ixe :smiling_face_with_sunglasses::flexed_biceps:
2025-08-15 18:13:38,Idle Mind,hon hon hon hon
2025-08-15 18:13:39,VolcaniaV3,I'M BOUTAA BUST
2025-08-15 18:13:40,Thrawn0089,What is happening?!
2025-08-15 18:13:40,Apple Bloom,is the kid still alive??
2025-08-15 18:13:40,Shivery,Trixie's Job Arc
2025-08-15 18:13:41,vivi,AWWW
2025-08-15 18:13:41,Oppaimon,FRENCH
2025-08-15 18:13:43,Jenny The Bean,Trixie help the poners!
2025-08-15 18:13:43,DoomGrey,:france:
2025-08-15 18:13:43,Ladisepic,lmao
2025-08-15 18:13:43,daniel larson,mimexie
2025-08-15 18:13:43,G0reFreak,i love Trixie mime
2025-08-15 18:13:44,[SHRIMP],TRIXIE YOU'RE SO BROKEEEE
2025-08-15 18:13:44,BlackKanye,french
2025-08-15 18:13:44,Glimmy,mime Trixie unfff
2025-08-15 18:13:45,Silveevee,:face_with_tears_of_joy:
2025-08-15 18:13:47,Grim Tidings,BEGGING for art
2025-08-15 18:13:48,DoomGrey,ded
2025-08-15 18:13:48,2ShyShy,wow
2025-08-15 18:13:48,TheTwinny,Nah she ain't about that
2025-08-15 18:13:49,Shivery,:blossom:
2025-08-15 18:13:50,NerdCuddles,oh shit I missed it
2025-08-15 18:13:50,Poka Death Pony,beingTrixie the worst evil
2025-08-15 18:13:50,fuffy,awwww
2025-08-15 18:13:51,vivi,TRIXIES CUTE
2025-08-15 18:13:51,Hyloaf,lol
2025-08-15 18:13:51,Barbz,why is trixie broke
2025-08-15 18:13:53,dorceless,Chryshiningdance?
2025-08-15 18:13:53,Double J,trixxie mime clussy
2025-08-15 18:13:53,Skidum,fr*nch
2025-08-15 18:13:56,Jenny The Bean,Very French episode indeed 
2025-08-15 18:13:57,PrettyPwny,So cute!
2025-08-15 18:13:57,Jo3a5,GHETOO
2025-08-15 18:13:57,u.p.R.Q (UngulaPropriaRQ),YO IT THE HOOD 
2025-08-15 18:13:58,Thegoodoldays,The ghetto lmao
2025-08-15 18:13:58,Reine,:clapping_hands:
2025-08-15 18:13:58,Shadowkiller_930,luna wht happened to ur student ;-;
2025-08-15 18:13:59,Barbz,where is twilight
2025-08-15 18:13:59,Ice Lotus Dragon,its the PROHECTS!!!
2025-08-15 18:13:59,Hannibal!,mimeussy...
2025-08-15 18:14:00,[SHRIMP],SHES SO POOR
2025-08-15 18:14:00,TheTwinny,Money always wins
2025-08-15 18:14:00,fuffy,this is so tuff
2025-08-15 18:14:01,Kraggeraa -,no speaking lines for Trixie unu
2025-08-15 18:14:01,Scall0p,Ok she’s pretty good at this mime stuff 
2025-08-15 18:14:02,ieatrocksanddie,NO SNAILS NO LIFE
2025-08-15 18:14:02,cough drops,GOD DAMMIT
2025-08-15 18:14:02,Ladisepic,NOT THE SHOES
2025-08-15 18:14:03,FLUTTERGABE 22🐴🦋,Trixie is so cute
2025-08-15 18:14:04,[SHRIMP],OH MY GOD
2025-08-15 18:14:04,G0reFreak,HEY MY SHOES
2025-08-15 18:14:06,Grim Tidings,San Andreas
2025-08-15 18:14:07,Okuri Inu,WAIT MALE CADEMCE SOUNDS LIKE NAGITO KOMAEDA
2025-08-15 18:14:08,Jenny The Bean,Oh crap
2025-08-15 18:14:09,TheTwinny,HAHA THE GHETTO
2025-08-15 18:14:10,Shivery,shoe hanging
2025-08-15 18:14:10,David Renteria,Trixe and her consequences have been nothing short of a diaster for humanity 
2025-08-15 18:14:10,dorceless,YO WHATS GOOD NYUUUGGGA
2025-08-15 18:14:10,Bell-Bottom Belphie,JESUS
2025-08-15 18:14:11,lighter,let go
2025-08-15 18:14:11,Dial 2,ITS DETROIT
2025-08-15 18:14:12,[SHRIMP],THIS IS SO RACIST
2025-08-15 18:14:14,Gaalnr,thank you Tamers
2025-08-15 18:14:19,Thegoodoldays,Cadence you killed all the changelings.
2025-08-15 18:14:21,Jenny The Bean,Do they do the Thug Shaker
2025-08-15 18:14:22,Aromaticgrassitem,"AROUND CHANGELINGS, NEVER RELAX"
2025-08-15 18:14:23,PrettyPwny,AGGRESSIVE
2025-08-15 18:14:24,Prisma,gorgetting she literally killed all of them 
2025-08-15 18:14:25,Oppaimon,Racist barn racist barn 1 2 3 4
2025-08-15 18:14:26,Poka Death Pony,trixie needs bank to feed strong twilight
2025-08-15 18:14:26,fuffy,why is it the hood :wilted_flower:
2025-08-15 18:14:29,Ice Lotus Dragon,Wheres the guns?
2025-08-15 18:14:31,Black Tic Tac,OMG
2025-08-15 18:14:33,FLUTTERGABE 22🐴🦋,"oh no, not the Illinois getto streets"
2025-08-15 18:14:33,G0reFreak,bro
2025-08-15 18:14:35,dorceless,damn Cadance wtf
2025-08-15 18:14:35,Shadowkiller_930,based cadence?
2025-08-15 18:14:36,[SHRIMP],LOLLL
2025-08-15 18:14:37,TheTwinny,THE BLACKEST NEIGHBORHOOD IN EQUESTRIA
2025-08-15 18:14:38,2ShyShy,based
2025-08-15 18:14:38,PrettyPwny,Chad Cadance
2025-08-15 18:14:40,Elendil,total changeling death
2025-08-15 18:14:43,fuffy,LMAO
2025-08-15 18:14:46,Prisma,YOOOOOOO 
2025-08-15 18:14:47,Barbz,@fuffy bc of racism
2025-08-15 18:14:47,Valory VapeSkin,ADorable
2025-08-15 18:14:49,Barbz,lmao
2025-08-15 18:14:49,[SHRIMP],LOL LMAO
2025-08-15 18:14:50,Ice Lotus Dragon,KFC
2025-08-15 18:14:50,taku,SHES HEREEEE
2025-08-15 18:14:50,PrettyPwny,SHINING KID
2025-08-15 18:14:51,cough drops,THERE SO ME
2025-08-15 18:14:51,Idle Mind,13420 noooo
2025-08-15 18:14:51,Custardd,awww
2025-08-15 18:14:51,Lance,…HELP
2025-08-15 18:14:51,AnimeGames16,LOL
2025-08-15 18:14:52,Jo3a5,WHAT>?
2025-08-15 18:14:54,Jenny The Bean,She is a Trap queen 
2025-08-15 18:14:54,[SHRIMP],OH MY GOD HER BABY
2025-08-15 18:14:55,Bell-Bottom Belphie,Ohio Gang Houses
2025-08-15 18:14:56,cough drops,I LOVE CHANGLING DRONE '
2025-08-15 18:14:56,[SHRIMP],HER BABY
2025-08-15 18:14:56,NubMcMoofin,:exploding_head::exploding_head:
2025-08-15 18:14:56,DoomGrey,:excite: chrissy!
2025-08-15 18:14:57,TheTwinny,NEW ADORABLE CHARACTER ALERT
2025-08-15 18:14:57,ieatrocksanddie,OMG
2025-08-15 18:14:57,G0reFreak,oh hey that must be their kid
2025-08-15 18:14:58,Poka Death Pony,LMAO
2025-08-15 18:14:58,Grim Tidings,Yaaayyyyy continuity
2025-08-15 18:14:58,[SHRIMP],SHES REALLLLL
2025-08-15 18:14:59,Paddy Sparkle (galaxy),Awwww so cutie
2025-08-15 18:14:59,Silveevee,babyyyy
2025-08-15 18:14:59,SonataDidIt,SHES BACK
2025-08-15 18:14:59,laahocsm001,KFC
2025-08-15 18:14:59,cough drops,IM SO HAPPY
2025-08-15 18:15:00,Apple Bloom,Kyuuuuutttee
2025-08-15 18:15:01,nanamei,THE DAUGHTER
2025-08-15 18:15:01,Ur7_gw67M,YAYYYY I LOVE HER
2025-08-15 18:15:01,Jenny The Bean,Her baby!
2025-08-15 18:15:01,u.p.R.Q (UngulaPropriaRQ),BABY
2025-08-15 18:15:03,fuffy,cadence needs to take that dih out of his throat
2025-08-15 18:15:03,Shivery,Where's the watermelom?
2025-08-15 18:15:03,u.p.R.Q (UngulaPropriaRQ),CUTE BABY
2025-08-15 18:15:03,Shadowkiller_930,kfc. correcct
2025-08-15 18:15:04,dorceless,CUTE DRONE
2025-08-15 18:15:04,vivi,YESSS
2025-08-15 18:15:04,Jo3a5,cute
2025-08-15 18:15:05,VolcaniaV3,LORE ACCURATE CHRYSALIS
2025-08-15 18:15:06,Kraggeraa -,Dammit Chrys XD
2025-08-15 18:15:06,FLUTTERGABE 22🐴🦋,watch out Caseoh is at Waffle House :waffle::waffle::waffle::waffle:
2025-08-15 18:15:07,Thegoodoldays,She's back lol
2025-08-15 18:15:07,vivi,YESYESYES
2025-08-15 18:15:09,Aurapone,cute!
2025-08-15 18:15:09,Oppaimon,FAMOUS BOWLS ARE SO GOOD
2025-08-15 18:15:09,DoomGrey,wow and her daughter too
2025-08-15 18:15:10,VolcaniaV3,SMASH
2025-08-15 18:15:10,Ladisepic,ITS SHININGS BABY
2025-08-15 18:15:11,fuffy,Awww
2025-08-15 18:15:11,Idle Mind,SHE'S WHITE
2025-08-15 18:15:11,laahocsm001,how much time passed?
2025-08-15 18:15:11,Aromaticgrassitem,she is so cute with her kids....
2025-08-15 18:15:12,Bell-Bottom Belphie,CUTEE
2025-08-15 18:15:13,Chia Pet Obamna,WHITE 
2025-08-15 18:15:13,DoomGrey,she's lovely
2025-08-15 18:15:14,PrettyPwny,HALF WHITE
2025-08-15 18:15:15,haggidy Andfranku,LMAO
2025-08-15 18:15:16,Jo3a5,WHAT
2025-08-15 18:15:16,[SHRIMP],OH MY GOD SHES SO CUTEEE
2025-08-15 18:15:16,Prisma,HELPPP
2025-08-15 18:15:17,omengi,AWHHHH
2025-08-15 18:15:17,vivi,THEYRE SO ADORABLE
2025-08-15 18:15:17,Arsenal Shipka,based
2025-08-15 18:15:17,psispeed,I'll eat her mashed potatoes!
2025-08-15 18:15:17,Skidum,lmaooooo
2025-08-15 18:15:18,G0reFreak,oh I love her
2025-08-15 18:15:19,The Grimlobbler,SHINING AND CHRYSALISIS' KID
2025-08-15 18:15:20,Based Imperialism,HALF WHITE
2025-08-15 18:15:21,FLUTTERGABE 22🐴🦋,Chrysalis :smiling_face_with_heart_eyes:
2025-08-15 18:15:21,Custardd,WHITEEE
2025-08-15 18:15:23,omengi,THEIR BABYYYYY
2025-08-15 18:15:24,fuffy,shes mixed :wilted_flower::wilted_flower::wilted_flower:
2025-08-15 18:15:24,dorceless,WHITE GENES
2025-08-15 18:15:24,cough drops,omg
2025-08-15 18:15:25,ieatrocksanddie,WHITE
2025-08-15 18:15:26,Lance,SHES LITERALLY ME
2025-08-15 18:15:26,[SHRIMP],OH MY GOD
2025-08-15 18:15:26,Custardd,WHITE
2025-08-15 18:15:27,DogDrinker,she's perfect
2025-08-15 18:15:28,Valory VapeSkin,White!? NOOOO
2025-08-15 18:15:29,Poka Death Pony,shining armours child go burrr
2025-08-15 18:15:29,[SHRIMP],SHES SO WHITE
2025-08-15 18:15:29,Prisma,golly
2025-08-15 18:15:30,dorceless,SHE HAS WHITE GENES
2025-08-15 18:15:32,Zack master,holaaaa
2025-08-15 18:15:32,Ladisepic,shes mixed
2025-08-15 18:15:32,Double J,she white
2025-08-15 18:15:33,Elendil,she's a :grapes:baby
2025-08-15 18:15:34,Silveevee,xDDD
2025-08-15 18:15:34,RhiNitrous_Beetle,'golly gee wilkers' she's doomed
2025-08-15 18:15:34,Jenny The Bean,The white gene is strong 
2025-08-15 18:15:34,PrettyPwny,Golly
2025-08-15 18:15:34,Jessi Jinx,YAY IT'S APNIE
2025-08-15 18:15:34,Custardd,SHE CUTE THO
2025-08-15 18:15:35,The Weird Kitty,lmaooo
2025-08-15 18:15:36,Lance,SHES LITERALLY ME…..
2025-08-15 18:15:36,Jo3a5,WHITE
2025-08-15 18:15:36,Yume (Yume),SHE IS SO CUTE
2025-08-15 18:15:37,Zack master,holaaaaa
2025-08-15 18:15:37,Naleśniki ,she so cute!
2025-08-15 18:15:38,BlackKanye,kek
2025-08-15 18:15:38,Scall0p,Lmaoooo :loudly_crying_face::loudly_crying_face::loudly_crying_face::loudly_crying_face::loudly_crying_face:
2025-08-15 18:15:38,dorceless,I WAS RIGHT
2025-08-15 18:15:38,Yurek,SHES SO CUTE
2025-08-15 18:15:39,Aromaticgrassitem,shining
2025-08-15 18:15:39,fuffy,LMFAOOO
2025-08-15 18:15:40,Zack master,AMOOOO
2025-08-15 18:15:40,TheTwinny,WTF
2025-08-15 18:15:44,kaleb,LMFAOO
2025-08-15 18:15:44,TamersOfficial,Damn this bitch white as fuck
2025-08-15 18:15:45,Thrawn0089,The worst fate
2025-08-15 18:15:45,G0reFreak,my god she pops out babies like it's nothing
2025-08-15 18:15:47,vivi,D:
2025-08-15 18:15:47,SymphonyDawn3,it's Aspiz
2025-08-15 18:15:48,Ur7_gw67M,LMAO
2025-08-15 18:15:48,[SHRIMP],SHES SO WHITE
2025-08-15 18:15:48,Lance,Why r tamers fans pdfs:wilted_flower:
2025-08-15 18:15:49,Shivery,she's so cute
2025-08-15 18:15:51,Jo3a5,LAMSAOSDMASO
2025-08-15 18:15:52,Barbz,where is my nicki minaj and ariana grande reference :broken_heart:
2025-08-15 18:15:52,dorceless,LOL
2025-08-15 18:15:52,Custardd,SHE IS NOT BLACK!?!?
2025-08-15 18:15:52,NubMcMoofin,:face_holding_back_tears:
2025-08-15 18:15:54,Jenny The Bean,She is white that bug is Snow White
2025-08-15 18:15:54,Greysun,lol
2025-08-15 18:15:56,PrettyPwny,Rarity would be proud
2025-08-15 18:15:57,Aromaticgrassitem,OH LAWD
2025-08-15 18:15:57,TheTwinny,EBT CARD BENEFITS LMAO
2025-08-15 18:15:57,vivi,LOLL
2025-08-15 18:15:58,Drelostams,she’s an oreo
2025-08-15 18:15:59,God dog,LOL
2025-08-15 18:15:59,Bell-Bottom Belphie,);
2025-08-15 18:16:00,cough drops,white af she not me im from that barrio
2025-08-15 18:16:00,fuffy,Why is she me god damn 
2025-08-15 18:16:00,Zack master,WEY SOY ESA
2025-08-15 18:16:01,Ghio,whats her credit score look like?
2025-08-15 18:16:02,Ladisepic,she probably says cheese and crackers
2025-08-15 18:16:03,Oppaimon,lamooo
2025-08-15 18:16:03,Valory VapeSkin,So Shinings and crys night on the night planet was cannon?
2025-08-15 18:16:04,Okuri Inu,we are not pdfs wtf
2025-08-15 18:16:04,vivi,ywnbb
2025-08-15 18:16:05,G0reFreak,she's a mix guys
2025-08-15 18:16:05,Zack master,YO SOY ESA
2025-08-15 18:16:07,Chia Pet Obamna,RUN 
2025-08-15 18:16:08,FLUTTERGABE 22🐴🦋,ebt card benefits :rolling_on_the_floor_laughing::face_with_tears_of_joy::rolling_on_the_floor_laughing::face_with_tears_of_joy::loudly_crying_face:
2025-08-15 18:16:08,Jenny The Bean,Baby bugs look adorable 
2025-08-15 18:16:09,Zack master,YOYOYOYOYO
2025-08-15 18:16:12,dorceless,what's her real name
2025-08-15 18:16:12,Thegoodoldays,Typical changelings ammirite
2025-08-15 18:16:13,Aromaticgrassitem,SHE SAID THE THING
2025-08-15 18:16:15,ieatrocksanddie,SNAILS
2025-08-15 18:16:16,PrettyPwny,Lol Cadance
2025-08-15 18:16:17,Elendil,damm beetch
2025-08-15 18:16:18,Shadowkiller_930,rarity and chrysalis have the same problem it seems
2025-08-15 18:16:22,FLUTTERGABE 22🐴🦋,break in
2025-08-15 18:16:23,Ice Lotus Dragon,lol
2025-08-15 18:16:29,Custardd,HUH
2025-08-15 18:16:30,Ur7_gw67M,NOOO
2025-08-15 18:16:31,PrettyPwny,Hypno
2025-08-15 18:16:31,Barbz,OOP
2025-08-15 18:16:31,Poka Death Pony,child labour does not exist in equestria
2025-08-15 18:16:32,[SHRIMP],Why did she do that
2025-08-15 18:16:32,u.p.R.Q (UngulaPropriaRQ),not surprising
2025-08-15 18:16:33,G0reFreak,lmao
2025-08-15 18:16:33,dorceless,oh
2025-08-15 18:16:34,Lance,New ship unlocked
2025-08-15 18:16:34,Based Imperialism,U-UNF?!
2025-08-15 18:16:34,DoomGrey,zamn
2025-08-15 18:16:34,Hyloaf,unf
2025-08-15 18:16:35,Prisma,damn chrissy 
2025-08-15 18:16:37,[SHRIMP],Weird
2025-08-15 18:16:37,Custardd,HUHHH
2025-08-15 18:16:38,FLUTTERGABE 22🐴🦋,Use a Gun
2025-08-15 18:16:38,NubMcMoofin,:saluting_face:
2025-08-15 18:16:39,Oppaimon,damn
2025-08-15 18:16:39,Ghio,ayo
2025-08-15 18:16:40,dorceless,FREAKY
2025-08-15 18:16:43,Ur7_gw67M,WHAT HAPPENED TO MY GF
2025-08-15 18:16:45,Aromaticgrassitem,Whats the black changelings name again? Genesect?
2025-08-15 18:16:45,vivi,woa
2025-08-15 18:16:46,VolcaniaV3,GOD I WISH THAT WERE ME
2025-08-15 18:16:47,DoomGrey,>suri pogging
2025-08-15 18:16:49,fuffy,woah
2025-08-15 18:16:49,DoomGrey,lel
2025-08-15 18:16:49,Custardd,:winking_face_with_tongue::winking_face_with_tongue::winking_face_with_tongue::squinting_face_with_tongue::squinting_face_with_tongue::squinting_face_with_tongue:
2025-08-15 18:16:50,vivi,WAOW
2025-08-15 18:16:51,Lance,NEW SHIP UNLOCKED
2025-08-15 18:16:52,ieatrocksanddie,WHERE IS SNAILS AHA
2025-08-15 18:16:53,Jo3a5,KAWAIII
2025-08-15 18:16:53,Elendil,wtf
2025-08-15 18:16:55,TheTwinny,OH MY GOD
2025-08-15 18:16:55,Barbz,oh 
2025-08-15 18:16:55,BlackKanye,deserved tbh
2025-08-15 18:16:56,PrettyPwny,CUTE
2025-08-15 18:16:57,[SHRIMP],Oh no
2025-08-15 18:16:57,cough drops,BARTLEBY THE SECOND
2025-08-15 18:16:58,Oppaimon,oh
2025-08-15 18:16:59,Black Tic Tac,so fire
2025-08-15 18:16:59,2ShyShy,nice
2025-08-15 18:17:00,Skidum,uhhh
2025-08-15 18:17:00,Ur7_gw67M,aww
2025-08-15 18:17:00,G0reFreak,oh waow
2025-08-15 18:17:00,DoomGrey,good lord
2025-08-15 18:17:02,Silveevee,:face_with_tears_of_joy:
2025-08-15 18:17:02,Kelpie ♡,IM LATE 
2025-08-15 18:17:02,Thegoodoldays,Hypno princess.
2025-08-15 18:17:02,NubMcMoofin,:face_savoring_food:
2025-08-15 18:17:02,[SHRIMP],Freaked out
2025-08-15 18:17:02,Shivery,かわいい
2025-08-15 18:17:04,Shadowkiller_930,I need one of these
2025-08-15 18:17:04,Bell-Bottom Belphie,OMGG
2025-08-15 18:17:04,Chia Pet Obamna,Tamers. No
2025-08-15 18:17:04,[SHRIMP],OH MY GOD
2025-08-15 18:17:05,dorceless,everyone was disturbed
2025-08-15 18:17:05,Super Sonic,Based reaction 
2025-08-15 18:17:06,Gwussy,LMAO
2025-08-15 18:17:07,Jenny The Bean,So Kawaii Black Princess!
2025-08-15 18:17:07,Barbz,OH THEY CAN'T AIM....
2025-08-15 18:17:08,PrettyPwny,LOL
2025-08-15 18:17:08,cough drops,hit and run hood shit 
2025-08-15 18:17:09,Based Imperialism,Tamers really going all out
2025-08-15 18:17:09,vivi,ph my god
2025-08-15 18:17:12,FLUTTERGABE 22🐴🦋,chrysalis is a pet now :rolling_on_the_floor_laughing::face_with_tears_of_joy::loudly_crying_face:
2025-08-15 18:17:13,fuffy,wtf is this fetish bruh
2025-08-15 18:17:13,Grim Tidings,Oh my god
2025-08-15 18:17:14,Friki Tiki,where's twilight?
2025-08-15 18:17:14,Barbz,SHOOT SHOOT SHOOT SHOOT SHOOT SHOOT
2025-08-15 18:17:16,Jenny The Bean,Don’t kill the baby
2025-08-15 18:17:19,TheTwinny,MEANWHILE
2025-08-15 18:17:19,[SHRIMP],This might already be one of the best episode
2025-08-15 18:17:21,Double J,oh yeah
2025-08-15 18:17:22,Barbz,OMG SWEETIE BELLE
2025-08-15 18:17:22,Prisma,dawwww
2025-08-15 18:17:22,cough drops,it is hot 
2025-08-15 18:17:22,PrettyPwny,Cuties
2025-08-15 18:17:23,u.p.R.Q (UngulaPropriaRQ),hMMMM
2025-08-15 18:17:23,FLUTTERGABE 22🐴🦋,Drive By :face_screaming_in_fear:
2025-08-15 18:17:25,G0reFreak,LESBIANS
2025-08-15 18:17:25,Thegoodoldays,Ah hell nah the scootaloo jar
2025-08-15 18:17:27,u.p.R.Q (UngulaPropriaRQ),HMMMM
2025-08-15 18:17:27,PrettyPwny,Scoot Jar
2025-08-15 18:17:27,Jenny The Bean,Gay babies!
2025-08-15 18:17:28,Oppaimon,woah
2025-08-15 18:17:28,Barbz,no what is that
2025-08-15 18:17:28,Apple Bloom,THE JAR
2025-08-15 18:17:29,Silveevee,jesus
2025-08-15 18:17:29,dorceless,dear lord
2025-08-15 18:17:29,[SHRIMP],WOW OKAY
2025-08-15 18:17:30,nanamei,Jesus
2025-08-15 18:17:30,Ur7_gw67M,awwwww
2025-08-15 18:17:30,ieatrocksanddie,WHERES SNAILS
2025-08-15 18:17:31,cough drops,never would be me
2025-08-15 18:17:31,FLUTTERGABE 22🐴🦋,Lesbos
2025-08-15 18:17:32,Agent_Mothman_SE,NOT THE JAR
2025-08-15 18:17:32,Scall0p,Oh hell nah 
2025-08-15 18:17:32,Barbz,oh HELL NO
2025-08-15 18:17:33,NubMcMoofin,:smiling_face_with_hearts:
2025-08-15 18:17:33,Prisma,LOLLL
2025-08-15 18:17:33,Snupie the Rat,NOT THR JAR
2025-08-15 18:17:33,TheTwinny,The jar
2025-08-15 18:17:34,Kraggeraa -,Librarian
2025-08-15 18:17:34,VolcaniaV3,I WANNA SWAP PLACES WITH CHRYSSI
2025-08-15 18:17:34,Valory VapeSkin,The fetishes aren't even masked anymore xD
2025-08-15 18:17:34,Custardd,Our little lesbian :winking_face_with_tongue::winking_face_with_tongue:
2025-08-15 18:17:35,dorceless,THE JAR
2025-08-15 18:17:35,cough drops,i dont do this often
2025-08-15 18:17:36,mlpfimguy,LMAO
2025-08-15 18:17:36,Scall0p,Not the jar 
2025-08-15 18:17:36,G0reFreak,THE PONY JAR
2025-08-15 18:17:37,Barbz,yawl WTF is this bs
2025-08-15 18:17:37,cough drops,i dont
2025-08-15 18:17:37,The Weird Kitty,when are we getting more on their eye situation
2025-08-15 18:17:37,psispeed,looking empty...
2025-08-15 18:17:38,Super Sonic,Not the jar :loudly_crying_face:
2025-08-15 18:17:38,Gwussy,me and tamers is sweetie and scoots
2025-08-15 18:17:38,[SHRIMP],WOW OKAYYY
2025-08-15 18:17:38,PrettyPwny,LETS GO
2025-08-15 18:17:39,cough drops,at all
2025-08-15 18:17:39,🌈𝓜𝓲𝓵𝓵𝓮𝓻 𝓣𝓱𝓮 𝓒𝓱𝓪𝓻𝓶𝓲𝓷𝓰 𝓜𝓪𝓰𝓲𝓬𝓪𝓵 𝓑𝓸𝔂💫,so cute
2025-08-15 18:17:40,Silveevee,quuuue???
2025-08-15 18:17:40,Ice Lotus Dragon,wow
2025-08-15 18:17:40,Jeramiha Peters,OH
2025-08-15 18:17:42,PrettyPwny,TIARA BLOOM
2025-08-15 18:17:42,Oppaimon,WOAH
2025-08-15 18:17:42,Gaalnr,pomni???
2025-08-15 18:17:42,Barbz,AHH WHY ARE THERE SO MANY CRUSHES
2025-08-15 18:17:42,Jenny The Bean,Do it Sweetie Belle!
2025-08-15 18:17:43,ieatrocksanddie,OMFG
2025-08-15 18:17:43,Lance,THATS CRAZY
2025-08-15 18:17:43,[SHRIMP],OH MY GOD
2025-08-15 18:17:44,Bell-Bottom Belphie,DT LIKES SB?
2025-08-15 18:17:44,NubMcMoofin,:smiling_face_with_hearts::smiling_face_with_hearts:
2025-08-15 18:17:44,nanamei,OH
2025-08-15 18:17:44,Silveevee,jajajjajaja
2025-08-15 18:17:44,2ShyShy,keanu reeves?
2025-08-15 18:17:45,dorceless,DIAMONDBLOOM
2025-08-15 18:17:45,Shivery,lol her hate for rainbow dash
2025-08-15 18:17:45,Thegoodoldays,Applebloom x diamond tiara?
2025-08-15 18:17:45,Thomas,DMAN THE JAR
2025-08-15 18:17:46,SonataDidIt,Oh my
2025-08-15 18:17:47,[SHRIMP],SO MANY GAY PEOPLE
2025-08-15 18:17:48,Gwussy,omg pomni
2025-08-15 18:17:49,Ghio,the locker opens the wrong way
2025-08-15 18:17:49,cough drops,bro didnt think of that
2025-08-15 18:17:50,Barbz,NAUR WHAT'S GOING AWN
2025-08-15 18:17:51,Jenny The Bean,Do it Tiara be homos
2025-08-15 18:17:51,TheTwinny,POMNI AND RAGATHA LMAO
2025-08-15 18:17:53,Shivery,Applebloom's crush
2025-08-15 18:17:53,Silveevee,nmms
2025-08-15 18:17:55,PrettyPwny,POMNI RAGATHA
2025-08-15 18:17:57,fuffy,OMG
2025-08-15 18:17:57,Valory VapeSkin,oh NO
2025-08-15 18:17:58,ieatrocksanddie,NO SNAILS NO LIFE
2025-08-15 18:17:58,Yurek,i saw pomni
2025-08-15 18:18:01,Ice Lotus Dragon,Flawless
2025-08-15 18:18:01,🌈𝓜𝓲𝓵𝓵𝓮𝓻 𝓣𝓱𝓮 𝓒𝓱𝓪𝓻𝓶𝓲𝓷𝓰 𝓜𝓪𝓰𝓲𝓬𝓪𝓵 𝓑𝓸𝔂💫,I love it
2025-08-15 18:18:02,Prisma,flawless?!!?!?
2025-08-15 18:18:03,RhiNitrous_Beetle,why is she in school oh wait right
2025-08-15 18:18:05,RhiNitrous_Beetle,8 months old
2025-08-15 18:18:06,TheTwinny,FLAWLESS
2025-08-15 18:18:06,vivi,FLAWLESS
2025-08-15 18:18:06,laahocsm001,FLAWLESS!
2025-08-15 18:18:07,DoomGrey,!!!
2025-08-15 18:18:07,Oppaimon,SNAILS
2025-08-15 18:18:07,Thegoodoldays,Yayyyyyy fflawless
2025-08-15 18:18:08,Barbz,WHY IS FLAWLESS HERE?
2025-08-15 18:18:08,fuffy,RAGAPOM LMFAOO
2025-08-15 18:18:08,Okuri Inu,FLAWLESS
2025-08-15 18:18:08,PrettyPwny,Oh nice Flawless is going to school!
2025-08-15 18:18:08,DoomGrey,FLAWLESS
2025-08-15 18:18:09,[SHRIMP],WHY ARE YOU HERE
2025-08-15 18:18:10,VolcaniaV3,FLAWLESS
2025-08-15 18:18:11,dorceless,wtf is she doing here
2025-08-15 18:18:11,Custardd,FLAWLESSS
2025-08-15 18:18:13,Apple Bloom,SHES HEREEEEEE
2025-08-15 18:18:14,FLUTTERGABE 22🐴🦋,Flawless :red_heart::purple_heart::red_heart::red_heart:
2025-08-15 18:18:14,[SHRIMP],OH WAIT SHE IS LIKE A BABY
2025-08-15 18:18:14,G0reFreak,wakw
2025-08-15 18:18:16,nanamei,wrf are you doing here
2025-08-15 18:18:17,TheTwinny,27????
2025-08-15 18:18:17,Custardd,FLAWLESSSSSS
2025-08-15 18:18:17,NubMcMoofin,:rainbow:
2025-08-15 18:18:18,Ur7_gw67M,all of this is so cute
2025-08-15 18:18:18,Shivery,27
2025-08-15 18:18:21,Okuri Inu,27-
2025-08-15 18:18:21,Jenny The Bean,Flawless aren’t you a grown ass woman?
2025-08-15 18:18:22,2ShyShy,BAD TOUCH
2025-08-15 18:18:22,u.p.R.Q (UngulaPropriaRQ),oh yeah she spawned like 5 months ago
2025-08-15 18:18:22,taku,right shes like 1
2025-08-15 18:18:25,Paddy Sparkle (galaxy),Teenagers flawess?
2025-08-15 18:18:27,Naleśniki ,27?
2025-08-15 18:18:27,Agent_Mothman_SE,She’s a year older than me omg
2025-08-15 18:18:28,dorceless,technically she's only a few months old
2025-08-15 18:18:28,BlackKanye,heh 27
2025-08-15 18:18:28,Arsenal Shipka,shes like 10 days old
2025-08-15 18:18:29,Bell-Bottom Belphie,She's Old
2025-08-15 18:18:30,Kraggeraa -,27 in a filly school?
2025-08-15 18:18:30,SymphonyDawn3,new friends
2025-08-15 18:18:30,Thegoodoldays,She's only 7 months old..
2025-08-15 18:18:31,Gwussy,flawless noooo 
2025-08-15 18:18:34,Barbz,if flawless is still like an elementary schooler why do you draw her like that
2025-08-15 18:18:36,Thrawn0089,Flawless...No. Bad touch. BAD TOUCH.
2025-08-15 18:18:38,Ice Lotus Dragon,damm shes a had
2025-08-15 18:18:39,Glimmy,this episode is so lit
2025-08-15 18:18:41,PrettyPwny,Amazing art
2025-08-15 18:18:41,G0reFreak,lmao
2025-08-15 18:18:43,[SHRIMP],PLEASE DONT BE A CHILD TOUCHER FLAWLESS
2025-08-15 18:18:47,Lance,Flawless sparklemoon inflation 2025
2025-08-15 18:18:49,Gwussy,hi rainbow
2025-08-15 18:18:50,fuffy,weird
2025-08-15 18:18:53,Kvonʕ ● ᴥ ●ʔ,SUPER SENIOR FLAWLESS
2025-08-15 18:18:53,Aromaticgrassitem,Friendship is Flawless
2025-08-15 18:18:54,FLUTTERGABE 22🐴🦋,:racehorse::dashing_away: two
2025-08-15 18:18:54,dorceless,oh god
2025-08-15 18:18:54,Barbz,wtf?? :loudly_crying_face:
2025-08-15 18:18:57,PrettyPwny,Flawless is so hot
2025-08-15 18:18:57,vivi,woa
2025-08-15 18:18:58,[SHRIMP],LOL
2025-08-15 18:18:59,🌈𝓜𝓲𝓵𝓵𝓮𝓻 𝓣𝓱𝓮 𝓒𝓱𝓪𝓻𝓶𝓲𝓷𝓰 𝓜𝓪𝓰𝓲𝓬𝓪𝓵 𝓑𝓸𝔂💫,"She's only 7 months old, guys"
2025-08-15 18:18:59,Shadowkiller_930,people that have tooned in to watch this over The digital Circus are real ones. This is truly better
2025-08-15 18:19:03,Silveevee,Flawless is Hoopa
2025-08-15 18:19:04,Double J,sheee gaaaaay
2025-08-15 18:19:05,ieatrocksanddie,WHERE IS SNAILS
2025-08-15 18:19:07,Gaalnr,diabolical
2025-08-15 18:19:09,ieatrocksanddie,TWIST OMG
2025-08-15 18:19:13,PrettyPwny,SNIFFFF
2025-08-15 18:19:14,BlackKanye,lol
2025-08-15 18:19:16,TheTwinny,The hair was blue
2025-08-15 18:19:16,Shivery,ASMR
2025-08-15 18:19:17,mlpfimguy,lol
2025-08-15 18:19:17,dorceless,SNIFFFF
2025-08-15 18:19:19,G0reFreak,waow
2025-08-15 18:19:20,ieatrocksanddie,I care about twist but it not snails
2025-08-15 18:19:20,lighter,:hand-pink-waving:
2025-08-15 18:19:20,DoomGrey,snoofer
2025-08-15 18:19:22,Jenny The Bean,Babies are a strange bunch 
2025-08-15 18:19:22,FLUTTERGABE 22🐴🦋,"Shadow killer, great point"
2025-08-15 18:19:22,Oppaimon,SNAILS
2025-08-15 18:19:23,[SHRIMP],Lol
2025-08-15 18:19:23,vivi,sniffa
2025-08-15 18:19:24,Custardd,i just hope she is not freaky :broken_heart::broken_heart::broken_heart::broken_heart:
2025-08-15 18:19:25,Glimmy,snifffff
2025-08-15 18:19:27,PrettyPwny,Kill SIlver
2025-08-15 18:19:27,Ice Lotus Dragon,:face_vomiting::face_vomiting::face_vomiting:
2025-08-15 18:19:28,Elendil,:spoon:
2025-08-15 18:19:29,Barbz,haha bully them
2025-08-15 18:19:33,fuffy,SNNIFFFF
2025-08-15 18:19:33,Valory VapeSkin,God... The fit...
2025-08-15 18:19:33,Ladisepic,FIFTH MEMBER*** THE FOURTH IS CARROT TOP.
2025-08-15 18:19:35,Poka Death Pony,SNIFF
2025-08-15 18:19:35,DoomGrey,sisi pizza?
2025-08-15 18:19:37,Barbz,silver spoon clocking them all
2025-08-15 18:19:37,nanamei,who is that ginger
2025-08-15 18:19:37,dorceless,Silver needs to be murdered again
2025-08-15 18:19:39,lighter,:face-green-smiling:
2025-08-15 18:19:40,Gwussy,HAHAHA
2025-08-15 18:19:41,Jenny The Bean,Kill Silver again!
2025-08-15 18:19:41,ieatrocksanddie,BRING BACK SNAILS
2025-08-15 18:19:41,PrettyPwny,Jedi Knight
2025-08-15 18:19:43,Aromaticgrassitem,She is SPOONING THEM!
2025-08-15 18:19:44,Scall0p,Her voice is so funny 
2025-08-15 18:19:44,VolcaniaV3,I'D SMASH FLAWLESS
2025-08-15 18:19:47,Barbz,yuh silver spoon GET HER AGAIN
2025-08-15 18:19:47,Okuri Inu,this is definitely tamers voice voiced over by ai
2025-08-15 18:19:49,dorceless,LOL jedi knight silver
2025-08-15 18:19:49,vivi,lol??
2025-08-15 18:19:49,Thegoodoldays,Nevermind keep ggoing silver spoon lmao
2025-08-15 18:19:50,ieatrocksanddie,#BRINGBACKSNAILS
2025-08-15 18:19:51,Jenny The Bean,Jedi Knight!!!!
2025-08-15 18:19:52,fuffy,kill her flawless
2025-08-15 18:19:54,Barbz,YUHHH SILVER SPOON
2025-08-15 18:19:56,Barbz,JUMP HER
2025-08-15 18:19:58,glad,Thumbnail
2025-08-15 18:19:58,[SHRIMP],Okay Silver Spoon
2025-08-15 18:20:00,Bell-Bottom Belphie,WTFFF
2025-08-15 18:20:01,PrettyPwny,MINDY!?
2025-08-15 18:20:01,Silveevee,:eye: :eye:
2025-08-15 18:20:02,VolcaniaV3,WHAT
2025-08-15 18:20:03,Barbz,um zon't kill her
2025-08-15 18:20:03,dorceless,wtf silver
2025-08-15 18:20:03,Super Sonic,Damn she cooking them 
2025-08-15 18:20:06,Joaquin Perez,get roasted
2025-08-15 18:20:07,[SHRIMP],Ummmm
2025-08-15 18:20:07,Barbz,silver spoon ate
2025-08-15 18:20:08,[SHRIMP],Okay
2025-08-15 18:20:08,Barbz,YUH
2025-08-15 18:20:08,Lance,Peak
2025-08-15 18:20:08,Jenny The Bean,No you baby!
2025-08-15 18:20:09,Barbz,BROKIES
2025-08-15 18:20:09,2ShyShy,wow she's rich
2025-08-15 18:20:10,Leah Eve,6 or 7 times
2025-08-15 18:20:10,vivi,okay
2025-08-15 18:20:12,🌈𝓜𝓲𝓵𝓵𝓮𝓻 𝓣𝓱𝓮 𝓒𝓱𝓪𝓻𝓶𝓲𝓷𝓰 𝓜𝓪𝓰𝓲𝓬𝓪𝓵 𝓑𝓸𝔂💫,damn
2025-08-15 18:20:12,Kraggeraa -,why tho
2025-08-15 18:20:13,Gwussy,DAYUM
2025-08-15 18:20:17,fuffy,ok:wilted_flower:
2025-08-15 18:20:17,Anthony Cristobal Urbano Diaz,NINTENDO SWTICH 2-
2025-08-15 18:20:19,Lance,67…
2025-08-15 18:20:20,dorceless,HIT THAT GRIND SILVER SPOON
2025-08-15 18:20:20,Grim Tidings,JOKES ON YOU SWITCH 2 SUCKS
2025-08-15 18:20:21,VolcaniaV3,"NOT A NINTENDO SWITCH 2, THAT'S OVERPRICED!"
2025-08-15 18:20:22,SonataDidIt,More lines than silver spoon had in the show
2025-08-15 18:20:23,ieatrocksanddie,#BRINGBACKSNAILS
2025-08-15 18:20:26,Ladisepic,i love how silver spoon is the mean one instead of diamong tiara
2025-08-15 18:20:27,PrettyPwny,Flawless Bad Influence
2025-08-15 18:20:27,TheTwinny,Flawless starting shit again
2025-08-15 18:20:30,Okuri Inu,oh flawless an instigator of chaos!
2025-08-15 18:20:31,[SHRIMP],YES
2025-08-15 18:20:31,fuffy,why is every child in this world a victim of rape
2025-08-15 18:20:32,[SHRIMP],YES
2025-08-15 18:20:32,Gwussy,LMAO
2025-08-15 18:20:33,Barbz,oh if silver spoon dies im killing myself
2025-08-15 18:20:36,[SHRIMP],WHAT
2025-08-15 18:20:37,Thegoodoldays,Destroyed!
2025-08-15 18:20:37,Ice Lotus Dragon,:face_vomiting::face_vomiting::face_vomiting:
2025-08-15 18:20:37,PrettyPwny,LOL
2025-08-15 18:20:37,Valory VapeSkin,Christ
2025-08-15 18:20:39,dorceless,DAMN
2025-08-15 18:20:41,DoomGrey,lol lmao
2025-08-15 18:20:42,FLUTTERGABE 22🐴🦋,:racehorse::dashing_away: three
2025-08-15 18:20:42,BlackKanye,lmao
2025-08-15 18:20:43,Gwussy,YESS
2025-08-15 18:20:43,[SHRIMP],OKAY THATS STILL OKAY
2025-08-15 18:20:43,G0reFreak,LMAO
2025-08-15 18:20:43,Shivery,Thank god
2025-08-15 18:20:43,Custardd,Goodness
2025-08-15 18:20:44,Barbz,sees silver spoon being embarrassed
2025-08-15 18:20:45,Greysun,JFC
2025-08-15 18:20:48,VolcaniaV3,LMAO
2025-08-15 18:20:51,Jenny The Bean,That’s Shitty
2025-08-15 18:20:52,Bell-Bottom Belphie,LOL
2025-08-15 18:20:54,Poka Death Pony,flawless advice givin
2025-08-15 18:20:54,fuffy,ok
2025-08-15 18:20:55,Aromaticgrassitem,a little bit of cement will plug that hole
2025-08-15 18:20:56,Silveevee,xD
2025-08-15 18:20:56,Kraggeraa -,Daaaaaaamn
2025-08-15 18:20:57,Lance,Peak
2025-08-15 18:20:59,dorceless,KILL HER SCOOTALOO
2025-08-15 18:20:59,ieatrocksanddie,WHERE IS SNAILS
2025-08-15 18:20:59,[SHRIMP],AURAAA
2025-08-15 18:21:00,Custardd,Oh shit she's gonna kill her cartel style
2025-08-15 18:21:05,Turbo Jell-O'Z,scat cannon
2025-08-15 18:21:06,Barbz,why do villains never win :broken_heart:
2025-08-15 18:21:08,ieatrocksanddie,WHERE IS SNAILS
2025-08-15 18:21:09,taku,snails will stop this
2025-08-15 18:21:10,Thegoodoldays,Scootaloo based.
2025-08-15 18:21:12,G0reFreak,YES GO SCOOTALOO
2025-08-15 18:21:12,Thegoodoldays,REI GUN
2025-08-15 18:21:13,TheTwinny,She's gonna die in her own filth lmao
2025-08-15 18:21:15,Okuri Inu,oh god another alicorn villain arc :loudly_crying_face:
2025-08-15 18:21:15,nanamei,why does flawless stand more than most ponies
2025-08-15 18:21:15,Custardd,GIVE HER THE FUNKY TOWN!!!
2025-08-15 18:21:16,[SHRIMP],NO BEING THE BIGGER PONY
2025-08-15 18:21:17,Pmp712,gacha bg </3
2025-08-15 18:21:17,ieatrocksanddie,I WANT SNAILS AHHH
2025-08-15 18:21:18,Prisma,anime scoot
2025-08-15 18:21:18,Bell-Bottom Belphie,OMG
2025-08-15 18:21:18,TheTwinny,LMAO
2025-08-15 18:21:19,Lance,Cartel style is mad work 
2025-08-15 18:21:19,Jenny The Bean,Scoot please stop this should end here
2025-08-15 18:21:19,¿quien -,THE GACHA BACKGROUND
2025-08-15 18:21:20,Ice Lotus Dragon,W
2025-08-15 18:21:20,Barbz,the art
2025-08-15 18:21:20,Ladisepic,cheerilee=incompetent
2025-08-15 18:21:21,Ice Lotus Dragon,W
2025-08-15 18:21:22,[SHRIMP],LOL
2025-08-15 18:21:22,Ice Lotus Dragon,W
2025-08-15 18:21:22,Thegoodoldays,LMAO
2025-08-15 18:21:23,Ice Lotus Dragon,W
2025-08-15 18:21:24,leviation saber,hahahaha
2025-08-15 18:21:24,LowlandV12US,lol
2025-08-15 18:21:24,Shivery,Yuyu Hakusho!??
2025-08-15 18:21:24,Jenny The Bean,Anime!
2025-08-15 18:21:26,Valory VapeSkin,W
2025-08-15 18:21:26,Thrawn0089,LMAO!
2025-08-15 18:21:27,Oppaimon,animu
2025-08-15 18:21:27,TheTwinny,HAHAHAHA
2025-08-15 18:21:28,Elendil,dayum
2025-08-15 18:21:29,Ghio,Scoot Scoot Hakisho!
2025-08-15 18:21:29,G0reFreak,YES
2025-08-15 18:21:29,Custardd,HAHAHAHAH
2025-08-15 18:21:29,dorceless,Death
2025-08-15 18:21:30,Silveevee,RIP
2025-08-15 18:21:32,Barbz,NO SILVER SPOON NOOOOOOOOOOOOOOOOOOOOOOOOOOOOOOOOOOOOOOOOOOOOOOOOOO
2025-08-15 18:21:32,Ladisepic,LOL
2025-08-15 18:21:32,vivi,LOL
2025-08-15 18:21:32,VolcaniaV3,W
2025-08-15 18:21:33,NubMcMoofin,:saluting_face:
2025-08-15 18:21:33,Ur7_gw67M,LMAO
2025-08-15 18:21:34,[SHRIMP],Awesome
2025-08-15 18:21:34,Gwussy,HA
2025-08-15 18:21:34,ieatrocksanddie,WHERE IS SNAILS
2025-08-15 18:21:37,Scall0p,Lmao :loudly_crying_face::loudly_crying_face::loudly_crying_face::loudly_crying_face::loudly_crying_face:
2025-08-15 18:21:38,🌈𝓜𝓲𝓵𝓵𝓮𝓻 𝓣𝓱𝓮 𝓒𝓱𝓪𝓻𝓶𝓲𝓷𝓰 𝓜𝓪𝓰𝓲𝓬𝓪𝓵 𝓑𝓸𝔂💫,hahaha
2025-08-15 18:21:38,PrettyPwny,Nice dodging skills Tiara
2025-08-15 18:21:39,Naleśniki ,she is dead hell yea!
2025-08-15 18:21:42,Shadowkiller_930,THE THIGHS!
2025-08-15 18:21:42,Valory VapeSkin,Flawless my god~
2025-08-15 18:21:42,Jenny The Bean,Tiara you can’t hide
2025-08-15 18:21:43,laahocsm001,I cant believe Silver Spoon is dead.
2025-08-15 18:21:43,fuffy,STOP
2025-08-15 18:21:43,🌈𝓜𝓲𝓵𝓵𝓮𝓻 𝓣𝓱𝓮 𝓒𝓱𝓪𝓻𝓶𝓲𝓷𝓰 𝓜𝓪𝓰𝓲𝓬𝓪𝓵 𝓑𝓸𝔂💫,hahaha
2025-08-15 18:21:47,Barbz,YES APPLE BLOOM JUMP HER
2025-08-15 18:21:48,Glimmy,thicc Flawless
2025-08-15 18:21:48,Valory VapeSkin,Peak Dripp
2025-08-15 18:21:48,ieatrocksanddie,OMG
2025-08-15 18:21:51,Bell-Bottom Belphie,LMAO
2025-08-15 18:21:51,Tiki Legend,Im late but this looks funny as hell
2025-08-15 18:21:53,🌈𝓜𝓲𝓵𝓵𝓮𝓻 𝓣𝓱𝓮 𝓒𝓱𝓪𝓻𝓶𝓲𝓷𝓰 𝓜𝓪𝓰𝓲𝓬𝓪𝓵 𝓑𝓸𝔂💫,:rolling_on_the_floor_laughing::rolling_on_the_floor_laughing::rolling_on_the_floor_laughing::rolling_on_the_floor_laughing:
2025-08-15 18:21:53,Oppaimon,LMAO
2025-08-15 18:21:55,PrettyPwny,Love these faces
2025-08-15 18:21:56,Chia Pet Obamna,Earned
2025-08-15 18:21:58,Gwussy,SCOOTALOO NOO
2025-08-15 18:22:00,Poka Death Pony,LMAO
2025-08-15 18:22:02,Thegoodoldays,This is peak fiction
2025-08-15 18:22:03,🌈𝓜𝓲𝓵𝓵𝓮𝓻 𝓣𝓱𝓮 𝓒𝓱𝓪𝓻𝓶𝓲𝓷𝓰 𝓜𝓪𝓰𝓲𝓬𝓪𝓵 𝓑𝓸𝔂💫,:rolling_on_the_floor_laughing::rolling_on_the_floor_laughing::rolling_on_the_floor_laughing:
2025-08-15 18:22:04,vivi,NOOO
2025-08-15 18:22:05,PrettyPwny,GET OUT BLOOM
2025-08-15 18:22:06,Lance,Flawless doesnt want none of you pdf men she wants me
2025-08-15 18:22:06,FLUTTERGABE 22🐴🦋,:racehorse::dashing_away: four
2025-08-15 18:22:06,[SHRIMP],W spirit gun
2025-08-15 18:22:06,fuffy,flawless is so tuff just standing there
2025-08-15 18:22:06,Barbz,YES APPLE BLOOM DODGED IT
2025-08-15 18:22:07,Chia Pet Obamna,lol
2025-08-15 18:22:09,Idle Mind,bended lul
2025-08-15 18:22:09,TheTwinny,FLAWLESS WHAT YOU DOING
2025-08-15 18:22:09,Prisma,do a flip
2025-08-15 18:22:10,dorceless,Flawless is a bad influence
2025-08-15 18:22:11,Gwussy,DO IT
2025-08-15 18:22:11,Thegoodoldays,LMAO BENDER
2025-08-15 18:22:11,Bell-Bottom Belphie,I Love This
2025-08-15 18:22:11,Ladisepic,NOOO APPLE
2025-08-15 18:22:12,ieatrocksanddie,WHERES SNAILS
2025-08-15 18:22:12,PrettyPwny,Fluttershy?
2025-08-15 18:22:13,Barbz,DIAMOND TIARA NO
2025-08-15 18:22:13,Кто я ಥ‿ಥ,i love these series
2025-08-15 18:22:13,Custardd,Oh my god!?!
2025-08-15 18:22:13,Thrawn0089,The Deflarct
2025-08-15 18:22:14,Super Sonic,Thank goodness she has horrible aim 
2025-08-15 18:22:14,Grim Tidings,Goddamn king is having too much fun drawing Flawless
2025-08-15 18:22:15,Shadowkiller_930,YES SIR!
2025-08-15 18:22:15,Jenny The Bean,Run you little Apple 
2025-08-15 18:22:15,G0reFreak,OH MY GOD
2025-08-15 18:22:15,taku,THIS ESCALATES QUICKLY
2025-08-15 18:22:15,Just a big meme,DO A FLIP
2025-08-15 18:22:15,Custardd,DO IT
2025-08-15 18:22:16,🌈𝓜𝓲𝓵𝓵𝓮𝓻 𝓣𝓱𝓮 𝓒𝓱𝓪𝓻𝓶𝓲𝓷𝓰 𝓜𝓪𝓰𝓲𝓬𝓪𝓵 𝓑𝓸𝔂💫,so peak
2025-08-15 18:22:16,Valory VapeSkin,Do a flip!
2025-08-15 18:22:16,Don shade,DO A FLIP
2025-08-15 18:22:16,Aromaticgrassitem,RIP Spoon : (
2025-08-15 18:22:16,Shivery,DO A FLIP
2025-08-15 18:22:17,Silveevee,"""do a flip"""
2025-08-15 18:22:17,[SHRIMP],JUMP
2025-08-15 18:22:17,VolcaniaV3,DO IT
2025-08-15 18:22:18,Custardd,Donit
2025-08-15 18:22:18,Night Shade,DO A FLIP
2025-08-15 18:22:18,[SHRIMP],JUMP
2025-08-15 18:22:18,mlpfimguy,DO A FLIP 
2025-08-15 18:22:19,Shadowkiller_930,DO A FLIP!
2025-08-15 18:22:19,David Renteria,DO A FLIP
2025-08-15 18:22:19,Bell-Bottom Belphie,DO A FLIP
2025-08-15 18:22:20,Barbz,WHAT THE HLEL IS GOING AWN
2025-08-15 18:22:20,Oppaimon,SNAILS
2025-08-15 18:22:20,ieatrocksanddie,I CANT SEE SNAILS
2025-08-15 18:22:21,vivi,WHAT
2025-08-15 18:22:21,Agent_Mothman_SE,Do a flip lmaooo
2025-08-15 18:22:21,TheJazzelCat520,DO A FLIP
2025-08-15 18:22:21,TamersOfficial,Oh no...
2025-08-15 18:22:21,Grim Tidings,DO A FLIPPP
2025-08-15 18:22:22,Jenny The Bean,Do a flip!
2025-08-15 18:22:22,Custardd,DO IT
2025-08-15 18:22:23,Ladisepic,DO A FLIP
2025-08-15 18:22:23,🌈𝓜𝓲𝓵𝓵𝓮𝓻 𝓣𝓱𝓮 𝓒𝓱𝓪𝓻𝓶𝓲𝓷𝓰 𝓜𝓪𝓰𝓲𝓬𝓪𝓵 𝓑𝓸𝔂💫,no
2025-08-15 18:22:23,¿quien -,DO A FLIP
2025-08-15 18:22:23,Kraggeraa -,WHO TF SAID DO A FLIP XDD
2025-08-15 18:22:24,PrettyPwny,DO A FLIP
2025-08-15 18:22:25,dorceless,DIAMOND TIARA FLIP
2025-08-15 18:22:25,Naleśniki ,do a flip!
2025-08-15 18:22:26,Poka Death Pony,DO A FLIP
2025-08-15 18:22:26,NubMcMoofin,:loudly_crying_face:
2025-08-15 18:22:27,FLUTTERGABE 22🐴🦋,Fluttershy????EG ????
2025-08-15 18:22:28,Barbz,NO DON'T KILL HER
2025-08-15 18:22:28,Thegoodoldays,DO A FLIP
2025-08-15 18:22:28,RhiNitrous_Beetle,DO A FLIP
2025-08-15 18:22:28,vivi,DO A FLIP
2025-08-15 18:22:29,PrettyPwny,Tiara survive!
2025-08-15 18:22:29,ieatrocksanddie,LET HER JUMP I CANT SEE SNAILS
2025-08-15 18:22:29,DoomGrey,DO A FLEP
2025-08-15 18:22:30,🌈𝓜𝓲𝓵𝓵𝓮𝓻 𝓣𝓱𝓮 𝓒𝓱𝓪𝓻𝓶𝓲𝓷𝓰 𝓜𝓪𝓰𝓲𝓬𝓪𝓵 𝓑𝓸𝔂💫,no
2025-08-15 18:22:32,Barbz,DON'T KILL HER
2025-08-15 18:22:33,RhiNitrous_Beetle,DO A FLIP
2025-08-15 18:22:33,Aromaticgrassitem,Tiara and Spoon will be together forever <3
2025-08-15 18:22:35,Custardd,DO IT
2025-08-15 18:22:36,ieatrocksanddie,WHERES SNAILS
2025-08-15 18:22:37,🌈𝓜𝓲𝓵𝓵𝓮𝓻 𝓣𝓱𝓮 𝓒𝓱𝓪𝓻𝓶𝓲𝓷𝓰 𝓜𝓪𝓰𝓲𝓬𝓪𝓵 𝓑𝓸𝔂💫,no
2025-08-15 18:22:38,DoomGrey,DO A BARREL ROLL
2025-08-15 18:22:38,Barbz,ew 
2025-08-15 18:22:38,PrettyPwny,Flawless hairy pits
2025-08-15 18:22:38,Lance,Dont do if
2025-08-15 18:22:40,FLUTTERGABE 22🐴🦋,Tiara noooooooooo
2025-08-15 18:22:40,Ladisepic,carrot top would stop her because shes so humble
2025-08-15 18:22:40,dorceless,more pit hair
2025-08-15 18:22:41,[SHRIMP],W ARMPITS
2025-08-15 18:22:41,Valory VapeSkin,Armpit HAIR
2025-08-15 18:22:42,Lance,Dont do it
2025-08-15 18:22:42,🌈𝓜𝓲𝓵𝓵𝓮𝓻 𝓣𝓱𝓮 𝓒𝓱𝓪𝓻𝓶𝓲𝓷𝓰 𝓜𝓪𝓰𝓲𝓬𝓪𝓵 𝓑𝓸𝔂💫,no
2025-08-15 18:22:42,Poka Death Pony,IM GONNA LIVE STREAM THIS
2025-08-15 18:22:42,Bell-Bottom Belphie,WHAT ARE YOU WAITING FOR???
2025-08-15 18:22:42,Shadowkiller_930,THE ARMPIT HAIR!
2025-08-15 18:22:44,DoomGrey,FAIL TO DO THE BARREL ROLL
2025-08-15 18:22:46,Jenny The Bean,Flawless get the pics
2025-08-15 18:22:46,ieatrocksanddie,SNAILS COME BACK
2025-08-15 18:22:47,Skidum,hairy pits
2025-08-15 18:22:47,TheTwinny,Flawless just doesn't care
2025-08-15 18:22:47,Gwussy,KNEW IT
2025-08-15 18:22:49,Prisma,help 
2025-08-15 18:22:49,Oppaimon,love the pit hair this episode
2025-08-15 18:22:50,[SHRIMP],Why is it a different color
2025-08-15 18:22:52,Lance,The armpit hair :wilted_flower: 
2025-08-15 18:22:54,Custardd,ON WHAT KIND OF LIST
2025-08-15 18:22:54,fuffy,YUMM
2025-08-15 18:22:54,Gwussy,HA
2025-08-15 18:22:56,PrettyPwny,LUL
2025-08-15 18:22:57,FLUTTERGABE 22🐴🦋,I'm on a list :rolling_on_the_floor_laughing::face_with_tears_of_joy::loudly_crying_face::rolling_on_the_floor_laughing:
2025-08-15 18:22:58,Silveevee,lmao
2025-08-15 18:22:59,Naleśniki ,is just like class of 09
2025-08-15 18:22:59,[SHRIMP],LOLLLL
2025-08-15 18:22:59,Jo3a5,LMASODASODASOD
2025-08-15 18:23:00,Lance,Tamers is a bisexual queen 
2025-08-15 18:23:00,Bell-Bottom Belphie,Nerd
2025-08-15 18:23:00,[SHRIMP],LOLLL
2025-08-15 18:23:01,Okuri Inu,I cant waot for flawless to meet friend and arinos if that ever happens! hehehehehe
2025-08-15 18:23:01,Elendil,:nerd_face:
2025-08-15 18:23:01,VolcaniaV3,LOL
2025-08-15 18:23:01,Thegoodoldays,lmao
2025-08-15 18:23:02,dorceless,LOL
2025-08-15 18:23:03,Shadowkiller_930,:nerd_face:
2025-08-15 18:23:03,Just a big meme,LMAOOOOO
2025-08-15 18:23:04,vivi,:nerd_face:
2025-08-15 18:23:06,Reine,:nerd_face:
2025-08-15 18:23:07,ieatrocksanddie,SNAILS COME BACK HOME
2025-08-15 18:23:07,Gwussy,HAHAHHA
2025-08-15 18:23:08,laahocsm001,lol
2025-08-15 18:23:09,Barbz,sees twilight being bullied
2025-08-15 18:23:11,Prisma,ljvhk
2025-08-15 18:23:11,PrettyPwny,:nerd_face:
2025-08-15 18:23:12,SonataDidIt,LOL
2025-08-15 18:23:12,Hyloaf,LMAO
2025-08-15 18:23:13,Idle Mind,????
2025-08-15 18:23:13,Prisma,POMNI
2025-08-15 18:23:13,VaFail,twilight has cute pfp 
2025-08-15 18:23:14,[SHRIMP],LOLL
2025-08-15 18:23:16,Silveevee,:nerd_face:
2025-08-15 18:23:16,🌈𝓜𝓲𝓵𝓵𝓮𝓻 𝓣𝓱𝓮 𝓒𝓱𝓪𝓻𝓶𝓲𝓷𝓰 𝓜𝓪𝓰𝓲𝓬𝓪𝓵 𝓑𝓸𝔂💫,:nerd_face:
2025-08-15 18:23:17,Grim Tidings,The family group chat revealed
2025-08-15 18:23:17,Joaquin Perez,she's not allowed 20 inches within a school
2025-08-15 18:23:18,David Renteria,LMAO
2025-08-15 18:23:18,Oppaimon,I can't read
2025-08-15 18:23:18,[SHRIMP],LMAO
2025-08-15 18:23:19,PrettyPwny,POMNI
2025-08-15 18:23:20,Aromaticgrassitem,lmao i love the cellphone and communication chats between pones
2025-08-15 18:23:20,ieatrocksanddie,WHERES SNAILS
2025-08-15 18:23:21,G0reFreak,waiw
2025-08-15 18:23:21,Thegoodoldays,LMAO
2025-08-15 18:23:21,TheTwinny,This might be the funniest episode yet
2025-08-15 18:23:22,Custardd,SHES CONFIRMED A DIDDLER
2025-08-15 18:23:22,fuffy,:nerd_face:
2025-08-15 18:23:22,Valory VapeSkin,pOmNi!?
2025-08-15 18:23:24,Bell-Bottom Belphie,LOLIROCK??
2025-08-15 18:23:24,[SHRIMP],POMNI
2025-08-15 18:23:25,Jenny The Bean,Pomi
2025-08-15 18:23:25,dorceless,the whole family chat ripping into twi
2025-08-15 18:23:26,Super Sonic,POMNI FLAWLESS :loudly_crying_face:
2025-08-15 18:23:26,ieatrocksanddie,WHAT
2025-08-15 18:23:27,Okuri Inu,pomni flawless-
2025-08-15 18:23:27,VolcaniaV3,@Hyloaf We meet again
2025-08-15 18:23:28,FLUTTERGABE 22🐴🦋,Pomnie
2025-08-15 18:23:28,TheTwinny,FLAWLESS POMNI
2025-08-15 18:23:28,Grim Tidings,BRO HE KNEW
2025-08-15 18:23:28,🌈𝓜𝓲𝓵𝓵𝓮𝓻 𝓣𝓱𝓮 𝓒𝓱𝓪𝓻𝓶𝓲𝓷𝓰 𝓜𝓪𝓰𝓲𝓬𝓪𝓵 𝓑𝓸𝔂💫,:nerd_face:
2025-08-15 18:23:29,G0reFreak,go off diamond tiara
2025-08-15 18:23:31,Naleśniki ,Pomni jumpscare!
2025-08-15 18:23:31,Gwussy,TAMERS LIKES TADC
2025-08-15 18:23:34,🌈𝓜𝓲𝓵𝓵𝓮𝓻 𝓣𝓱𝓮 𝓒𝓱𝓪𝓻𝓶𝓲𝓷𝓰 𝓜𝓪𝓰𝓲𝓬𝓪𝓵 𝓑𝓸𝔂💫,:nerd_face:
2025-08-15 18:23:35,Barbz,alice from twilight is hot so...
2025-08-15 18:23:35,NubMcMoofin,:rainbow:
2025-08-15 18:23:39,[SHRIMP],TAMERS
2025-08-15 18:23:39,TheJazzelCat520,The pomni????
2025-08-15 18:23:39,dorceless,good choices
2025-08-15 18:23:40,Poka Death Pony,:nerd_face:
2025-08-15 18:23:42,Agent_Mothman_SE,LMAOOOO
2025-08-15 18:23:43,Bell-Bottom Belphie,ALICE IS BETTER
2025-08-15 18:23:44,Billy Boy,Literally me
2025-08-15 18:23:44,Just a big meme,GET THIS CHANGELING FREAK OUT OF HERE
2025-08-15 18:23:45,Ladisepic,this is the best episode so far
2025-08-15 18:23:45,nanamei,how is flawless allowed at the school
2025-08-15 18:23:46,Ice Lotus Dragon,Ashley Greene
2025-08-15 18:23:46,David Renteria,NAHHHH CHARLIE STANS GET IN HERE
2025-08-15 18:23:47,[SHRIMP],OH MY GOD
2025-08-15 18:23:49,G0reFreak,woah alr
2025-08-15 18:23:49,Barbz,OMG YES THE DUO
2025-08-15 18:23:50,FLUTTERGABE 22🐴🦋,Keanu reeves won't like you Tiara
2025-08-15 18:23:53,dorceless,BABY
2025-08-15 18:23:53,Jojo,Lmao I love her voice
2025-08-15 18:23:55,Jo3a5,pocky
2025-08-15 18:23:56,Grim Tidings,Oh damn you go here?
2025-08-15 18:23:57,Okuri Inu,POCKY
2025-08-15 18:23:59,nanamei,GIRLFRIENDS
2025-08-15 18:24:00,Silveevee,double pact
2025-08-15 18:24:00,SymphonyDawn3,new ship
2025-08-15 18:24:01,Shadowkiller_930,friendship :D
2025-08-15 18:24:02,[SHRIMP],THE RANDOM POCKY
2025-08-15 18:24:03,fuffy,LOL
2025-08-15 18:24:03,Gwussy,NOW KISSS
2025-08-15 18:24:03,Barbz,YESS DIAMOND TIARA AND I FORGOT HER NAME 
2025-08-15 18:24:04,Shivery,I feel them
2025-08-15 18:24:05,ieatrocksanddie,SHES ON THE FLOOR
2025-08-15 18:24:06,Jo3a5,LASMDASODMASDO
2025-08-15 18:24:06,[SHRIMP],MAKE OUT
2025-08-15 18:24:07,TheTwinny,I thought you were white
2025-08-15 18:24:08,Jenny The Bean,Bug Kid don’t jump!
2025-08-15 18:24:08,dorceless,new ship?
2025-08-15 18:24:09,DoomGrey,kek
2025-08-15 18:24:10,ieatrocksanddie,WHERES SNAILS
2025-08-15 18:24:11,Aromaticgrassitem,Pretty accurate depiction of Ponyville Elementary School @TamersOfficial 
2025-08-15 18:24:11,[SHRIMP],MAKE OUT
2025-08-15 18:24:11,Gwussy,My cat just rhew up
2025-08-15 18:24:13,PrettyPwny,This is so cool
2025-08-15 18:24:15,Thegoodoldays,Diamond tiara and changeling drone
2025-08-15 18:24:16,Idle Mind,"13,420"
2025-08-15 18:24:23,Ice Lotus Dragon,why don't you ask twilight to make you white?
2025-08-15 18:24:23,PrettyPwny,Over 95%
2025-08-15 18:24:23,Custardd,yup
2025-08-15 18:24:23,Barbz,oop
2025-08-15 18:24:24,PrettyPwny,So true
2025-08-15 18:24:24,Barbz,lol
2025-08-15 18:24:27,[SHRIMP],THIS IS TRUE
2025-08-15 18:24:28,Jenny The Bean,Bug and Tiara should kiss now!
2025-08-15 18:24:28,Thegoodoldays,LMAO
2025-08-15 18:24:30,Aurapone,glimmy!
2025-08-15 18:24:30,Valory VapeSkin,Checks out
2025-08-15 18:24:30,fuffy,also she hits me
2025-08-15 18:24:31,Grim Tidings,FOR REAL
2025-08-15 18:24:32,Prisma,mary....
2025-08-15 18:24:32,Okuri Inu,help!
2025-08-15 18:24:32,BlackKanye,kek
2025-08-15 18:24:33,Barbz,95% is gen so funny
2025-08-15 18:24:34,Glimmy,hahaha that's my wife
2025-08-15 18:24:34,Silveevee,what is happening??
2025-08-15 18:24:35,u.p.R.Q (UngulaPropriaRQ),GLIMMYGOD 
2025-08-15 18:24:35,Shadowkiller_930,glimmy
2025-08-15 18:24:35,[SHRIMP],WOW OKAY
2025-08-15 18:24:36,TheTwinny,Starlight and the other one are there now!
2025-08-15 18:24:36,dorceless,lol
2025-08-15 18:24:37,Just a big meme,cute !
2025-08-15 18:24:37,ieatrocksanddie,WHERES SNAILS
2025-08-15 18:24:38,PrettyPwny,Ok...
2025-08-15 18:24:38,DoomGrey,Marey!
2025-08-15 18:24:38,[SHRIMP],Ok
2025-08-15 18:24:38,Grim Tidings,MARYYYYY
2025-08-15 18:24:39,u.p.R.Q (UngulaPropriaRQ),YOU GOT YOUR MOMENT
2025-08-15 18:24:39,Shivery,Starlight
2025-08-15 18:24:39,Jo3a5,cutey
2025-08-15 18:24:42,Lance,LOL
2025-08-15 18:24:44,Ladisepic,No you don't ?
2025-08-15 18:24:45,Kraggeraa -,MARY
2025-08-15 18:24:45,Jenny The Bean,Mary kick the child!
2025-08-15 18:24:46,u.p.R.Q (UngulaPropriaRQ),@Glimmy YEAH
2025-08-15 18:24:46,Elendil,meegun
2025-08-15 18:24:48,Billy Boy,even ponyville is fatigued 
2025-08-15 18:24:49,[SHRIMP],THATS VALID
2025-08-15 18:24:49,Jo3a5,MEGAN 
2025-08-15 18:24:49,Super Sonic,Didn’t have to throw shade at Mari like that…
2025-08-15 18:24:49,fuffy,DTOP
2025-08-15 18:24:52,the cat talks,24 MINUTES AGO I MADEIT
2025-08-15 18:24:52,Apple Bloom,FR?
2025-08-15 18:24:52,RhiNitrous_Beetle,good thing Megan 2.0 is peak
2025-08-15 18:24:52,sol,this is very cute
2025-08-15 18:24:56,nanamei,Megan 2.0 was okay
2025-08-15 18:24:56,dorceless,wtf
2025-08-15 18:24:56,Barbz,yay they live
2025-08-15 18:24:57,2ShyShy,LMAOOO
2025-08-15 18:24:58,sol,are they gonna date
2025-08-15 18:24:58,PrettyPwny,They should kiss
2025-08-15 18:24:59,Double J,clap
2025-08-15 18:24:59,TheTwinny,LOL
2025-08-15 18:24:59,Gaalnr,lol
2025-08-15 18:25:00,Poka Death Pony,no you dont feel offended
2025-08-15 18:25:00,David Renteria,we're never getting that SU episdoe for megan are we?
2025-08-15 18:25:02,Aromaticgrassitem,Tiara knows her history
2025-08-15 18:25:03,fuffy,i forgot about starlight tbh
2025-08-15 18:25:03,Thegoodoldays,Woooooooo yeah
2025-08-15 18:25:03,Grim Tidings,DUDE IT DOES
2025-08-15 18:25:05,vivi,LOL
2025-08-15 18:25:05,Custardd,THEY SHOULD KISS
2025-08-15 18:25:07,Lance,POMNI
2025-08-15 18:25:10,crowpen,is that tts or an actual person talking LOL
2025-08-15 18:25:13,dorceless,"I mean, true"
2025-08-15 18:25:15,Shivery,:clapping_hands::clapping_hands::clapping_hands::clapping_hands:
2025-08-15 18:25:15,Oppaimon,woah
2025-08-15 18:25:16,PrettyPwny,STARLIGHT
2025-08-15 18:25:16,Jenny The Bean,Tiara don’t be racist 
2025-08-15 18:25:16,ieatrocksanddie,OMG THE BACKGROUND
2025-08-15 18:25:19,Yurek,awwww
2025-08-15 18:25:20,TheTwinny,Mary is suffering
2025-08-15 18:25:20,Elendil,wowza
2025-08-15 18:25:21,[SHRIMP],SHE DIDNT EVEN DO ANYTHING
2025-08-15 18:25:22,Arsenal Shipka,trvth nuke
2025-08-15 18:25:23,laahocsm001,MILF
2025-08-15 18:25:24,Grim Tidings,RELEASE HER
2025-08-15 18:25:25,Joaquin Perez,woah
2025-08-15 18:25:25,Thegoodoldays,Man I love ffriendship
2025-08-15 18:25:25,u.p.R.Q (UngulaPropriaRQ),I NEED THIS SHIRT 
2025-08-15 18:25:25,Barbz,"STREAM THE LIGHT IS COMING TO GIVE BACK EVERYTHING THE DARKNESS STOLE (Ariana Grande, featuring Nicki Minaj) - sweetener"
2025-08-15 18:25:25,fuffy,tiara yappinh
2025-08-15 18:25:26,Valory VapeSkin,Lmao
2025-08-15 18:25:26,Just a big meme,FLAWLESS WOOHOOOOO
2025-08-15 18:25:26,haggidy Andfranku,IN THE BACKGROUND!?
2025-08-15 18:25:27,taku,based
2025-08-15 18:25:28,Silveevee,:eye: :eye:
2025-08-15 18:25:29,Lance,SHES HRAPINH MARY
2025-08-15 18:25:29,Jenny The Bean,Me too
2025-08-15 18:25:29,mlpfimguy,KEK
2025-08-15 18:25:29,Shivery,M I L F
2025-08-15 18:25:30,Okuri Inu,I love that smug face
2025-08-15 18:25:31,PrettyPwny,MILFLAWLESS
2025-08-15 18:25:32,Oppaimon,SNAILS
2025-08-15 18:25:32,dorceless,I need that shirt
2025-08-15 18:25:32,Jo3a5,cute
2025-08-15 18:25:32,vivi,WOA
2025-08-15 18:25:32,Jo3a5,YAY
2025-08-15 18:25:33,[SHRIMP],SHES NOT OLD ENOUGH FOR THAT
2025-08-15 18:25:33,DoomGrey,clappu
2025-08-15 18:25:33,🌈𝓜𝓲𝓵𝓵𝓮𝓻 𝓣𝓱𝓮 𝓒𝓱𝓪𝓻𝓶𝓲𝓷𝓰 𝓜𝓪𝓰𝓲𝓬𝓪𝓵 𝓑𝓸𝔂💫,hump
2025-08-15 18:25:33,G0reFreak,how inspiring
2025-08-15 18:25:33,Scall0p,Fire shirt 
2025-08-15 18:25:33,ieatrocksanddie,NO SNAILS NO LIFE
2025-08-15 18:25:37,Greysun,P E A K
2025-08-15 18:25:37,SonataDidIt,amazing
2025-08-15 18:25:38,Naleśniki ,:eye::mouth::eye:
2025-08-15 18:25:38,Pmp712,AWWHHHH STARLIGHT AND MARRNITE 
2025-08-15 18:25:40,Poka Death Pony,YEAH
2025-08-15 18:25:41,Barbz,MILF and shes a child?? :loudly_crying_face:
2025-08-15 18:25:41,Custardd,I NEED THAT
2025-08-15 18:25:42,VolcaniaV3,MLIF
2025-08-15 18:25:42,🌈𝓜𝓲𝓵𝓵𝓮𝓻 𝓣𝓱𝓮 𝓒𝓱𝓪𝓻𝓶𝓲𝓷𝓰 𝓜𝓪𝓰𝓲𝓬𝓪𝓵 𝓑𝓸𝔂💫,humping
2025-08-15 18:25:42,Gwussy,shirt went hard
2025-08-15 18:25:47,Lance,Who is snails bro
2025-08-15 18:25:54,Thegoodoldays,Apple bloom x diamond tiara lets gooooooo
2025-08-15 18:25:55,Aromaticgrassitem,Shirt went hard
2025-08-15 18:25:56,Ayyo-bun,NO
2025-08-15 18:25:59,TheTwinny,FLAWLESS ALMOST CAUSED A SUICIDE 
2025-08-15 18:26:00,Jenny The Bean,Kiss you two! 
2025-08-15 18:26:00,Jo3a5,MORE GAYS
2025-08-15 18:26:01,Ladisepic,MILF??? SHES A 37 YEAR OLD MINOR!!!!!!
2025-08-15 18:26:01,[SHRIMP],MAKE OUT
2025-08-15 18:26:02,Gwussy,hey tamers this is us
2025-08-15 18:26:05,PrettyPwny,Let her cook!
2025-08-15 18:26:06,Prisma,the chef is in the kitchen
2025-08-15 18:26:06,Oppaimon,MAKE OUT
2025-08-15 18:26:06,VolcaniaV3,HEY YOU TWO SHOULD KISS
2025-08-15 18:26:08,Bell-Bottom Belphie,LET HER COOK
2025-08-15 18:26:08,Poka Death Pony,no one would
2025-08-15 18:26:10,[SHRIMP],LET HER COOK
2025-08-15 18:26:11,Custardd,KISS!
2025-08-15 18:26:11,2ShyShy,gaaaay
2025-08-15 18:26:11,Ayyo-bun,SHE COOKIN
2025-08-15 18:26:12,Jenny The Bean,Let her cook!!!!!
2025-08-15 18:26:19,Grim Tidings,LETTA HER COOK
2025-08-15 18:26:21,PrettyPwny,Kiss her!
2025-08-15 18:26:22,Ayyo-bun,DAMN
2025-08-15 18:26:25,vivi,cooking
2025-08-15 18:26:25,Barbz,"is this like the ""killing yourself is selfish"" trope"
2025-08-15 18:26:25,Custardd,LET HER COOKK
2025-08-15 18:26:31,Shadowkiller_930,the teeth
2025-08-15 18:26:31,Ayyo-bun,FLAWLESSSS
2025-08-15 18:26:31,Custardd,yup
2025-08-15 18:26:34,Star_Berst,she's cooking
2025-08-15 18:26:35,Bailea 2,:face_with_tongue:
2025-08-15 18:26:35,Poka Death Pony,SHES A CHIEF
2025-08-15 18:26:36,2ShyShy,I DON'T WANNA CLOSE MY EYES
2025-08-15 18:26:36,Paddy Sparkle (galaxy),It was set up
2025-08-15 18:26:37,ieatrocksanddie,SNAILS COME BACK
2025-08-15 18:26:38,Silveevee,diomio
2025-08-15 18:26:39,Custardd,KISS
2025-08-15 18:26:40,Oppaimon,I DON'T WANNA MISS A THIIING
2025-08-15 18:26:40,Bell-Bottom Belphie,PERHAPS
2025-08-15 18:26:40,NubMcMoofin,:rainbow::rainbow:
2025-08-15 18:26:41,AnimeGames16,OH GOD
2025-08-15 18:26:41,2ShyShy,CAUSE I MISS YOU BABE
2025-08-15 18:26:41,Okuri Inu,flawless is 27 but she says she a child mentally
2025-08-15 18:26:42,PrettyPwny,LETS GO
2025-08-15 18:26:42,Gwussy,omfg
2025-08-15 18:26:42,Valory VapeSkin,Oh YEAHHH
2025-08-15 18:26:44,Kraggeraa -,Copyright friendly Aerosmith
2025-08-15 18:26:44,Bell-Bottom Belphie,OMG
2025-08-15 18:26:45,Shadowkiller_930,YES!!!!!!!!!!!!!!!!!
2025-08-15 18:26:45,2ShyShy,AND I DON'T WANNA MISS A THING
2025-08-15 18:26:45,TheTwinny,LOVE WINS
2025-08-15 18:26:45,Barbz,OH THEY'RE KISSING
2025-08-15 18:26:46,Hyloaf,Hot
2025-08-15 18:26:46,Naleśniki ,just kiss!
2025-08-15 18:26:47,Apple Bloom,0/////0
2025-08-15 18:26:47,Ice Lotus Dragon,arent they children?
2025-08-15 18:26:47,[SHRIMP],CRAZYYYY
2025-08-15 18:26:47,Oppaimon,YES
2025-08-15 18:26:47,Shivery,gay
2025-08-15 18:26:47,ultimateEPITOMEoflame,AHHHHHH
2025-08-15 18:26:48,Grim Tidings,BRO
2025-08-15 18:26:48,Just a big meme,WHOOOOOOOA
2025-08-15 18:26:48,NubMcMoofin,:exploding_head::smiling_face_with_hearts:
2025-08-15 18:26:48,ieatrocksanddie,OMG
2025-08-15 18:26:49,Jenny The Bean,This episode is pretty gay! They did it!
2025-08-15 18:26:50,Silveevee,:face_with_tears_of_joy:
2025-08-15 18:26:50,vivi,YURII
2025-08-15 18:26:51,Bell-Bottom Belphie,OMG
2025-08-15 18:26:51,Jo3a5,DAYUMM<MMM
2025-08-15 18:26:51,Fluffallama,MY LITTLE YURI
2025-08-15 18:26:52,Naleśniki ,YES
2025-08-15 18:26:53,Bailea 2,UM
2025-08-15 18:26:54,dorceless,lol ok
2025-08-15 18:26:54,[SHRIMP],Flawless whats up with you
2025-08-15 18:26:54,Jeramiha Peters,OH
2025-08-15 18:26:56,fuffy,I DONT WANNA CLOSE MY EYES
2025-08-15 18:26:58,Poka Death Pony,Yuri
2025-08-15 18:26:59,Barbz,yay twilight
2025-08-15 18:26:59,PrettyPwny,Where's Twilight's gains?
2025-08-15 18:27:00,vivi,leash...
2025-08-15 18:27:01,🌈𝓜𝓲𝓵𝓵𝓮𝓻 𝓣𝓱𝓮 𝓒𝓱𝓪𝓻𝓶𝓲𝓷𝓰 𝓜𝓪𝓰𝓲𝓬𝓪𝓵 𝓑𝓸𝔂💫,Yesss
2025-08-15 18:27:01,Ayyo-bun,OH MY GOD
2025-08-15 18:27:01,Based Imperialism,NOOOOOO
2025-08-15 18:27:04,Shadowkiller_930,"idc if they are kids, this is peak fiction tamers"
2025-08-15 18:27:04,Ayyo-bun,AW
2025-08-15 18:27:07,Custardd,YURII
2025-08-15 18:27:07,Barbz,YES GO BACK TO NORMAL IM TIRED OF THEM TWO
2025-08-15 18:27:08,Aromaticgrassitem,this ep is ghettoriffic 
2025-08-15 18:27:08,Ayyo-bun,NOOOOOOOOO
2025-08-15 18:27:09,🌈𝓜𝓲𝓵𝓵𝓮𝓻 𝓣𝓱𝓮 𝓒𝓱𝓪𝓻𝓶𝓲𝓷𝓰 𝓜𝓪𝓰𝓲𝓬𝓪𝓵 𝓑𝓸𝔂💫,:rainbow::rainbow::rainbow::rainbow:
2025-08-15 18:27:11,Grim Tidings,Gay all around!
2025-08-15 18:27:12,Super Sonic,W freedom for chrysalis 
2025-08-15 18:27:16,[SHRIMP],ERASE THEM
2025-08-15 18:27:16,Double J,aaawww
2025-08-15 18:27:17,Ayyo-bun,AWWWWWWW
2025-08-15 18:27:17,Shivery,well that was fun
2025-08-15 18:27:18,Prisma,uhoh
2025-08-15 18:27:18,Jo3a5,cute
2025-08-15 18:27:18,2ShyShy,...wait I know this song
2025-08-15 18:27:18,Barbz,@Shadowkiller_930 flash eyelashes blank stare....
2025-08-15 18:27:20,Bell-Bottom Belphie,Aww
2025-08-15 18:27:20,Lance,Shadowkiller needs to be on a watchlist
2025-08-15 18:27:20,🌈𝓜𝓲𝓵𝓵𝓮𝓻 𝓣𝓱𝓮 𝓒𝓱𝓪𝓻𝓶𝓲𝓷𝓰 𝓜𝓪𝓰𝓲𝓬𝓪𝓵 𝓑𝓸𝔂💫,:rainbow_flag::rainbow_flag::rainbow_flag::rainbow_flag::rainbow_flag:
2025-08-15 18:27:21,TheTwinny,OH NO
2025-08-15 18:27:22,ieatrocksanddie,WE NEED SNAILS
2025-08-15 18:27:22,Jo3a5,YAY
2025-08-15 18:27:23,cough drops,I LOVE GOOD KID
2025-08-15 18:27:23,freynoso47,Wow this ep is so good
2025-08-15 18:27:23,nanamei,NOOOOO GOD
2025-08-15 18:27:23,Valory VapeSkin,:rainbow_flag: ?
2025-08-15 18:27:24,Glimmy,uh oh...
2025-08-15 18:27:26,Grim Tidings,UT ass music
2025-08-15 18:27:26,Pmp712,#yuriforlife:fire::fire:
2025-08-15 18:27:27,vivi,WHAT
2025-08-15 18:27:27,Thegoodoldays,SHINING ARMOR BLAST
2025-08-15 18:27:27,u.p.R.Q (UngulaPropriaRQ),TRANS????
2025-08-15 18:27:29,🌈𝓜𝓲𝓵𝓵𝓮𝓻 𝓣𝓱𝓮 𝓒𝓱𝓪𝓻𝓶𝓲𝓷𝓰 𝓜𝓪𝓰𝓲𝓬𝓪𝓵 𝓑𝓸𝔂💫,:rainbow_flag::rainbow_flag::rainbow_flag::rainbow_flag::rainbow_flag:
2025-08-15 18:27:29,Gwussy,BOSS FIGHT
2025-08-15 18:27:29,Valory VapeSkin,YEAAAAH
2025-08-15 18:27:30,Ayyo-bun,OHHHHHHHHHHHH
2025-08-15 18:27:30,PrettyPwny,Oh this is kino
2025-08-15 18:27:32,Bell-Bottom Belphie,UHHH
2025-08-15 18:27:34,Barbz,YES TWILIGHT VS SHINING ARMOR
2025-08-15 18:27:34,Super Sonic,FIGHT BACK TWILIGHT 
2025-08-15 18:27:35,Jenny The Bean,Transgender 
2025-08-15 18:27:35,Ayyo-bun,GO GIRL
2025-08-15 18:27:37,Barbz,OK TWILIGHT POP HER FOR ME
2025-08-15 18:27:37,David Renteria,"okay, maybe I Should become homophonic"
2025-08-15 18:27:38,[SHRIMP],TWILIGHT KILL HER
2025-08-15 18:27:39,fuffy,shining needs to transition already
2025-08-15 18:27:41,Struckeo,Omg FINALLY I WAS WAITING FOR THE FIGHT GOD
2025-08-15 18:27:42,Custardd,FIGHT BUFF TWI
2025-08-15 18:27:42,Jenny The Bean,Anime fight!
2025-08-15 18:27:45,Gwussy,LMAO AW
2025-08-15 18:27:46,Idle Mind,SHE'S TOO POWERFULL
2025-08-15 18:27:48,Jo3a5,kick her ass
2025-08-15 18:27:49,VolcaniaV3,+EPIC FIGHT INCOMING+
2025-08-15 18:27:49,Kraggeraa -,WORLDSTAR!!
2025-08-15 18:27:49,Oppaimon,:rainbow_flag::rainbow_flag::rainbow_flag::rainbow_flag::rainbow_flag::rainbow_flag:
2025-08-15 18:27:50,Ayyo-bun,YESSSSS
2025-08-15 18:27:51,Ladisepic,TWILIGHT YOU HAVE TO DETRANSITION YOUR BROTHER GET THE CONVERSION CAMP TICKETS
2025-08-15 18:27:51,Aromaticgrassitem,I feel like I missed an episode
2025-08-15 18:27:52,Jenny The Bean,Helicopter hat!
2025-08-15 18:27:53,ieatrocksanddie,SNAILS ISNT BACK YE5 MAN
2025-08-15 18:27:56,Ayyo-bun,SHE OP I LOVE HER
2025-08-15 18:27:59,TheTwinny,Dragon Ball type shh
2025-08-15 18:27:59,Based Imperialism,She has a point
2025-08-15 18:27:59,Grim Tidings,Go back to being a bottom!
2025-08-15 18:27:59,dorceless,just make cadence a mare dammit pls
2025-08-15 18:27:59,DoomGrey,cam on twilight
2025-08-15 18:28:00,Ice Lotus Dragon,Twilight you gotta lock in
2025-08-15 18:28:00,G0reFreak,I'm expecting a song from princewhateverer
2025-08-15 18:28:01,Poka Death Pony,HELL YEAH FIGHT FIGHT FIGHT
2025-08-15 18:28:02,Barbz,BEA THE RUP
2025-08-15 18:28:03,Gwussy,COCO STOP
2025-08-15 18:28:05,Shadowkiller_930,the peak is peaking
2025-08-15 18:28:07,ieatrocksanddie,SNAILS:face-purple-crying::face-purple-crying::face-purple-crying:
2025-08-15 18:28:07,Bell-Bottom Belphie,Reminds Me Of Bowsette
2025-08-15 18:28:11,Jenny The Bean,Sorry twilight white women always win
2025-08-15 18:28:12,🌈𝓜𝓲𝓵𝓵𝓮𝓻 𝓣𝓱𝓮 𝓒𝓱𝓪𝓻𝓶𝓲𝓷𝓰 𝓜𝓪𝓰𝓲𝓬𝓪𝓵 𝓑𝓸𝔂💫,peak
2025-08-15 18:28:15,Ur7_gw67M,I stopped watching for 3 min wtf is happening
2025-08-15 18:28:19,PrettyPwny,Banger song
2025-08-15 18:28:21,Ayyo-bun,AAWWWW
2025-08-15 18:28:21,Shivery,Just let them be haply Twilght
2025-08-15 18:28:21,vivi,that damn smirk
2025-08-15 18:28:23,Jo3a5,cute
2025-08-15 18:28:25,Naleśniki ,i like fact that change colors to black and white with them hair
2025-08-15 18:28:26,fuffy,snails will be killed
2025-08-15 18:28:28,Gwussy,GET HER
2025-08-15 18:28:29,PrettyPwny,This gives me FLCL vibes low key
2025-08-15 18:28:30,Skidum,twilight is a badass
2025-08-15 18:28:31,Valory VapeSkin,NOOOOOOO
2025-08-15 18:28:32,Custardd,AAAA
2025-08-15 18:28:33,Thegoodoldays,Lets gooooooooooooo
2025-08-15 18:28:34,Super Sonic,SOUL PUNISHER 
2025-08-15 18:28:34,taku,snails will revive
2025-08-15 18:28:36,Okuri Inu,I just love the tamer lore. I dont have like all the jokes :pensive_face:
2025-08-15 18:28:36,[SHRIMP],MY POWERS
2025-08-15 18:28:38,vivi,JACK EM UP
2025-08-15 18:28:39,ultimateEPITOMEoflame,FIGHT FIGHTIFGHTUFIGHT
2025-08-15 18:28:40,Shadowkiller_930,"child or no child, tamers is peak in whatever he does. No questions asked"
2025-08-15 18:28:40,Barbz,YUH YUH YUH
2025-08-15 18:28:40,nanamei,NOOOOO
2025-08-15 18:28:41,Jenny The Bean,Bpic!
2025-08-15 18:28:42,[SHRIMP],USE THE FART BLAST TWILIGHT
2025-08-15 18:28:42,Ayyo-bun,FUCCCCLKKKKKK
2025-08-15 18:28:43,VorteX Fury,What is going on!?
2025-08-15 18:28:46,Silveevee,cinema
2025-08-15 18:28:47,Pmp712,did she just untrans shining amor
2025-08-15 18:28:47,Trap,oh nvm
2025-08-15 18:28:47,PrettyPwny,SHINING
2025-08-15 18:28:48,Barbz,SHINING ARMOR YAYYY
2025-08-15 18:28:49,Shadowkiller_930,THE GENDERSWAP
2025-08-15 18:28:50,Joaquin Perez,"quiet, a white women is speaking"
2025-08-15 18:28:52,nanamei,SHINING ARMOR IS LAME
2025-08-15 18:28:54,🌈𝓜𝓲𝓵𝓵𝓮𝓻 𝓣𝓱𝓮 𝓒𝓱𝓪𝓻𝓶𝓲𝓷𝓰 𝓜𝓪𝓰𝓲𝓬𝓪𝓵 𝓑𝓸𝔂💫,female shining go
2025-08-15 18:28:54,TheTwinny,Uh oooooooh
2025-08-15 18:28:56,Jo3a5,YAY
2025-08-15 18:28:56,Ayyo-bun,DAMN LMAO
2025-08-15 18:28:59,sol,is tamers prengant?
2025-08-15 18:29:04,🌈𝓜𝓲𝓵𝓵𝓮𝓻 𝓣𝓱𝓮 𝓒𝓱𝓪𝓻𝓶𝓲𝓷𝓰 𝓜𝓪𝓰𝓲𝓬𝓪𝓵 𝓑𝓸𝔂💫,nooo
2025-08-15 18:29:05,fuffy,@shadowkiller_930 why u care about the kids so much fillydidddler
2025-08-15 18:29:05,cough drops,DID SHE JUST DE TRANSITON SHINGING ARMOR
2025-08-15 18:29:05,PrettyPwny,Lets go real Shining!
2025-08-15 18:29:06,Custardd,THEY DE-GAYED MY PONY
2025-08-15 18:29:06,ieatrocksanddie,"FUFFY, DONT WISH THAT, SNAILS IS ALIVE AND WELL LIVING WITH HIS BEST FRIEND SNIPS"
2025-08-15 18:29:06,Elendil,but that's what princess armor does all the time
2025-08-15 18:29:07,Ayyo-bun,OR SEPARATE CHARACTERS NOW?
2025-08-15 18:29:07,[SHRIMP],She did just detransition them
2025-08-15 18:29:10,Jenny The Bean,Damn! Mind scape fighting!
2025-08-15 18:29:11,sol,if tamers was pregnant what woukd the baby be named
2025-08-15 18:29:12,Gwussy,I made tamers pregnant
2025-08-15 18:29:13,Ll_ring ,TWI POMNI?
2025-08-15 18:29:15,Trap,hot
2025-08-15 18:29:16,Pmp712,WHO JUST ASKED IF TAMMERS WAS PREGNATE
2025-08-15 18:29:17,Idle Mind,REAL
2025-08-15 18:29:19,[SHRIMP],AURA
2025-08-15 18:29:19,ieatrocksanddie,BRING BACK SNAILS
2025-08-15 18:29:19,cough drops,TAMERS IS MINE
2025-08-15 18:29:21,TheTwinny,HAHAHAHA
2025-08-15 18:29:21,Elendil,dayum
2025-08-15 18:29:22,2ShyShy,god he's so hot
2025-08-15 18:29:22,Valory VapeSkin,O-O
2025-08-15 18:29:22,BlackKanye,lol
2025-08-15 18:29:24,Super Sonic,YES
2025-08-15 18:29:24,Okuri Inu,i-
2025-08-15 18:29:24,Thegoodoldays,Based shining armor lmao
2025-08-15 18:29:24,Bell-Bottom Belphie,LOL
2025-08-15 18:29:25,VorteX Fury,Oooohhhhh
2025-08-15 18:29:25,cough drops,WHITE BOY IS MINE
2025-08-15 18:29:25,Oppaimon,WOAH
2025-08-15 18:29:25,Shadowkiller_930,"YE BOI, DAYBREAKER!"
2025-08-15 18:29:25,2ShyShy,HELL YEAH
2025-08-15 18:29:25,Based Imperialism,UNF
2025-08-15 18:29:26,Jenny The Bean,OwO 
2025-08-15 18:29:26,Ayyo-bun,HELL YEAH
2025-08-15 18:29:27,NubMcMoofin,:exploding_head:
2025-08-15 18:29:27,Hyloaf,lol
2025-08-15 18:29:27,Barbz,OH WTF
2025-08-15 18:29:27,Pmp712,HAHABAHAAH
2025-08-15 18:29:28,TheTwinny,THIS IS HOW DAYBREAKER SHOWS UP
2025-08-15 18:29:28,Poka Death Pony,HOT
2025-08-15 18:29:29,Yurek,WHAT
2025-08-15 18:29:29,Grim Tidings,HELL YES
2025-08-15 18:29:29,Kraggeraa -,DAYBREAKERRRR
2025-08-15 18:29:29,Silveevee,yesssss
2025-08-15 18:29:29,Prisma,gaybreaker 
2025-08-15 18:29:30,ieatrocksanddie,DAYBREAKER
2025-08-15 18:29:30,[SHRIMP],LOLLLL
2025-08-15 18:29:31,Thrawn0089,WOW! Amazing!
2025-08-15 18:29:31,Jo3a5,DAYUMMMMM
2025-08-15 18:29:32,Apple Bloom,owo
2025-08-15 18:29:32,Ayyo-bun,WOOOHOOOOOOOOO
2025-08-15 18:29:34,Silveevee,:face_savoring_food:
2025-08-15 18:29:34,Aromaticgrassitem,Gaybreaker 
2025-08-15 18:29:35,Thegoodoldays,GAYBREAKER LMAO
2025-08-15 18:29:35,Double J,YOOOO
2025-08-15 18:29:35,Okuri Inu,im dying
2025-08-15 18:29:36,Gwussy,tamers is my white boy
2025-08-15 18:29:36,PrettyPwny,GAY BREAKER
2025-08-15 18:29:37,Valory VapeSkin,Gay breaker
2025-08-15 18:29:37,Custardd,GAY BREAKER
2025-08-15 18:29:38,Ghio,ball breaker
2025-08-15 18:29:39,Poka Death Pony,LMAO
2025-08-15 18:29:40,[SHRIMP],GOON OUT SHINING ARMOR
2025-08-15 18:29:40,Grim Tidings,GAYBREAKER
2025-08-15 18:29:42,Shivery,Daybreaker
2025-08-15 18:29:42,Naleśniki ,i mean daybrakwr is hot
2025-08-15 18:29:42,vivi,gay breaker 
2025-08-15 18:29:43,VorteX Fury,where will be trixie?
2025-08-15 18:29:43,Based Imperialism,BASED
2025-08-15 18:29:44,Super Sonic,I didn’t know Shining was like that 
2025-08-15 18:29:45,dorceless,LOL
2025-08-15 18:29:45,Trap,gg ez
2025-08-15 18:29:47,Ayyo-bun,OH DAMN
2025-08-15 18:29:48,Jo3a5,HOT
2025-08-15 18:29:48,Barbz,shining armor looks hot asf :smiling_cat_with_heart_eyes:
2025-08-15 18:29:50,Trap,ezzzzzz
2025-08-15 18:29:51,Thegoodoldays,DESTROYED
2025-08-15 18:29:51,Jenny The Bean,:0
2025-08-15 18:29:52,Barbz,OH THE TENNIS
2025-08-15 18:29:53,Glimmy,so peak
2025-08-15 18:29:54,Ice Lotus Dragon,TOJI
2025-08-15 18:29:54,Shivery,:fire:
2025-08-15 18:29:54,Barbz,OOP
2025-08-15 18:29:55,Ayyo-bun,AAAAAHHHHHHHH
2025-08-15 18:29:55,Kraggeraa -,How do you know this Shining
2025-08-15 18:29:56,Shadowkiller_930,@fuffy just enhoy the episode its a joke obviously
2025-08-15 18:29:56,2ShyShy,thank you tamers
2025-08-15 18:29:57,Oppaimon,o
2025-08-15 18:29:57,TheTwinny,Brutal.
2025-08-15 18:29:58,Ur7_gw67M,re gore
2025-08-15 18:29:58,Idle Mind,pong battle
2025-08-15 18:30:01,nanamei,NOOOO
2025-08-15 18:30:02,Okuri Inu,shouldn't the fireball explode hotter of they farted
2025-08-15 18:30:02,[SHRIMP],AWESOME
2025-08-15 18:30:03,FLUTTERGABE 22🐴🦋,:racehorse::dashing_away: five
2025-08-15 18:30:03,Jo3a5,DAYUUUUM
2025-08-15 18:30:05,[SHRIMP],GOON OUT SHINING ARMOR
2025-08-15 18:30:06,ieatrocksanddie,BRING BACK SNAILS
2025-08-15 18:30:07,Jenny The Bean,Fem Shining dead?!?!!?
2025-08-15 18:30:09,NubMcMoofin,:face_holding_back_tears:
2025-08-15 18:30:10,Ayyo-bun,DAMNNNNNNNNN
2025-08-15 18:30:10,Ice Lotus Dragon,bro watched jujusu kaisen
2025-08-15 18:30:16,FLUTTERGABE 22🐴🦋,:racehorse::dashing_away: six
2025-08-15 18:30:16,PrettyPwny,This is so sweet
2025-08-15 18:30:17,Poka Death Pony,need a bandaid on that
2025-08-15 18:30:20,BlackKanye,This some kingdom hearts shit
2025-08-15 18:30:22,Elendil,ack
2025-08-15 18:30:23,Valory VapeSkin,Oh god
2025-08-15 18:30:23,Jo3a5,cute
2025-08-15 18:30:23,PrettyPwny,Dang
2025-08-15 18:30:23,[SHRIMP],THIS IS KIND OF LIKE KINGDOM HEARTS
2025-08-15 18:30:23,fuffy,@shadowkiller_930 :squinting_face_with_tongue::squinting_face_with_tongue::squinting_face_with_tongue::squinting_face_with_tongue::squinting_face_with_tongue:
2025-08-15 18:30:24,Barbz,@Shadowkiller_930 wasnt funny boo but NEXT
2025-08-15 18:30:25,DoomGrey,ded
2025-08-15 18:30:25,2ShyShy,wow
2025-08-15 18:30:26,Bell-Bottom Belphie,LMAO
2025-08-15 18:30:27,Thegoodoldays,Shining is back to normal yay1
2025-08-15 18:30:27,laahocsm001,Ill miss her
2025-08-15 18:30:28,u.p.R.Q (UngulaPropriaRQ),yowza
2025-08-15 18:30:28,Pmp712,NOO
2025-08-15 18:30:29,Double J,BRAVO
2025-08-15 18:30:29,Oppaimon,YAY
2025-08-15 18:30:29,Super Sonic,Dubs 
2025-08-15 18:30:30,Valory VapeSkin,COLD
2025-08-15 18:30:30,ieatrocksanddie,BRING BACK SNAILS
2025-08-15 18:30:30,Shadowkiller_930,the knife ending
2025-08-15 18:30:31,dorceless,damn...
2025-08-15 18:30:31,Jo3a5,YAY\
2025-08-15 18:30:32,Ladisepic,that was so epic
2025-08-15 18:30:36,Barbz,help not the anticlimatic death :loudly_crying_face::loudly_crying_face:
2025-08-15 18:30:38,Grim Tidings,All is right with the world
2025-08-15 18:30:38,TheTwinny,PNG 
2025-08-15 18:30:38,dorceless,wtf
2025-08-15 18:30:41,🌈𝓜𝓲𝓵𝓵𝓮𝓻 𝓣𝓱𝓮 𝓒𝓱𝓪𝓻𝓶𝓲𝓷𝓰 𝓜𝓪𝓰𝓲𝓬𝓪𝓵 𝓑𝓸𝔂💫,noooo
2025-08-15 18:30:42,TamersOfficial,Holy fuck
2025-08-15 18:30:42,Ayyo-bun,DAMMIT THE STALLION POPULATION IS BACK UP
2025-08-15 18:30:43,Thegoodoldays,AMONG US
2025-08-15 18:30:43,PrettyPwny,Based PNG
2025-08-15 18:30:44,Jenny The Bean,New Alicorn?!??!???
2025-08-15 18:30:44,2ShyShy,wow
2025-08-15 18:30:46,Thegoodoldays,HUH?
2025-08-15 18:30:47,[SHRIMP],She's not being made a alicorn
2025-08-15 18:30:47,Elendil,among what
2025-08-15 18:30:47,The Weird Kitty,ayeee
2025-08-15 18:30:47,Barbz,MANIFESTS TWILIGHT GETTING HER WINGS BACK
2025-08-15 18:30:47,Prisma,coco!??!?!
2025-08-15 18:30:49,Barbz,what
2025-08-15 18:30:49,u.p.R.Q (UngulaPropriaRQ),YO WHAT 
2025-08-15 18:30:50,🌈𝓜𝓲𝓵𝓵𝓮𝓻 𝓣𝓱𝓮 𝓒𝓱𝓪𝓻𝓶𝓲𝓷𝓰 𝓜𝓪𝓰𝓲𝓬𝓪𝓵 𝓑𝓸𝔂💫,Noooo
2025-08-15 18:30:50,Valory VapeSkin,._.
2025-08-15 18:30:50,Ur7_gw67M,what
2025-08-15 18:30:51,Glimmy,WHOA
2025-08-15 18:30:51,PrettyPwny,HOLY
2025-08-15 18:30:51,ieatrocksanddie,SNAILS IS RHE ALICORN
2025-08-15 18:30:51,DoomGrey,amogus
2025-08-15 18:30:52,Gwussy,WHAT
2025-08-15 18:30:52,cough drops,WAT
2025-08-15 18:30:53,leviation saber,:face-green-smiling::face-green-smiling:
2025-08-15 18:30:53,Kraggeraa -,WTF
2025-08-15 18:30:53,Barbz,oh you're joe king
2025-08-15 18:30:53,Aromaticgrassitem,Cocaine Pommeling
2025-08-15 18:30:53,Dial 2,YES
2025-08-15 18:30:53,Bell-Bottom Belphie,WHA
2025-08-15 18:30:54,Shivery,OMG
2025-08-15 18:30:54,NubMcMoofin,:exploding_head::exploding_head::exploding_head::exploding_head:
2025-08-15 18:30:55,dorceless,lol okay
2025-08-15 18:30:55,Oppaimon,WUT
2025-08-15 18:30:55,The Weird Kitty,WOAAAH
2025-08-15 18:30:55,mlpfimguy,:O
2025-08-15 18:30:55,ieatrocksanddie,WHAT
2025-08-15 18:30:55,nanamei,I'll miss my hypno queen
2025-08-15 18:30:55,2ShyShy,deserved
2025-08-15 18:30:56,Grim Tidings,EXCUSE ME
2025-08-15 18:30:56,Based Imperialism,BASED
2025-08-15 18:30:56,Poka Death Pony,OMH THE GAY HATERS HERE
2025-08-15 18:30:56,Thrawn0089,Wut?
2025-08-15 18:30:56,Ladisepic,SHOULDVE BEEN CARROT TOP
2025-08-15 18:30:57,Ayyo-bun,EVEN MY CAT MEOWED DISAPPROVAL
2025-08-15 18:30:57,Jo3a5,WHAT
2025-08-15 18:30:57,Thegoodoldays,LMAO
2025-08-15 18:30:58,Jo3a5,?
2025-08-15 18:30:59,PrettyPwny,COCO ALICORNIFIED
2025-08-15 18:31:00,Barbz,YOU'RE JOKING OMGGGG
2025-08-15 18:31:00,Silveevee,:rolling_on_the_floor_laughing::rolling_on_the_floor_laughing::rolling_on_the_floor_laughing:
2025-08-15 18:31:00,Gwussy,PRINCESS OF 
2025-08-15 18:31:02,Gaalnr,just handing that shit out like candy lol
2025-08-15 18:31:02,Super Sonic,"What is this, some alicorn bargain sale?"
2025-08-15 18:31:02,Hyloaf,YAY PRINCESS COCO
2025-08-15 18:31:03,VolcaniaV3,WHAT
2025-08-15 18:31:04,Ur7_gw67M,LMAO
2025-08-15 18:31:05,Valory VapeSkin,Lmfao
2025-08-15 18:31:05,VaFail,she deserves 
2025-08-15 18:31:07,Gwussy,BRUH LMAO 
2025-08-15 18:31:07,PrettyPwny,Princess of Fluttershy
2025-08-15 18:31:07,Ayyo-bun,ALLICORN OF EVERYTHING
2025-08-15 18:31:07,megan,mmnnnnn celestia...
2025-08-15 18:31:08,Jenny The Bean,Coco best princess!!!!!!
2025-08-15 18:31:08,fuffy,ew
2025-08-15 18:31:08,FLUTTERGABE 22🐴🦋,:racehorse::dashing_away: seven
2025-08-15 18:31:09,Ladisepic,IT SHOULDVE BEEN CARROT TOOOOOOP
2025-08-15 18:31:10,cough drops,IM THE ONLY PERSON ASKED FOR THIS
2025-08-15 18:31:10,vivi,LOL
2025-08-15 18:31:12,Shivery,DESERVED
2025-08-15 18:31:13,Ayyo-bun,REALLY????
2025-08-15 18:31:14,2ShyShy,Princess of Unions
2025-08-15 18:31:15,TheTwinny,"This is a Russo Swerve, bro"
2025-08-15 18:31:16,[SHRIMP],LOL LMAO
2025-08-15 18:31:16,Reine,kek
2025-08-15 18:31:18,Barbz,IF YOU DON'T MAKE YOUR GIRL CADENCE AN ALICORN
2025-08-15 18:31:18,fuffy,LMFAOOOO
2025-08-15 18:31:19,Ayyo-bun,LMAO
2025-08-15 18:31:21,Lance,Bro is alicorning everyone
2025-08-15 18:31:22,Ayyo-bun,NO
2025-08-15 18:31:23,Gwussy,HAH
2025-08-15 18:31:24,Barbz,WTF
2025-08-15 18:31:24,Poka Death Pony,princess of work
2025-08-15 18:31:27,dorceless,wow
2025-08-15 18:31:28,ieatrocksanddie,MAKE SNAILS AN ALICORN
2025-08-15 18:31:32,Super Sonic,Goated coco alicorn lol 
2025-08-15 18:31:33,Thegoodoldays,LMAO
2025-08-15 18:31:34,Gwussy,CELESTIA 
2025-08-15 18:31:34,Ayyo-bun,PRINCESS OF BOOK
2025-08-15 18:31:35,PrettyPwny,Nice art
2025-08-15 18:31:37,Valory VapeSkin,O.O
2025-08-15 18:31:39,Naleśniki ,Coco is now best princes
2025-08-15 18:31:41,2ShyShy,thanks tamers
2025-08-15 18:31:42,Pmp712,GYA
2025-08-15 18:31:42,VorteX Fury,0.0
2025-08-15 18:31:42,Apple Bloom,Princess molestia?!?!
2025-08-15 18:31:42,Shivery,NTR
2025-08-15 18:31:43,Silveevee,ayo
2025-08-15 18:31:43,Valory VapeSkin,OoOH
2025-08-15 18:31:44,Elendil,OOO
2025-08-15 18:31:44,Jo3a5,DAYUUUUUUUM
2025-08-15 18:31:44,PrettyPwny,SLAP
2025-08-15 18:31:45,Grim Tidings,DO IT
2025-08-15 18:31:47,Jenny The Bean,Oooooooo
2025-08-15 18:31:48,dorceless,DAMN
2025-08-15 18:31:49,Poka Death Pony,0_0
2025-08-15 18:31:51,vivi,DAMN
2025-08-15 18:31:53,Super Sonic,Aw hell Celestia a freak :loudly_crying_face:
2025-08-15 18:31:53,Jenny The Bean,Fried Chicken 
2025-08-15 18:31:56,ieatrocksanddie,MAKE SNAILS AN ALICORN
2025-08-15 18:31:56,fuffy,bru
2025-08-15 18:31:58,Barbz,wait hold awn twilight LITERALLY DECLINED to become an alicorn why does she want it back? @TamersOfficial 
2025-08-15 18:31:58,[SHRIMP],I wonder if Twilight will ever be an Alicorn again
2025-08-15 18:31:59,Oppaimon,NTR
2025-08-15 18:32:00,Gwussy,YESS
2025-08-15 18:32:00,Bell-Bottom Belphie,3 Some?
2025-08-15 18:32:02,Jo3a5,bugnnaped
2025-08-15 18:32:03,nanamei,3 some
2025-08-15 18:32:04,Ayyo-bun,TAMERS ARE YOU ON WPLACE?
2025-08-15 18:32:05,fuffy,OO!
2025-08-15 18:32:05,Bell-Bottom Belphie,Darn
2025-08-15 18:32:06,Double J,awww
2025-08-15 18:32:06,Ladisepic,carrot top shouldve been the alicorn
2025-08-15 18:32:07,Jenny The Bean,Use the grease as lube
2025-08-15 18:32:08,VorteX Fury,Nooo :((((((
2025-08-15 18:32:08,u.p.R.Q (UngulaPropriaRQ),she's so based 
2025-08-15 18:32:08,nanamei,oh...
2025-08-15 18:32:10,ieatrocksanddie,WE NEED SNAILS
2025-08-15 18:32:10,Okuri Inu,NO I WANTED THE 3 THROUPLE!
2025-08-15 18:32:11,Gwussy,YESSS
2025-08-15 18:32:11,Based Imperialism,Yes
2025-08-15 18:32:12,[SHRIMP],Awesome
2025-08-15 18:32:13,Gwussy,DO IT
2025-08-15 18:32:13,Poka Death Pony,sad
2025-08-15 18:32:13,NubMcMoofin,:smiling_face:
2025-08-15 18:32:15,Ur7_gw67M,LMAO
2025-08-15 18:32:15,Ayyo-bun,DO IT
2025-08-15 18:32:15,Grim Tidings,Daaaamn
2025-08-15 18:32:17,Elendil,secks
2025-08-15 18:32:17,Pmp712,I thoguth this was gonna be a 3sum kinda disapointed
2025-08-15 18:32:17,Kraggeraa -,I knew she would say that
2025-08-15 18:32:19,Barbz,chrysalis want that cookie BADDD
2025-08-15 18:32:19,Silveevee,:rolling_on_the_floor_laughing:
2025-08-15 18:32:21,TamersOfficial,Twilight is just jealous that everyone is getting alicorn powers
2025-08-15 18:32:21,Ayyo-bun,NO YOU ARE
2025-08-15 18:32:27,Shadowkiller_930,the peak
2025-08-15 18:32:27,Silveevee,REAL
2025-08-15 18:32:27,Thegoodoldays,Twilight thought it would be a cool thing to say in the moment but she didn't think over the consequences @Barbz 
2025-08-15 18:32:28,Lance,Shes so real
2025-08-15 18:32:30,Jo3a5,LMASDOASDMASDO
2025-08-15 18:32:30,TheTwinny,Chrysi is DOWN bad
2025-08-15 18:32:33,dorceless,I wish it was fem shining and cadance... or male shining and male cadence
2025-08-15 18:32:35,Oppaimon,KFC sounds really good
2025-08-15 18:32:36,VorteX Fury,no trixie :(
2025-08-15 18:32:36,Apple Bloom,Shes such a femcel i love her so much
2025-08-15 18:32:36,Gwussy,LMAO
2025-08-15 18:32:36,Naleśniki ,3 some please
2025-08-15 18:32:38,Ayyo-bun,DAMN
2025-08-15 18:32:38,sol,tamers are u pegnennt
2025-08-15 18:32:39,Kytasia Wegner,:pink_heart::pink_heart::pink_heart::pink_heart::pink_heart::pink_heart::pink_heart::pink_heart::pink_heart::pink_heart::star_struck::star_struck::star_struck::star_struck::star_struck::star_struck::star_struck::star_struck::star_struck::star_struck::star_struck::star_struck:
2025-08-15 18:32:40,PrettyPwny,Celestia handing out Alicorn powers like Mints
2025-08-15 18:32:40,Ayyo-bun,NO
2025-08-15 18:32:42,cough drops,NO based polyarmoy????
2025-08-15 18:32:42,Bell-Bottom Belphie,LMFAO
2025-08-15 18:32:43,Shadowkiller_930,cadance has a point ngl
2025-08-15 18:32:44,Idle Mind,vanilla milfshakes
2025-08-15 18:32:45,Jo3a5,LOL
2025-08-15 18:32:48,vivi,LOL
2025-08-15 18:32:49,ieatrocksanddie,MAKE SNAILS AN CHARACTER IN TAMERS UNIVERSE AND NOT JUST A PNG:face-purple-crying::face-purple-crying:
2025-08-15 18:32:55,2ShyShy,Please turn him back into a white woman
2025-08-15 18:32:56,Ayyo-bun,LMAO
2025-08-15 18:32:56,Aromaticgrassitem,Love these 3'
2025-08-15 18:32:56,PrettyPwny,Vanilla
2025-08-15 18:32:59,TheTwinny,WHAT IS HE TALKING ABOUT
2025-08-15 18:33:00,Shadowkiller_930,"Tamers, when will Prince Blueblood return? He had a peak role"
2025-08-15 18:33:01,Trap,usaaa
2025-08-15 18:33:02,NubMcMoofin,:smiling_face_with_hearts:
2025-08-15 18:33:02,Lance,I want to see more of mary and starlight
2025-08-15 18:33:02,Super Sonic,So nonchalant 
2025-08-15 18:33:02,Jo3a5,cute
2025-08-15 18:33:03,[SHRIMP],Aura
2025-08-15 18:33:04,Okuri Inu,bottom
2025-08-15 18:33:05,Poka Death Pony,yo cadance got long hair again
2025-08-15 18:33:06,Gwussy,SHINY CHOSSE CHRYSALIS
2025-08-15 18:33:06,Trap,américa
2025-08-15 18:33:07,PrettyPwny,Murica
2025-08-15 18:33:07,Valory VapeSkin,MURRICA
2025-08-15 18:33:08,Elendil,:american_football:
2025-08-15 18:33:08,Ayyo-bun,OOP
2025-08-15 18:33:08,[SHRIMP],Look at his Chin
2025-08-15 18:33:09,Jenny The Bean,Mommy!
2025-08-15 18:33:09,Light Tim,Ah hell I'm late
2025-08-15 18:33:10,TheTwinny,MURICA I GUESS
2025-08-15 18:33:10,Ladisepic,PRINCESS CARROT TOP WILL HAPPEN...
2025-08-15 18:33:10,Oppaimon,MERICA
2025-08-15 18:33:11,Thegoodoldays,OH SAY CAN YOU SEE
2025-08-15 18:33:11,2ShyShy,USA! USA! USA!
2025-08-15 18:33:11,Ayyo-bun,AMERICA
2025-08-15 18:33:12,[SHRIMP],AMERICANNN
2025-08-15 18:33:12,fuffy,vanilla milshakes
2025-08-15 18:33:13,Thrawn0089,Ah shit! MURICA!
2025-08-15 18:33:13,Grim Tidings,AMERICA
2025-08-15 18:33:13,dorceless,murica...
2025-08-15 18:33:15,Jenny The Bean,He America
2025-08-15 18:33:15,Jo3a5,USA
2025-08-15 18:33:15,Pmp712,help what
2025-08-15 18:33:15,Kraggeraa -,MURICAAAA
2025-08-15 18:33:16,Shivery,This is Japa- AMERICA
2025-08-15 18:33:17,Barbz,and i because shining armor is my man cadence and chyrsalis better back TF up
2025-08-15 18:33:18,Silveevee,:saluting_face:
2025-08-15 18:33:18,ieatrocksanddie,AMERICAN
2025-08-15 18:33:19,taku,shining armor is such a bottom
2025-08-15 18:33:19,2ShyShy,USA!
2025-08-15 18:33:19,vivi,murica
2025-08-15 18:33:21,Ice Lotus Dragon,:eagle::eagle::eagle::eagle::eagle:
2025-08-15 18:33:21,Double J,USA
2025-08-15 18:33:22,The Weird Kitty,:eagle::eagle::eagle:
2025-08-15 18:33:23,VolcaniaV3,SMASH
2025-08-15 18:33:23,nanamei,God bless American
2025-08-15 18:33:24,Ayyo-bun,PRINCESS OF AMERICA
2025-08-15 18:33:24,Grim Tidings,BECOME A BOTTOM
2025-08-15 18:33:25,Bell-Bottom Belphie,3 Some
2025-08-15 18:33:27,Valory VapeSkin,xD
2025-08-15 18:33:27,Jenny The Bean,AMERICA
2025-08-15 18:33:28,Based Imperialism,:eagle: :eagle: :eagle:
2025-08-15 18:33:29,Shivery,
2025-08-15 18:33:30,Barbz,"""We're in Japan...."""
2025-08-15 18:33:33,PrettyPwny,3some
2025-08-15 18:33:34,Gwussy,OMG 3 SOMW
2025-08-15 18:33:34,Agent_Mothman_SE,USA! USA!
2025-08-15 18:33:34,[SHRIMP],LOOK AT HIS AMAZING CHIN
2025-08-15 18:33:34,cough drops,BASED AMERICAN POLYAMORY
2025-08-15 18:33:35,Valory VapeSkin,Do it for Murrica!
2025-08-15 18:33:35,Trap,Jesus lol
2025-08-15 18:33:36,ieatrocksanddie,SNAILS PLSPLSPLS
2025-08-15 18:33:37,sol,TRULEY MAGBNIFICENT
2025-08-15 18:33:37,Aromaticgrassitem,WALMART AND PATRIOTISM! WE ARE HARD PIMPIN TONIGHT!
2025-08-15 18:33:40,Gwussy,YAAAAYYYY
2025-08-15 18:33:41,fuffy,ugh just transition already shining
2025-08-15 18:33:42,u.p.R.Q (UngulaPropriaRQ),LOOK AT HIM WAGGING
2025-08-15 18:33:42,Ice Lotus Dragon,:eagle::eagle:
2025-08-15 18:33:43,AnimeGames16,
2025-08-15 18:33:43,Idle Mind,such a sacrifice
2025-08-15 18:33:43,Gwussy,LETS GOOOO
2025-08-15 18:33:44,Pmp712,HELp
2025-08-15 18:33:44,Valory VapeSkin,YEEEE
2025-08-15 18:33:44,2ShyShy,USA! USA! USA!
2025-08-15 18:33:44,SymphonyDawn3,is Equestria America
2025-08-15 18:33:45,Thegoodoldays,Based based based
2025-08-15 18:33:45,Bell-Bottom Belphie,LET'S GOO
2025-08-15 18:33:46,NubMcMoofin,:saluting_face::saluting_face::saluting_face:
2025-08-15 18:33:46,Ayyo-bun,YEESSSSSSSSSSSSSS
2025-08-15 18:33:47,VorteX Fury,What
2025-08-15 18:33:47,Friki Tiki,he's a saint
2025-08-15 18:33:47,Glimmy,damn Shiny is a pmaywr
2025-08-15 18:33:48,PrettyPwny,LETS GO
2025-08-15 18:33:48,Pmp712,YYYAYAYAYAYYAY
2025-08-15 18:33:48,Okuri Inu,im sorry but chrysalis would have shining dehydrated in the hospital repeatedly
2025-08-15 18:33:50,Naleśniki ,America is cannon in equestria
2025-08-15 18:33:50,Valory VapeSkin,LETS GOOOOO
2025-08-15 18:33:51,Poka Death Pony,tail wiggle XD
2025-08-15 18:33:51,Jo3a5,YAY
2025-08-15 18:33:51,[SHRIMP],HES SO BASED
2025-08-15 18:33:51,Shadowkiller_930,''after red lobster'' fr fr
2025-08-15 18:33:52,PrettyPwny,Shining is so based
2025-08-15 18:33:52,2ShyShy,:saluting_face:
2025-08-15 18:33:52,Oppaimon,:hot_face:
2025-08-15 18:33:53,nanamei,"""you have no right to hold me captive"""
2025-08-15 18:33:53,TheTwinny,Mans wants his Red Lobster
2025-08-15 18:33:53,Gwussy,YEEEEEAAAAA
2025-08-15 18:33:53,vivi,WHAT
2025-08-15 18:33:54,Silveevee,insane work
2025-08-15 18:33:56,Based Imperialism,:saluting_face:
2025-08-15 18:33:56,DoomGrey,Based Shining Armor
2025-08-15 18:33:56,Lance,YASSSSSDS
2025-08-15 18:33:58,Joaquin Perez,so brave
2025-08-15 18:33:58,dorceless,after red lobster :lobster:
2025-08-15 18:33:59,Pmp712,its a love triangle
2025-08-15 18:33:59,Elendil,holy moly
2025-08-15 18:34:00,Gwussy,THEY WILL KILL HIM
2025-08-15 18:34:00,Grim Tidings,Bro you just ate
2025-08-15 18:34:02,DoomGrey,ZAMN
2025-08-15 18:34:03,Double J,BAAAAAASSEEED
2025-08-15 18:34:03,Lance,YESSSSSS
2025-08-15 18:34:04,BlackKanye,HELP
2025-08-15 18:34:04,ieatrocksanddie,WE NEED SNAILS TO COME BACK
2025-08-15 18:34:04,TheTwinny,LMAO
2025-08-15 18:34:05,NubMcMoofin,:saluting_face::smiling_face_with_hearts::saluting_face::smiling_face_with_hearts:
2025-08-15 18:34:05,PrettyPwny,Its time
2025-08-15 18:34:05,Trap,YAYYYY
2025-08-15 18:34:07,Jenny The Bean,Red Lobster is a good choice for his black queen 
2025-08-15 18:34:07,🌈𝓜𝓲𝓵𝓵𝓮𝓻 𝓣𝓱𝓮 𝓒𝓱𝓪𝓻𝓶𝓲𝓷𝓰 𝓜𝓪𝓰𝓲𝓬𝓪𝓵 𝓑𝓸𝔂💫,female shining is better
2025-08-15 18:34:07,Jo3a5,DAYUUUUUM 
2025-08-15 18:34:07,Barbz,OMG HE SAID AFTER RED LOBSTER LEAVE HIM ALONEEEEE
2025-08-15 18:34:08,[SHRIMP],GOONED OUT
2025-08-15 18:34:08,Ayyo-bun,NO TAKE BACKS
2025-08-15 18:34:09,vivi,LMAO
2025-08-15 18:34:09,Trap,yupii
2025-08-15 18:34:09,Grim Tidings,HELL YEAH
2025-08-15 18:34:10,Super Sonic,Doesn’t seem like much of a sacrifice 
2025-08-15 18:34:13,Thegoodoldays,YAYYYYYYYYY
2025-08-15 18:34:13,Kraggeraa -,He's a dead stallion
2025-08-15 18:34:14,Scrimpy,shineing got pull
2025-08-15 18:34:14,fuffy,damn tjey exicted for red lobster
2025-08-15 18:34:14,Ice Lotus Dragon,It should've been me!!
2025-08-15 18:34:14,Ayyo-bun,LMAOOOOOOO
2025-08-15 18:34:15,Shadowkiller_930,yo equestria at war reference spotted. Based!
2025-08-15 18:34:16,Ur7_gw67M,yayyy
2025-08-15 18:34:16,laahocsm001,EAWW
2025-08-15 18:34:16,DogDrinker,EaW
2025-08-15 18:34:16,Jenny The Bean,Yeah peace!
2025-08-15 18:34:18,Naleśniki ,bro is co lucky
2025-08-15 18:34:18,Poka Death Pony,oh no....
2025-08-15 18:34:19,Ayyo-bun,WOOOOOOOOOOOO
2025-08-15 18:34:19,Trap,:(
2025-08-15 18:34:19,Shivery,:clapping_hands: :clapping_hands: :clapping_hands: :clapping_hands: :clapping_hands: :clapping_hands:
2025-08-15 18:34:20,Thegoodoldays,LMAO
2025-08-15 18:34:21,Valory VapeSkin,Seggs saved the day again
2025-08-15 18:34:22,Jo3a5,YAY
2025-08-15 18:34:22,mlpfimguy,\0c0/
2025-08-15 18:34:23,Barbz,oh wait they are friends now RACISM IS NO MORE YAYY
2025-08-15 18:34:23,Gwussy,WAIT
2025-08-15 18:34:24,Elendil,wtf
2025-08-15 18:34:24,Arsenal Shipka,eaw reffer
2025-08-15 18:34:25,Thegoodoldays,They're still not allowed lmao
2025-08-15 18:34:25,Ayyo-bun,SEGREGATION
2025-08-15 18:34:26,ieatrocksanddie,WE NEEDS SNAILS TO COME BACK
2025-08-15 18:34:26,Hyloaf,lol
2025-08-15 18:34:26,cough drops,I LOVE YOU TAMERS
2025-08-15 18:34:26,TheTwinny,LMAO
2025-08-15 18:34:27,Idle Mind,:clapping_hands:
2025-08-15 18:34:28,2ShyShy,YEAHHH
2025-08-15 18:34:28,Bell-Bottom Belphie,UM
2025-08-15 18:34:28,Barbz,oh nevermind theres still racism...
2025-08-15 18:34:28,Aromaticgrassitem,"MARK MY WORDS, THOSE BUGS WILL FURTHER RUIN PONYVILLE"
2025-08-15 18:34:29,[SHRIMP],LOL
2025-08-15 18:34:29,Eggs,YAYAYAYAYA
2025-08-15 18:34:30,Silveevee,:clapping_hands::clapping_hands:
2025-08-15 18:34:30,cough drops,I LOVE YOU
2025-08-15 18:34:30,Shivery,:clapping_hands: :clapping_hands: :clapping_hands: :clapping_hands: :clapping_hands:
2025-08-15 18:34:31,Okuri Inu,help!
2025-08-15 18:34:32,NubMcMoofin,:face_with_open_mouth:
2025-08-15 18:34:33,Grim Tidings,BRUH
2025-08-15 18:34:33,PrettyPwny,Princess Coco
2025-08-15 18:34:35,Eggs,FRIENDHSHIP LAND!!!
2025-08-15 18:34:36,Prisma,the box
2025-08-15 18:34:39,Poka Death Pony,LOL
2025-08-15 18:34:41,Just a big meme,GOOD KID???
2025-08-15 18:34:42,Silveevee,:virtualhug::virtualhug::virtualhug:
2025-08-15 18:34:42,Shadowkiller_930,@DogDrinker YOU EXIST AGAIN. Hop on discord rn i gotta tell u something!
2025-08-15 18:34:45,Aromaticgrassitem,10/10 Tamers. Racism defeated!
2025-08-15 18:34:45,Ayyo-bun,OMGF
2025-08-15 18:34:46,VorteX Fury,no princess trixie :(
2025-08-15 18:34:46,Jenny The Bean,Coco best Princess 
2025-08-15 18:34:46,Jo3a5,COCO
2025-08-15 18:34:46,Thegoodoldays,Princess coco pommel lmmao
2025-08-15 18:34:47,[SHRIMP],THIS WAS PROBABLY ONE OF THE BEST EPISODES BY DEFAULT NGl
2025-08-15 18:34:48,Barbz,coco pommel being princess just pmo
2025-08-15 18:34:49,rat🇵🇸,COCO TAYY
2025-08-15 18:34:49,Shivery,Princess Coco
2025-08-15 18:34:49,fuffy,YAY (the changelings will continue to be forced to live in ghettos)
2025-08-15 18:34:50,Gwussy,AWWW
2025-08-15 18:34:50,Barbz,but congrats to her ig
2025-08-15 18:34:51,ieatrocksanddie,THIS IS SO PEAK
2025-08-15 18:34:51,Tea ,tf is this
2025-08-15 18:34:52,Oppaimon,SNAILS
2025-08-15 18:34:53,u.p.R.Q (UngulaPropriaRQ),banger ep tamers 
2025-08-15 18:34:53,Kraggeraa -,PRINCESS COCO POMMEL
2025-08-15 18:34:53,VorteX Fury,Oooooooooo
2025-08-15 18:34:53,Ayyo-bun,YEAAAHHHHHH
2025-08-15 18:34:56,NubMcMoofin,:smiling_face_with_hearts:
2025-08-15 18:34:56,[SHRIMP],Rizz
2025-08-15 18:34:57,Ayyo-bun,HOT
2025-08-15 18:34:58,Trap,FLUTTERSHY
2025-08-15 18:34:58,Light Tim,Aw man I got to wait till the end to watch so the chat is synched
2025-08-15 18:34:58,TheTwinny,THere's Pinkie
2025-08-15 18:34:58,VorteX Fury,TRIXIE
2025-08-15 18:35:00,Ladisepic,is this the end for carrot top nation........
2025-08-15 18:35:01,u.p.R.Q (UngulaPropriaRQ),please pace yourself big man! 
2025-08-15 18:35:01,SonataDidIt,Precious
2025-08-15 18:35:03,PrettyPwny,Goddamn this ep was so good
2025-08-15 18:35:03,VorteX Fury,TRIXIE
2025-08-15 18:35:04,Gwussy,GAY BREAKR
2025-08-15 18:35:05,Friki Tiki,peak
2025-08-15 18:35:05,Ayyo-bun,YESSSSSSSSSS
2025-08-15 18:35:06,Barbz,OH PINKIE PIE MENTIONED
2025-08-15 18:35:07,Ice Lotus Dragon,Tamers in the future will Twilight attempt to steal her Alicorn powers back?
2025-08-15 18:35:07,Jenny The Bean,Fluttershit!
2025-08-15 18:35:11,Valory VapeSkin,Shining is in deep now
2025-08-15 18:35:11,VorteX Fury,TRIXIEERRRR
2025-08-15 18:35:12,Grim Tidings,LOVE THIS
2025-08-15 18:35:12,sol,SHINING ARMOUR IS PREGNANT
2025-08-15 18:35:13,SonataDidIt,Cute Shiny
2025-08-15 18:35:13,Thegoodoldays,This episode is peak
2025-08-15 18:35:14,Thrawn0089,Shaking off the sun lol
2025-08-15 18:35:14,Based Imperialism,Imagine jumping into Tamers right now without knowledge of the LORE
2025-08-15 18:35:17,fuffy,YAY TWIXIE 
2025-08-15 18:35:17,PrettyPwny,LETS GO
2025-08-15 18:35:18,Duffel_Brr,OH NO I MISSED IT
2025-08-15 18:35:18,[SHRIMP],WHY
2025-08-15 18:35:19,VorteX Fury,TRIXIEEEEER
2025-08-15 18:35:20,Jo3a5,cute
2025-08-15 18:35:20,Okuri Inu,when's flurry heart appearing
2025-08-15 18:35:21,vivi,AWWWW
2025-08-15 18:35:23,Jenny The Bean,Shining 
2025-08-15 18:35:24,2ShyShy,look at her go
2025-08-15 18:35:25,Duffel_Brr,ill rewatch it 
2025-08-15 18:35:25,Ayyo-bun,SHES SUCH A GOOBER
2025-08-15 18:35:25,VorteX Fury,YAY TRIXIE
2025-08-15 18:35:26,Elendil,shining gets all the princesses
2025-08-15 18:35:27,laahocsm001,Shining's gonna get quite the harem now.
2025-08-15 18:35:28,Super Sonic,Did this dude invest all his stats in charisma :loudly_crying_face:
2025-08-15 18:35:31,Bell-Bottom Belphie,Cute
2025-08-15 18:35:32,Ayyo-bun,AW
2025-08-15 18:35:33,Tea ,miss pomel
2025-08-15 18:35:34,DoomGrey,This is peak tamers
2025-08-15 18:35:35,Valory VapeSkin,AUuUUUU
2025-08-15 18:35:36,DoomGrey,for realsies
2025-08-15 18:35:36,VorteX Fury,TRIXIE
2025-08-15 18:35:38,ieatrocksanddie,WE NEED SNAILS
2025-08-15 18:35:38,Jenny The Bean,Gender swap
2025-08-15 18:35:39,Shivery,kiss
2025-08-15 18:35:39,[SHRIMP],KINGDOM HEARTS
2025-08-15 18:35:43,Shadowkiller_930,@DogDrinker glad to see u r still alive lad :D
2025-08-15 18:35:44,Poka Death Pony,awww
2025-08-15 18:35:44,Ayyo-bun,THEY LIVE ON
2025-08-15 18:35:44,VorteX Fury,YEEEEES TRIXIE
2025-08-15 18:35:45,[SHRIMP],THAT'S THEIR NOBODIES
2025-08-15 18:35:46,Barbz,OOP SEES THE GENDER SWAP
2025-08-15 18:35:46,Jenny The Bean,Kiss!
2025-08-15 18:35:46,Aromaticgrassitem,SEA SALT ICE CREAM
2025-08-15 18:35:49,TheTwinny,ONLY ON THE HUB
2025-08-15 18:35:50,Silveevee,:thanksdoc::thanksdoc:
2025-08-15 18:35:50,Jo3a5,cute
2025-08-15 18:35:50,ieatrocksanddie,AYY
2025-08-15 18:35:50,cough drops,damn i love poly shininh armor
2025-08-15 18:35:53,fuffy,Awwww
2025-08-15 18:35:54,Ayyo-bun,IN OUR FARTS N HEARTS
2025-08-15 18:35:55,cough drops,somthing i didnt know i needed
2025-08-15 18:35:57,Gwussy,why is shining hot
2025-08-15 18:35:57,Bell-Bottom Belphie,AWWW
2025-08-15 18:35:59,BlackKanye,Beeg
2025-08-15 18:36:01,Double J,IMAGINE
2025-08-15 18:36:02,vivi,AWWWW
2025-08-15 18:36:04,PrettyPwny,I was smiling the whole way through this episode I swear
2025-08-15 18:36:04,Shadowkiller_930,sea salt ice cream reference?
2025-08-15 18:36:06,Thegoodoldays,Princess shining is the same character as roxas iff you think about it.
2025-08-15 18:36:06,Barbz,@Gwussy he just is
2025-08-15 18:36:12,Aromaticgrassitem,Kingdom Farts beats out hearts
2025-08-15 18:36:17,Barbz,cheers in joy 
2025-08-15 18:36:17,Elendil,any icecream or popcicle that is blue-colored is disgusting
2025-08-15 18:36:21,Jo3a5,oh fuck
2025-08-15 18:36:23,2ShyShy,Gaaaay
2025-08-15 18:36:28,sol,SHINING ARMOUR IS A HOEEE
2025-08-15 18:36:29,Ayyo-bun,DAMN
2025-08-15 18:36:29,Valory VapeSkin,>->
2025-08-15 18:36:30,DogDrinker,@Shadowkiller_930 ^c^
2025-08-15 18:36:34,Oppaimon,OH
2025-08-15 18:36:34,dorceless,uhoh
2025-08-15 18:36:34,[SHRIMP],HES SUCH A SLUT
2025-08-15 18:36:35,Valory VapeSkin,Ooooh christ
2025-08-15 18:36:36,Gwussy,now kiss
2025-08-15 18:36:36,Shadowkiller_930,shining armor getting 3 girlfriends???!!!
2025-08-15 18:36:37,Jo3a5,HOW DOES HE GET SO MUCH PUSSY
2025-08-15 18:36:37,Trap,they look similar lol
2025-08-15 18:36:37,Ladisepic,"it shouldve been carrot top, not coco"
2025-08-15 18:36:37,Ayyo-bun,AWWWWWWW
2025-08-15 18:36:38,taku,oreimo moment
2025-08-15 18:36:38,[SHRIMP],WHAT
2025-08-15 18:36:38,dorceless,ohhhhh
2025-08-15 18:36:39,[SHRIMP],WHAT
2025-08-15 18:36:40,The Weird Kitty,HOMEWRECKER
2025-08-15 18:36:40,BlackKanye,The music doesn't know what to do around fireworks
2025-08-15 18:36:40,[SHRIMP],WJAT
2025-08-15 18:36:41,[SHRIMP],WHAT
2025-08-15 18:36:41,TheTwinny,Wait
2025-08-15 18:36:43,leviation saber,...
2025-08-15 18:36:43,vivi,?
2025-08-15 18:36:44,Shadowkiller_930,@DogDrinker check ur dm after this episode
2025-08-15 18:36:44,[SHRIMP],WHAT AWHA THATRJWIGHJWEJEGIgj
2025-08-15 18:36:45,PrettyPwny,This is so sweet!
2025-08-15 18:36:45,Gwussy,YESSSS
2025-08-15 18:36:45,nanamei,brocon
2025-08-15 18:36:45,Shivery,Protect Coco at all cost!
2025-08-15 18:36:46,dorceless,aw okay
2025-08-15 18:36:46,Kraggeraa -,"like Big Bro or Onii chan, Coco"
2025-08-15 18:36:47,Eggs,y is everyone DATING EACHOTHER
2025-08-15 18:36:47,Jenny The Bean,Big Bro is this Anime?!?!?!!??!!?!?!?!?!??!
2025-08-15 18:36:49,Naleśniki ,CUTE
2025-08-15 18:36:49,[SHRIMP],COME ON DUDE
2025-08-15 18:36:49,Ayyo-bun,YESSSSSSSSSSSSS
2025-08-15 18:36:50,Broomba,wow
2025-08-15 18:36:50,DogDrinker,oh biy twilight is goint to hate coco
2025-08-15 18:36:50,Bell-Bottom Belphie,WHOLESOME
2025-08-15 18:36:51,sol,my turn my turn i want him
2025-08-15 18:36:51,Oppaimon,UH
2025-08-15 18:36:51,Aromaticgrassitem,So when will they fight Twilights Heartless?
2025-08-15 18:36:52,Barbz,OK YAY SIBLINGS YAY
2025-08-15 18:36:52,rat🇵🇸,AWE
2025-08-15 18:36:52,Poka Death Pony,NOOOOO
2025-08-15 18:36:53,Ll_ring ,WHAT
2025-08-15 18:36:53,Grim Tidings,Damn fireworks raping the audio rn
2025-08-15 18:36:54,Okuri Inu,I see these 2 as sibs ngl
2025-08-15 18:36:55,Lance,I always wanted my own brother
2025-08-15 18:36:56,Thegoodoldays,Twilight has gotta be malding so hard right now lmao
2025-08-15 18:36:56,ieatrocksanddie,SNAILS NEEDS TO COME BACK AND KILL TRIXIE FOR THE YEARS OF ABUSE SHE PUT HIM THROUGH
2025-08-15 18:36:57,cough drops,tamers is perfect
2025-08-15 18:36:58,vivi,awh
2025-08-15 18:36:58,Ayyo-bun,CUTE HOLY SHIT YES
2025-08-15 18:36:59,NubMcMoofin,:smiling_face_with_hearts:
2025-08-15 18:37:00,Jo3a5,love dodecahedron
2025-08-15 18:37:00,Apple Bloom,NiiNiiiiiiii
2025-08-15 18:37:00,Gwussy,DONT KISS
2025-08-15 18:37:01,Lance,And then he showed up ay my door
2025-08-15 18:37:04,TheTwinny,Hopefully no incest ...right...?
2025-08-15 18:37:04,cough drops,YOUR GENUIS
2025-08-15 18:37:04,Oppaimon,UH
2025-08-15 18:37:04,taku,average eroge
2025-08-15 18:37:07,leviation saber,twilight eliminate her
2025-08-15 18:37:08,Barbz,THEY SIBLINGS CORE YAYY IM SO HAPPY
2025-08-15 18:37:08,sol,i always wanted a brothaaaa
2025-08-15 18:37:08,Marfin42,LETS GO
2025-08-15 18:37:10,nanamei,CHEATING CHEATING
2025-08-15 18:37:11,Okuri Inu,oh they are sibs now awwww
2025-08-15 18:37:12,sol,like lion king
2025-08-15 18:37:12,Jenny The Bean,Yeah big bro
2025-08-15 18:37:12,Okuri Inu,awwww
2025-08-15 18:37:12,rat🇵🇸,DONT KISS
2025-08-15 18:37:15,Ayyo-bun,FAMILY IS FRIENSHFISP AND FRIENDSHIP IS MAGIC
2025-08-15 18:37:15,Naleśniki ,dont kiss just hug
2025-08-15 18:37:15,Prisma,so much and so little happen 
2025-08-15 18:37:16,Gwussy,ALREADY/
2025-08-15 18:37:17,2ShyShy,wow
2025-08-15 18:37:17,Thegoodoldays,Twiilight is absolutely SEETHING in the background lol
2025-08-15 18:37:18,Shadowkiller_930,this is beautifull :loudly_crying_face:
2025-08-15 18:37:18,TheJazzelCat520,Yeees this sooong!!!
2025-08-15 18:37:19,Elendil,no...
2025-08-15 18:37:19,Shivery,:clapping_hands: :clapping_hands: :clapping_hands: :clapping_hands:
2025-08-15 18:37:19,SonataDidIt,....
2025-08-15 18:37:19,Barbz,"""cheating"" and they're siblings"
2025-08-15 18:37:20,Valory VapeSkin,Absolute KINO
2025-08-15 18:37:21,Grim Tidings,Nah it platonic
2025-08-15 18:37:21,Jenny The Bean,It’s not cheating 
2025-08-15 18:37:21,Pmp712,aplause
2025-08-15 18:37:22,VorteX Fury,ohh soo short :(
2025-08-15 18:37:22,Barbz,oh wait
2025-08-15 18:37:23,[SHRIMP],THEY DIDNT KISS ITS OKAY
2025-08-15 18:37:24,Snupie the Rat,omg
2025-08-15 18:37:25,Ayyo-bun,WOOOOOOOOOOOOOOOO
2025-08-15 18:37:25,Shadowkiller_930,so prince blueblood return yet?
2025-08-15 18:37:25,Gwussy,THICCC
2025-08-15 18:37:25,PrettyPwny,I love this Flawless art
2025-08-15 18:37:26,dorceless,the end............
2025-08-15 18:37:27,2ShyShy,oooh little caesars
2025-08-15 18:37:27,Billy Boy,my big bro is in prison
2025-08-15 18:37:28,cough drops,POLY SHINGING ARMOR THE GOAT
2025-08-15 18:37:28,Kraggeraa -,bruh what
2025-08-15 18:37:29,Lance,I always wanted my own brother 
2025-08-15 18:37:29,Barbz,flawless dont play with me
2025-08-15 18:37:29,big gulp pearson,nono wheres the part where twilight kills coco
2025-08-15 18:37:30,Aromaticgrassitem,LITTLE CEASERS!!
2025-08-15 18:37:32,Arti Loka,that was sweet
2025-08-15 18:37:32,ieatrocksanddie,THIS EPISODE WAS THE BES5 BECAUSE IT HAD SNAILS IN IT
2025-08-15 18:37:33,Gaalnr,mmmmmm
2025-08-15 18:37:34,Ayyo-bun,SHE COOKIN
2025-08-15 18:37:34,Poka Death Pony,Brain hurt but still happy
2025-08-15 18:37:35,u.p.R.Q (UngulaPropriaRQ),WE LOVE LITTLE CAESARS 
2025-08-15 18:37:35,Jenny The Bean,Nooooo her heart will break
2025-08-15 18:37:35,DoomGrey,yowza!
2025-08-15 18:37:36,dorceless,HELL YEAH
2025-08-15 18:37:37,Bell-Bottom Belphie,Flawless's Face
2025-08-15 18:37:37,[SHRIMP],OH MY GOD
2025-08-15 18:37:37,Naleśniki ,ah plot B
2025-08-15 18:37:37,🌈𝓜𝓲𝓵𝓵𝓮𝓻 𝓣𝓱𝓮 𝓒𝓱𝓪𝓻𝓶𝓲𝓷𝓰 𝓜𝓪𝓰𝓲𝓬𝓪𝓵 𝓑𝓸𝔂💫,so good
2025-08-15 18:37:43,Tea ,little gayers
2025-08-15 18:37:43,Okuri Inu,guys they sibs not dating!
2025-08-15 18:37:44,Poka Death Pony,PIZZA
2025-08-15 18:37:44,Ayyo-bun,BASED
2025-08-15 18:37:45,PrettyPwny,I love Flawless being a creepy old lady
2025-08-15 18:37:50,Tiki Legend,LETS GOOOO
2025-08-15 18:37:51,Marfin42,Flawless hag
2025-08-15 18:37:53,Grim Tidings,GODDAMN STOP COOKING WITH HER YOU'RE BURNING ME
2025-08-15 18:37:55,Gwussy,Princess bulk biceps
2025-08-15 18:37:55,nanamei,so real
2025-08-15 18:37:56,Ayyo-bun,I WANT PIZZA NOW
2025-08-15 18:37:56,Barbz,OOP
2025-08-15 18:37:56,Agent_Mothman_SE,Same Diamond
2025-08-15 18:37:57,Oppaimon,creep
2025-08-15 18:37:57,Valory VapeSkin,;o;
2025-08-15 18:37:58,Super Sonic,Break in flawless
2025-08-15 18:37:59,Jenny The Bean,Join in Flawless 
2025-08-15 18:37:59,Jo3a5,oh no
2025-08-15 18:37:59,Tiki Legend,LITTLE CEASARS FANTASTIC 4
2025-08-15 18:38:01,PrettyPwny,Hagmaxxing
2025-08-15 18:38:01,Ayyo-bun,AWWWWWWWW
2025-08-15 18:38:01,dorceless,oh..........
2025-08-15 18:38:01,DogDrinker,:(
2025-08-15 18:38:02,[SHRIMP],WOW OKAY
2025-08-15 18:38:03,mlpfimguy,ucu
2025-08-15 18:38:04,SonataDidIt,........
2025-08-15 18:38:05,TheTwinny,Flawless has been TWEAKIN too hard
2025-08-15 18:38:05,Barbz,scootaloo you dissing flawless oop
2025-08-15 18:38:05,Ayyo-bun,UH
2025-08-15 18:38:05,Ice Lotus Dragon,damm
2025-08-15 18:38:05,Trap,Noooo
2025-08-15 18:38:06,NubMcMoofin,:face_holding_back_tears::face_holding_back_tears::loudly_crying_face:
2025-08-15 18:38:06,Thegoodoldays,FLAWLESS IS JOKERIZING
2025-08-15 18:38:06,Jenny The Bean,Scoot no!!!!!!!!!
2025-08-15 18:38:06,Shivery,:broken_heart:
2025-08-15 18:38:07,BlackKanye,AIEEEEE
2025-08-15 18:38:08,Barbz,OMG SHES CRYING
2025-08-15 18:38:08,Ayyo-bun,ME
2025-08-15 18:38:09,Trap,:(
2025-08-15 18:38:09,Glimmy,noooo poor flawless
2025-08-15 18:38:09,dorceless,BRUH...
2025-08-15 18:38:09,Valory VapeSkin,NooOO Flawless cover thy ears!
2025-08-15 18:38:09,Jo3a5,FLAWLESS BULLYING
2025-08-15 18:38:09,Poka Death Pony,);
2025-08-15 18:38:10,vivi,D:
2025-08-15 18:38:10,Barbz,LMAOOO
2025-08-15 18:38:10,[SHRIMP],NOOOOO
2025-08-15 18:38:10,Scall0p,Damn 
2025-08-15 18:38:10,Gaalnr,oh they are dead
2025-08-15 18:38:11,Shadow_Sketch200,:face-purple-crying::face-purple-crying::face-purple-crying:
2025-08-15 18:38:13,Gwussy,uh oh 
2025-08-15 18:38:14,DITU ,oh no
2025-08-15 18:38:15,nanamei,poor thing
2025-08-15 18:38:15,[SHRIMP],FLAWLESS JUST WANTED FRIENDS
2025-08-15 18:38:15,Eggs,Nooooooo
2025-08-15 18:38:16,Billy Boy,blumhouse legitimately sucks 
2025-08-15 18:38:16,TheTwinny,JOKER ARC
2025-08-15 18:38:17,Okuri Inu,kill her flawless!
2025-08-15 18:38:17,Ayyo-bun,OOP
2025-08-15 18:38:17,Poka Death Pony,NOOOO
2025-08-15 18:38:17,Apple Bloom,Poor Flawless!!
2025-08-15 18:38:17,The Weird Kitty,:'(
2025-08-15 18:38:18,Silveevee,damn
2025-08-15 18:38:18,Lance,Shes gonna kill herslef
2025-08-15 18:38:20,Eggs,:face-purple-crying::face-purple-crying::face-purple-crying::face-purple-crying:
2025-08-15 18:38:21,Aromaticgrassitem,Flawless bullying nets you a floggin'
2025-08-15 18:38:22,Ayyo-bun,NAAH
2025-08-15 18:38:23,Sharkey,YEEEEEEES
2025-08-15 18:38:24,VolcaniaV3,FLAWLESS IS SO HOT
2025-08-15 18:38:24,vivi,D: D:
2025-08-15 18:38:25,Grim Tidings,Oh no she gonna crash out you're all dead
2025-08-15 18:38:25,Shadowkiller_930,double episode?
2025-08-15 18:38:26,ieatrocksanddie,SNAILS
2025-08-15 18:38:26,Snupie the Rat,poor flawless
2025-08-15 18:38:27,Arsenal Shipka,":,( "
2025-08-15 18:38:28,Shadow_Sketch200,:face-purple-crying::face-purple-crying::face-purple-crying::face-purple-crying::face-purple-crying::face-purple-crying:
2025-08-15 18:38:28,🌈𝓜𝓲𝓵𝓵𝓮𝓻 𝓣𝓱𝓮 𝓒𝓱𝓪𝓻𝓶𝓲𝓷𝓰 𝓜𝓪𝓰𝓲𝓬𝓪𝓵 𝓑𝓸𝔂💫,nooooo flawless
2025-08-15 18:38:28,Ayyo-bun,LMAO
2025-08-15 18:38:29,sol,ppor flawles...
2025-08-15 18:38:29,VorteX Fury,flawless is sexy :3
2025-08-15 18:38:30,Jo3a5,oh no
2025-08-15 18:38:31,Hyloaf,Aww poor Flawless
2025-08-15 18:38:31,Jenny The Bean,Flawless please barge in!
2025-08-15 18:38:32,Jojo,She kinda reminds me of toga a little bit idk
2025-08-15 18:38:34,Ayyo-bun,MORE PIZZA FOR HER
2025-08-15 18:38:35,PrettyPwny,Milf Flawless is so happy
2025-08-15 18:38:35,dorceless,damn okay apple bloom
2025-08-15 18:38:36,Double J,aaawww
2025-08-15 18:38:36,Oppaimon,SNAILS
2025-08-15 18:38:37,u.p.R.Q (UngulaPropriaRQ),awww
2025-08-15 18:38:37,Lance,Ew she looked loke himiko toga
2025-08-15 18:38:38,Pitta fat,BUTTHEAD MENTIONED
2025-08-15 18:38:38,Jenny The Bean,Nooooooooo
2025-08-15 18:38:38,PrettyPwny,I mean hot
2025-08-15 18:38:40,vivi,POOR FLAWLESS
2025-08-15 18:38:41,Gwussy,flawless
2025-08-15 18:38:41,VorteX Fury,poor mare :(
2025-08-15 18:38:42,DogDrinker,TALKT TO HERSELF INFRONT OF THE MIRROR? THATS A HINT
2025-08-15 18:38:44,Poka Death Pony,flawless needs love
2025-08-15 18:38:46,Ayyo-bun,NO
2025-08-15 18:38:46,[SHRIMP],FLAWLESS
2025-08-15 18:38:46,ieatrocksanddie,SNAILS
2025-08-15 18:38:47,Barbz,why does apple bloom sound like pinkie pie did you just run out of voices @TamersOfficial 
2025-08-15 18:38:48,TheTwinny,FLAWLESS IS GOING THRU HER JOKER ARC OH NO
2025-08-15 18:38:48,Okuri Inu,FLAWLESS JUST BEFRIEND ARINOS AND FRIEND
2025-08-15 18:38:50,VorteX Fury,TRIXIEEEE
2025-08-15 18:38:50,Shivery,:crying_face:
2025-08-15 18:38:51,Row,awww
2025-08-15 18:38:51,NubMcMoofin,:face_holding_back_tears:
2025-08-15 18:38:52,Joaquin Perez,did she fart?
2025-08-15 18:38:53,Barbz,oh sees
2025-08-15 18:38:53,Ayyo-bun,MARYYYYYY
2025-08-15 18:38:54,Double J,she looks hot
2025-08-15 18:38:54,dorceless,rip flawless
2025-08-15 18:38:54,Grim Tidings,CONSOLE HER
2025-08-15 18:38:54,Shadowkiller_930,nvm :pensive_face:
2025-08-15 18:38:54,cough drops,hot
2025-08-15 18:38:55,Based Imperialism,LMAO
2025-08-15 18:38:57,Gwussy,LMAO
2025-08-15 18:38:57,Jo3a5,she deserved
2025-08-15 18:38:59,Shadow_Sketch200,AWWWWW
2025-08-15 18:38:59,Jenny The Bean,Mime mom!
2025-08-15 18:39:00,u.p.R.Q (UngulaPropriaRQ),STALLIONS LFG
2025-08-15 18:39:03,PrettyPwny,Dang
2025-08-15 18:39:03,TheTwinny,Haaaaaaaaaaaaa
2025-08-15 18:39:05,vivi,LMAO
2025-08-15 18:39:05,Ayyo-bun,LMAO
2025-08-15 18:39:10,Grim Tidings,Mary being a goof
2025-08-15 18:39:10,Ayyo-bun,WELL
2025-08-15 18:39:11,Shadowkiller_930,when no double episode :pensive_face: :loudly_crying_face:
2025-08-15 18:39:11,VorteX Fury,THAT FACE
2025-08-15 18:39:12,BlackKanye,Bullshit. They are like 5% of the population at this point
2025-08-15 18:39:13,2ShyShy,why is she talking
2025-08-15 18:39:14,Barbz,well girl maybe zon't start a protest in front of STALLIONS? :loudly_crying_face:
2025-08-15 18:39:14,Jojo,She looked like Toga from MHA a little
2025-08-15 18:39:15,Aromaticgrassitem,She aint doing so well as a mime to be talking?
2025-08-15 18:39:16,Silveevee,xD
2025-08-15 18:39:17,Bell-Bottom Belphie,Poor Girl
2025-08-15 18:39:17,Ayyo-bun,MARY IS MY HEADMATE
2025-08-15 18:39:17,Double J,why trixie looks a goblin
2025-08-15 18:39:20,Oppaimon,there has been very little sweetie belle in this episode about sweetie belle
2025-08-15 18:39:21,PrettyPwny,I love Flawless's smile
2025-08-15 18:39:24,Shadowkiller_930,atleast this episode went ''hard''
2025-08-15 18:39:24,fuffy,:tomato::tomato::tomato::tomato:
2025-08-15 18:39:26,Jenny The Bean,Lesbian family eat the Pizzer
2025-08-15 18:39:27,Elendil,tamers is just bought out by little caesars
2025-08-15 18:39:27,[SHRIMP],Flawless' face is so detailed
2025-08-15 18:39:29,2ShyShy,say that again
2025-08-15 18:39:30,🌈𝓜𝓲𝓵𝓵𝓮𝓻 𝓣𝓱𝓮 𝓒𝓱𝓪𝓻𝓶𝓲𝓷𝓰 𝓜𝓪𝓰𝓲𝓬𝓪𝓵 𝓑𝓸𝔂💫,same
2025-08-15 18:39:30,Thegoodoldays,BURN
2025-08-15 18:39:31,Barbz,did you get a sponsorship for little ceasers or
2025-08-15 18:39:33,Gwussy,HA
2025-08-15 18:39:34,dorceless,Trixie has gotten over her Little Caesars PTSD
2025-08-15 18:39:37,[SHRIMP],YOUR HEART IS TERRIBLE
2025-08-15 18:39:38,cough drops,hot
2025-08-15 18:39:38,Poka Death Pony,family meal!
2025-08-15 18:39:39,Ayyo-bun,BRO
2025-08-15 18:39:41,Grim Tidings,GODDAMN
2025-08-15 18:39:41,Jo3a5,LASMDASODASMDDSAODAS
2025-08-15 18:39:41,TheTwinny,FLAWLESS IS BREAKING
2025-08-15 18:39:42,Ayyo-bun,DAMN
2025-08-15 18:39:42,Aromaticgrassitem,They are the fantastic 4beins
2025-08-15 18:39:43,Trap,sexism
2025-08-15 18:39:44,Barbz,oop
2025-08-15 18:39:45,PrettyPwny,True!
2025-08-15 18:39:46,Ayyo-bun,BURRRNED
2025-08-15 18:39:47,Barbz,OOP
2025-08-15 18:39:47,Shadowkiller_930,The autistic four. Truly peak
2025-08-15 18:39:48,Bell-Bottom Belphie,LMAO
2025-08-15 18:39:50,Gwussy,TRIXIE BE NICE
2025-08-15 18:39:50,Based Imperialism,based
2025-08-15 18:39:51,dorceless,LOL
2025-08-15 18:39:51,Jo3a5,LAMSDOASDMASDO
2025-08-15 18:39:52,Barbz,TWILIGHT BECOME BUFF AGAIN
2025-08-15 18:39:53,fuffy,the thing:pink_heart:
2025-08-15 18:39:55,Ayyo-bun,REGARD
2025-08-15 18:39:59,Barbz,OOP
2025-08-15 18:40:00,vivi,LOL
2025-08-15 18:40:00,Silveevee,:grinning_squinting_face:
2025-08-15 18:40:00,Valory VapeSkin,Lmao
2025-08-15 18:40:02,Barbz,trixie what bawls
2025-08-15 18:40:04,sol,wat dis
2025-08-15 18:40:04,[SHRIMP],Sue Storm is actually kind of op
2025-08-15 18:40:06,Jenny The Bean,Trixie stop being mean
2025-08-15 18:40:07,Jo3a5,LM ASODASDMDAOS
2025-08-15 18:40:08,Valory VapeSkin,ThIGHS
2025-08-15 18:40:09,[SHRIMP],LOL LMAO
2025-08-15 18:40:10,Shadowkiller_930,the 4th eall break
2025-08-15 18:40:10,VorteX Fury,interesting book
2025-08-15 18:40:10,Friki Tiki,based trixie
2025-08-15 18:40:11,Epicnessalt,HUGE WHAT?
2025-08-15 18:40:11,vivi,wait what
2025-08-15 18:40:11,Pmp712,THE BOOK NAMES
2025-08-15 18:40:11,Jenny The Bean,Anime!
2025-08-15 18:40:11,TheTwinny,THIS WAS A WHOLE STORY
2025-08-15 18:40:12,Poka Death Pony,Lmao
2025-08-15 18:40:16,Super Sonic,Whole ending :smiling_face_with_smiling_eyes:
2025-08-15 18:40:16,fuffy,trixie is so hot
2025-08-15 18:40:16,dorceless,great books
2025-08-15 18:40:16,Ayyo-bun,HOT
2025-08-15 18:40:20,Barbz,@[SHRIMP] sue storm most powerful
2025-08-15 18:40:21,Ayyo-bun,SAME
2025-08-15 18:40:21,Thegoodoldays,Flawless is basically franklin
2025-08-15 18:40:21,u.p.R.Q (UngulaPropriaRQ),hi its me the viewer
2025-08-15 18:40:23,2ShyShy,real
2025-08-15 18:40:25,Row,what..
2025-08-15 18:40:25,🌈𝓜𝓲𝓵𝓵𝓮𝓻 𝓣𝓱𝓮 𝓒𝓱𝓪𝓻𝓶𝓲𝓷𝓰 𝓜𝓪𝓰𝓲𝓬𝓪𝓵 𝓑𝓸𝔂💫,so cute
2025-08-15 18:40:26,Shadowkiller_930,the applebloom scene ofcourse. great 4th wall break
2025-08-15 18:40:26,G0reFreak,same shining
2025-08-15 18:40:26,cough drops,same ngl
2025-08-15 18:40:26,vivi,LOL
2025-08-15 18:40:28,Jo3a5,LAMSDASODASDMASDODAS
2025-08-15 18:40:30,Star_Berst,Everything
2025-08-15 18:40:30,Kraggeraa -,Hey I have that book!
2025-08-15 18:40:30,Grim Tidings,Damn dude chill out
2025-08-15 18:40:31,[SHRIMP],W 4th wall break
2025-08-15 18:40:32,Poka Death Pony,0-0
2025-08-15 18:40:33,dorceless,perfect
2025-08-15 18:40:34,Eggs,The scene where the baby tried to off herself
2025-08-15 18:40:35,sol,i like when they were lesbians
2025-08-15 18:40:35,🌈𝓜𝓲𝓵𝓵𝓮𝓻 𝓣𝓱𝓮 𝓒𝓱𝓪𝓻𝓶𝓲𝓷𝓰 𝓜𝓪𝓰𝓲𝓬𝓪𝓵 𝓑𝓸𝔂💫,this is so amazing
2025-08-15 18:40:36,VolcaniaV3,SAME SHINING
2025-08-15 18:40:37,Arti Loka,the part with the changling hood
2025-08-15 18:40:37,SidRulz100,I'd say the whole thing.
2025-08-15 18:40:37,ieatrocksanddie,MY FAV PART WAS SNAILS
2025-08-15 18:40:37,[SHRIMP],This is peak
2025-08-15 18:40:37,u.p.R.Q (UngulaPropriaRQ),uh my fav part was the stallions throwing produce maybe?
2025-08-15 18:40:38,Bailea 2,Idk
2025-08-15 18:40:39,DoomGrey,Shining Armor being a gigachad
2025-08-15 18:40:39,Silveevee,everything!!
2025-08-15 18:40:39,Shadow_Sketch200,true
2025-08-15 18:40:40,laahocsm001,I liked the part with the pony
2025-08-15 18:40:40,Glimmy,my wife
2025-08-15 18:40:40,TheTwinny,Shiny shut up
2025-08-15 18:40:40,Okuri Inu,im dead :skull:
2025-08-15 18:40:40,Apple Bloom,the gay part
2025-08-15 18:40:41,Barbz,my fave part was twilight vs shining armor female
2025-08-15 18:40:41,Thrawn0089,All of it!
2025-08-15 18:40:41,Bell-Bottom Belphie,Uh
2025-08-15 18:40:42,PrettyPwny,The Rarity part and the Tiara part
2025-08-15 18:40:42,Super Sonic,All of it 
2025-08-15 18:40:43,Oppaimon,SNAILS
2025-08-15 18:40:44,Gwussy,EVERY PART 
2025-08-15 18:40:44,DogDrinker,hard to choose
2025-08-15 18:40:44,Friki Tiki,the threes9me
2025-08-15 18:40:44,u.p.R.Q (UngulaPropriaRQ),YEAH WE LOVE LITTLE CAESARS
2025-08-15 18:40:44,fuffy,LNFAO
2025-08-15 18:40:44,Ayyo-bun,UH I MISSED THE BEGINING
2025-08-15 18:40:44,Aromaticgrassitem,"Well Twilight, I really liked the part where things went from romance to wild and untamed comedy, its a great combination"
2025-08-15 18:40:45,vivi,all of it
2025-08-15 18:40:45,Gaalnr,Yes-a
2025-08-15 18:40:46,Jo3a5,YESSA
2025-08-15 18:40:46,Ayyo-bun,YEY
2025-08-15 18:40:46,[SHRIMP],IT was when everything
2025-08-15 18:40:46,Shadowkiller_930,I KNEW IT!
2025-08-15 18:40:47,Holober97,banger ep
2025-08-15 18:40:48,Lance,The scene whrre it ended
2025-08-15 18:40:49,dorceless,ummmmm Alison shining
2025-08-15 18:40:50,panic?,THE BLACK GIRL I LOVE HER
2025-08-15 18:40:50,TheTwinny,SO META
2025-08-15 18:40:50,Ayyo-bun,SPONSERED
2025-08-15 18:40:51,NubMcMoofin,:smiling_face_with_hearts::smiling_face_with_hearts::smiling_face_with_hearts:
2025-08-15 18:40:51,sol,little cesars is yummy
2025-08-15 18:40:53,Thegoodoldays,I liked the reigun moment
2025-08-15 18:40:53,Grim Tidings,Flawless was amazing
2025-08-15 18:40:54,Lance,This shir sucks
2025-08-15 18:40:54,Ayyo-bun,UH
2025-08-15 18:40:54,Poka Death Pony,Gay breaker!!
2025-08-15 18:40:56,psispeed,Chrissy!
2025-08-15 18:40:56,Jenny The Bean,Apple bloom and Itara kissing
2025-08-15 18:40:57,Shivery,my fav is hairy armpits
2025-08-15 18:40:58,Barbz,KFC AND LITTLE CEASERS LOL
2025-08-15 18:40:59,sol,bruhhhhhh
2025-08-15 18:41:00,panic?,WHATS THE NAME OF THE NEW CHANGELING
2025-08-15 18:41:00,NubMcMoofin,:racehorse::racehorse::racehorse::racehorse::horse::racehorse:
2025-08-15 18:41:00,TheTwinny,He has a point
2025-08-15 18:41:02,Ayyo-bun,LMAO
2025-08-15 18:41:02,taku,the little chrysalis
2025-08-15 18:41:04,Ladisepic,i liked it when carrot top appeared and saved the day because shes humble
2025-08-15 18:41:04,Lance,This one cause its ending :red_heart: 
2025-08-15 18:41:04,Oppaimon,I'M GOING TO ORSER KFC NOW
2025-08-15 18:41:05,[SHRIMP],I loved the armpits too
2025-08-15 18:41:05,Barbz,whos there
2025-08-15 18:41:08,fuffy,shining needs to be s girl again
2025-08-15 18:41:10,2ShyShy,realistic sibling interaction
2025-08-15 18:41:10,Arsenal Shipka,i liked coco pomel princess
2025-08-15 18:41:10,Shadowkiller_930,truly peak
2025-08-15 18:41:10,Ayyo-bun,SIBLINGS
2025-08-15 18:41:11,Grim Tidings,I love these two actually
2025-08-15 18:41:11,Okuri Inu,flawless x friend and arinos :smiling_face_with_horns:
2025-08-15 18:41:12,Snupie the Rat,my favorite part was coco pommel
2025-08-15 18:41:12,I love strong sad,when shining armor was a woman
2025-08-15 18:41:13,Godofried,"that was really good, thank you tamers"
2025-08-15 18:41:15,[SHRIMP],THIS IS PEAK
2025-08-15 18:41:15,Ice Lotus Dragon,:nerd_face:
2025-08-15 18:41:16,leviation saber,lol
2025-08-15 18:41:20,Poka Death Pony,damn
2025-08-15 18:41:20,Rocky road,Like two peas in a pod 
2025-08-15 18:41:21,Barbz,haha
2025-08-15 18:41:22,Arsenal Shipka,flawless was also pretty
2025-08-15 18:41:23,PrettyPwny,I love when Twilight is autistic
2025-08-15 18:41:23,Ayyo-bun,AUTISM
2025-08-15 18:41:23,Barbz,laughs
2025-08-15 18:41:27,Shadowkiller_930,and thats it
2025-08-15 18:41:27,u.p.R.Q (UngulaPropriaRQ),thank you tamers 
2025-08-15 18:41:27,Nya,this was comedy gold
2025-08-15 18:41:28,Prisma,theye so funny 
2025-08-15 18:41:28,Jenny The Bean,KFC unites pones and dark pones no bugs tho
2025-08-15 18:41:28,2ShyShy,:nerd_face:
2025-08-15 18:41:28,Barbz,oh is it over
2025-08-15 18:41:29,Apple Bloom,PEAK
2025-08-15 18:41:30,Gwussy,TAMERS
2025-08-15 18:41:30,PrettyPwny,Goddamn this episode was great. 
2025-08-15 18:41:30,Arti Loka,good show
2025-08-15 18:41:31,u.p.R.Q (UngulaPropriaRQ),i'm glad to know we're ponies
2025-08-15 18:41:31,vivi,:nerd_face:
2025-08-15 18:41:32,Barbz,i guess it is
2025-08-15 18:41:32,panic?,GG WP
2025-08-15 18:41:32,laahocsm001,that was amazing. I cried at the emotions
2025-08-15 18:41:33,Kraggeraa -,bruh
2025-08-15 18:41:33,NubMcMoofin,:saluting_face::saluting_face::saluting_face::saluting_face::saluting_face::saluting_face:
2025-08-15 18:41:34,Shadowkiller_930,gg tamers. Another master piece
2025-08-15 18:41:34,PrettyPwny,Time just flew bye
2025-08-15 18:41:34,crowpen,NERD
2025-08-15 18:41:34,Thegoodoldays,Thank you tammers for another amazing movie
2025-08-15 18:41:35,DogDrinker,I loved shining's diplomacy 
2025-08-15 18:41:35,Valory VapeSkin,PEAK
2025-08-15 18:41:35,Bell-Bottom Belphie,PEAK CINEMA
2025-08-15 18:41:35,Trap,great video tamers
2025-08-15 18:41:36,DoomGrey,Absolute magics
2025-08-15 18:41:36,cough drops,that was gold
2025-08-15 18:41:36,[SHRIMP],probably top episode already
2025-08-15 18:41:37,vivi,that was so peak
2025-08-15 18:41:37,VorteX Fury,its all? :(
2025-08-15 18:41:38,[SHRIMP],mgl
2025-08-15 18:41:38,fuffy,:nerd_face::nerd_face::nerd_face::nerd_face:
2025-08-15 18:41:40,[SHRIMP],IT WAS PEAK
2025-08-15 18:41:40,Grim Tidings,Tamers you've done it again!
2025-08-15 18:41:41,leviation saber,beautiful
2025-08-15 18:41:41,zero,Gorgeous
2025-08-15 18:41:41,Ayyo-bun,LOVE YOU KING TAMERS IS THE BEST WOOHOOOOOO
2025-08-15 18:41:41,Nocti_Tea,mlem
2025-08-15 18:41:41,nanamei,Bye
2025-08-15 18:41:42,Thomas,10/10
2025-08-15 18:41:42,AnimeGames16,o7
2025-08-15 18:41:42,Nya,gg
2025-08-15 18:41:42,Glimmy,funniest episode since last episode
2025-08-15 18:41:42,Shadow_Sketch200,TY TAMERS
2025-08-15 18:41:43,Chris,That was so good
2025-08-15 18:41:44,Shivery,:clapping_hands: :clapping_hands: :clapping_hands: :clapping_hands:
2025-08-15 18:41:44,Gwussy,TAMERS SHOW UR FEET
2025-08-15 18:41:45,Based Imperialism,10/10
2025-08-15 18:41:45,Tea ,GAY
2025-08-15 18:41:45,Nya,gg
2025-08-15 18:41:45,Jenny The Bean,Epic episode I send the damage cost later
2025-08-15 18:41:47,Poka Death Pony,THANK YOU TAMERS!!!
2025-08-15 18:41:47,Barbz,ok well episode had ups and zowns but it was cool
2025-08-15 18:41:48,Apple Bloom,Plz don't leave yet i'm still lonely
2025-08-15 18:41:48,Oppaimon,:clapping_hands::clapping_hands::clapping_hands::clapping_hands::clapping_hands::clapping_hands:
2025-08-15 18:41:49,Nya,gg
2025-08-15 18:41:49,🌈𝓜𝓲𝓵𝓵𝓮𝓻 𝓣𝓱𝓮 𝓒𝓱𝓪𝓻𝓶𝓲𝓷𝓰 𝓜𝓪𝓰𝓲𝓬𝓪𝓵 𝓑𝓸𝔂💫,so peak
2025-08-15 18:41:49,DoomGrey,Truly this was a great time
