timestamp,author,message
0:00:00,@gabbyvelazquez7989,Yippee
0:00:00,@KvVuld,:unicorn:
0:00:01,@CaptainxxHowdy,1
0:00:02,@jo3a548,OH SHIT
0:00:03,@valoryvapeskin6965,KINO TIME
0:00:04,@2n614,wo9ooo
0:00:04,@beadmode,time for peak fellas
0:00:05,@orphiccarnage,you guys cant count
0:00:06,@Shivery,Gendo Pose
0:00:07,@thebatstory6451,Wanna let the Tamers Archive folks know that I love their stuff
0:00:07,@thecathours,damn
0:00:07,@MohammedElhakimk,idk
0:00:07,@Sp1k3_Th3_W0lf,TWILIGHT CAME
0:00:07,@punkypony5165,Starswirl LIVES
0:00:08,@JoshThePinkGump,GYAAAAAAAT
0:00:08,@gabbyvelazquez7989,YO
0:00:08,@NubMcMoofin,:racehorse::racehorse::racehorse::racehorse::racehorse::racehorse::horse::horse::racehorse::racehorse::horse::racehorse:
0:00:08,@Denki_Kaminariii,OMGG
0:00:09,@dominicunderwood4911,heheeey
0:00:09,@jo3a548,he is alive
0:00:09,@thebatstory6451,shits peak
0:00:10,@UngulaPropriaRQ,YES MONSTER 
0:00:10,@thebatstory6451,love yall
0:00:12,@Loveezzz_, :horse::horse::horse::horse::horse::fire::fire::fire::fire::fire::fire:
0:00:12,@thebatstory6451,aye
0:00:12,@TheMTwinny,Ayy chicken nugget roundtable
0:00:13,@Deriedits,hey chat
0:00:13,@devingibson1076,and now show time
0:00:14,@Fooper899,*gasp*
0:00:14,@blankgrl,oh shi
0:00:14,@laahocsm0019,oh hey Starswirl is alive
0:00:16,@Tamers12345MLP,Pinkie Pie is just mentally challenged because she was born wrong
0:00:16,@UngulaPropriaRQ,GOOD TO KNOW THEIR PREFERENCES 
0:00:16,@heffalump111,I love Celestia
0:00:16,@beadmode,bro :loudly_crying_face:
0:00:19,@thecathours,TOILET PAPER
0:00:20,@emqmp4,LMAO
0:00:20,@mcrnptvontop,fat poopy butt
0:00:22,@Denki_Kaminariii,GELP?
0:00:24,@Aromaticgrassitem,:dashing_away:
0:00:26,@jo3a548,OH FUCK
0:00:27,@neargaming2057,Unicorn twi in castle of friendship? Isn't that a time paradox?
0:00:27,@valoryvapeskin6965,Starswirl is alive!?
0:00:29,@goldenlmao2694,:skull::skull:
0:00:29,@GlimmyGOD,Damn he lived
0:00:30,@Fooper899,big popper
0:00:32,@thecathours,TOILET PAPERRRRRERR
0:00:33,@punkypony5165,Oh shit
0:00:33,@GlimmyGOD,Cant believe it
0:00:34,@jo3a548,LOLASODLAS
0:00:34,@lordofshrimps,True
0:00:34,@UngulaPropriaRQ,based 
0:00:36,@Aromaticgrassitem,lets GOOO
0:00:36,@Shivery,:skull:
0:00:37,@LUNN4T1C,eww
0:00:38,@trap631,gross
0:00:38,@HGGamerGirl-mlpm8,Ayoo
0:00:39,@superarcade643,bro...
0:00:39,@mcrnptvontop,IM GIGGLING SO FUCKIGN MUCH
0:00:40,@NubMcMoofin,:face_with_open_mouth:
0:00:40,@Iplyaz-POOPY,lol true
0:00:41,@emqmp4,oh nah :loudly_crying_face::loudly_crying_face:
0:00:41,@SonataDidIt,Oh my
0:00:41,@jo3a548,LOADLSADOLASFD
0:00:41,@gabbyvelazquez7989,WHAT
0:00:41,@Tomerツ,holy shit
0:00:43,@TheMTwinny,LMAO STARSWIRL
0:00:44,@Nyax50Lopez,WHAT
0:00:45,@DreamKnight333,starting strong
0:00:45,@thecathours,HUH
0:00:46,@Loveezzz_,QHAT
0:00:46,@mcrnptvontop,LMAOAOAOS
0:00:48,@punkypony5165,Lol Twilight's face
0:00:48,@Loveezzz_,QUE
0:00:50,@NitroboneExtinct,WE JUST STARTED
0:00:50,@UngulaPropriaRQ,damn she got through that monster fast 
0:00:51,@MillerTheDarkTransPrince,yayyy
0:00:53,@laahocsm0019,makes sense
0:00:53,@MohammedElhakimk,bruh
0:00:55,@valoryvapeskin6965,Good god old horse
0:00:56,@UngulaPropriaRQ,right onto the dew
0:00:56,@Juluuvian,WhAT
0:00:56,@creamsouda3338,GYAATTTT
0:00:57,@JoshThePinkGump,JOBBED
0:00:57,@neargaming2057,Cutie ReMark moment?
0:00:57,@Fooper899,:face-orange-raised-eyebrow:
0:00:58,@Sp1k3_Th3_W0lf,LOSER LOST
0:00:59,@ZiyahSmiley-c4q,𝓛𝓞𝓛
0:00:59,@punkypony5165,Yes! Twilgiht is black!
0:00:59,@thecathours,fries and mountain dew
0:01:00,@MillerTheDarkTransPrince,I love starlight
0:01:02,@misakayy1911,BLACK??
0:01:03,@elskywardgonz9929,Oh I forgot about this guy
0:01:04,@GlimmyGOD,Lucky Starswirl...
0:01:06,@Erisrose-moon,WOAH
0:01:07,@jo3a548,take the l
0:01:07,@gummy8440,Shrimpo's grandfather voice
0:01:08,@Sp1k3_Th3_W0lf,LOSERLOSERLOSER STAR SWIRL WEAKKK
0:01:09,@punkypony5165,No diffed
0:01:11,@lordofshrimps,Twilight is black
0:01:12,@Binary_Forever,BLACK?!
0:01:12,@dominicunderwood4911,"Don't glare at him like that, you've done way weirder twilight."
0:01:15,@TheMTwinny,He jobbed out to Starlight haha what a dumbass
0:01:16,@Shivery,lol stock castle png
0:01:16,@creamsouda3338,WHO is bartlebee
0:01:16,@UngulaPropriaRQ,and he likes redbull
0:01:17,@UngulaPropriaRQ,ok
0:01:17,@jo3a548,OH YEASSSS
0:01:18,@AnimeGames16,:blue_circle::blue_circle::waving_hand:
0:01:18,@SonataDidIt,LOL
0:01:18,@TheMTwinny,BARDONIC
0:01:19,@punkypony5165,Kino
0:01:20,@Tamers12345MLP,He was refering to Luna not Twilight by the way
0:01:20,@UngulaPropriaRQ,YES 
0:01:21,@misakayy1911,BARTLEBY
0:01:21,@MillerTheDarkTransPrince,yayyy
0:01:21,@Shivery,BARLEBLEY
0:01:22,@thecathours,SONIC
0:01:23,@Juluuvian,BARDONIC
0:01:24,@superarcade643,42 DOLLARS?
0:01:24,@marisitobonito,YESS BARDONICCC
0:01:24,@UngulaPropriaRQ,I LOVE THIS DUDE NOW 
0:01:24,@Iplyaz-POOPY,WHOS 
0:01:25,@TheMTwinny,HAHAHAHAHA
0:01:27,@HGGamerGirl-mlpm8,$42 really
0:01:27,@Aromaticgrassitem,luna got a solid lunch
0:01:29,@gabbyvelazquez7989,WHAT THE
0:01:29,@jo3a548,BARDONOIC FTW
0:01:30,@emqmp4,LMAOOO
0:01:30,@BlackKanye,Based. Truly wasn't a fair fight indeed
0:01:32,@vodka5988,<3
0:01:32,@elskywardgonz9929,BARTLEBY MENTION 
0:01:33,@samssssss,fart
0:01:33,@MohammedElhakimk,damn
0:01:35,@thecathours,so big
0:01:35,@TheMTwinny,WE GOT BARDONIC CAMEO HELL YEAH
0:01:37,@thecathours,pause
0:01:37,@dominicunderwood4911,bardonic!
0:01:40,@Niconifilmz,BARDONIC
0:01:43,@Tamers12345MLP,Starswirl got some damn fine taste of I say so myself
0:01:43,@Iplyaz-POOPY,I POOPED
0:01:46,@thecathours,the face
0:01:48,@Ace4573,1081 minutes!
0:01:50,@TheMTwinny,STARSWIRL IS A REAL ONE
0:01:50,@Nyax50Lopez,"1,081 minutes 🫩:pensive_face:"
0:01:51,@thecathours,WAIT CHIKEN NUGGETS
0:01:52,@FocksEngine,"Thank you for the art, Tamers"
0:01:52,@gabbyvelazquez7989,BARDONIC
0:01:53,@UngulaPropriaRQ,agreed
0:01:53,@creamsouda3338,THE GRAND GALLOPING GALA!!!!!!
0:01:55,@UngulaPropriaRQ,he's so real
0:01:56,@MillerTheDarkTransPrince,yup tamers
0:01:57,@jo3a548,LAOSDLASODLDSA
0:01:58,@thecathours,CHIKEN NUGGETSSSSSSS
0:02:00,@punkypony5165,Another Gala?
0:02:01,@marfin4325,twatlight spackle
0:02:02,@JoshThePinkGump,chicken nuggies
0:02:03,@GlimmyGOD,yay glimmy
0:02:04,@FocksEngine,GRAND GALLOPPING GALLA!!!!
0:02:05,@thecathours,this is peak
0:02:06,@UngulaPropriaRQ,I should have ordered the nuggies lol
0:02:07,@jo3a548,LOLOLOL
0:02:07,@punkypony5165,Starlight Glimmer ascending!?
0:02:08,@TudleP,princess behavior
0:02:09,@thecathours,so peak
0:02:10,@JoshThePinkGump,GASP
0:02:13,@UngulaPropriaRQ,GASP 
0:02:13,@gummy8440,Oh my gooood
0:02:14,@Shivery,Le Gasp
0:02:14,@Aromaticgrassitem,42 is alot of dollars
0:02:15,@thecathours,aw
0:02:16,@punkypony5165,*gasp*
0:02:17,@HGGamerGirl-mlpm8,Damn
0:02:17,@Denki_Kaminariii,OH MY
0:02:19,@NubMcMoofin,:pensive_face::pensive_face:
0:02:20,@marisitobonito,GASP!
0:02:20,@MohammedElhakimk,why they drinking monster energy drink?
0:02:21,@thecathours,:loudly_crying_face::loudly_crying_face::loudly_crying_face::loudly_crying_face::loudly_crying_face:
0:02:22,@SonataDidIt,I don't believe him
0:02:22,@va_fail,twilight don't cry :c
0:02:24,@LUNN4T1C,oh my hoofness
0:02:24,@NubMcMoofin,:face_holding_back_tears:
0:02:25,@JoshThePinkGump,its so over
0:02:25,@emqmp4,sexist*
0:02:25,@Deriedits,:(
0:02:26,@Tamers12345MLP,Celestia throws alot of gala's because it lets her be the host and remind people that she has power
0:02:26,@creamsouda3338,W kingdom..?
0:02:26,@jo3a548,LOLAOSDLASDFOASLFOASFL
0:02:28,@Ask-k2i2k,LOOK WHAT HE DO
0:02:28,@dominicunderwood4911,"Yeah, dont tell me & the other 2 females here what to do, female."
0:02:29,@Aromaticgrassitem,wizard horses are nice
0:02:31,@Loveezzz_,qwp
0:02:31,@samssssss,big mac ass starswirl
0:02:31,@punkypony5165,and Earth Ponies
0:02:33,@goldenlmao2694,LMAO
0:02:33,@valoryvapeskin6965,Cake!
0:02:33,@jo3a548,DAYUMM
0:02:35,@DreamKnight333,Luna spitting facts
0:02:35,@scall0p639,Damn Starswirl
0:02:35,@Denki_Kaminariii,WOAH
0:02:36,@thecathours,slap slap
0:02:37,@gabbyvelazquez7989,THE HELL
0:02:37,@HGGamerGirl-mlpm8,Dangggggg
0:02:38,@uuhmira,hwy he say that
0:02:39,@emqmp4,oh monarch
0:02:39,@marisitobonito,LOOL
0:02:39,@JoshThePinkGump,PINKIE PIE ON SCREEN AAAAAAAAAAAA
0:02:41,@heffalump111,lmao
0:02:41,@Fooper899,*fart*
0:02:46,@thecathours,rainbow dash it fat
0:02:47,@MillerTheDarkTransPrince,yayyy
0:02:51,@samssssss,FRICK PINKY PIE
0:02:52,@emqmp4,rainbow dash so fat
0:02:54,@fernandaps2,what timeline is this
0:02:54,@marisitobonito,applejaaaack
0:02:56,@JoshThePinkGump,NAH PINKIE AND DASH THEY ACTING LIKE NOTHING HAPPENED
0:02:56,@NitroboneExtinct,Season 5 in a nutshell:
0:02:56,@GlimmyGOD,glimmy is gonna fart so much i know it
0:03:00,@thecathours,ICE CREAM
0:03:00,@HGGamerGirl-mlpm8,Oooooo
0:03:01,@galaxyofeq,Applejack eat something that not apple! 
0:03:03,@TheMTwinny,Oh right it's Pinkie
0:03:04,@thecathours,ICE CREAMMMMMMMMMMMM
0:03:05,@tmen9008,:head_shaking_vertically:
0:03:05,@punkypony5165,I love AJ's new voice
0:03:06,@gabbyvelazquez7989,FR
0:03:06,@Febradiini,IM GONNA FUCKING CRY THANK YOU TAMERS FOR FEEDING USSSS
0:03:07,@va_fail,does pinkie have dragon power that she stolen from sparky? 
0:03:08,@thecathours,new voice?
0:03:08,@lordofshrimps,Okay
0:03:09,@Shivery,lol love trhe new AJ voice still
0:03:12,@FocksEngine,VIVA LA REVOLUTION PINKIE
0:03:12,@thecathours,we got a new voice
0:03:13,@emqmp4,nahh i miss applejacks old voice
0:03:14,@jo3a548,she is right
0:03:14,@Aromaticgrassitem,Celestia is a best horse. i refuse to believe she aint loved @Tamersofficial
0:03:14,@falnazor0001,I'm still sad about AJ's new voice.
0:03:15,@Tamers12345MLP,True tbh
0:03:15,@JoshThePinkGump,FAMILY
0:03:18,@Izabella-w6m,I thought mlp was..WAS dead
0:03:18,@Iplyaz-POOPY,LOL
0:03:21,@Sp1k3_Th3_W0lf,why is applejacks voice different for like the 3rd time TwT
0:03:22,@SonataDidIt,Applejack was smarter as a bag of beans
0:03:22,@galaxyofeq,applejack is eating ice cream heresy to the apple family
0:03:24,@scall0p639,Apple Jack is on to something ngl
0:03:26,@OrpheusHart,More Katawa SHoujo music lol
0:03:28,@thecathours,ICE CREAMMM
0:03:28,@gabbyvelazquez7989,Yippee
0:03:28,@jo3a548,NERD
0:03:29,@JoshThePinkGump,NERDDDDDDDDDDD
0:03:30,@creamsouda3338,Damn.. maybe friendship IS magic
0:03:31,@creamsouda3338,RARITY
0:03:32,@emqmp4,nerd
0:03:32,@LvXGameMaster,XD
0:03:32,@Hyloaf,nerd
0:03:33,@thecathours,am itred
0:03:33,@creamsouda3338,RARITTYYYY
0:03:34,@symphonydawn317,I love this new voice
0:03:34,@punkypony5165,:nerd_face:
0:03:35,@KvVuld,vanilla nerd
0:03:36,@laahocsm0019,NNNNERD
0:03:36,@lordofshrimps,Twilight
0:03:38,@FocksEngine,:nerd_face::nerd_face::nerd_face::nerd_face::nerd_face::nerd_face:
0:03:39,@FocksEngine,:nerd_face:
0:03:40,@Starfire_777,Vanilla's tasty
0:03:40,@JoshThePinkGump,:nerd_face:
0:03:40,@va_fail,rarity hiii
0:03:40,@scall0p639,Apple Jack definitely onto something 
0:03:42,@symphonydawn317,sounds closer to canon
0:03:42,@reinesamazingandoriginalhandle,:nerd_face:
0:03:43,@FocksEngine,:nerd_face::nerd_face::nerd_face:
0:03:43,@marisitobonito,god damn
0:03:44,@thecathours,hot wheel
0:03:45,@galaxyofeq,applejack broke the rule Apple stuff only
0:03:45,@punkypony5165,Based Rarity
0:03:46,@va_fail,lmao 
0:03:46,@jo3a548,LASODASLDO
0:03:47,@LvXGameMaster,"I dunno why, I loved that hill line"
0:03:48,@Tomerツ,AUTISTIC RD
0:03:49,@hex1728,FLAWLESSSSSSSSSSSS
0:03:50,@emqmp4,rarity so real
0:03:50,@goldenlmao2694,:skull::skull:
0:03:50,@jo3a548,girlies
0:03:51,@Slackjaw55,hot wheel
0:03:51,@Aromaticgrassitem,is that a new AJ voice?
0:03:51,@SonataDidIt,Omg its her
0:03:51,@Shivery,Flawless
0:03:51,@UngulaPropriaRQ,NEW AUTISTIC JUST DROPPED
0:03:52,@marisitobonito,FLAWLEESSS
0:03:52,@Fooper899,lol dork
0:03:54,@gabbyvelazquez7989,I luv Flawless:D
0:03:54,@samssssss,MARIUIU
0:03:54,@Nyax50Lopez,hot wheel
0:03:55,@fernandaps2,oh hey
0:03:55,@Shivery,Marionette
0:03:57,@marisitobonito,UNIFORM MARYYYYYY
0:03:59,@Hyloaf,MARY <3
0:03:59,@punkypony5165,:D
0:04:00,@samssssss,MARIII AND FLAWLESS
0:04:00,@dominicunderwood4911,Rarity is great
0:04:01,@marisitobonito,SHES SO CUTE
0:04:01,@DreamKnight333,every 1000 minutes
0:04:01,@thecathours,smile
0:04:02,@valoryvapeskin6965,Adorable 
0:04:02,@lordofshrimps,Oh okay
0:04:04,@scall0p639,Why did she choose vanilla of all flavors cookies and cream is right there
0:04:04,@marisitobonito,HYPE MOMENT
0:04:05,@LUNN4T1C,aww
0:04:05,@TheOfficialVolcania,FLAWLESS
0:04:05,@creamsouda3338,AWWAWWWAWWW SO CUTE
0:04:06,@fixmeoww,:)
0:04:07,@thecathours,the smile
0:04:08,@NubMcMoofin,:smiling_face_with_hearts::smiling_face_with_hearts:
0:04:09,@HGGamerGirl-mlpm8,Ooooo
0:04:10,@marisitobonito,AMAZING
0:04:10,@samssssss,MARIII
0:04:11,@Tamers12345MLP,The don't get to sit at the cool table. Damn
0:04:11,@JoshThePinkGump,WAR
0:04:12,@HGGamerGirl-mlpm8,:)
0:04:13,@thecathours,past?
0:04:15,@Nyax50Lopez,oh
0:04:15,@jo3a548,OH SHIT
0:04:15,@Denki_Kaminariii,MY BELOVED MARY
0:04:15,@JoshThePinkGump,WAR NEVER CHANGES
0:04:16,@Fooper899,she so cute
0:04:17,@GlimmyGOD,GLIMMY Yay
0:04:17,@thecathours,lore???
0:04:18,@MillerTheDarkTransPrince,so cute
0:04:18,@FocksEngine,Mary BECOMEING the kink]
0:04:18,@Loveezzz_,SOO KUTEE
0:04:19,@Iplyaz-POOPY,FLASH BACK
0:04:20,@TheMTwinny,Why does Mary look like...
0:04:20,@va_fail,mary looks so cool in this outfit 
0:04:20,@TheOfficialVolcania,GLIMMY
0:04:21,@thecathours,we got lore
0:04:21,@Xzonza1,Oooo nice Sierra
0:04:21,@Aromaticgrassitem,damn
0:04:23,@punkypony5165,Oh this is already cool
0:04:23,@marisitobonito,baby
0:04:23,@samssssss,MARIIII
0:04:24,@jo3a548,GLIMMER DRESSED LIKE A SITH LORD
0:04:24,@Denki_Kaminariii,OMG??
0:04:27,@thecathours,this is lore bro
0:04:27,@Shivery,Kiss
0:04:29,@TimBoulder,yes
0:04:30,@va_fail,starlight too 
0:04:31,@symphonydawn317,is this WW2 vibes
0:04:32,@samssssss,CUTREEEEEE
0:04:32,@Skidum1,starlight is so cool:smiling_face_with_sunglasses:
0:04:32,@shuddafukkup,Ford Sierra mentioned 
0:04:33,@FocksEngine,Quieres?
0:04:34,@UngulaPropriaRQ,"""i got an ancient cosmic staff, come sit with me"""
0:04:36,@Starfire_777,is Starlight a Terrorist?
0:04:36,@punkypony5165,Peer Pressure
0:04:37,@emqmp4,lesbians 
0:04:37,@NubMcMoofin,:cigarette::horse:
0:04:37,@LightTim,Feels like plup fiction in here
0:04:38,@Iplyaz-POOPY,LAME
0:04:40,@Aromaticgrassitem,oh cool its the new horses
0:04:40,@thecathours,taste
0:04:40,@TheAntiSaint,crime lords
0:04:40,@dominicunderwood4911,Mary put on some godsdamn pants you degenerate
0:04:41,@lordofshrimps,She kinda look like big boss
0:04:41,@jo3a548,cigarrete kiss
0:04:42,@thecathours,bad
0:04:42,@creamsouda3338,wow.... theyre so cool....
0:04:43,@Iplyaz-POOPY,LAMEEEE
0:04:43,@samssssss,AWHHHHHH
0:04:48,@thecathours,OH GOD
0:04:48,@JoshThePinkGump,AND I SMONK
0:04:48,@Sp1k3_Th3_W0lf,I LOVE YURIII
0:04:49,@cat_faerie,Marlboro girlie
0:04:50,@emqmp4,SO MUCH AURA
0:04:50,@UngulaPropriaRQ,hoyl shit 
0:04:50,@Iplyaz-POOPY,EWW
0:04:51,@marisitobonito,amazing
0:04:51,@Loveezzz_,DAMN
0:04:52,@UngulaPropriaRQ,this goes so hard
0:04:53,@DreamKnight333,Woah lesbians
0:04:54,@NubMcMoofin,:cigarette::horse: :cigarette::horse:
0:04:57,@FocksEngine,WHOA PUT IT BACK ON DAMn
0:04:57,@creamsouda3338,123 I WANT YURI
0:05:02,@thecathours,SOMEONE PUT THR MASK BACK ON
0:05:02,@Shivery,Marionette remind me of Zuko from Avatar the Last Airbernder
0:05:03,@Deriedits,girl smoking 
0:05:04,@scall0p639,Ew they gonna get lung cancer 
0:05:05,@marisitobonito,celestia bless lesbians
0:05:06,@MiniPlush12,pony stuff so tuff
0:05:06,@blankgrl,holy shit dude
0:05:07,@HopeIsEpic.,what song is this?
0:05:09,@DANDY-WİN,what ın the green earth ıs thıs eye
0:05:11,@Aromaticgrassitem,flawless and the gang :smiling_face_with_hearts::smiling_face_with_hearts::smiling_face_with_hearts:
0:05:12,@Sp1k3_Th3_W0lf,i love smoking lesbian horses
0:05:13,@HGGamerGirl-mlpm8, I’m back
0:05:13,@firewolf595,STARLIGHT X MARI YURI
0:05:16,@CelestialZizzy,So fucking tuff
0:05:17,@Ace4573,coronation to god hood!
0:05:17,@morcobus,WHAT HAPPENED TO TRIXIE
0:05:19,@scall0p639,They should smoke weed like cool people 
0:05:19,@MillerTheDarkTransPrince,:cigarette::horse:
0:05:21,@thecathours,this looks like harry potter
0:05:22,@gummy8440,Fake mary fans telling her to put the mask on smdh
0:05:26,@punkypony5165,Starlights getting her revenge for the Mashmallow incident!/
0:05:27,@MillerTheDarkTransPrince,:cigarette::horse:
0:05:31,@grimtidings5451,Mary letting it BREATHE
0:05:32,@DreamKnight333,That's a dumb agreement tbh
0:05:33,@TimBoulder,Trixie looks so badass 
0:05:34,@valoryvapeskin6965,the DRIP
0:05:35,@uuhmira,mari looks so tuff omg
0:05:38,@creamsouda3338,DONT BE LIKE DREAM AND #PUTTHEMASKBACKON
0:05:38,@jo3a548,cinema
0:05:40,@Denki_Kaminariii,YURIIII
0:05:40,@TheMTwinny,ANYWAYS
0:05:40,@MiniPlush12,it came from a fallen star
0:05:42,@galaxyofeq,God this good music of choice for this sceen
0:05:44,@thecathours,everyone pay attention to what there saying
0:05:45,@frickenvicker1261,this is kinda tuff
0:05:45,@Tamers12345MLP,Reminder not to give your horses cigarette because they could be bad for them
0:05:47,@DreamKnight333,Yay rocks!!
0:05:48,@FocksEngine,"Symbolism, I like it"
0:05:49,@jo3a548,LOSDLASFDOSALF
0:05:53,@MiniPlush12,they are so caked up
0:05:54,@heffalump111,we gonna see Limestone and Marble?
0:05:54,@JoshThePinkGump,pinkie and dash are acting like nothing happened god DAMN
0:05:54,@laahocsm0019,now for the main plot
0:05:55,@flynky12,BRUH
0:05:57,@marisitobonito,thats good to know tamers
0:05:58,@DreamKnight333,Thank you Tamers
0:06:05,@samssssss,aj voice is ok ig
0:06:05,@Sp1k3_Th3_W0lf,im gonna give my horse 500 cigarettes
0:06:06,@gummy8440,what about cigars
0:06:06,@thecathours,fat but
0:06:07,@gabbyvelazquez7989,Thanks for that advice Tamers
0:06:08,@Starfire_777,Equestria at War ahh setting
0:06:09,@dominicunderwood4911,@firewolf595 you just noticed?
0:06:14,@HGGamerGirl-mlpm8,Now I’m really back
0:06:14,@exoticc2x,w
0:06:15,@symphonydawn317,unmasked Mary is already badass
0:06:15,@Tamers12345MLP,Fluttershy just fucking followed them
0:06:16,@flynky12,SCREAMS
0:06:16,@okuriinu8489,I just got home! im 8 mins late!
0:06:17,@creamsouda3338,Can they kill fluttershy
0:06:20,@falnazor0001,Flutters old voice!
0:06:21,@emqmp4,thank u for the fun fact tamers ur so goated #glazed
0:06:21,@Shivery,lol Fluttershy's old voice
0:06:22,@marisitobonito,FLUTTERSHYS VOICE IS BACK??
0:06:22,@TheMTwinny,Fluttershy is dumb
0:06:22,@TimBoulder,LOL
0:06:24,@JoshThePinkGump,OLD VOICE DAMN
0:06:25,@Fooper899,holy shit
0:06:25,@gabbyvelazquez7989,Oh
0:06:28,@uuhmira,omg old voice
0:06:28,@yourcomadre6042,YESS FLUTTERSHYS OLD VOICE IS BACK 
0:06:28,@firewolf595,ive been a starlight x mari truther dont doubt me boy
0:06:30,@thecathours,nice old voice
0:06:31,@marisitobonito,no one cares
0:06:33,@lordofshrimps,Why is she doing that
0:06:33,@Tomerツ,FLUTTERSHY IS BACK
0:06:33,@DreamKnight333,Fluttershy voice back lol
0:06:34,@Aromaticgrassitem,fluttershy has a tracker on one of them
0:06:34,@Sp1k3_Th3_W0lf,fluttershy confirmed stalker
0:06:34,@dovaak,Yeah old voice 
0:06:35,@FocksEngine,"I always loved Aj's OG voice, but your art transcends the thoughts of mortals, so go off king"
0:06:35,@UngulaPropriaRQ,she had her gouchang 
0:06:37,@jakiyrahmason4824,FLUTTERSHYS VOICE
0:06:37,@Binary_Forever,YES FLUTTERSHY!!
0:06:37,@CelestialZizzy,I missed it omg
0:06:38,@OrpheusHart,lmao the old voice was funny
0:06:38,@valoryvapeskin6965,OW
0:06:39,@marisitobonito,shes actually real
0:06:39,@JoshThePinkGump,REAL
0:06:40,@TheMTwinny,AYO
0:06:40,@HGGamerGirl-mlpm8,Damnnnn
0:06:41,@jo3a548,LIME
0:06:41,@Lorkhanable,OLD FLUTTERSHY VOICE BACK YES
0:06:42,@emqmp4,DAMN
0:06:44,@va_fail,nooo marble
0:06:45,@SonataDidIt,jesus
0:06:46,@jo3a548,OH FUCKM
0:06:46,@FocksEngine,Teef
0:06:47,@heffalump111,nooooo
0:06:47,@UngulaPropriaRQ,holy fuck 
0:06:47,@gabbyvelazquez7989,MARBLE
0:06:47,@thecathours,oh god
0:06:47,@va_fail,she's my fav sister
0:06:47,@fixmeoww,maud!!!
0:06:50,@blankgrl,oh my goodness gracious
0:06:50,@DreamKnight333,more like Fluttersh*t
0:06:51,@TheMTwinny,LIME'S TEETH IS THAT STRONG
0:06:52,@MiniPlush12,the whipping tree?!?
0:06:52,@bigmoneyfiend,tamers so fuckin legend fr
0:06:53,@UngulaPropriaRQ,these rock ponies is crazy
0:06:53,@creamsouda3338,her greed sickens me
0:06:53,@Juluuvian,poor marble
0:06:55,@va_fail,save her
0:06:58,@Lucario4thewin,damn
0:07:00,@Deriedits,SAVE HER
0:07:02,@heffalump111,"Leave Marble alone, she belongs to me"
0:07:04,@Jamzandjelly,Oh…..
0:07:04,@gummy8440,"if you wanted to do it why did you even ask, Maude"
0:07:05,@gabbyvelazquez7989,MARBLE NOOO
0:07:08,@FocksEngine,FREEDOM
0:07:09,@Daily_Dose_Of_Artyayyyyy,My babyyy noooo
0:07:10,@Starfire_777,Limestone definitely kills small animals
0:07:13,@thecathours,new voice
0:07:14,@jo3a548,LASDOFASLFOASF
0:07:14,@Loveezzz_,AKFMALSK
0:07:17,@Fooper899,KIND OF HOT
0:07:20,@thecathours,DAMN STOP WHIPPING
0:07:21,@Shivery,lol RGB 
0:07:21,@creamsouda3338,DAMN they just like me fr!
0:07:22,@JoshThePinkGump,OH GOD
0:07:22,@thecathours,ah
0:07:23,@DreamKnight333,AAAAA
0:07:23,@Shivery,curse
0:07:25,@cat_faerie,ah
0:07:25,@emqmp4,LMAOOOOO
0:07:25,@FocksEngine,:watermelon::watermelon::watermelon::watermelon:
0:07:26,@Deriedits,:0
0:07:29,@va_fail,o rarity come with them 
0:07:31,@HGGamerGirl-mlpm8,Oh dear
0:07:32,@Sp1k3_Th3_W0lf,aj new voice aint it...
0:07:32,@Aromaticgrassitem,mauds voice got switched...
0:07:33,@Elendil404,rgb+ discrimination
0:07:34,@TheMTwinny,LOL THOSE FACES
0:07:34,@thecathours,teo eye
0:07:35,@dominicunderwood4911,AAAH GO BACK TO WHIPPING
0:07:35,@needlethroughabug,:)
0:07:36,@girlybrunette,can we get applejacks old voice please
0:07:37,@jusky_,curse of raa
0:07:37,@marisitobonito,what did she say
0:07:41,@UngulaPropriaRQ,that pinkie
0:07:41,@lordofshrimps,ok
0:07:41,@thecathours,she standing
0:07:42,@UngulaPropriaRQ,:heart_suit:
0:07:42,@DreamKnight333,Completely ignores Apple
0:07:43,@Starfire_777,Goddamn AJ
0:07:47,@thecathours,TWO EYED
0:07:50,@okuriinu8489,well get use to the new voice hopefully lol
0:07:52,@dominicunderwood4911,applejacks old voice was better
0:07:53,@Denki_Kaminariii,OH LORD
0:07:54,@creamsouda3338,rarity and rainbodash kissing scene im manifesting it
0:07:56,@emqmp4,gassy ahh
0:08:00,@SonataDidIt,Maud's voice is beautiful
0:08:00,@Tamers12345MLP,Applejacks voice was from Cepstral which was taken down so don't yell at me
0:08:01,@Febradiini,WWWWWWWWWW
0:08:02,@gabbyvelazquez7989,WHY IS MARBLE CHAINED UP
0:08:03,@MiniPlush12,oh shit!
0:08:04,@TheMTwinny,LMAO OH NO
0:08:05,@thecathours,the new dog
0:08:06,@marisitobonito,poor baby
0:08:09,@okuriinu8489,I see
0:08:10,@HGGamerGirl-mlpm8,Marble nooooo
0:08:11,@emqmp4,NOOOO
0:08:13,@thecathours,dog
0:08:13,@heffalump111,JUSTICE FOR MARBLE
0:08:14,@dominicunderwood4911,ah that sucks
0:08:16,@jo3a548,LAOSDLASDOLASF
0:08:18,@DreamKnight333,"Ah, fair"
0:08:18,@MiniPlush12,marble nooo...
0:08:19,@Nyax50Lopez,NOT USING THE STUPID COMMUNITY THEORY OF HER BEING LOCKED AWAY :loudly_crying_face::disappointed_face::loudly_crying_face::disappointed_face:
0:08:20,@samssssss,awwh mann
0:08:20,@thecathours,dog:D
0:08:23,@lordofshrimps,Why does he talk like that
0:08:24,@Elendil404,:(
0:08:24,@TheMTwinny,IF YOU SCOOPING WHAT SHE'S POOPING
0:08:25,@Fooper899,:face-fuchsia-wide-eyes:
0:08:26,@trap631,nooooo
0:08:26,@JoshThePinkGump,WAH WAH WAH
0:08:28,@galaxyofeq,Whelp applejack is related to rock pony family 
0:08:28,@thecathours,dog
0:08:28,@jo3a548,save marble
0:08:30,@JoshThePinkGump,I DONT WANNA FUCKING HEAR IT
0:08:30,@trap631,poor baby:(
0:08:31,@okuriinu8489,if your scoopin what im poopin XD
0:08:35,@UngulaPropriaRQ,@Tamers12345MLP AJ's voice works good dw
0:08:35,@thecathours,dog:D
0:08:37,@Tamers12345MLP,@lordofshrimps probably because he's mean
0:08:37,@gabbyvelazquez7989,WHY POOR MARBLE
0:08:38,@lordofshrimps,Lol?
0:08:38,@MiniPlush12,why do all the parents in MLP tamers sucks?
0:08:38,@punkypony5165,@Tamers12345MLP Bro AJ's new voice is awesome 
0:08:40,@thecathours,its a dog:D
0:08:40,@MillerTheDarkTransPrince,poor Marble
0:08:42,@Elendil404,\oco/ me
0:08:42,@AnimeGames16,@Tamers12345MLP Cepstral is back though.
0:08:42,@jo3a548,LOASFLASOFL
0:08:43,@marisitobonito,damn
0:08:43,@thecathours,PIZZA
0:08:43,@TheMTwinny,PIZZA ROLLS HELL YEAH
0:08:44,@FocksEngine,"The pie family is the epitome of genetic perfection, clearly. Look at those perfect grey faces"
0:08:46,@JoshThePinkGump,LMAO
0:08:48,@thecathours,damn
0:08:48,@marisitobonito,yummy!
0:08:50,@agoatheadbaby3512,Will Starlight's greed for power open Equestria up to different worlds? Or perhaps...a tournament?
0:08:53,@thecathours,ate the whole thing
0:08:54,@dominicunderwood4911,What we dont know is that she was the one who organized this because shes into it
0:08:55,@valoryvapeskin6965,lmao
0:08:55,@emqmp4,can they not afford an oven?
0:08:55,@falnazor0001,I'ts true.
0:08:55,@jusky_,pepporoni :////
0:08:56,@thecathours,even the bag
0:08:59,@MiniPlush12,why do all the parents in MLP tamers suck?
0:08:59,@HopeIsEpic.,wrapper and all damn
0:09:00,@DreamKnight333,Totinos mentioned!
0:09:01,@samssssss,Tamers can I feed my horse pizza?
0:09:03,@gabbyvelazquez7989,Nice Name for a Pizza Dash
0:09:04,@cagayakegirlz,does the pizza taste better in the packaging
0:09:06,@scall0p639,Rainbow dash spittin 
0:09:08,@punkypony5165,Tarrifs
0:09:09,@Shivery,Nah it's more than that Rarity
0:09:11,@UngulaPropriaRQ,Ummm totinos is the pinnacle? yeah more like little caesars 
0:09:11,@TheMTwinny,Yeah the 1.25 is legit tho
0:09:11,@agoatheadbaby3512,$1.25
0:09:12,@creamsouda3338,RARITYYY
0:09:13,@UngulaPropriaRQ,sorry 
0:09:14,@Starfire_777,@sam yes
0:09:15,@marisitobonito,golly
0:09:16,@JoshThePinkGump,TRACTOR
0:09:17,@Tamers12345MLP,The rock family don't have ovens because they're mormin
0:09:18,@LightTim,THE DOLLAR STORE IS NO LONGER A DOLLAR
0:09:18,@Aromaticgrassitem,yummmy pizza
0:09:19,@thecathours,tractor
0:09:24,@FocksEngine,"Parents suck! Also c'mon, character development"
0:09:26,@MiniPlush12,bebe toi
0:09:29,@sheepish_games,I love tamers struggle meals
0:09:29,@jo3a548,LOLOLOL
0:09:32,@Diskaria,MMM TRACTO
0:09:33,@SapphireAmiTheHedgehog2365,..??
0:09:36,@Elendil404,lol
0:09:37,@samssssss,can I eat the tractor?
0:09:42,@agoatheadbaby3512,24 years ago.
0:09:42,@MillerTheDarkTransPrince,yummy pizza
0:09:42,@creamsouda3338,LMAOOO
0:09:44,@thecathours,detail faces
0:09:44,@C0llecter-513,GOOD FRIDAY EVERYONE
0:09:48,@creamsouda3338,:face-fuchsia-poop-shape::face-fuchsia-poop-shape:
0:09:48,@thecathours,what?
0:09:50,@TheMTwinny,YOU SUCK AJ
0:09:50,@dominicunderwood4911,"it IS a tractor, a toy tractor for kids, but still a tractor"
0:09:50,@heffalump111,where is marble
0:09:51,@Exiledlama,LMAO
0:09:51,@Starfire_777,Huh?
0:09:54,@MiniPlush12,why is maud so caked?!?
0:09:54,@cat_faerie,damn aj okay
0:09:55,@ayyo-bun3534,I guess I'ma fanart this too
0:09:55,@thecathours,what did i just hear
0:09:56,@Tomerツ,"nice ""rocks"""
0:09:56,@symphonydawn317,Apples really hate pies
0:09:57,@TheMTwinny,CAKE
0:09:57,@FocksEngine,"Love this AJ voice, btw! This is a great replacement"
0:09:58,@DreamKnight333,Alright bye Appleja DAAAYUUM
0:09:59,@DF_CR4LV3,how tractor taste
0:09:59,@Tamers12345MLP,pinkie and applejack are cousins so you know what that means
0:10:03,@thecathours,guess it was the wind
0:10:04,@galaxyofeq,@Tamers12345MLP they would have stoves 
0:10:05,@okuriinu8489,maud got rocks in her trunk
0:10:06,@HGGamerGirl-mlpm8,Uhhhh
0:10:07,@creamsouda3338,oh god
0:10:09,@JoshThePinkGump,G3 JUMPSCARE
0:10:09,@ayyo-bun3534,dammit tamers you king lol
0:10:09,@Binary_Forever,Art in this ep is great
0:10:10,@FocksEngine,Damn those are bad parents
0:10:10,@jo3a548,OH NO
0:10:14,@HGGamerGirl-mlpm8,True
0:10:15,@gabbyvelazquez7989,Why do they even have a Wipping tree:loudly_crying_face:
0:10:17,@FocksEngine,BARS
0:10:18,@scall0p639,The sacred punishment of 30 lashes 
0:10:19,@thecathours,i forgot the cousin lore bruh
0:10:20,@Tamers12345MLP,:(
0:10:21,@TimBoulder,Awww :/
0:10:27,@gabbyvelazquez7989,Why is Pinkie crying like That:grinning_face:
0:10:29,@thecathours,the house changed like 6 times
0:10:29,@rat__son06,Omgg
0:10:30,@HGGamerGirl-mlpm8,Pinkie:loudly_crying_face:
0:10:30,@creamsouda3338,@gabbyvelazquez7989 who DOESNT have a whipping tree
0:10:32,@Fooper899,:face-fuchsia-wide-eyes:
0:10:32,@rat__son06,Noooo
0:10:32,@TimBoulder,I feel sad 
0:10:32,@DreamKnight333,:'c
0:10:34,@MillerTheDarkTransPrince,:<
0:10:35,@samssssss,shes just a bebeh
0:10:36,@marisitobonito,maud dont say that
0:10:36,@TheMTwinny,MAUD YOU DID THIS
0:10:36,@okuriinu8489,tamers how's life
0:10:37,@goldenlmao2694,i love how everytime pinkie cries it's literal baby crying sounds
0:10:39,@ayyo-bun3534,aw shit maud
0:10:40,@HGGamerGirl-mlpm8,;(
0:10:40,@Daily_Dose_Of_Artyayyyyy,Waaaaaaaaaaaaa
0:10:41,@jo3a548,OH FGUVCK
0:10:42,@monicacastillo996,H
0:10:42,@DF_CR4LV3,pinky pie D:
0:10:42,@SonataDidIt,oh shit
0:10:44,@FocksEngine,:heart_on_fire::heart_on_fire::heart_on_fire::baby::baby::baby::baby::loudly_crying_face::loudly_crying_face::loudly_crying_face::loudly_crying_face::loudly_crying_face:
0:10:44,@DreamKnight333,The rock fam is fighting again...
0:10:45,@TimBoulder,This is just cruel 
0:10:46,@dominicunderwood4911,big dumb idiot
0:10:48,@UngulaPropriaRQ,THROW DOWN 
0:10:49,@JoshThePinkGump,"WOAH, CHILDREN FIGHTING"
0:10:49,@thecathours,lime
0:10:49,@ayyo-bun3534,weeeh
0:10:50,@marisitobonito,woah!
0:10:50,@rat__son06,Oh shit
0:10:50,@MillerTheDarkTransPrince,:(
0:10:51,@JoshThePinkGump,I CAN SELL THIS
0:10:51,@gummy8440,Pinkie use your dragon powers and burn it all
0:10:52,@Starfire_777,Maud Pinkie's Autistic!
0:10:54,@SonataDidIt,Maud's autism is so real
0:10:54,@rat__son06,Oh fuck
0:10:56,@Fooper899,smash at shit
0:10:57,@rat__son06,Oh no
0:10:57,@thecathours,pizzaaaaaaaaaaaaa
0:10:58,@samssssss,sode butt
0:10:58,@firewolf595,this is peak
0:10:59,@agoatheadbaby3512,D:
0:11:00,@gabbyvelazquez7989,I can see why Pinkie Left
0:11:01,@Elendil404,so trve...
0:11:03,@emqmp4,nah don’t blame maud 
0:11:04,@thecathours,pizzaaaaaaaaaaaaaaaaaaaaa
0:11:04,@jo3a548,NO
0:11:06,@marisitobonito,its like that furry image
0:11:07,@agoatheadbaby3512,Not the pizza.
0:11:08,@creamsouda3338,Theyre fighting................. ladies ladies calm down you're BOTH beautiful!
0:11:10,@thecathours,pizza
0:11:12,@C0llecter-513,Wtf did i miss
0:11:17,@thecathours,justice for pizza
0:11:17,@okuriinu8489,I remember mods pet rocks are still chasing eachother through space
0:11:17,@monicacastillo996,Oh shit
0:11:18,@rat__son06,OOOP
0:11:18,@UngulaPropriaRQ,she talks nice 
0:11:19,@Aromaticgrassitem,Maud makes a good point. wtf do they do
0:11:20,@lordofshrimps,Everyone here my be stupid
0:11:21,@punkypony5165,LOL I love Maud
0:11:21,@ayyo-bun3534,ye
0:11:22,@C0llecter-513,i just popped in
0:11:23,@galaxyofeq,Get medic for mable 
0:11:23,@lordofshrimps,*may
0:11:27,@TheMTwinny,MAUD IS JUT GIVING UP
0:11:27,@rat__son06,OMG STAWP
0:11:29,@FocksEngine,S T O P F I G H T I N G ! ! !
0:11:30,@thecathours,JUSTICE FOR PIZZA
0:11:31,@HGGamerGirl-mlpm8,Oh hell no
0:11:37,@rat__son06,she’s so mad
0:11:38,@jo3a548,no stop fighting
0:11:40,@HGGamerGirl-mlpm8,Yeaaa
0:11:44,@marisitobonito,poor lime
0:11:46,@thecathours,was there always a lamp?
0:11:46,@agoatheadbaby3512,Maud Pie is 28? 29?
0:11:46,@Tamers12345MLP,Maud is such a loser
0:11:46,@Binary_Forever,this story is rotting my brain
0:11:47,@rat__son06,IM WEAK
0:11:47,@dominicunderwood4911,use youe LEGS and WALK AWAY
0:11:47,@emqmp4,nothing can make me hate u maud
0:11:49,@punkypony5165,Poor Limey
0:11:50,@JoshThePinkGump,its so over
0:11:53,@samssssss,maud sounds kinda like mari
0:11:55,@Elendil404,Granny horror game but in the Pie farmhouse
0:11:57,@rat__son06,MAD LOSER
0:11:58,@gabbyvelazquez7989,Why does she still have the Pizza
0:11:58,@jusky_,:////
0:11:59,@Zeeandzuzyxzizzy,:face-purple-smiling-fangs::face-purple-smiling-fangs::face-purple-smiling-fangs::face-purple-smiling-fangs::face-purple-smiling-fangs::face-purple-smiling-fangs::face-purple-smiling-fangs::face-purple-smiling-fangs::face-purple-smiling-fangs::face-purple-smiling-fangs:
0:11:59,@SleepyGalz,This is utter cinema
0:12:00,@MillerTheDarkTransPrince,yuppies
0:12:01,@Aromaticgrassitem,@Tamers12345MLP Maud is a Psychic type trainer
0:12:01,@thecathours,THE PIZZA RISES
0:12:01,@Cattle.ink.3,save the pizza
0:12:02,@va_fail,marlbe so cute 
0:12:02,@jo3a548,LASDFOLASFOLFSA>
0:12:04,@goldenlmao2694,damn
0:12:04,@TheMTwinny,Maud is such a total loser am I right chat
0:12:04,@cagayakegirlz,marble so sad :(
0:12:05,@UngulaPropriaRQ,we love girlfails here 
0:12:06,@Starfire_777,i would kiss Lime
0:12:06,@KvVuld,oh shit
0:12:06,@punkypony5165,BAULD
0:12:07,@rat__son06,NOT BALD
0:12:07,@creamsouda3338,DAMN SHES WEARING A WIG SOMEONE SNATCH IT OFF
0:12:08,@JoshThePinkGump,BALD
0:12:09,@MiniPlush12,Maud is a loser
0:12:11,@grimtidings5451,Quitter quitter 
0:12:12,@Exiledlama,BALD
0:12:13,@agoatheadbaby3512,Damn.
0:12:14,@HGGamerGirl-mlpm8,Rlly now
0:12:15,@rat__son06,WIG IS CRAZY
0:12:15,@cat_faerie,DAMN MARBLE
0:12:15,@Shivery,lol the apple room
0:12:16,@marisitobonito,BABY
0:12:16,@okuriinu8489,SNATCH THE WEAVE
0:12:18,@Random-qm6oh,bald
0:12:18,@Bet12121,is Maud regarded like Pinky? hard to tell at this point
0:12:19,@MiniPlush12,lazy maud
0:12:21,@galaxyofeq,Muad maybe loser but she can kill you 
0:12:21,@Fooper899,she like me:face-fuchsia-wide-eyes:
0:12:22,@Daily_Dose_Of_Artyayyyyy,Myyy eyeeessss
0:12:26,@Zeeandzuzyxzizzy,tamer is better then sprout seedly sproutacis dandygirl
0:12:29,@FocksEngine,Have pinkie smugle a bunch of guns!! The party cannon CANT be legal in equestrian warfare. THEY HAVE DETERENTS 
0:12:29,@Stratosfear_930,random ah canterlot
0:12:31,@punkypony5165,She's literally Mauld
0:12:33,@TheMTwinny,OOF
0:12:34,@marisitobonito,BABY IS HURT!!
0:12:34,@FocksEngine,FREE THE PIES!
0:12:37,@creamsouda3338,LMAOOOO
0:12:40,@gummy8440,fart the fence down to break it
0:12:40,@marisitobonito,oh my god
0:12:40,@jo3a548,OH SHIT
0:12:42,@Tamers12345MLP,Maud was raised on the rock farm so her parents kept her stupid as shit so she couldn't rebel
0:12:43,@trap631,noooo
0:12:43,@FocksEngine,OH GOD
0:12:44,@Exiledlama,LMAO
0:12:45,@Nyax50Lopez,jESUSZ
0:12:46,@Elendil404,dayum
0:12:46,@NubMcMoofin,:pensive_face:
0:12:46,@LightTim,Lamo
0:12:47,@trap631,:eyes-purple-crying::eyes-purple-crying::eyes-purple-crying::eyes-purple-crying::eyes-purple-crying::eyes-purple-crying::eyes-purple-crying::eyes-purple-crying:
0:12:47,@C0llecter-513,WHOA
0:12:48,@samssssss,STUPID FILLY
0:12:49,@Elendil404,that's NOT a little pony
0:12:51,@blankgrl,Holy shit
0:12:51,@Fooper899,holy shit
0:12:52,@MiniPlush12,not the whips again :loudly_crying_face:
0:12:53,@thecathours,whip slash
0:12:53,@Juluuvian,why is he always whipping marble
0:12:54,@Starfire_777,Goddamn
0:12:55,@okuriinu8489,mini toma
0:12:55,@HGGamerGirl-mlpm8,Shi-
0:12:55,@SNAKE.LOVER.69,"the problem is, they didn't bring apple bottom"
0:12:56,@gabbyvelazquez7989,Marble is the least fav for sure
0:12:57,@SonataDidIt,This is precious
0:12:58,@thecathours,Arocks
0:12:59,@DreamKnight333,Ouchies
0:13:00,@rat__son06,Dumb stupid rock baby
0:13:00,@emqmp4,rock enthusiast 
0:13:01,@thecathours,ROCKS
0:13:01,@Shivery,the fingers
0:13:02,@TheMTwinny,She climbed back over...THROUGH THE BARBED WIRE AGAIN
0:13:04,@thecathours,wait
0:13:05,@creamsouda3338,baby maud is so cute though
0:13:05,@FocksEngine,Oh she's too fukn stupid
0:13:05,@UngulaPropriaRQ,ok kiss 
0:13:07,@HGGamerGirl-mlpm8,The hands:loudly_crying_face:
0:13:07,@marisitobonito,oh sisters bonding
0:13:08,@dominicunderwood4911,Nobody saw you covered in stars?
0:13:10,@UngulaPropriaRQ,kiss girls 
0:13:12,@thecathours,didn’t they go to pinkie like 4 times?
0:13:12,@dominicunderwood4911,scars
0:13:21,@Aromaticgrassitem,Maud has power within her. I can feel it. like the force.
0:13:26,@Shivery,didn't they get all out to go to Soarin's wedding?
0:13:28,@fernandaps2,dw about it
0:13:29,@firewolf595,Tamers please put the fear of god into Mauds eyes as she weeps for forgiveness
0:13:29,@HGGamerGirl-mlpm8,Kiss….. their sister Guys
0:13:29,@marisitobonito,damn
0:13:31,@LvXGameMaster,Why is this fucking peak???
0:13:31,@LightTim,NNNNNNEEEEEEEEEEERRRRRRRRRDDDDDDDDDD
0:13:32,@jusky_,si true
0:13:33,@punkypony5165,Marble is useless high key
0:13:34,@lordofshrimps,LOL
0:13:35,@FocksEngine,"I love your philosophy, it's greatly open to flaws. This is art!"
0:13:35,@creamsouda3338,LMAOOOOO???
0:13:35,@Purogaming12,lol
0:13:37,@emqmp4,YEAHHHH
0:13:39,@jo3a548,LOLOLOLL
0:13:42,@TheMTwinny,DAD KNOWS
0:13:42,@rat__son06,BLOW
0:13:43,@emqmp4,OH NOOOOO
0:13:45,@FocksEngine,OH NOOOOO
0:13:46,@punkypony5165,RUN BITCH RUN
0:13:46,@gabbyvelazquez7989,WHAT THE
0:13:47,@thecathours,its not raining?
0:13:47,@samssssss,@tamers12345 how long is the vid?
0:13:48,@UngulaPropriaRQ,SHE'S BRITISH 
0:13:48,@falnazor0001,LMAO!
0:13:48,@marisitobonito,NOOO MAUD
0:13:49,@scall0p639,Let’s make like a fart and blow 
0:13:50,@Elendil404,ermmm this is entrapment!!
0:13:51,@UngulaPropriaRQ,THAT'S WHY SHE'S EIVL
0:13:51,@okuriinu8489,47th?!
0:13:52,@agoatheadbaby3512,Not the crossbow.
0:13:52,@valoryvapeskin6965,Direct Hit
0:13:53,@thecathours,47 ON THE WEEK?
0:13:53,@rat__son06,NOOOO
0:13:53,@lordofshrimps,LOL
0:13:54,@Shivery,Direct hit
0:13:55,@MiniPlush12,Noooo!
0:13:56,@thecathours,snipe
0:13:56,@NubMcMoofin,:face_holding_back_tears:
0:13:58,@rat__son06,RUNNN
0:13:58,@DreamKnight333,Maud taking it like a champ
0:13:59,@HGGamerGirl-mlpm8,God damn
0:13:59,@Alisu-,noooooooooooooooo
0:14:01,@Starfire_777,Help!
0:14:02,@TheMTwinny,OH NO
0:14:02,@rat__son06,RUN
0:14:02,@jo3a548,OH FUCJ
0:14:03,@Zeeandzuzyxzizzy,WHY ARE U RUNING
0:14:03,@MiniPlush12,noooo!
0:14:04,@agoatheadbaby3512,NOOOOOO
0:14:04,@thecathours,SHES COOKED
0:14:04,@marisitobonito,NOO MARBLEEE
0:14:05,@rat__son06,OMGG
0:14:05,@Bet12121,bah hahaha
0:14:06,@Nyax50Lopez,:loudly_crying_face::loudly_crying_face::loudly_crying_face::loudly_crying_face::loudly_crying_face::loudly_crying_face:
0:14:06,@gabbyvelazquez7989,MARBLE
0:14:07,@FocksEngine,IGNEOUS PIE JUST CRIPPLED MAUD
0:14:07,@thecathours,OH GOOD
0:14:07,@debbieferris3090,hi im Tanya im 4
0:14:07,@Fooper899,RUN
0:14:08,@punkypony5165,BITCH RUN
0:14:09,@va_fail,:(
0:14:10,@thecathours,GO
0:14:10,@dominicunderwood4911,"GODS, HES GOT THE EYES OF A HAWK"
0:14:10,@jusky_,oh my GOD
0:14:11,@emqmp4,LIMESTONE BBYGIRL GET UP
0:14:11,@Tomerツ,crazy aim
0:14:11,@creamsouda3338,LIME MY GOAT
0:14:13,@agoatheadbaby3512,THEY'RE ALL GONNA' DIE NOOOOO
0:14:14,@MiniPlush12,Survive Limestone!
0:14:16,@FocksEngine,True
0:14:16,@punkypony5165,All true
0:14:16,@TooManyThings_,WAS I RIGHT???
0:14:18,@rat__son06,WHAT THE FUCK
0:14:19,@cat_faerie,oh my god RUN
0:14:25,@HGGamerGirl-mlpm8,The*
0:14:30,@marisitobonito,theyre good at aiming tho
0:14:31,@TheMTwinny,Their father is a poopy butt
0:14:32,@thecathours,bring her:loudly_crying_face::face_with_spiral_eyes:
0:14:33,@MiniPlush12,Is the rock farm a metaphor for racism?
0:14:34,@creamsouda3338,hes just waiting for them to stfu LMAO
0:14:35,@Tamers12345MLP,I can't believe it's over
0:14:36,@Cattle.ink.3,waaaaaaaa:loudly_crying_face::loudly_crying_face::loudly_crying_face::loudly_crying_face::loudly_crying_face::loudly_crying_face:
0:14:38,@thecathours,leave her behind:loudly_crying_face::loudly_crying_face::loudly_crying_face::loudly_crying_face::loudly_crying_face:
0:14:39,@bigmoneyfiend,Texas
0:14:40,@creamsouda3338,BRO THEY LEFT THEIR OTHER SISTER LMFAOOO
0:14:44,@Elendil404,what the HELL
0:14:44,@samssssss,@tamers12345MLP how long is the vid?
0:14:44,@rat__son06,IM CRYING 
0:14:44,@emqmp4,POOP SLIDE
0:14:45,@Diskaria,this is so real
0:14:45,@jo3a548,oh yeas
0:14:46,@UngulaPropriaRQ,DAMN NICE TECH
0:14:47,@punkypony5165,I knew Limestone got this shit
0:14:49,@Therianbesties-b6o,lol:cowboy_hat_face:
0:14:49,@JoshThePinkGump,DOLLAR TREE
0:14:52,@Nyax50Lopez,beautiful
0:14:55,@galaxyofeq,@Tamers12345MLP you in show Muad is able to break boulders. Why doesn’t she rip the a hole in fence? 
0:14:56,@TheMTwinny,The fence is COMPLETELY barbed wire now lmao
0:14:57,@rat__son06,NOOOOOO:frowning_face:
0:14:57,@Aromaticgrassitem,parry that crossbow shot
0:14:57,@FocksEngine,dollar tree will save us
0:14:58,@thecathours,rarity on the car
0:14:59,@Fooper899,:flushed_face:
0:15:00,@Zeeandzuzyxzizzy,Bro they have gyats
0:15:01,@thecathours,get her off
0:15:01,@marisitobonito,are they really going to leave marble
0:15:03,@Tamers12345MLP,it's funny because she pooped
0:15:04,@dominicunderwood4911,What about the others?
0:15:06,@agoatheadbaby3512,What about the other one?
0:15:07,@marisitobonito,maud dont say that
0:15:11,@thecathours,poop
0:15:14,@FocksEngine,Hahaha
0:15:14,@DreamKnight333,Well damn
0:15:16,@creamsouda3338,LMAOOOO
0:15:16,@jo3a548,"""LOLOL"
0:15:17,@DF_CR4LV3,why it farted
0:15:17,@UngulaPropriaRQ,valid
0:15:20,@punkypony5165,LMAO
0:15:20,@JoshThePinkGump,KEK
0:15:20,@SonataDidIt,Pain
0:15:21,@Elendil404,i think they can just drive around it...
0:15:22,@marisitobonito,LOOOL
0:15:22,@FocksEngine,Ofc
0:15:22,@UngulaPropriaRQ,hAHAHAHA
0:15:22,@Diskaria,D:
0:15:23,@punkypony5165,BASED
0:15:23,@usaminabe,I knew it
0:15:23,@falnazor0001,LMAO!!!!
0:15:24,@Exiledlama,LMAO
0:15:25,@valoryvapeskin6965,lmao
0:15:25,@Tamers12345MLP,infighting...
0:15:25,@jo3a548,LOLOLOLOLLLOL
0:15:26,@emqmp4,maud lowkey deserved that
0:15:26,@AnimeGames16,LOL
0:15:27,@Fooper899,:frowning_face:
0:15:27,@Nyax50Lopez,hOLY
0:15:27,@TooManyThings_,YEEEAAAAAAAAAAAAAAAAAAAAH
0:15:28,@LightTim,HA
0:15:28,@cat_faerie,DAMN
0:15:28,@NubMcMoofin,:pensive_face:
0:15:28,@creamsouda3338,LIMESTONES JUST GOATED LIKE THAT
0:15:28,@Starfire_777,W
0:15:28,@agoatheadbaby3512,lol
0:15:28,@UngulaPropriaRQ,HAHAHAHAHAAHAH
0:15:28,@DreamKnight333,Haha gottem
0:15:29,@DVNB888,Why nobody cares about Marble pie :loudly_crying_face:
0:15:29,@MiniPlush12,rip Maud pie
0:15:29,@Elendil404,look they totally can just drive around it!
0:15:29,@CelestialZizzy,LOOOOL
0:15:29,@HGGamerGirl-mlpm8,Dang
0:15:31,@FocksEngine,HAHAHAH
0:15:31,@UngulaPropriaRQ,LIMESTONE LMAOOO
0:15:31,@Ask-k2i2k,.
0:15:32,@thecathours,DAMN
0:15:32,@Tomerツ,kiss
0:15:33,@UngulaPropriaRQ,WHAT A MOVE 
0:15:33,@symphonydawn317,oh shit
0:15:33,@jo3a548,OH FUCK
0:15:34,@valoryvapeskin6965,O-O
0:15:34,@punkypony5165,LETS GO LIMESTONE
0:15:35,@blankgrl,NO
0:15:35,@emqmp4,OH NAHHHH 
0:15:36,@Elendil404,uhhhhhhhhhhhhhhh
0:15:37,@Sp1k3_Th3_W0lf,PINK CHEEKS!?!?!
0:15:37,@Random-qm6oh,lol
0:15:37,@NubMcMoofin,:smiling_face_with_hearts::smiling_face_with_hearts:
0:15:38,@uuhmira,what
0:15:38,@Shivery,Oh
0:15:38,@Ask-k2i2k,WHAT HE
0:15:38,@HGGamerGirl-mlpm8,The fuck
0:15:39,@okuriinu8489,survival of the fittest
0:15:39,@misakayy1911,YESSSS
0:15:41,@CelestialZizzy,OH MY
0:15:42,@misakayy1911,YEEEEEEEEEEEESSSSSSSSSSSSSSSSSSSSSSSSS
0:15:42,@lordofshrimps,Ok vro
0:15:43,@Stratosfear_930,my favorite part
0:15:44,@trap631,heck yeah
0:15:44,@FocksEngine,kiss??
0:15:45,@Starfire_777,AYO!!
0:15:45,@Tomerツ,hellll nahhhh
0:15:45,@Aromaticgrassitem,rarity could just drive thru that fence
0:15:46,@superarcade643,LETS GOOOOO
0:15:46,@Demipersonisme13,Ohh wow
0:15:46,@JoshThePinkGump,WOAH WOAH WOAH
0:15:46,@Tamers12345MLP,:clapping_hands:
0:15:46,@emqmp4,PLS NUH UH
0:15:47,@Sp1k3_Th3_W0lf,OMGGG
0:15:47,@valoryvapeskin6965,AAAAAAAAA
0:15:47,@Cattle.ink.3,the hell
0:15:48,@creamsouda3338,LMAO??
0:15:49,@Missmab123456,Ooooooo
0:15:49,@mythical_mare,LETS GOOOOO
0:15:50,@thecathours,THE ULTIMATE BETAL 
0:15:50,@Juluuvian,WHAT!!!!!!
0:15:50,@blankgrl,oh my god
0:15:50,@Fooper899,:sad_but_relieved_face:
0:15:50,@adelheid.4132,wha
0:15:50,@jo3a548,DAYUUUUUM
0:15:50,@agoatheadbaby3512,What
0:15:50,@bigmoneyfiend,:face-blue-smiling::face-blue-smiling::face-blue-smiling:
0:15:50,@emqmp4,NOOO 
0:15:51,@Sp1k3_Th3_W0lf,WOWOWOWOWOW
0:15:51,@Elendil404,Wowza
0:15:51,@valoryvapeskin6965,AYOOOO!?
0:15:51,@gabbyvelazquez7989,WHAT
0:15:51,@CelestialZizzy,WOAHHHHH
0:15:51,@cat_faerie,oh god not this
0:15:52,@uuhmira,wow uhhhhh
0:15:52,@goldenlmao2694,OH
0:15:52,@TheAntiSaint,adgji8
0:15:52,@huitasadventures,whatatatat
0:15:53,@Denki_Kaminariii,WHAT.
0:15:54,@JoshThePinkGump,WOAHHHH
0:15:54,@Shivery,:volcano-green-lava-orange:
0:15:55,@NubMcMoofin,:exploding_head::exploding_head::smiling_face_with_hearts::smiling_face_with_hearts::smiling_face_with_hearts::smiling_face_with_hearts:
0:15:55,@Skidum1,uhhhhh
0:15:55,@scall0p639,Ayooooooo 
0:15:55,@dominicunderwood4911,Arent they...siblings
0:15:55,@mags6488,????
0:15:56,@punkypony5165,Pinkie needs a mare like Limestone to put her in her place ngl
0:15:56,@rat__son06,BAHAHAHAHAH
0:15:56,@Cattle.ink.3,ahhhhhh wtf
0:15:56,@okuriinu8489,oh god-
0:15:56,@emqmp4,WHY YALL CLAPPING NAH 
0:15:57,@lordofshrimps,Wouldn't be a tamers family relationship without this
0:15:57,@MillerTheDarkTransPrince,yessss
0:15:58,@usaminabe,WOOO I GUESS
0:15:58,@Denki_Kaminariii,WHAT.
0:15:59,@Demipersonisme13,EEE YUCCK
0:15:59,@SonataDidIt,10/10
0:15:59,@LightTim,Wild
0:15:59,@HGGamerGirl-mlpm8,:skull:
0:15:59,@laeeb,!
0:15:59,@FocksEngine,"well they are apples, technically"
0:16:00,@TheAntiSaint,"""GUh"""
0:16:00,@Daily_Dose_Of_Artyayyyyy,WHAT
0:16:00,@TheMTwinny,MEANWHILE
0:16:00,@thecathours,THERE SISTERS:loudly_crying_face::loudly_crying_face::loudly_crying_face::loudly_crying_face:
0:16:01,@goldenlmao2694,UHM
0:16:01,@jo3a548,LOLLOL
0:16:01,@Qylete,woo
0:16:02,@cat_faerie,NOOOIO
0:16:02,@unlimitedrabbit,I... didn't know I needed this ship.
0:16:02,@Denki_Kaminariii,HELLO????
0:16:03,@punkypony5165,10/10
0:16:05,@C0llecter-513,i approve
0:16:05,@MillerTheDarkTransPrince,yesss
0:16:06,@Random-qm6oh,(o.o)
0:16:06,@Fooper899,:nauseated_face:
0:16:06,@Therianbesties-b6o,:smiling_face_with_sunglasses:
0:16:06,@SonataDidIt,OMG ITS THE DRESS
0:16:06,@M.A.R.L.E.T,LOL
0:16:07,@HGGamerGirl-mlpm8,Their sisters….
0:16:07,@rat__son06,NASTYYY
0:16:08,@samssssss,AHEWWW TWILIGHT
0:16:09,@TheMTwinny,The OTHER story
0:16:10,@superarcade643,holy twillight looks so good in her dress
0:16:10,@Denki_Kaminariii,WHAT THE FUCK
0:16:10,@Ask-k2i2k,WHAT
0:16:10,@agoatheadbaby3512,"Wait, what about Maud?"
0:16:10,@thecathours,THERE SISTERRRRRSSS:loudly_crying_face:
0:16:10,@gabbyvelazquez7989,DID THEY FORGET THEY WERE SIBLINGS OR
0:16:11,@okuriinu8489,rainbow why u smiling! she kissin yo gal
0:16:11,@neargaming2057,BEST NIGHT EVER DRESS LETS GO
0:16:12,@tmen9008,Huh
0:16:12,@frickenvicker1261,approved
0:16:13,@creamsouda3338,celestia beat me next please please pleaseee
0:16:13,@emqmp4,bru twilight couldn’t find a new fir
0:16:15,@lighter337,10000/10
0:16:15,@jo3a548,lololol
0:16:15,@FocksEngine,I love a happy ending :eyes-purple-crying:
0:16:15,@lordofshrimps,Twilight in her best fit?
0:16:19,@thecathours,bruh
0:16:19,@emqmp4,fit*
0:16:20,@ayyo-bun3534,kinkyyy
0:16:21,@Jamzandjelly,Aren’t they like….. siblings 
0:16:22,@DreamKnight333,Celestia spittin facts
0:16:23,@marisitobonito,CADENCE
0:16:23,@Aromaticgrassitem,atleast limestone made it through
0:16:26,@cat_faerie,I mean
0:16:26,@thecathours,said the same thing twice:loudly_crying_face:
0:16:27,@dat_-_-_-idiot_-_-_-_-_-.7419,I DIDNT THINK THEYD ACC DO THAY
0:16:27,@icelemoniscool,AYAT
0:16:32,@lordofshrimps,LOL
0:16:33,@ZiyahSmiley-c4q,𝓢𝔀𝓮𝓮𝓽 𝓫𝓲𝓷𝓮 𝓐𝓵𝓪𝓫𝓪𝓶𝓪 
0:16:36,@C0llecter-513,statistically
0:16:36,@Therianbesties-b6o,:cat-orange-whistling:
0:16:36,@TheMTwinny,LMAO
0:16:36,@marisitobonito,i like it cadence
0:16:38,@thecathours,aw
0:16:39,@blankgrl,What an asshole
0:16:39,@okuriinu8489,when is tamers gonna add flurry heart :red_heart:
0:16:39,@jo3a548,LOLOLL
0:16:40,@The_Adventure18101,that kiss was kinda cinema ngl
0:16:43,@rat__son06,A FAT CUPCAKE 
0:16:43,@emqmp4,real
0:16:43,@punkypony5165,I love Shining
0:16:44,@thecathours,SHES A CUPCAKE
0:16:44,@Tomerツ,what a chad
0:16:45,@Zeeandzuzyxzizzy,W SHIP
0:16:46,@UngulaPropriaRQ,fat cupcake 
0:16:46,@DreamKnight333,Dude don't you work here
0:16:47,@agoatheadbaby3512,Shining Armor is becoming his Dad
0:16:47,@ayyo-bun3534,worst husband
0:16:48,@Fooper899,:woozy_face: oh
0:16:48,@Starfire_777,Twilight's adorable
0:16:52,@MiniPlush12,how far is the poop he going to poop?!
0:16:52,@superarcade643,OMG
0:16:52,@jo3a548,COCOC
0:16:52,@M.A.R.L.E.T,THE BEST THING I SAW ALL DAY:drooling_face::drooling_face:
0:16:53,@marisitobonito,COCOOOOOO
0:16:54,@cat_faerie,TWILIGHTS FINGERS
0:16:54,@Elendil404,zamn
0:16:54,@superarcade643,CUTE
0:16:55,@Therianbesties-b6o,", :face_with_monocle:"
0:16:55,@JoshThePinkGump,COCOOOOOOOOOOOO
0:16:56,@MiniPlush12,I mean fat
0:16:56,@va_fail,coco best princess
0:16:56,@emqmp4,no wiping is so normalized
0:16:57,@TooManyThings_,OH MY GOD IT'S COCO
0:16:57,@firewolf595,COCO
0:16:58,@TheMTwinny,Coco
0:16:59,@UngulaPropriaRQ,COCO!!!!!
0:16:59,@marisitobonito,COCO
0:17:01,@misakayy1911,COCO!!!!!
0:17:01,@lordofshrimps,I forgot that she's an alicorn
0:17:02,@rat__son06,COCO
0:17:02,@thecathours,SHES A CUPCAKEEEEEE
0:17:02,@Shivery,Coco
0:17:03,@gabbyvelazquez7989,Celestia Always speakin Facts@DreamKnight333
0:17:03,@Diskaria,cococococo
0:17:03,@rat__son06,OMG
0:17:04,@Solums,Coco!?
0:17:04,@Fooper899,shiting armor
0:17:04,@laahocsm0019,COCO
0:17:04,@marisitobonito,CRYIING
0:17:04,@punkypony5165,The Princess of creating a healthy work environment!
0:17:05,@JoshThePinkGump,YO HOLY SHIT
0:17:05,@blankgrl,LMFAO
0:17:05,@trap631,:face-blue-wide-eyes::face-blue-wide-eyes::face-blue-wide-eyes::face-blue-wide-eyes::face-blue-wide-eyes:
0:17:06,@The_Adventure18101,COCO
0:17:06,@TheMTwinny,OH SHIT
0:17:06,@Tamers12345MLP,Shining Armor doesn't wipe. I knew he was an alpha
0:17:07,@Slackjaw55,COCO
0:17:07,@okuriinu8489,she looks just like flawless
0:17:08,@DreamKnight333,YOOOO HOLY SH
0:17:09,@jusky_,curse of raa
0:17:10,@bigmoneyfiend,holly shit :speaking_head:
0:17:10,@dominicunderwood4911,Youre surprisingly rude tonight
0:17:11,@marisitobonito,WAIT WHAT
0:17:11,@JaceWatson-w8h,What’s happening to shining armor :loudly_crying_face: 
0:17:12,@shuddafukkup,Oh HOLY SHI
0:17:12,@thecathours,the holy shi
0:17:12,@FocksEngine,"This is some of your best work, I think. It's been funny as hell and really impactful!"
0:17:15,@moistrabbit7233,"yoooo, it's Coco!"
0:17:15,@DF_CR4LV3,NOT THAT DAMN FINGER
0:17:15,@MiniPlush12,Everyone probably forget that Coco is still a alicorn
0:17:17,@Elendil404,celestia's body...
0:17:20,@thecathours,:speaking_head::speaking_head::speaking_head::speaking_head::speaking_head:
0:17:23,@TierAnon,How does Coco even put on that cape?
0:17:23,@jo3a548,OH FUCK
0:17:23,@marisitobonito,WHAT ARE LUNA AND CELESTIA DOING
0:17:25,@thecathours,the crown
0:17:27,@jusky_,o
0:17:28,@marisitobonito,oh god mary
0:17:28,@thecathours,WAIT WHAT
0:17:28,@lordofshrimps,I like how they just know this
0:17:28,@TheTurboHippoOfficial,charlie charlie kirky
0:17:29,@TheMTwinny,MEANWHILE
0:17:29,@rat__son06,OMG
0:17:30,@agoatheadbaby3512,Erm uh-oh.
0:17:31,@thecathours,OH NO
0:17:31,@HGGamerGirl-mlpm8,Uhhhh
0:17:31,@lordofshrimps,GUYS!
0:17:33,@rat__son06,WHAT
0:17:34,@Demipersonisme13,I shouldn’t expect so much
0:17:35,@JoshThePinkGump,GO BACK
0:17:36,@galaxyofeq,Trixie!
0:17:36,@Binary_Forever,oh yeah coco’s an alicorn forgot
0:17:37,@MiniPlush12,gt ready for the epicc fight scene later in this episode
0:17:37,@Fooper899,OMG
0:17:39,@cat_faerie,ohh
0:17:41,@lordofshrimps,GUYS why are you people like this
0:17:41,@JoshThePinkGump,YOOOOOOOOOOOOOO
0:17:41,@punkypony5165,YOOOOOO
0:17:42,@dominicunderwood4911,Eye of sauron doesnt have shit
0:17:42,@marisitobonito,oh shes back
0:17:43,@DreamKnight333,YOOOOOOOOOOOOO
0:17:43,@TooManyThings_,YOOO HOLY SHIT
0:17:43,@misakayy1911,YOOOOOOOOOOOOOOOOOOO
0:17:43,@thecathours,ph god
0:17:43,@DF_CR4LV3,uhm
0:17:44,@LightTim,yooooooooooooo
0:17:44,@UngulaPropriaRQ,YO HOLY SHIT 
0:17:45,@thecathours,THE MEME
0:17:45,@sadguychet4325,yoooooko
0:17:45,@lordofshrimps,YOOOOOOO
0:17:46,@Tamers12345MLP,Omg trixie guest star
0:17:46,@Elendil404,how did she rewind the news channel?
0:17:47,@emqmp4,YOOOO
0:17:49,@creamsouda3338,LMFAOOO???
0:17:49,@GlimmyGOD,MY WIFE
0:17:49,@TheMTwinny,yooooooooooooo
0:17:50,@ayyo-bun3534,"no wiping? okay that changes things, he is based"
0:17:51,@thecathours,THE POINTING ME
0:17:51,@BlackKanye,scheduled?
0:17:51,@agoatheadbaby3512,"Yoooooo, Holy shit!"
0:17:51,@dominicunderwood4911,DERPY YOURE NORMAL NOW???
0:17:51,@Zeeandzuzyxzizzy,I predicted it by saying fatass lpl
0:17:53,@marisitobonito,STARLIGHT
0:17:54,@NubMcMoofin,:exploding_head:
0:17:54,@punkypony5165,SHIMSHAM
0:17:54,@gabbyvelazquez7989,WHAT THE
0:17:56,@valoryvapeskin6965,shEESsSh
0:17:56,@lordofshrimps,LOL
0:17:56,@Starfire_777,Trixie's a Dog!
0:17:58,@thecathours,pause
0:17:58,@SonataDidIt,Sunset!
0:17:59,@JoshThePinkGump,STARSET
0:18:00,@LightTim,At this rate everypony is becoming a god
0:18:01,@UngulaPropriaRQ,LMAO
0:18:01,@C0llecter-513,cake
0:18:02,@jo3a548,OH FUCK
0:18:02,@thecathours,what she thinking about?
0:18:02,@TheMTwinny,WHAT
0:18:04,@bigmoneyfiend,DOOMSDAY?
0:18:04,@okuriinu8489,well now
0:18:04,@Bet12121,HOLY SHIT THEY'RE DEAD!
0:18:06,@HGGamerGirl-mlpm8,Ggs
0:18:07,@gabbyvelazquez7989,THEY ARE ALL GONNA DIE
0:18:07,@cat_faerie,ohhhh HERE WE GO
0:18:08,@emqmp4,OH NAHHHH
0:18:08,@marisitobonito,damn
0:18:09,@Zoethezombie-u8q,lol
0:18:10,@thecathours,OH GOD
0:18:10,@trap631,:face-blue-wide-eyes::face-blue-wide-eyes:
0:18:10,@scall0p639,Damn
0:18:11,@galaxyofeq,Sunburst? 
0:18:12,@FocksEngine,OH GOD!!
0:18:12,@va_fail,rip background ponies
0:18:13,@rat__son06,Oop
0:18:13,@Zoethezombie-u8q,yippee
0:18:15,@UngulaPropriaRQ,oh hell yeah
0:18:15,@uuhmira,OMG)MG
0:18:15,@Shivery,My fav pony
0:18:16,@FocksEngine,PPPBBT
0:18:17,@TheMTwinny,BRAP
0:18:17,@Aromaticgrassitem,yooooooo
0:18:18,@Fooper899,:exploding_head:
0:18:18,@HGGamerGirl-mlpm8,Ggs everypony
0:18:19,@punkypony5165,Starswirl is back to lose again
0:18:19,@DF_CR4LV3,Oh shi
0:18:21,@thecathours,DO SOMETHING:loudly_crying_face:
0:18:21,@lordofshrimps,Okay vro
0:18:23,@MiniPlush12,"Epic fight scene, here we go!!"
0:18:25,@DreamKnight333,Stinky teleport...
0:18:25,@rat__son06,STARLIGHT
0:18:27,@Starfire_777,All Hail Supreme Leader Starlight!
0:18:27,@killerbeanmachine,hi im late
0:18:28,@jo3a548,FINALLY
0:18:30,@FocksEngine,Surperior?
0:18:30,@jo3a548,REMATCH
0:18:32,@emqmp4,no toilet paper
0:18:32,@HGGamerGirl-mlpm8,That’s toilet rolls..
0:18:32,@galaxyofeq,I thought starlight was Stanley and killer. Why does she have the mind for a male?
0:18:33,@thecathours,fart
0:18:34,@Elendil404,she'll just do it again
0:18:36,@Tamers12345MLP,Starswirl is going for round 2
0:18:36,@falnazor0001,It doesn't count if you fart.
0:18:37,@Gourdy_Playz28,BRO I MISSED IT
0:18:38,@punkypony5165,Starswirl about to go 0-2
0:18:40,@Bet12121,les go Boomer vs Bossgirl
0:18:42,@UngulaPropriaRQ,DO IT GLIMMER 
0:18:43,@valoryvapeskin6965,Boomer
0:18:43,@UngulaPropriaRQ,LET RIP
0:18:43,@MiniPlush12,guysss a rematch is coming
0:18:44,@TheMTwinny,BOOMER
0:18:46,@TheMTwinny,Damn
0:18:46,@Fooper899,LIGHTSTAR
0:18:47,@JoshThePinkGump,STAR SWIRL THE JOBBER
0:18:47,@rat__son06,REMATCH NOW
0:18:48,@emqmp4,boomer alert
0:18:48,@Sp1k3_Th3_W0lf,FARTS ARE MAGIC SPELLS
0:18:49,@FocksEngine,BOOMER
0:18:50,@killerbeanmachine,"im starting from the beginning, no spoilers ok"
0:18:50,@Aromaticgrassitem,they really cant just have a normal tv night
0:18:50,@ayyo-bun3534,it does
0:18:50,@thecathours,bro he has a no toilet paper roll
0:18:50,@rat__son06,DO IT
0:18:54,@bigmoneyfiend,ahahhahaha
0:18:54,@dominicunderwood4911,Starswirl go Super Saiyan 2
0:18:56,@creamsouda3338,LMFAOOO???
0:18:56,@marisitobonito,WHAT
0:18:58,@TheMTwinny,WHAT THEH
0:18:58,@jo3a548,OH FUCK
0:18:59,@Diskaria,please tell me he farts with that thing :smiling_face_with_heart_eyes::smiling_face_with_heart_eyes::smiling_face_with_heart_eyes:
0:19:00,@valoryvapeskin6965,WtF
0:19:00,@punkypony5165,YOOOO
0:19:01,@lordofshrimps,LOL
0:19:01,@Fooper899,Booper
0:19:01,@GlimmyGOD,oh shit
0:19:01,@rat__son06,OH SHIT
0:19:01,@FocksEngine,Fart in her facce
0:19:02,@agoatheadbaby3512,YOIOOOOOO
0:19:02,@misakayy1911,YOOOOOOOOOOOOOO
0:19:02,@jo3a548,NO FUCKING WAY
0:19:02,@UngulaPropriaRQ,WHAT THE FUCK
0:19:03,@TheMTwinny,HAHAHAH 
0:19:03,@Shivery,lol
0:19:04,@marisitobonito,:loudly_crying_face::loudly_crying_face::loudly_crying_face::loudly_crying_face:
0:19:04,@thecathours,imagine he has to poop just use the staff
0:19:04,@rat__son06,JUMPED
0:19:05,@emqmp4,EQUESTRA GIRLS MENTIONED
0:19:06,@FocksEngine,WHAT
0:19:06,@NubMcMoofin,:exploding_head:
0:19:07,@fernandaps2,THE BOYS
0:19:08,@HGGamerGirl-mlpm8,Uhhh
0:19:08,@galaxyofeq,Human 
0:19:08,@Hyloaf,NORMAN
0:19:08,@thecathours,LORE
0:19:08,@punkypony5165,PEAK
0:19:09,@Solums,What
0:19:09,@Shivery,OMG it's Whiz kid 
0:19:09,@LUNN4T1C,OMG
0:19:09,@MiniPlush12,farts are a more advanced form of magic
0:19:09,@SonataDidIt,LAMO
0:19:10,@SleepyGalz,HOLY SHIT!
0:19:09,@cat_faerie,who the fuck are these white boys???
0:19:10,@dominicunderwood4911,DOODLE BOP?
0:19:13,@emqmp4,GAY
0:19:14,@Sp1k3_Th3_W0lf,STAR SWIRL IS IN THE EPSTEIN FILES!?!?!?
0:19:14,@jo3a548,LASDOSALFOASDFLASFOASF
0:19:15,@C0llecter-513,WHO dafuq are these
0:19:15,@agoatheadbaby3512,DOODLE BOP?
0:19:15,@TheMTwinny,LMAOOOOOOOOOOO
0:19:15,@creamsouda3338,wait whys she aura farming
0:19:17,@gabbyvelazquez7989,WHAT IN THE NAME OF CELESTIA
0:19:17,@marisitobonito,god damn
0:19:17,@galaxyofeq,Guns 
0:19:18,@FocksEngine,Thought that was the Doodlebops for a sec
0:19:20,@MiniPlush12,fight scene!!
0:19:21,@rat__son06,OH SHIT
0:19:22,@thecathours,aura
0:19:22,@TooManyThings_,LMAO
0:19:22,@jo3a548,LOASF)OALSFOASFLOASFLASGFOLgsa
0:19:23,@TheMTwinny,THEY DED
0:19:23,@HGGamerGirl-mlpm8,L
0:19:23,@UngulaPropriaRQ,oh shit
0:19:23,@marisitobonito,OH GOD DOODLE
0:19:23,@trap631,ez
0:19:24,@Fooper899,KIND OF HOT:hot_face:
0:19:25,@punkypony5165,LOL
0:19:25,@HGGamerGirl-mlpm8,L
0:19:25,@Shivery,Oh nvm
0:19:25,@DreamKnight333,Cowardly piss baby boomer
0:19:26,@thecathours,DAMN
0:19:26,@HGGamerGirl-mlpm8,L
0:19:27,@LUNN4T1C,nooo
0:19:27,@JoshThePinkGump,JOBBED
0:19:28,@falnazor0001,Amazing!
0:19:28,@lordofshrimps,???
0:19:29,@uuhmira,LMAOO
0:19:30,@thecathours,3 farts
0:19:32,@Bet12121,that's about right XD
0:19:32,@neargaming2057,Where's the epic music?>
0:19:35,@HGGamerGirl-mlpm8,Come on Star will
0:19:35,@punkypony5165,Bro Starswirl sucks high key
0:19:36,@GlimmyGOD,SNIFF
0:19:38,@thecathours,fart
0:19:39,@Elendil404,SHE DID IT AGAIN
0:19:39,@JoshThePinkGump,JOBBED AGAIN
0:19:39,@creamsouda3338,LMAOOOOO
0:19:40,@bigmoneyfiend,fart attack :tired_face:
0:19:40,@emqmp4,FART ATTACK
0:19:42,@marisitobonito,its funny because theres farts
0:19:42,@TheMTwinny,AAAAAAAAAAAAAAAHHHHHHHHH
0:19:43,@UngulaPropriaRQ,GET READY GLIMMYGOD 
0:19:43,@Tamers12345MLP,This is to tragic
0:19:44,@rat__son06,SHIT POWERSSSS
0:19:45,@thecathours,she still farting
0:19:46,@lordofshrimps,He's a massive jobber
0:19:48,@TudleP,the sound effects are crazy :fire::fire::fire:
0:19:49,@FocksEngine,This episode has big Bartleby energy
0:19:49,@HGGamerGirl-mlpm8,Star will lol
0:19:49,@TheMTwinny,STARSWIRL THE JOBBER
0:19:50,@cat_faerie,death by fart
0:19:50,@dominicunderwood4911,STARSWIRL FIGHT
0:19:51,@punkypony5165,JOBBED IN PUBLIC
0:19:51,@Tamers12345MLP,Starswirl just needs to stop honestly
0:19:52,@emqmp4,so nonchalant 
0:19:52,@gabbyvelazquez7989,NAH
0:19:53,@thecathours,SHES STILL FSRTINGGGGG
0:19:54,@blankgrl,Glimmybros we won
0:19:54,@agoatheadbaby3512,SAVE HIM
0:19:55,@jo3a548,somebody save him
0:19:55,@NubMcMoofin,:exploding_head:
0:19:56,@DF_CR4LV3,why the sound
0:19:56,@MiniPlush12,farts are a more advanced form of magic in the world of tamers
0:19:56,@okuriinu8489,starswirl sucks cannonly. why would he be any better in the tamersverse
0:19:57,@laahocsm0019,couldnt they get care package for this?
0:19:57,@MillerTheDarkTransPrince,heh
0:19:58,@marisitobonito,theres no way
0:19:58,@jusky_,:(
0:19:59,@Starfire_777,Jesus Christ...
0:20:02,@MillerTheDarkTransPrince,hehe
0:20:04,@DreamKnight333,I can't stop crying
0:20:04,@jo3a548,lololooll
0:20:04,@bigmoneyfiend,peak
0:20:05,@Elendil404,This is to brapgic...
0:20:05,@agoatheadbaby3512,NOOOOOOO STARSWIRL NOOOOOOOO
0:20:05,@brittinamason5531,damn:skull:
0:20:06,@UngulaPropriaRQ,Glimmerchads won
0:20:06,@dominicunderwood4911,No he needs to fight
0:20:06,@emqmp4,god damn :loudly_crying_face:
0:20:08,@thecathours,ITS OVER 9 THOUSAND
0:20:10,@JoshThePinkGump,YO HOLY SHIT HE DEAD
0:20:10,@CelestialZizzy,Oh god
0:20:10,@LightTim,"This is so sad, Alexia play the MLP theme 10 times in a row"
0:20:11,@TooManyThings_,YO HOLY SHIT
0:20:12,@marisitobonito,oh my god
0:20:14,@MiniPlush12,rip starswirl. death by smelly fart.
0:20:14,@misakayy1911,YO HOLY SHIT HE DEAD
0:20:15,@Tomerツ,GOD DAYUM
0:20:15,@tmen9008,:loudly_crying_face:
0:20:16,@marisitobonito,dammn
0:20:16,@TheMTwinny,I HAVEN'T SEEN SUCH A BEATDOWN SINCE CENA AT SUMMERSLAM
0:20:16,@MR.Sticky-g9h,tamer i bet you wont make a video tormmow
0:20:16,@jo3a548,LASOFLSAFOALFOAFLASf
0:20:16,@FocksEngine,The end is stinky
0:20:17,@dominicunderwood4911,STARSWIIIIIIIIIIIRL!!
0:20:17,@lordofshrimps,Why was it so long
0:20:18,@Diskaria,"This is so sad, I farted a little bit"
0:20:18,@valoryvapeskin6965,OMG
0:20:18,@punkypony5165,LOL
0:20:19,@thecathours,NOOOO
0:20:19,@Juluuvian,oh no
0:20:19,@lordofshrimps,YAY
0:20:20,@cat_faerie,OH
0:20:20,@HGGamerGirl-mlpm8,Uhhhhhhh
0:20:21,@falnazor0001,LOL!
0:20:21,@thecathours,damn
0:20:21,@JoshThePinkGump,JINX
0:20:22,@ZiyahSmiley-c4q,𝓓𝓪𝓶𝓷𝓷
0:20:22,@blankgrl,ARE YOU FUCKING
0:20:22,@NubMcMoofin,:pensive_face:
0:20:23,@Cattle.ink.3,im about to filp out if YouTube bannd this video
0:20:24,@rat__son06,That boy dead as hell
0:20:25,@Elendil404,<c<
0:20:25,@haggidyandfranku5444,YES
0:20:25,@haggidyandfranku5444,YES
0:20:25,@creamsouda3338,THEY KILLED HIS BITCHASS
0:20:26,@haggidyandfranku5444,YES
0:20:26,@gabbyvelazquez7989,CADENCE
0:20:26,@Fooper899,my borther died this way
0:20:26,@thecathours,JIX
0:20:27,@lordofshrimps,Bro moves on quick
0:20:27,@TooManyThings_,SHINING YOU STOP THAT
0:20:28,@Sp1k3_Th3_W0lf,yaaaaaayyyy HES DEAD
0:20:28,@MiniPlush12,cadence has committed murder
0:20:29,@misakayy1911,NOT AGAIN
0:20:29,@DF_CR4LV3,"fart is the best power ever, ig-"
0:20:29,@Aromaticgrassitem,"starswirl, rip, i hardly knew ye"
0:20:30,@FocksEngine,There goes Starswirl!
0:20:31,@thecathours,the jix
0:20:31,@BlackKanye,Honestly it is a wonder the world hasn't ended 100 times with how willing they are to just watch shit happen
0:20:32,@Starfire_777,aww their cute
0:20:33,@cat_faerie,HUH
0:20:33,@SonataDidIt,More shipping!
0:20:33,@CanaryKari,#GLIMMYSWEEP
0:20:35,@thecathours,huh
0:20:36,@agoatheadbaby3512,SHINING ARMOR YOU GOD DAMN HORN DOG
0:20:37,@emqmp4,YOO HOLY SHIT OMG
0:20:39,@punkypony5165,COSTCO HOTDOGS LETS GO
0:20:40,@FocksEngine,hand me a dog
0:20:43,@thecathours,apple juice 
0:20:43,@DreamKnight333,yo costco hotdogs? nice
0:20:49,@Zeeandzuzyxzizzy,w tamer
0:20:52,@DreamKnight333,"She is rich, makes sense"
0:20:52,@marisitobonito,shining armor just doing shit
0:20:53,@MiniPlush12,why is Celestia built like a giraffe
0:20:54,@okuriinu8489,cadence has killed all of chrysalis changelings. not her first body count
0:20:55,@Zeeandzuzyxzizzy,w video
0:20:55,@C0llecter-513,poor coco
0:20:56,@Fooper899,aww shecute
0:20:56,@Elendil404,o algo
0:20:59,@jo3a548,oh nop
0:21:01,@ayyo-bun3534,so like I send the fanart to the same place @Tamers12345MLO
0:21:01,@emqmp4,fr
0:21:02,@falnazor0001,LOL!
0:21:05,@punkypony5165,LOL
0:21:06,@Aromaticgrassitem,costco yum
0:21:06,@C0llecter-513,that face bruh
0:21:06,@NubMcMoofin,:pensive_face:
0:21:06,@misakayy1911,TRUE
0:21:08,@Elendil404,applebottom
0:21:08,@thecathours,this was suppose to be scary but it is silly
0:21:08,@Starfire_777,Damn
0:21:08,@lordofshrimps,This is not true
0:21:09,@Sp1k3_Th3_W0lf,SOME ONE HELP COCO
0:21:10,@TheMTwinny,Coco is gonna die ain't she
0:21:12,@Fooper899,nooo
0:21:12,@FocksEngine,NOT TRUE!
0:21:13,@thecathours,coco the gost
0:21:13,@va_fail,coco is important
0:21:14,@marisitobonito,poor baby!! child labor!
0:21:15,@emqmp4,coco gtfo
0:21:15,@agoatheadbaby3512,"Uhm, I dunno' about that one Celestia."
0:21:20,@Hyloaf,aww
0:21:20,@thecathours,coco the goatttttt
0:21:23,@Sp1k3_Th3_W0lf,coc wtf??
0:21:24,@rat__son06,COCO WHAT ARE YOU DOING 
0:21:25,@Tamers12345MLP,Coco gonna die
0:21:25,@Zeeandzuzyxzizzy,I like tamers videos
0:21:26,@UngulaPropriaRQ,coco is so cute
0:21:26,@SonataDidIt,LOL
0:21:27,@thecathours,no
0:21:27,@MiniPlush12,damn they didn't need to do my girl coco that dirty
0:21:27,@galaxyofeq,Adopted
0:21:28,@valoryvapeskin6965,>->
0:21:28,@creamsouda3338,literally where did tihs come from
0:21:28,@NubMcMoofin,:exploding_head:
0:21:29,@marisitobonito,yeah they should
0:21:29,@Bet12121,fly bish coco c'mon
0:21:33,@thecathours,WAIT WHAT
0:21:33,@Fooper899,:E
0:21:33,@punkypony5165,I KNEW Coco was going to do this shit!
0:21:33,@Nyax50Lopez,fuck coco
0:21:34,@Shivery,Oof
0:21:34,@okuriinu8489,funny because celestia is scared of chickens and was stuck on a tree
0:21:35,@marisitobonito,COCO IS DYING?
0:21:35,@Aromaticgrassitem,coco gonna live
0:21:36,@thecathours,SHE GONNA DIE?
0:21:36,@FocksEngine,Coco is gone for sure; 85% sure XD
0:21:37,@jo3a548,oh shit
0:21:38,@emqmp4,tamers spoilers 
0:21:38,@Cattle.ink.3,oop-
0:21:38,@MiniPlush12,no I don't want coco to die
0:21:38,@Elendil404,She sounds like a girl version of Applebottom
0:21:39,@Solums,covo gonna whst
0:21:41,@marisitobonito,WHAT
0:21:41,@Tomerツ,coco dont die pleaee
0:21:41,@bigmoneyfiend,nooo
0:21:42,@agoatheadbaby3512,what
0:21:42,@SuperCaptainFail,STARLKIGHT NO
0:21:42,@thecathours,COCO IS COOKED
0:21:43,@Starfire_777,Feels like cheating
0:21:44,@jo3a548,LASFOASLFAOFLAFODALFDAFOLASOLF
0:21:45,@creamsouda3338,LMAOOO TWILIGHT
0:21:45,@Diskaria,nooo
0:21:46,@brittinamason5531,oh God..
0:21:46,@TheMTwinny,LMAO
0:21:47,@JoshThePinkGump,JOBBED
0:21:47,@marisitobonito,COCO NOOO
0:21:47,@gabbyvelazquez7989,Damn Well there goes Coco
0:21:47,@valoryvapeskin6965,lmao
0:21:48,@thecathours,samn
0:21:48,@va_fail,:disappointed_face: 
0:21:49,@falnazor0001,Ow
0:21:49,@punkypony5165,Based STARLIGHT
0:21:50,@UngulaPropriaRQ,LMAO
0:21:50,@TooManyThings_,COCOOOOOO
0:21:50,@Shivery,Rip Coco
0:21:50,@terte9790,rip
0:21:50,@rat__son06,OH NO
0:21:50,@uuhmira,well
0:21:51,@jo3a548,FINALKLY
0:21:52,@rat__son06,COCO
0:21:52,@marisitobonito,WHAT ABT HER WINGS
0:21:53,@FocksEngine,OH GDD
0:21:53,@thecathours,SHE DID DIE
0:21:53,@DreamKnight333,"Well played, Starlight"
0:21:54,@Elendil404,it's cocover...
0:21:54,@Diskaria,COCO
0:21:54,@rat__son06,CNOOOO
0:21:55,@jo3a548,FIGHT FIGHT FIGHT
0:21:55,@agoatheadbaby3512,COCO NOOOOOO
0:21:55,@CanaryKari,GLIMMY CANT STOP WINNING
0:21:57,@rat__son06,COCO
0:21:58,@FocksEngine,SAVE H E R 
0:21:58,@rat__son06,NOOOO
0:21:59,@laahocsm0019,NOOOOOOOO COCO
0:22:00,@C0llecter-513,i love the scream bits
0:22:00,@Zeeandzuzyxzizzy,W Tamer
0:22:00,@MiniPlush12,coco died a Disney death
0:22:01,@firewolf595,SHE FUCKING DIED
0:22:01,@grimtidings5451,GOOD HEAVENS
0:22:01,@Nyax50Lopez,coco deserved it for asking to be adopted
0:22:01,@Fooper899,RIP
0:22:02,@ZiyahSmiley-c4q,@Tamers1234MLP do you use flip-a-clip? Im just curious 
0:22:02,@thecathours,rast in piece coco
0:22:02,@TheMTwinny,Yeah Coco wasn't gonna do shit....other than shit
0:22:05,@Zeeandzuzyxzizzy,nOOOO0
0:22:06,@M.A.R.L.E.T,W
0:22:07,@punkypony5165,Deltarune MUSIC
0:22:08,@Tomerツ,cant celestia just move the sun
0:22:09,@gamer_javian2,yeah coco dead asf
0:22:09,@FocksEngine,RAINBOWDaSSHH C'MON!!!!
0:22:09,@bigmoneyfiend,epic anime battle please? :tired_face:
0:22:10,@marisitobonito,HAIR CUT?
0:22:11,@galaxyofeq,it’s too bad that Celestia didn’t teach her how to fly
0:22:11,@thecathours,the face
0:22:12,@Sp1k3_Th3_W0lf,ART STYLE CHANGE
0:22:12,@trap631,EZZEZEEZEZEZEZ
0:22:14,@blankgrl,Holy damn
0:22:15,@UngulaPropriaRQ,damn she'll be as powerful as one oblivion pony
0:22:15,@trap631,Noob
0:22:15,@TooManyThings_,TWILIGHT TAKE IT
0:22:16,@thecathours,DAMN
0:22:16,@MiniPlush12,fight scene
0:22:16,@jo3a548,FIGHT FIGHT FIGHT
0:22:17,@Cattle.ink.3,she is crazy as hell
0:22:18,@lordofshrimps,Why did she do that
0:22:19,@creamsouda3338,pibby glitcg
0:22:19,@FocksEngine,FIGHT FIGHT FIGHT FIGHT FIGHT FIGHT FIGHT FIGHT
0:22:21,@Diskaria,"Pause the movie a little bit, I gotta go pee"
0:22:21,@JoshThePinkGump,VICTORY IS MINE
0:22:22,@TheMTwinny,Wow her jacket came off
0:22:23,@emqmp4,LMAOOOO
0:22:23,@punkypony5165,STARLIGHT ASCENDING
0:22:23,@trap631,nooo
0:22:23,@DreamKnight333,It's because you bullied her in grade school Twilight
0:22:24,@Elendil404,NOOOOOOOOOOOOOOOOOO
0:22:24,@marisitobonito,"DAMN,,????"
0:22:26,@thecathours,OH GOD
0:22:28,@gabbyvelazquez7989,EPIC FIGHT SCENE???
0:22:29,@thecathours,NOOOOOO
0:22:29,@ayyo-bun3534,fighttttttt
0:22:29,@unlimitedrabbit,noooooo
0:22:30,@lordofshrimps,Pibby glitch
0:22:32,@firewolf595,PIBBY GLITVH
0:22:32,@dominicunderwood4911,PICCOLO BLOW UP THE MOON!!!
0:22:32,@Elendil404,mer
0:22:33,@agoatheadbaby3512,Pibbyglitch
0:22:33,@rat__son06,OH SHITTTTT
0:22:34,@TooManyThings_,ALL MEN
0:22:34,@CelestialZizzy,OH NO
0:22:34,@Sp1k3_Th3_W0lf,YES
0:22:35,@TooManyThings_,GONE
0:22:35,@HopeIsEpic.,pibby glitch
0:22:35,@rat__son06,OMG
0:22:35,@marisitobonito,she is righr th9
0:22:37,@grimtidings5451,Pibby????
0:22:37,@blankgrl,Glimmy did nothing wrong
0:22:37,@rat__son06,OMG
0:22:38,@Sp1k3_Th3_W0lf,THE QUEEN RETURNS
0:22:38,@thecathours,bruh
0:22:39,@rat__son06,OMG
0:22:39,@UngulaPropriaRQ,HOLY FUCK 
0:22:40,@TooManyThings_,SHE'S BACK
0:22:40,@misakayy1911,PIBBY?????????????????????
0:22:41,@JoshThePinkGump,FREEDOM
0:22:41,@FocksEngine,YESSSSS
0:22:42,@thecathours,she stayed the swme
0:22:42,@SonataDidIt,omg shes back
0:22:43,@punkypony5165,SHE'S BACK
0:22:43,@agoatheadbaby3512,"Oh, okay."
0:22:43,@lordofshrimps,NOOOOOOOOO
0:22:44,@ayyo-bun3534,lolz plzzzzzzz
0:22:44,@emqmp4,SHINY ARMOR 
0:22:44,@FocksEngine,THIS IS GOOD!!!
0:22:45,@DreamKnight333,Oop
0:22:45,@thecathours,OH NO
0:22:45,@lordofshrimps,NOOOOOOOOO
0:22:45,@BlackKanye,for what lol
0:22:45,@TooManyThings_,OH NOOOOOOOOOOO
0:22:45,@marisitobonito,YAYY PRINCESS SHINING
0:22:46,@thecathours,oh
0:22:46,@valoryvapeskin6965,NOOO
0:22:46,@FocksEngine,Oh
0:22:46,@galaxyofeq,gender swap
0:22:47,@okuriinu8489,not the- oh
0:22:47,@agoatheadbaby3512,NOOOOOOOO
0:22:47,@lordofshrimps,YAY
0:22:48,@uuhmira,OMG YES
0:22:48,@CanaryKari,#GLIMMYSWEEP
0:22:49,@CanaryKari,#GLIMMYSWEEP
0:22:50,@creamsouda3338,wait hold on shes cooking
0:22:50,@Aromaticgrassitem,shining became trans
0:22:51,@rat__son06,OH FUCK YES
0:22:51,@jo3a548,oh fuck
0:22:52,@UngulaPropriaRQ,SHE'S COMMUNIST 
0:22:52,@rat__son06,YES 
0:22:53,@TheMTwinny,AW SHIT
0:22:53,@NubMcMoofin,:pensive_face:
0:22:53,@gummy8440,"so derpy is okay, thats fine"
0:22:54,@GlimmyGOD,Based Glimmy
0:22:54,@rat__son06,YESSS
0:22:54,@heffalump111,=
0:22:55,@rat__son06,YESSS
0:22:58,@Bet12121,forcefemmed armor again XD
0:22:58,@JaceWatson-w8h,Please not the female shining armor :loudly_crying_face: 
0:22:58,@The_Adventure18101,wait what the fuck is that the glitch form pibby??
0:22:59,@marisitobonito,ideal world ngl
0:23:00,@ayyo-bun3534,no kings
0:23:00,@TylerSwan-s2d,BUDGET INCREASE
0:23:01,@blankgrl,She did nothing wrong
0:23:01,@maxbear027,in our town!!!!!!!!
0:23:01,@rat__son06,GLIMMY
0:23:02,@Ask-k2i2k,my girlfriend
0:23:03,@rat__son06,YESSSS
0:23:03,@cat_faerie,REWRITING THE WORLD
0:23:04,@thecathours,that sounds good
0:23:05,@Snoozy8248,Damn if only Yaoi wasn’t so far off screen :wilted_flower::wilted_flower::wilted_flower::wilted_flower:
0:23:07,@lordofshrimps,That's true
0:23:08,@Elendil404,">""no more gods"" >becomes a god"
0:23:09,@DreamKnight333,Twilight don't be a sexist bully
0:23:10,@thecathours,WHAT DID SHE DO
0:23:11,@Starfire_777,Feminist Juche
0:23:11,@jo3a548,LIGHT YAGAMI
0:23:12,@Fooper899,:knocked_out_face:
0:23:13,@maxbear027,in our town
0:23:13,@TheMTwinny,THUMBNAIL
0:23:13,@emqmp4,gojo ahh pose
0:23:14,@marisitobonito,MARY
0:23:15,@Zeeandzuzyxzizzy,RIPPPPP TAMERRRR
0:23:15,@lordofshrimps,Aura
0:23:16,@bigmoneyfiend,nerd :speaking_head:
0:23:16,@DF_CR4LV3,WOAH
0:23:17,@TheNoobMEME2023,fire
0:23:17,@creamsouda3338,nerd
0:23:18,@marisitobonito,nerd
0:23:18,@HGGamerGirl-mlpm8,back
0:23:20,@ayyo-bun3534,damn ye
0:23:20,@The_Adventure18101,HOLY SHIT ITS THE GLITCH FROM PIBBY BUT SEXIST AGAINST MENT AND ALICORNS :face_screaming_in_fear:
0:23:21,@FocksEngine,Hah im' nonbinary! 
0:23:21,@punkypony5165,StarLIGHT Yagami
0:23:21,@TheMTwinny,>nerd
0:23:22,@JoshThePinkGump,NERD
0:23:22,@BlackKanye,NERD
0:23:22,@Tomerツ,NERD
0:23:23,@Zeeandzuzyxzizzy,I LIKE THIS SO FAR
0:23:23,@Elendil404,nerd
0:23:23,@punkypony5165,NERD
0:23:24,@TooManyThings_,nerd
0:23:24,@Sp1k3_Th3_W0lf,NEEEEEEEEEEERRRRD SHE READ!?!?!?! NEEEERRRDDD
0:23:24,@MiniPlush12,nerd
0:23:24,@gabbyvelazquez7989,nerd
0:23:24,@emqmp4,nerd
0:23:25,@UngulaPropriaRQ,nerd
0:23:26,@LightTim,NERD
0:23:26,@misakayy1911,NERD
0:23:26,@Solums,nerd
0:23:26,@gummy8440,Bullies???? Girl you straaaight up abuse Mary!!
0:23:26,@lordofshrimps,Lol
0:23:27,@Nyax50Lopez,nerd
0:23:27,@makotoikari4854,NERD
0:23:27,@agoatheadbaby3512,nerd
0:23:29,@TylerSwan-s2d,NERD
0:23:29,@Hyloaf,NERD
0:23:29,@ayyo-bun3534,nwed
0:23:29,@HGGamerGirl-mlpm8,nerd
0:23:29,@thecathours,damn
0:23:29,@goldenlmao2694,n e r d
0:23:30,@C0llecter-513,nerd
0:23:30,@Diskaria,nerd
0:23:31,@Fooper899,nerd
0:23:32,@FocksEngine,:nerd_face::nerd_face::nerd_face:
0:23:32,@fixmeoww,nerd
0:23:32,@CaptainxxHowdy,NERD
0:23:33,@DF_CR4LV3,pibby glitch virus?
0:23:33,@Tomerツ,nerd
0:23:33,@maxbear027,in our town! in our town!
0:23:33,@Denki_Kaminariii,NERDD
0:23:34,@thecathours,flash back
0:23:34,@MiniPlush12,nerd
0:23:35,@Nyax50Lopez,nerd
0:23:35,@Cattle.ink.3,so damn serious
0:23:36,@gabbyvelazquez7989,NERD
0:23:36,@Aromaticgrassitem,"twilight is both dark and a nerd, huh?"
0:23:37,@thecathours,NERD
0:23:37,@Shivery,:nerd_face:
0:23:38,@creamsouda3338,tamers put in the pibby glitch..? wow...
0:23:39,@marisitobonito,MARY
0:23:42,@TheMTwinny,Hey so what happened to Pinkie
0:23:42,@Juluuvian,Nerd
0:23:45,@rat__son06,THIS IS CINMA
0:23:45,@DreamKnight333,MARY?!
0:23:45,@SuperCaptainFail,dog idk what the HELL is going on
0:23:45,@okuriinu8489,starlight actin like she not bullying Mari
0:23:46,@thecathours,and were back
0:23:46,@JoshThePinkGump,MARY COMEBACK
0:23:46,@misakayy1911,:O
0:23:47,@emqmp4,MARYY GO AT IT 
0:23:47,@marisitobonito,HUUUUH
0:23:48,@jo3a548,OH SHIT
0:23:48,@Snoozy8248,Twilight servingggg
0:23:48,@gamer_javian2,NERRRRRRRRRRRRRRRRRRRRRDDDDDDDDDDDDDDDDDDDDDDDD
0:23:49,@galaxyofeq,Sunburst! 
0:23:50,@creamsouda3338,pinkie died #thankfully
0:23:50,@TheMTwinny,osht
0:23:50,@ayyo-bun3534,Mary is my head mate
0:23:51,@Sp1k3_Th3_W0lf,oh shit. oh my gaahh!
0:23:51,@brittinamason5531,oh were getting cooking.
0:23:53,@JoshThePinkGump,OH MY GAH
0:23:53,@thecathours,CINEMA CHAT
0:23:53,@jo3a548,NOOOOOOOOOOOO
0:23:54,@UngulaPropriaRQ, OH SHIT 
0:23:54,@Elendil404,oh my gaa
0:23:54,@MiniPlush12,Mary slayy!
0:23:55,@DreamKnight333,OHMYGAAAA
0:23:55,@FocksEngine,IT BROKE!!!
0:23:56,@marisitobonito,MARYYYYY HERO
0:23:56,@agoatheadbaby3512,oh my gaaaah
0:23:56,@punkypony5165,OH MY GAWD
0:23:56,@UngulaPropriaRQ,OH MY GAH 
0:23:57,@misakayy1911,OH MY GAAAAAAAAA
0:23:57,@lordofshrimps,Well we're fried
0:23:58,@TylerSwan-s2d,OMAIGAHH!!
0:23:58,@fixmeoww,oh my gah!
0:23:58,@Fooper899,fart joke now?
0:23:58,@seaweed52,Just got in. loving it so far
0:23:59,@Juluuvian,TRIXIE
0:23:59,@SuperCaptainFail,TRIXIE YES
0:23:59,@Ask-k2i2k,NOO
0:24:00,@makotoikari4854,おーまいがー
0:24:00,@marisitobonito,oh damn
0:24:00,@gabbyvelazquez7989,FIGHT
0:24:00,@thecathours,oh my goaaa
0:24:01,@Sp1k3_Th3_W0lf,twixie!!
0:24:03,@jo3a548,HELL YREAH
0:24:03,@sheepish_games,nice azumanga daioh clip
0:24:03,@emqmp4,YEAHHH
0:24:04,@SonataDidIt,Starlight is being a bully
0:24:04,@Elendil404,WOW
0:24:04,@lordofshrimps,YAY
0:24:04,@JoshThePinkGump,GUEST STARRING TRIXIE
0:24:04,@thecathours,HUH
0:24:04,@BlackKanye,BALD
0:24:05,@Starfire_777,W Mari
0:24:06,@TylerSwan-s2d,OHMYGAAH!!!!
0:24:06,@TheMTwinny,TRIXIE IS ALSO THERE
0:24:06,@UngulaPropriaRQ,SHE'S BACK 
0:24:06,@NubMcMoofin,:exploding_head::smiling_face_with_hearts:
0:24:07,@fernandaps2,trixie
0:24:07,@Diskaria,half bald
0:24:08,@misakayy1911,BALD
0:24:10,@Elendil404,bald
0:24:12,@FocksEngine,Inb4 a new character genereated from the staff split
0:24:12,@Tomerツ,THE HAT
0:24:12,@DreamKnight333,Yo is Trixie bald???
0:24:13,@marisitobonito,oh god
0:24:14,@Shivery,The hat
0:24:14,@Aromaticgrassitem,the hat
0:24:14,@HGGamerGirl-mlpm8,ow
0:24:15,@lordofshrimps,LOLLLLL
0:24:15,@va_fail,hard decission
0:24:15,@ayyo-bun3534,my queen
0:24:15,@Fooper899,bald
0:24:15,@Bet12121,no dif the hat XD
0:24:16,@creamsouda3338,LMAOOO
0:24:17,@falnazor0001,A very tough choice
0:24:17,@punkypony5165,she's gonna pick the damn hat
0:24:17,@okuriinu8489,flawless attakc!
0:24:18,@SuperCaptainFail,TRIXIE NOOOOOO
0:24:18,@KvVuld,oh no
0:24:19,@va_fail,lmao
0:24:19,@shelly_x_vee_fan,BALD
0:24:20,@thecathours,THE HAT
0:24:20,@gabbyvelazquez7989,OMG
0:24:21,@falnazor0001,yes!
0:24:22,@punkypony5165,CALLED IT
0:24:22,@Elendil404,ucu
0:24:22,@TheMTwinny,AYYYY
0:24:23,@ayyo-bun3534,lol
0:24:23,@TooManyThings_,TRIXIEEEEEEE
0:24:23,@marisitobonito,shes so dumb
0:24:23,@Shivery,lol
0:24:24,@thecathours,I KNEW IT
0:24:25,@FocksEngine,NOOOOOOOO!!!! XD
0:24:25,@lordofshrimps,Omg
0:24:26,@NubMcMoofin,:saluting_face:
0:24:26,@thecathours,THE HAT
0:24:26,@dominicunderwood4911,HA!
0:24:29,@emqmp4,TRIXIE FAKE ASF
0:24:30,@huitasadventures,LMAO
0:24:32,@Tamers12345MLP,Everyone needs to stop falling off the rock
0:24:33,@thecathours,I KNEW ITTTTTT
0:24:33,@blankgrl,Oh shit???
0:24:33,@ayyo-bun3534,nookoooooo
0:24:37,@lordofshrimps,SAY THAT AGAIN?
0:24:37,@dominicunderwood4911,Celestia literally did the same shit by accident
0:24:38,@Starfire_777,aww poor Trix
0:24:43,@Aromaticgrassitem,oh shit. starlight just became... a star
0:24:44,@Cattle.ink.3,hahaaa
0:24:44,@Fooper899,:sneezing_face:
0:24:44,@Diskaria,IMMEDIATELY
0:24:47,@one_inamilllion79,the rock is a paid actor
0:24:48,@ayyo-bun3534,no more rocks
0:24:48,@DreamKnight333,It might be a slippery rock
0:24:49,@FocksEngine,This is lowkey Kingdom Hearts
0:24:49,@Snoozy8248,Squid game ending
0:24:51,@The_Adventure18101,absolute tamers :smiling_face_with_sunglasses:
0:24:54,@bigmoneyfiend,peak lore
0:24:55,@brittinamason5531,:hydrate:
0:25:00,@gummy8440,this is why equestria oppresses gay horses so much
0:25:01,@misakayy1911,WE NEED BARDONIC TO SAVE THE WORLD AGAIN
0:25:03,@okuriinu8489,TAMERS U DREW THEM FALLING OFF THE ROCK U GOD
0:25:03,@gabbyvelazquez7989,Agreed@Tamers12345MLP
0:25:03,@creamsouda3338,tamers did apple split die bcuz of the no alicorn no men rule
0:25:03,@punkypony5165,Love this vibe
0:25:03,@agoatheadbaby3512,Tournament of Power.
0:25:04,@marisitobonito,damn
0:25:08,@jo3a548,oh fucl
0:25:11,@TylerSwan-s2d,PEAK CINEMA
0:25:11,@BadroBrayan,did anyone noticed jinxi in the background?
0:25:12,@Cattle.ink.3,damn...
0:25:13,@rat__son06,Omg
0:25:13,@MiniPlush12,cool
0:25:15,@galaxyofeq,awesome music time
0:25:15,@UngulaPropriaRQ,this is pretty fucking sick
0:25:16,@thecathours,cinema chat
0:25:16,@superarcade643,OMG
0:25:17,@Juluuvian,literally silksong
0:25:18,@usaminabe,I wonder if this will actually change the world or things will go back to normal
0:25:19,@lordofshrimps,This is kind of like Silksong
0:25:20,@Tomerツ,SILKSONG
0:25:20,@jo3a548,DAYUUUM
0:25:21,@jusky_,yessSS
0:25:22,@TheMTwinny,WHAT IS HAPPENING
0:25:22,@thecathours,CINEMAAAAA
0:25:22,@CelestialZizzy,Omg
0:25:22,@punkypony5165,SILKSONG
0:25:23,@lordofshrimps,WAIT THIS IS THE LACE FIGHT
0:25:23,@MiniPlush12,I'm getting deja vu
0:25:24,@firewolf595,MAKE THEM KISS MAKE THEM KISS
0:25:24,@marisitobonito,thats sweet
0:25:26,@BlackKanye,Honestly I question why she cares
0:25:27,@Bet12121,the flower field oh no
0:25:27,@emqmp4,KAGEKURMI ?????
0:25:29,@phantomdays8669,Ayo silksong?
0:25:29,@Tomerツ,SHAW
0:25:31,@TheMTwinny,SICK STARLIGHT POSE
0:25:32,@EvolutionCOV,Real Utena Hours
0:25:32,@rat__son06,YURI
0:25:33,@MillerTheDarkTransPrince,so cute
0:25:34,@creamsouda3338,KISS KISS KISS KISSKISS KISS
0:25:34,@rat__son06,YES
0:25:34,@MomongasTwin,i am applebottom
0:25:35,@emqmp4,flowers lowkey making it seem like it
0:25:37,@superarcade643,SILKSONG???
0:25:38,@rat__son06,YURIIII
0:25:39,@ayyo-bun3534,chainsaw pone?
0:25:40,@firewolf595,KISSSSSSSSSSSSS
0:25:40,@Starfire_777,Undertale?
0:25:40,@Aromaticgrassitem,33
0:25:41,@thecathours,you wanted to write the whole world
0:25:41,@rat__son06,UGHHHH YES
0:25:42,@DreamKnight333,Ultimate escapism
0:25:42,@jo3a548,WE KINGDOM HEARTS NOW
0:25:44,@brittinamason5531,come on girl come on...
0:25:45,@FocksEngine,PRAY TO @Tamers12345MLP FOR AN ANSWER:folded_hands::folded_hands::folded_hands::folded_hands::folded_hands::folded_hands::folded_hands::folded_hands::folded_hands::folded_hands::folded_hands::folded_hands::folded_hands::folded_hands::folded_hands::folded_hands::folded_hands::folded_hands::folded_hands::folded_hands::folded_hands::folded_hands::folded_hands:
0:25:46,@punkypony5165,Aggressively Beautiful 
0:25:46,@shelly_x_vee_fan,CUTE
0:25:46,@Tamers12345MLP,celestia just needs tp stop sending bitches do things for her and get off her lazy ass so equestria can stop being destroyed every other week
0:25:47,@creamsouda3338,KISS KISS KISSSSSS
0:25:47,@Diskaria,I wonder if coco is ok
0:25:49,@Jamzandjelly,I wish twilight became the god
0:25:51,@Sp1k3_Th3_W0lf,kisskisskisskisskisskisskisskisskisskisskisskisskisskisskisskisskisskisskisskisskisskisskissskisskisss
0:25:55,@Aromaticgrassitem,clair obscura
0:25:55,@TylerSwan-s2d,YUUUUURRRRRRRIIIIIII
0:25:56,@rat__son06,YURIIIIII
0:25:58,@rat__son06,YESSSSSS
0:25:59,@blankgrl,Please kiss
0:26:01,@gabbyvelazquez7989,FACTS
0:26:02,@BlackKanye,trve
0:26:02,@Solums,i have new wallpaper on pc
0:26:03,@DreamKnight333,Tamers lowkey kinda right tho
0:26:04,@punkypony5165,@Diskaria She's an Alicorn she's fine
0:26:04,@rat__son06,HEAL HER
0:26:05,@MomongasTwin,i am the real applebottom
0:26:06,@creamsouda3338,KISS KISS KISS KISS KISS KISS KISS KISS KISS KISS KISS KISS KISS KISS KISS KISS KISS KISS
0:26:07,@JesusitoXD,PLEASE KISS
0:26:07,@firewolf595,KISS PLEASE
0:26:08,@emqmp4,deadass celestia hasn’t done shit in ts universe nor in canon
0:26:08,@okuriinu8489,celestia just gonna make more alicorns to stop this :loudly_crying_face:
0:26:11,@thecathours,got roasted
0:26:13,@DF_CR4LV3,123 I WANT YURI
0:26:14,@Ask-k2i2k,KISS
0:26:14,@SonataDidIt,Yes Mari!
0:26:15,@Aromaticgrassitem,will they...
0:26:16,@Ask-k2i2k,YURI
0:26:17,@brittinamason5531,kiss
0:26:17,@S.EAnalog,lowkey thought this would be made in abyss related :loudly_crying_face:
0:26:18,@Shivery,No more Toxic Yuri
0:26:19,@Tamers12345MLP,Why would they kiss? they aren't siblings
0:26:22,@thecathours,oh wait literally got roasted
0:26:22,@TheMTwinny,Celestia so lazy fr
0:26:24,@Ask-k2i2k,WE WANT YURI
0:26:24,@ayyo-bun3534,is marionette Asa and is starlight dengi?
0:26:25,@CaptainxxHowdy,:scissors::scissors::scissors::scissors::scissors:
0:26:27,@creamsouda3338,LMAO?
0:26:28,@TylerSwan-s2d,genuinely cinema
0:26:29,@gabbyvelazquez7989,WHAT
0:26:31,@Elendil404,"@Tamers12345MLP she's not lazy dumbass, she had a gala to attend to. Are you even watching???"
0:26:32,@znco91,this is Yuri angel of death
0:26:33,@punkypony5165,Its Trixie's World they're all just living in it
0:26:34,@shelly_x_vee_fan,yuri
0:26:34,@Ask-k2i2k,YURU
0:26:34,@maxbear027,even Bartleby would handle things himself even though he's rich and handsome
0:26:35,@Aromaticgrassitem,Good Point Tamers
0:26:37,@emqmp4,MARY DONT CRY
0:26:39,@lordofshrimps,GASLIGHT METHOD
0:26:39,@Ask-k2i2k,YURI
0:26:41,@florentviel573,hollow kight clair obscur 
0:26:41,@DF_CR4LV3,yuri saved my life
0:26:41,@marisitobonito,yuri
0:26:47,@marisitobonito,NOOO DONT DONT
0:26:48,@firewolf595,NOOOOOOOO
0:26:49,@creamsouda3338,NO...
0:26:49,@agoatheadbaby3512,Damn.
0:26:50,@The_Adventure18101,gulp....
0:26:50,@ayyo-bun3534,yusssssss
0:26:50,@Strong_sadfan,starlight remains me of Akio Ohtori if he was a girl
0:26:51,@SleepyGalz,Did i miss somthing when did trixe get split in like 2?
0:26:51,@jo3a548,OH YES
0:26:53,@uuhmira,NONONONONO
0:26:54,@Ask-k2i2k,DONT
0:26:54,@dominicunderwood4911,...ok
0:26:54,@Starfire_777,who's Yuri?
0:26:54,@firewolf595,PLEASE MAKE THEM HAPPY
0:26:54,@ayyo-bun3534,no
0:26:54,@NubMcMoofin,:face_holding_back_tears:
0:26:56,@emqmp4,DONT DO IT
0:26:57,@thecathours,damn
0:26:57,@FocksEngine,Then can they fug? :pinched_fingers:
0:26:59,@okuriinu8489,toxic yuri
0:26:59,@BEKIND9900,YESSS
0:27:01,@JesusitoXD,:face-purple-crying:
0:27:01,@TylerSwan-s2d,NOOOOOOOOOOO
0:27:01,@Diskaria,"@punkyponi5165 Oh, good"
0:27:02,@Nastyasmrr,MARYYYY
0:27:02,@gabbyvelazquez7989,NKO
0:27:03,@Ask-k2i2k,ok:broken_heart:
0:27:04,@BEKIND9900,OMGGG
0:27:05,@brittinamason5531,no!
0:27:08,@BEKIND9900,OMGG
0:27:10,@emqmp4,DOOMED YURI ALERT
0:27:10,@TheMTwinny,Like that staff is off center from Mary
0:27:11,@TylerSwan-s2d,DOOMEDYURI NOOO
0:27:11,@thecathours,PLEASE DON’TTTTTTTTTTTT
0:27:11,@Starfluff8,Girl NO
0:27:13,@marisitobonito,poor baby
0:27:13,@Ask-k2i2k,OH YES
0:27:15,@maxbear027,death yuri
0:27:16,@creamsouda3338,WHYS BRO BALD
0:27:17,@Aromaticgrassitem,Rocky toxic yuri?
0:27:18,@marisitobonito,GIRLFRIENDS
0:27:18,@blankgrl,oh shit
0:27:19,@UngulaPropriaRQ,literally nothing lmao
0:27:19,@BEKIND9900,GASP
0:27:20,@punkypony5165,Beautiful horses
0:27:20,@jo3a548,NOOOOO
0:27:21,@thecathours,let it go let it gooooooo
0:27:22,@Cattle.ink.3,kiss kiss
0:27:22,@blankgrl,OH SHIT
0:27:25,@lordofshrimps,Literally I guess
0:27:25,@TheMTwinny,INTERNAL BLEEDING
0:27:26,@agoatheadbaby3512,What hath Twilight done?
0:27:27,@TimBoulder,NO NO NOOO
0:27:30,@thecathours,SHES DYING
0:27:33,@Ask-k2i2k,YURI
0:27:35,@Shivery,Starlight pretty
0:27:35,@creamsouda3338,NO.
0:27:35,@jo3a548,no
0:27:35,@bigmoneyfiend,:thanksdoc:
0:27:35,@BEKIND9900,YO WHAT
0:27:36,@usaminabe,couldn't be me im making a new world
0:27:36,@marisitobonito,oh
0:27:36,@emqmp4,BRU
0:27:36,@SuperCaptainFail,damn
0:27:37,@creamsouda3338,NO BR
0:27:37,@punkypony5165,DAMN
0:27:38,@Sp1k3_Th3_W0lf,NOOOOOO
0:27:39,@DreamKnight333,Toxic yuri is now LITERALLY toxic
0:27:40,@thecathours,DAMN
0:27:40,@lordofshrimps,Crazy
0:27:40,@Ask-k2i2k,.
0:27:40,@NubMcMoofin,:pensive_face:
0:27:41,@dominicunderwood4911,HAAAAHAHAHAHA
0:27:42,@firewolf595,NOOOOOOOOOOOOO
0:27:42,@UngulaPropriaRQ,LMAO 
0:27:43,@agoatheadbaby3512,OOOOOOOOHHH
0:27:43,@fixmeoww,the art is so damn good
0:27:43,@misakayy1911,UcU
0:27:45,@thecathours,NOOOOO
0:27:45,@cat_faerie,JESUS
0:27:45,@TylerSwan-s2d,NOOOOOOOOOOOOOOOOOOOOOOOOOOOOOOOOOOOO
0:27:46,@emqmp4,BRUH QUEERBAITING
0:27:46,@TimBoulder,NOOOOO
0:27:47,@DF_CR4LV3,not health yuri? :frowning_face:
0:27:47,@UngulaPropriaRQ,IT'S SO TOXIC HELL YES
0:27:48,@punkypony5165,Aw :(
0:27:48,@agoatheadbaby3512,OOOOOHHH SNAP
0:27:48,@SonataDidIt,F
0:27:48,@huitasadventures,:face-purple-crying::face-purple-crying:
0:27:48,@brittinamason5531,let it out!
0:27:49,@JoshThePinkGump,its so over
0:27:49,@thecathours,NOOOOOOOOOOOOOOOOOOO
0:27:49,@Solums,doomed yuri
0:27:50,@goldenlmao2694,well damn
0:27:50,@laahocsm0019,makes sense
0:27:50,@Starfluff8,WHAT 
0:27:51,@NubMcMoofin,:loudly_crying_face:
0:27:51,@vazquezzavaladarielaalejan6147,NOOOOOOOOOOOOOOOOOOOO
0:27:51,@gummy8440,shes A LIAR
0:27:52,@creamsouda3338,god I love this artstyle
0:27:52,@Sp1k3_Th3_W0lf,:face-purple-crying::face-purple-crying::face-purple-crying::face-purple-crying:
0:27:52,@Ask-k2i2k,NOO
0:27:52,@Starfire_777,Crazy
0:27:53,@TimBoulder,NOOOOOOOOOOOOOO
0:27:53,@TheMTwinny,ANTHRO 
0:27:54,@Diskaria,</3
0:27:54,@thecathours,i would have took my chance
0:27:55,@shelly_x_vee_fan,AAAAAAAW
0:27:55,@Fooper899,:sneezing_face:
0:27:55,@TimBoulder,WHAT THE FUCK
0:27:56,@JesusitoXD,:face-purple-crying::face-purple-crying::face-purple-crying:
0:27:57,@TimBoulder,NOOOOO
0:27:59,@falnazor0001,So toxic
0:27:59,@trap631,toxic yuri
0:27:59,@lordofshrimps,Lol
0:28:00,@hojacksauseman,Punished ugly horse.
0:28:01,@cat_faerie,:loudly_crying_face::loudly_crying_face::loudly_crying_face::loudly_crying_face::skull::skull::skull::skull:
0:28:02,@vazquezzavaladarielaalejan6147,WHAT
0:28:02,@Elendil404,a toy...
0:28:03,@galaxyofeq,Bruh 
0:28:04,@thecathours,can we switch bodys?
0:28:04,@agoatheadbaby3512,OOOOOOOHHH FUUUUUUCK
0:28:04,@TimBoulder,WTF
0:28:05,@vazquezzavaladarielaalejan6147,????????
0:28:05,@jo3a548,OH YES
0:28:05,@Starfire_777,a tool
0:28:05,@emqmp4,NOTHING?????
0:28:05,@TylerSwan-s2d,she hates her lmaoo
0:28:07,@bigmoneyfiend,:face-pink-tears::face-pink-tears::face-pink-tears:
0:28:07,@brittinamason5531,:face-purple-crying:
0:28:07,@vazquezzavaladarielaalejan6147,NOOOOOOOOOOO
0:28:07,@CelestialZizzy,OHHHH
0:28:08,@Sp1k3_Th3_W0lf,:face-purple-crying::face-purple-crying::face-purple-crying::face-purple-crying::face-purple-crying::face-purple-crying::eyes-purple-crying::eyes-purple-crying::eyes-purple-crying::eyes-purple-crying:
0:28:08,@valoryvapeskin6965,Good lord
0:28:08,@thecathours,let me take the chance
0:28:08,@MillerTheDarkTransPrince,awww
0:28:09,@Aromaticgrassitem,Mari got her life back today @Tamers12345MLP
0:28:10,@trap631,:face-red-droopy-eyes::face-red-droopy-eyes::face-red-droopy-eyes::face-red-droopy-eyes::face-red-droopy-eyes::face-red-droopy-eyes::face-red-droopy-eyes::face-red-droopy-eyes::face-red-droopy-eyes::face-red-droopy-eyes:
0:28:11,@vazquezzavaladarielaalejan6147,NONONONO
0:28:11,@emqmp4,MARY THATS NOT OKAY
0:28:11,@NubMcMoofin,:loudly_crying_face::loudly_crying_face:
0:28:12,@TylerSwan-s2d,Doomed yuri </3
0:28:12,@punkypony5165,I love Marionette
0:28:12,@fluttergabe22,hi everyone
0:28:13,@ayyo-bun3534,wtf mary
0:28:14,@Elendil404,she owes me $20
0:28:15,@phantomdays8669,BRO!?!?!??!
0:28:16,@chomperonii,NOOO
0:28:17,@TimBoulder,GOOD SONG 
0:28:17,@Snoozy8248,They are drawn so gorgeous here Tamers :sparkling_heart::sparkling_heart:
0:28:17,@laeeb,wah
0:28:17,@lordofshrimps,HOLY RAG
0:28:18,@thecathours,YEAAHHHHHHHH the music
0:28:18,@agoatheadbaby3512,IT'S EFFIN' OVER
0:28:18,@creamsouda3338,IS THIS IT??
0:28:19,@Solums,story better that nettflix
0:28:20,@Brykisheaven,THIS DOOMED YURIBAIT
0:28:20,@marisitobonito,oh god
0:28:21,@jo3a548,OH YRES
0:28:21,@fluttergabe22,"hi everyone, long time no see"
0:28:22,@thecathours,music
0:28:22,@FocksEngine,She hates her because she's a mirror
0:28:22,@FocksEngine,Two sides of the same coin
0:28:24,@jo3a548,MUSIC ROCKSD
0:28:25,@TimBoulder,YEAAAAHHH
0:28:25,@ayyo-bun3534,I love you mary
0:28:25,@rat__son06,Omg
0:28:26,@TheNoobMEME2023,GAYYY ?!!!
0:28:27,@thecathours,dadadada
0:28:27,@firewolf595,TAMERS WHEN I GET YOU
0:28:27,@rat__son06,OMG
0:28:29,@SuperCaptainFail,she literally passed a skillcheck on starlight and won the fight
0:28:29,@thecathours,daaaaaaaa
0:28:31,@rat__son06,WHATTTT
0:28:32,@trap631,EZ
0:28:32,@JoshThePinkGump,COMMON TAMERS BANGER
0:28:32,@Aromaticgrassitem,Mari gang is sooooo back
0:28:32,@ayyo-bun3534,I always will
0:28:34,@thecathours,i thought that was rarity
0:28:35,@blankgrl,Mary~
0:28:35,@punkypony5165,Marionette is so fucking cool
0:28:37,@TylerSwan-s2d,w tamers
0:28:41,@Solums,Silksong?
0:28:41,@superarcade643,SILKSOOOONG
0:28:42,@jo3a548,OH YESSS
0:28:43,@brittinamason5531,omg
0:28:44,@thecathours,this is cinema chat
0:28:44,@TylerSwan-s2d,WWWWWWWW TAMERSSSSSSSSSSSSSSS
0:28:44,@Ask-k2i2k,lesbian core
0:28:45,@FocksEngine,UNTZ UNTZ UNTZ UNTZ UNTZ UNTZ
0:28:45,@CelestialZizzy,Aura farming
0:28:46,@UngulaPropriaRQ,holy shit she just bodied starlight by being the most pathetic woman ever 
0:28:46,@TheMTwinny,HEY SO IS PINKIE ALRIGHT OR NAH
0:28:46,@lordofshrimps,THIS IS SLIKSONG
0:28:47,@creamsouda3338,THANK U TAMERS FOR MAKING PEAK AFTER PEAK I LOVE U BRO
0:28:47,@NubMcMoofin,:saluting_face::saluting_face:
0:28:47,@thecathours,CINEMA CHAT
0:28:47,@BEKIND9900,OML
0:28:48,@marisitobonito,HOLY
0:28:48,@Juluuvian,holy shit it is silksong
0:28:48,@punkypony5165,SILKSONG
0:28:49,@jo3a548,WHAT
0:28:50,@thecathours,CINEMAAAAAAAA
0:28:50,@MillerTheDarkTransPrince,W
0:28:50,@fluttergabe22,Hi Tamers
0:28:51,@JoshThePinkGump,WONT YOU SAY GOODBYE
0:28:51,@Tomerツ,litterly silksong
0:28:52,@punkypony5165,LITERALLY SILKSONG
0:28:52,@BEKIND9900,PEAKKKKK
0:28:53,@Hart501,YOOOOO
0:28:53,@lordofshrimps,Oh nah
0:28:55,@UngulaPropriaRQ,hi flawless
0:28:56,@Cattle.ink.3,EPIC AS FUCKKKK
0:28:56,@misakayy1911,oh hey
0:28:57,@TheNoobMEME2023,LEVITATE LIKE GOJOOO
0:28:57,@NubMcMoofin,:exploding_head:
0:28:59,@TimBoulder,KINO 
0:28:59,@trap631,:face-fuchsia-wide-eyes::face-fuchsia-wide-eyes::face-fuchsia-wide-eyes::face-fuchsia-wide-eyes:
0:28:59,@thecathours,what
0:29:00,@agoatheadbaby3512,buh
0:29:00,@jo3a548,FUUUUUUUUUUUUUUUUUUCK
0:29:01,@marisitobonito,WHAAAT
0:29:02,@okuriinu8489,play angel of darkness
0:29:02,@MillerTheDarkTransPrince,W
0:29:02,@thecathours,OH NO
0:29:02,@cat_faerie,OH SHIT
0:29:02,@BEKIND9900,OH NO
0:29:04,@brittinamason5531,:face-blue-wide-eyes::face-blue-wide-eyes::face-blue-wide-eyes:
0:29:04,@The_Adventure18101,:face_screaming_in_fear:
0:29:05,@FocksEngine,NEW CHARACTER FROM THE STAFF SPLIT??????????
0:29:05,@DF_CR4LV3,unhealthy yuri
0:29:05,@emqmp4,OH MY GOD
0:29:05,@laahocsm0019,wat
0:29:05,@DreamKnight333,OH SNAAAP
0:29:06,@Elendil404,@UngulaPropriaRQ integer underflow
0:29:07,@ayyo-bun3534,"so yeah I'm doing more fanart, I'll post n link on Twitter"
0:29:08,@TheNoobMEME2023,OH NOOO
0:29:08,@punkypony5165,NOOO
0:29:08,@JoshThePinkGump,THE MASK
0:29:09,@FocksEngine,I KNEW IT!
0:29:09,@jessijinx5271,FRACTURED HIIIII
0:29:09,@BEKIND9900,HOLY MOLY
0:29:10,@thecathours,what happened 
0:29:10,@Fooper899,:face-fuchsia-wide-eyes:
0:29:10,@Jamzandjelly,Lol
0:29:10,@CelestialZizzy,OH MY GOD
0:29:11,@Starfire_777,NOOO!
0:29:11,@Dingus-69420,WOOOAAAHHHHHHHH
0:29:14,@Brykisheaven,PEAKKKKKKKKKK
0:29:14,@jo3a548,OHGY NOOOOOOOOOOOOOO
0:29:14,@punkypony5165,FRACTURED
0:29:15,@TimBoulder,OH
0:29:15,@jusky_,NAHH??
0:29:17,@NubMcMoofin,:exploding_head::exploding_head:
0:29:17,@Starfluff8,Bro
0:29:17,@BEKIND9900,WHERES CAREPACKAGE
0:29:17,@uuhmira,OMGOM
0:29:17,@thecathours,WHOS THAT
0:29:18,@trap631,EZ
0:29:19,@valoryvapeskin6965,AYO WTF 
0:29:19,@jo3a548,YESSSSSSSSSSSSSS
0:29:20,@misakayy1911,WHAT
0:29:20,@brittinamason5531,no
0:29:20,@Ask-k2i2k,oh ok
0:29:21,@Cattle.ink.3,she is backkk
0:29:22,@galaxyofeq,Trixie to the rescue
0:29:22,@UngulaPropriaRQ,oh hi trixie
0:29:22,@fightertales,YES
0:29:23,@fernandaps2,trixie?
0:29:23,@dominicunderwood4911,"oh right, you exist."
0:29:24,@Aromaticgrassitem,Shadow Flawless PERSONA 4
0:29:24,@Brykisheaven,WHAT
0:29:25,@BEKIND9900,CAREPACKAGEEE
0:29:25,@creamsouda3338,HOLY SHIT
0:29:26,@bigmoneyfiend,:face-fuchsia-wide-eyes::face-fuchsia-wide-eyes::face-fuchsia-wide-eyes:
0:29:26,@Sp1k3_Th3_W0lf,:broken_heart::orange_heart::yellow_heart::green_heart::blue_heart::purple_heart::sparkling_heart:
0:29:26,@TheMTwinny,OH SHIT
0:29:27,@marisitobonito,WHAAAAAAATT
0:29:27,@JuSti_nerd,UH
0:29:27,@punkypony5165,PEAK
0:29:28,@creamsouda3338,HOLY SHITTTT
0:29:28,@uuhmira,IMGHHJJ
0:29:28,@TylerSwan-s2d,LOWKIRKENUINELY CINEMA
0:29:29,@NubMcMoofin,:saluting_face::saluting_face:
0:29:29,@JoshThePinkGump,YOOOOOOOOOOOOOOOOOOOOOOOOOOOOOOO
0:29:29,@emqmp4,WOAHHHHH
0:29:30,@Elendil404,WHATAT
0:29:31,@Nyax50Lopez,oh shiii
0:29:31,@DF_CR4LV3,WGAT
0:29:32,@thecathours,TWIXYYYYY
0:29:32,@creamsouda3338,TWILIGHTS AURA FARMING
0:29:32,@Jamzandjelly,OMG
0:29:32,@BEKIND9900,GASPP
0:29:33,@gummy8440,YO WHAA
0:29:33,@gabbyvelazquez7989,YO
0:29:34,@Juluuvian,HOLY PEAK
0:29:34,@falnazor0001,wTF?
0:29:34,@ayyo-bun3534,yessssssss
0:29:34,@jo3a548,SHIIIIIIIIIIIIIIIIIIIIT
0:29:35,@lordofshrimps,Okay
0:29:35,@Qylete,walpurgisnacht ahh
0:29:35,@laahocsm0019,ok
0:29:35,@FocksEngine,NEW FORM!!!!
0:29:36,@punkypony5165,SCORCHING TWILIGHT OF THE ABYSSAL WHITE FLAME
0:29:36,@misakayy1911,WOOOOOOOOOOOOOOOOOOOOOOOOOOOOOOOOOOOOOOOOOOOOOOOOOOOOO
0:29:36,@UngulaPropriaRQ,HELL YEAH
0:29:36,@neargaming2057,HUH?
0:29:36,@firewolf595,PEAK
0:29:38,@DreamKnight333,Meowzers!
0:29:38,@FocksEngine,WHOA!!!
0:29:38,@jo3a548,AAAAAAAAAAAAAAAAAAAAAAA
0:29:38,@agoatheadbaby3512,Weebslop
0:29:39,@goldenlmao2694,HOLY PEAK
0:29:39,@brittinamason5531,omg
0:29:40,@BEKIND9900,TWILIGT
0:29:40,@thecathours,oh
0:29:40,@TheMTwinny,SCORCHING TWILIGHT
0:29:40,@Elendil404,SCORHING TWILIGHT of the ABYSSAL WHITE FLAME!!!!!!!!!!!!!!!!!!!!!!
0:29:40,@fluttergabe22,:raised_back_of_hand::smiling_face_with_sunglasses::raised_hand: PEAK CINEMA
0:29:40,@Jamzandjelly,OMH
0:29:41,@The_Adventure18101,holy shit this is actually fucking cinema
0:29:41,@Sp1k3_Th3_W0lf,:broken_heart::orange_heart::yellow_heart::green_heart::blue_heart::purple_heart::sparkling_heart:
0:29:42,@Brykisheaven,WOOOOOOOOOOOOOOOO
0:29:43,@fernandaps2,emily
0:29:44,@Shivery,Cool
0:29:44,@JesusitoXD,:face-blue-wide-eyes::face-blue-wide-eyes::face-blue-wide-eyes::face-blue-wide-eyes::face-blue-wide-eyes:
0:29:45,@Jamzandjelly,AHAHAHAAHAHA
0:29:45,@BEKIND9900,HOLY MOLLY
0:29:45,@Diskaria,This is a TNO reference
0:29:45,@TylerSwan-s2d,Scorching tWI;LIGHT
0:29:46,@cat_faerie,NEW FORM UNLCOKED
0:29:46,@mhuss781,YES MORE POWER SCALING
0:29:46,@marisitobonito,what even
0:29:46,@Tamers12345MLP,damn it's like this episode is about sisters and shit
0:29:47,@ayyo-bun3534,my fanart base!!!!!
0:29:48,@SuperCaptainFail,dawg what the hell is this
0:29:49,@punkypony5165,SCORCHING TWILIGHT'S RETURN
0:29:49,@JoshThePinkGump,ABSOLUTE CINEMA
0:29:50,@thecathours,i thought it was trixy
0:29:50,@DreamKnight333,Flawless is here too
0:29:52,@DF_CR4LV3,ABSOLUTE CINEMA
0:29:52,@va_fail,holy lesbian trinity 
0:29:52,@Daily_Dose_Of_Artyayyyyy,HOLYY SHIIII
0:29:52,@lordofshrimps,WE have aura or something like that
0:29:55,@Tomerツ,:face-fuchsia-tongue-out::face-fuchsia-tongue-out::face-fuchsia-tongue-out:
0:29:55,@Starfire_777,Honestly I'm kinda lost
0:29:57,@Jamzandjelly,IS THAT TWILIGHT 
0:29:59,@okuriinu8489,what do we even call her? Perfection?
0:30:02,@TheMTwinny,NEW TRANSFORMATION UNLOCKED
0:30:03,@emqmp4,power of family and yuri
0:30:03,@frickenvicker1261,PEAK???
0:30:06,@stupiddachsund,holy shit
0:30:06,@Dingus-69420,GET HER FURL
0:30:06,@Snoozy8248,God I love anime
0:30:06,@thecathours,CINEMAAAAAAAA
0:30:07,@punkypony5165,COOLEST TRANSFORMATION
0:30:09,@FocksEngine,I want the Yu Gi OH card for Scorching Twilight
0:30:09,@JoshThePinkGump,AAAAAAAAAAAAAAAAAAA
0:30:14,@punkypony5165,FAMILY POWER
0:30:14,@Brykisheaven,POWER OF YURI
0:30:15,@BEKIND9900,WHEES THE DUO I NEED MY APPLE AND CARE
0:30:15,@SonataDidIt,The power of siblings
0:30:16,@marisitobonito,:loudly_crying_face:
0:30:16,@TylerSwan-s2d,TAMERS THIS IS SO PEAK ACTUALLy
0:30:16,@Dingus-69420,LETS GOOOOOOOOOOOOOOOOOOOOOOOOOOOOOO
0:30:16,@TooManyThings_,Fucking awesome
0:30:17,@creamsouda3338,LMAOOOO EVERYTHING POPPING BACK INTO PLACE
0:30:17,@gummy8440,so who do we think is the biggest fraud in the mane 6
0:30:17,@lordofshrimps,This is just like The TOP
0:30:17,@Jamzandjelly,TWILIGHT BECAME A GOD
0:30:17,@TheMTwinny,POP
0:30:18,@FocksEngine,Would buy merch
0:30:18,@jo3a548,OH YES
0:30:18,@fluttergabe22,this is some Naruto and Dragon Ball Z performance
0:30:19,@neargaming2057,Literally what
0:30:20,@gabbyvelazquez7989,Oh
0:30:22,@bigmoneyfiend,hero
0:30:22,@misakayy1911,POP
0:30:23,@NubMcMoofin,:saluting_face:
0:30:23,@quehaychris6693,DAMN
0:30:23,@emqmp4,LMAOOOO
0:30:24,@creamsouda3338,is she gonna be an alicorn now
0:30:25,@Aromaticgrassitem,Life is what you make of it. Mari has a chance now.
0:30:26,@lordofshrimps,YAY WE SAVED THE WORLD
0:30:26,@DF_CR4LV3,"is this mlp or anime, this so peak asf"
0:30:27,@galaxyofeq,Has it already been 33 minutes already?
0:30:27,@valoryvapeskin6965,OMG SHINY!!
0:30:28,@brittinamason5531,peak
0:30:28,@punkypony5165,yugioh
0:30:28,@The_Adventure18101,guys i think tamers just likes it when sisters have a random complex argument and then make up or something
0:30:28,@adelheid.4132,Powerpuff girls ending??
0:30:28,@Bet12121,ctrl z dang
0:30:28,@agoatheadbaby3512,Where Coco
0:30:29,@va_fail,yay coco is alive
0:30:29,@misakayy1911,MY FUARKING HERO
0:30:29,@marisitobonito,mary is the best
0:30:30,@mythical_mare,Marionette my GOAT
0:30:31,@TooManyThings_,MARY IS GOING TO BECOME AN ALICORN
0:30:32,@DreamKnight333,Just in time for Coco to hit the ground
0:30:33,@Sp1k3_Th3_W0lf,are all the men now women?
0:30:33,@TheMTwinny,Everything pops back into place lmao
0:30:34,@thecathours,every anime in the universe gonna have a hard time winning against how peak and cinema this is
0:30:35,@creamsouda3338,I KNEW IT
0:30:35,@lordofshrimps,OH MY FUCKING GOD
0:30:36,@valoryvapeskin6965,SHE IS BACK
0:30:36,@UngulaPropriaRQ,MAKE MARY AN ALICORN 
0:30:36,@dominicunderwood4911,This shit getting randomer
0:30:37,@rat__son06,Omg
0:30:37,@UngulaPropriaRQ,LMAO
0:30:39,@Solums,Coco
0:30:39,@marisitobonito,WHAAAAAAAAAAAAT
0:30:39,@DreamKnight333,Make her an alicorn or something
0:30:40,@Juluuvian,what about shining?
0:30:40,@Space_Astro,"That, was awesome!"
0:30:40,@JoshThePinkGump,WE ARE SO FUCKING BACK
0:30:40,@LightTim,Man this universe is unstable as shit
0:30:41,@jusky_,ez
0:30:41,@fernandaps2,hey
0:30:41,@TheMTwinny,Oh Shiny's a gal now
0:30:42,@punkypony5165,Marionette ascension? 
0:30:43,@gummy8440,shining hey man what uh whats up
0:30:43,@CelestialZizzy,OH MY GOD
0:30:43,@GlimmyGOD,Oh shit Shining is still a alicorn
0:30:43,@jo3a548,ANOTHER ANLICORN
0:30:43,@UngulaPropriaRQ,DO IT MAKE HER AN ALICORN
0:30:44,@misakayy1911,UHHH SHINING?
0:30:44,@falnazor0001,Shiney didn't go back
0:30:44,@DreamKnight333,OMG CELESTIA
0:30:44,@thecathours,THIS IS BEAUTIFUL 
0:30:45,@Shivery,YES
0:30:45,@BEKIND9900,WHEES CAREPACK AND APPLE
0:30:45,@UngulaPropriaRQ,HAHAHAHAH 
0:30:45,@agoatheadbaby3512,"Hey, waita' second."
0:30:46,@Elendil404,ollicorn
0:30:46,@Bet12121,fem armor still there
0:30:46,@rat__son06,YESSSS
0:30:47,@NubMcMoofin,:exploding_head:
0:30:48,@maxbear027,hypnosis princess
0:30:48,@thecathours,YEAHHHHHHHHHHHHH
0:30:48,@creamsouda3338,shining armours a lesbian now?
0:30:49,@Xzonza1,Yay the Princess of Hypnosis survived
0:30:49,@rat__son06,DO IT
0:30:49,@hojacksauseman,Lmao
0:30:49,@JaceWatson-w8h,NOOOO PLEASE GET SHINNING ARMOR BACKKK
0:30:49,@UngulaPropriaRQ,TWILIGHT GOT CUCKED AGAIN 
0:30:50,@phantomdays8669,OH MY ANOTHER ALICORN LOL
0:30:50,@rat__son06,NOOOOO
0:30:52,@marisitobonito,poor baby...
0:30:52,@JoshThePinkGump,GASP
0:30:52,@punkypony5165,GASP
0:30:53,@rat__son06,WHY
0:30:54,@ayyo-bun3534,@Tamers12345MLP it's sister shit lol
0:30:54,@Shivery,GASP
0:30:54,@Jamzandjelly,Bro…..
0:30:54,@Elendil404,:O
0:30:54,@misakayy1911,:O
0:30:57,@falnazor0001,They hand out Alicorn powers like candy
0:30:57,@CelestialZizzy,OMG
0:30:58,@lordofshrimps,Pls give us Shining back
0:30:59,@Sp1k3_Th3_W0lf,:broken_heart::orange_heart::yellow_heart::green_heart::blue_heart::purple_heart::sparkling_heart:
0:31:00,@TylerSwan-s2d,GASP
0:31:02,@DreamKnight333,CELESTIA BE GIVING ALICORN PRIVILEGE TO EVERYONE BUT TWILIGHT
0:31:02,@Snoozy8248,Plz why is yuri Shining backkk :loudly_crying_face::loudly_crying_face::rolling_on_the_floor_laughing::rolling_on_the_floor_laughing:
0:31:03,@TheMTwinny,WAIT A MINUTE
0:31:04,@emqmp4,shining armor back or not :loudly_crying_face::loudly_crying_face:
0:31:05,@BEKIND9900,gasppp
0:31:06,@rat__son06,Awww omg
0:31:07,@Jamzandjelly,OH MY GODDDDDD NOOOOOOOOO KEEP HER AS A PONY 
0:31:07,@punkypony5165,WAIT SHINING AND FEMALE SHINING BOTH EXIST
0:31:07,@JaceWatson-w8h,Not this female shinning again :skull: 
0:31:09,@brittinamason5531,.
0:31:09,@thecathours,BEAUTIFULLLLLLLLLLLLLLLLLLLLLLLLLLLLLLLLLLLLLLLLLLLLLLLLLLLLLLLLLLLLLLLLLLLLLLLLLLLLLLLLLLLLLLLLLLLLLLLLLLLLLLLLLLLLLLLLLLLLLLLLLLL
0:31:10,@Dingus-69420,ye
0:31:10,@rat__son06,That’s so sweet
0:31:11,@M01k4z,soooo are cadence and shining lesbians now? :))
0:31:13,@TheMTwinny,TWO SHINYS
0:31:13,@jo3a548,TWO SHINNINGS
0:31:14,@falnazor0001,"Wait, Shiney is back?"
0:31:15,@UngulaPropriaRQ,LMAO SHE TURNED IT DOWN 
0:31:17,@BEKIND9900,WHERES THE YAOI
0:31:17,@Kiki_myshu,wtf
0:31:17,@chomperonii,AWWW
0:31:18,@thecathours,:loudly_crying_face::loudly_crying_face::loudly_crying_face::loudly_crying_face::loudly_crying_face::loudly_crying_face::loudly_crying_face::loudly_crying_face::loudly_crying_face::loudly_crying_face::loudly_crying_face::loudly_crying_face::loudly_crying_face::loudly_crying_face::loudly_crying_face:
0:31:18,@fluttergabe22,Gasp :face_screaming_in_fear:
0:31:19,@Starfluff8,AWW
0:31:19,@dominicunderwood4911,"oh thank the gods, she would be a disgraceful alicorn."
0:31:21,@SonataDidIt,Mari the queen
0:31:23,@snupietherat6814,hell yeah
0:31:23,@okuriinu8489,yes we dont need another alicorn rn sobs
0:31:24,@Starfire_777,Humble Stacy
0:31:27,@BEKIND9900,WUERES THE YAOIII
0:31:27,@thecathours,wait
0:31:27,@SuperCaptainFail,man they make ANYONE an alicorn out here
0:31:28,@TheMTwinny,HAHAHA STARSWIRL
0:31:30,@ayyo-bun3534,queen
0:31:31,@brittinamason5531,:face-blue-wide-eyes:
0:31:31,@TylerSwan-s2d,Can She Do That?
0:31:31,@TimBoulder,LOL
0:31:33,@thecathours,what about twilight
0:31:33,@JoshThePinkGump,BURN THE WITCH
0:31:34,@Shivery,Burn the Witch
0:31:35,@fluttergabe22,Starlight is going to hell
0:31:36,@jo3a548,take the L Stawswirl
0:31:36,@Sp1k3_Th3_W0lf,SHUT UP BOOMER
0:31:37,@EvolutionCOV,BURN THE WITCH
0:31:38,@thecathours,BURN THE WICH
0:31:39,@DreamKnight333,Hypno princess real???
0:31:39,@okuriinu8489,BURN THE WITCH
0:31:40,@emqmp4,BLUDS STILL ALIVE???
0:31:41,@BEKIND9900,YAOI WHERE
0:31:42,@superarcade643,LETS GOO
0:31:42,@va_fail,twilight say no too in the end of unicorn con 
0:31:42,@agoatheadbaby3512,Starswirl the Bearded
0:31:43,@blankgrl,No yuri...:face-purple-crying:
0:31:44,@superarcade643,BURN THE WITCH
0:31:44,@Starfire_777,good song
0:31:44,@jo3a548,lolooloololol
0:31:45,@BEKIND9900,.
0:31:45,@punkypony5165,Boomer
0:31:45,@creamsouda3338,rainbowdash dgaf
0:31:46,@Tomerツ,HO HO HO
0:31:47,@BlackKanye,kek
0:31:47,@mixedawesomesauce8354,burn the witch
0:31:47,@MillerTheDarkTransPrince,burn the witch
0:31:47,@goldenlmao2694,get it
0:31:48,@The_Adventure18101,soooooooooooooooooooooooooooooooooooooooooooooo what if both shining armours just randomly like kiss :thinking_face:
0:31:48,@Ask-k2i2k,m
0:31:48,@Fooper899,WELL WELL
0:31:48,@misakayy1911,DAMNNNN
0:31:49,@galaxyofeq,turn her into a foal
0:31:49,@jusky_,HOHOHOHO
0:31:49,@SonataDidIt,Can starswirl die
0:31:49,@Aromaticgrassitem,"lmao ""burn the witch"" man."
0:31:49,@okuriinu8489,BURN THE WITCH
0:31:50,@Ask-k2i2k,.
0:31:50,@BEKIND9900,SHUT UP
0:31:50,@dominicunderwood4911,BURN THE WITCH
0:31:50,@firewolf595,MY YURI WAS TAKEN
0:31:50,@DIVE-TEA,BURN THE WITCH
0:31:50,@JesusitoXD,:cat-orange-whistling::cat-orange-whistling:
0:31:51,@gummy8440,potential unicorn starswirl over here
0:31:54,@thecathours,shake it grampaaaaa
0:31:55,@lordofshrimps,Why
0:31:56,@Tamers12345MLP,Starswirl... won...
0:31:56,@TimBoulder,Shut the hell up! 
0:31:58,@Jamzandjelly,WOAH
0:31:58,@cat_faerie,NI DONT GO EASY ON HER
0:31:58,@JaceWatson-w8h,Let’s go starswirl dub
0:31:59,@Ask-k2i2k,BURN THE WITCH
0:32:00,@SleepyGalz,WHAT DID I MISS I LEFT FOR 2 MINUTE!?
0:32:00,@SuperCaptainFail,SUNSET SHIMMER!?
0:32:02,@Starfluff8,lol
0:32:02,@DreamKnight333,I miss Rudie's cheeks every day
0:32:02,@BEKIND9900,:loudly_crying_face:
0:32:03,@punkypony5165,Gay little pookie bear
0:32:03,@jo3a548,OH FUCK
0:32:03,@SonataDidIt,LOL
0:32:03,@brittinamason5531,:fire::fire::fire::fire:
0:32:06,@gabbyvelazquez7989,BURN THE WITCH
0:32:06,@lordofshrimps,WHAT?
0:32:06,@TheMTwinny,SUNSET SHIMMER?
0:32:06,@Elendil404,uhhh
0:32:07,@fluttergabe22,Starlight is going to get what's coming to her
0:32:07,@laahocsm0019,true
0:32:07,@creamsouda3338,starswirl didnt do shi
0:32:08,@falnazor0001,LOL
0:32:08,@punkypony5165,SUNSET SHIMMER
0:32:11,@TimBoulder,LOL
0:32:11,@emqmp4,OHHHHH??
0:32:11,@TooManyThings_,LMAO
0:32:11,@Shivery,FIRE
0:32:12,@marisitobonito,damn
0:32:12,@misakayy1911,LOL
0:32:13,@BEKIND9900,OOP
0:32:14,@thecathours,SUNSET
0:32:14,@TylerSwan-s2d,SUNSET SHIMMER!!
0:32:14,@okuriinu8489,...........
0:32:15,@SonataDidIt,Celestia
0:32:15,@punkypony5165,Freudian Slip
0:32:15,@jusky_,ermmm
0:32:16,@uuhmira,:eyes::eyes::eyes:
0:32:17,@C0SM1C-f3o,SUNSET SHIMMER?
0:32:18,@lordofshrimps,Why is Celestia like this
0:32:18,@frickenvicker1261,LOLL
0:32:18,@DreamKnight333,OMG CELESTIA
0:32:18,@Sp1k3_Th3_W0lf,lmaaaooo
0:32:18,@SuperCaptainFail,"thats okay celestia, sunset is my favorite too"
0:32:18,@thecathours,wrong name
0:32:20,@creamsouda3338,is that her girlfriend or something
0:32:20,@JoshThePinkGump,THE CLIP
0:32:21,@TheMTwinny,LMAO
0:32:21,@Aromaticgrassitem,Starfart Shimmer
0:32:22,@BlackKanye,lol
0:32:22,@fluttergabe22,Sunset Shimmer is Goated
0:32:22,@Elendil404,she's OBSESSED
0:32:23,@Sp1k3_Th3_W0lf,celestia stoppp
0:32:23,@NubMcMoofin,:face_holding_back_tears:
0:32:23,@BEKIND9900,:loudly_crying_face::loudly_crying_face:
0:32:24,@falnazor0001,LMAO!
0:32:25,@thecathours,HUH
0:32:25,@va_fail,lmao
0:32:27,@Dingus-69420,:red_heart::orange_heart::yellow_heart::green_heart::light_blue_heart::blue_heart::purple_heart::pink_heart:
0:32:27,@Ask-k2i2k,ok:victory_hand::rolling_on_the_floor_laughing:
0:32:27,@SonataDidIt,Amazing
0:32:28,@thecathours,lore?
0:32:28,@uuhmira,oh ok
0:32:28,@cat_faerie,Oh my god lol
0:32:28,@Snoozy8248,Where tf is that bad bitch btw :loudly_crying_face::loudly_crying_face:
0:32:28,@jusky_,LMAO?
0:32:29,@lordofshrimps,Okay vro
0:32:30,@Cattle.ink.3,oh nahhh
0:32:31,@TheNoobMEME2023,lol
0:32:31,@thecathours,we got lore bro
0:32:31,@emqmp4,stuck in her mind like a desperate ex :wilted_flower:
0:32:31,@certafan,God it's just so peak
0:32:32,@phantomdays8669,LMAO
0:32:33,@Jamzandjelly,…
0:32:33,@TylerSwan-s2d,equestria girls mention
0:32:33,@Diskaria,WUT
0:32:33,@Zeeandzuzyxzizzy,:cat-orange-whistling::cat-orange-whistling::cat-orange-whistling::cat-orange-whistling::cat-orange-whistling::cat-orange-whistling::cat-orange-whistling::cat-orange-whistling::cat-orange-whistling::cat-orange-whistling::cat-orange-whistling::cat-orange-whistling::cat-orange-whistling::cat-orange-whistling::cat-orange-whistling::cat-orange-whistling::cat-orange-whistling::cat-orange-whistling::cat-orange-whistling::cat-orange-whistling:
0:32:34,@Jamzandjelly,Oh
0:32:34,@va_fail,cutie
0:32:35,@thecathours,we need notes
0:32:35,@okuriinu8489,aw
0:32:37,@SonataDidIt,LOL
0:32:38,@Tomerツ,crazy
0:32:38,@jo3a548,OH FUCK
0:32:38,@falnazor0001,That checks out
0:32:38,@Starfire_777,Great Reference
0:32:38,@marisitobonito,COMMUNITY SERVICE?
0:32:39,@punkypony5165,HARSH
0:32:39,@lordofshrimps,Slap on the wrist
0:32:40,@Elendil404,wtf... that's insane...
0:32:40,@laahocsm0019,2 DAYS
0:32:45,@fluttergabe22,community service?!?! hell no
0:32:45,@thecathours,pinkie pie and teilight
0:32:46,@LUNN4T1C,LMAOO 
0:32:46,@BlackKanye,are you serious
0:32:46,@galaxyofeq,Two days a community service
0:32:47,@DF_CR4LV3,uh
0:32:47,@JesusitoXD,:face-orange-raised-eyebrow::face-orange-raised-eyebrow::face-orange-raised-eyebrow::face-orange-raised-eyebrow:
0:32:48,@thecathours,OH GOD
0:32:48,@DreamKnight333,D:
0:32:48,@chomperonii,LOL
0:32:49,@Elendil404,no shes not
0:32:50,@thecathours,SHE GOT A GUN
0:32:51,@JaceWatson-w8h,Bro 2 days
0:32:51,@thecathours,nvm
0:32:51,@brittinamason5531,no way..
0:32:51,@Solums,2 days
0:32:53,@Ask-k2i2k,SHOT
0:32:54,@Fooper899,:face-fuchsia-wide-eyes::face-fuchsia-wide-eyes:
0:32:54,@GlimmyGOD,She is so cute and innoocent 
0:32:54,@thecathours,it was the wind
0:32:55,@FocksEngine,"Yeah, it all went back to normal, i mean"
0:32:57,@TheMTwinny,STARSWIRL TWEAKING
0:32:58,@firewolf595,THERES STILL CHANCE FOR YURI LATER
0:32:58,@okuriinu8489,amd then starswirls get killed
0:33:01,@marisitobonito,3 days of community service
0:33:02,@mixedawesomesauce8354,lore accurate punishment. just like the show
0:33:02,@LUNN4T1C,community service sounds good
0:33:03,@SonataDidIt,Cadance stfu
0:33:03,@punkypony5165,CADANCE!?
0:33:03,@Shivery,lol cadance
0:33:04,@Juluuvian,WHAT
0:33:04,@bigmoneyfiend,:face-blue-wide-eyes::face-blue-wide-eyes::face-blue-wide-eyes::face-blue-wide-eyes:
0:33:04,@TylerSwan-s2d,LUNA SPEED FACE
0:33:05,@marisitobonito,what
0:33:07,@fluttergabe22,Get Starlight Springlocked
0:33:08,@MillerTheDarkTransPrince,no gun :<
0:33:08,@jo3a548,OH FUCKKKK
0:33:08,@gabbyvelazquez7989,What the 
0:33:08,@SuperCaptainFail,hey wait a minute
0:33:09,@cat_faerie,CADENCE???
0:33:10,@JoshThePinkGump,AYO CADENCE
0:33:10,@SonataDidIt,oh
0:33:10,@Aromaticgrassitem,she should scrub all the floors in Equestria
0:33:10,@Elendil404,what
0:33:10,@blankgrl,og
0:33:11,@TimBoulder,WHAT
0:33:11,@TheMTwinny,CHRYSI
0:33:12,@goldenlmao2694,h uh
0:33:12,@The_Adventure18101,guys i think celestia just really loved sunset shimmer because maybe because she was the oriiginal student 
0:33:12,@BlackKanye,UH
0:33:12,@Elendil404,WHAT
0:33:12,@TooManyThings_,OH
0:33:12,@Sp1k3_Th3_W0lf,WHAT????? CADENCE WHAT DID YOU SAY????
0:33:12,@va_fail,woah 
0:33:13,@NubMcMoofin,:exploding_head:
0:33:13,@DreamKnight333,O
0:33:13,@ayyo-bun3534,what
0:33:13,@JoshThePinkGump,BUG
0:33:13,@lordofshrimps,CADANCE???
0:33:13,@falnazor0001,LOL
0:33:13,@marisitobonito,oh damn
0:33:13,@SonataDidIt,LOL
0:33:13,@blankgrl,oh
0:33:14,@brittinamason5531,:face-red-droopy-eyes:
0:33:14,@emqmp4,LMAOOO
0:33:14,@LightTim,HA
0:33:15,@thecathours,UNDER AGED
0:33:16,@misakayy1911,UHHHHH
0:33:16,@Shivery,Oh Chrysalis
0:33:16,@cat_faerie,OH
0:33:17,@lordofshrimps,UH?????
0:33:17,@TheMTwinny,WHAT THE HELL
0:33:17,@jo3a548,CHRYSSY
0:33:17,@trap631,:cat-orange-whistling:
0:33:18,@thecathours,huh..
0:33:18,@LUNN4T1C,erm
0:33:18,@okuriinu8489,ofc it was chrys
0:33:19,@TimBoulder,LMAO
0:33:19,@uuhmira,oh hello
0:33:19,@GlimmyGOD,Oh sjot
0:33:19,@adelheid.4132,uh
0:33:19,@EvolutionCOV, B U G
0:33:19,@FocksEngine,HAH
0:33:20,@galaxyofeq,crystals
0:33:20,@Solums,What
0:33:20,@thecathours,HUH
0:33:21,@gabbyvelazquez7989,Knew she sounded Different 
0:33:22,@laahocsm0019,Chrysalis
0:33:22,@SonataDidIt,Makes sense
0:33:22,@LvXGameMaster,.....bro
0:33:22,@Starfluff8,What
0:33:23,@Ask-k2i2k,ok bro:broken_heart:
0:33:23,@UngulaPropriaRQ,GHAHAHAH
0:33:24,@lordofshrimps,CHRYSALIS???
0:33:24,@UngulaPropriaRQ,BUGE
0:33:25,@TimBoulder,HAHA
0:33:25,@agoatheadbaby3512,uvcchuh
0:33:26,@thecathours,SOMEONE TAKE HER OUT
0:33:26,@BEKIND9900,NAHH
0:33:26,@grimtidings5451,Yoooooo
0:33:28,@JesusitoXD,based
0:33:28,@FocksEngine,YES YES YES YESS YES YES YES YES YES YES YES YES YES YES
0:33:28,@creamsouda3338,LMAOOO
0:33:28,@UltimateStarky,only 10?
0:33:28,@ayyo-bun3534,damn homie ooffffff
0:33:29,@hojacksauseman,I'm dying here.
0:33:29,@Snoozy8248,Oh that explains-
0:33:29,@trap631,0%%%% PROGRESS RATE
0:33:30,@SuperCaptainFail,NOOOO WAY
0:33:31,@marisitobonito,IM CRYIINNG WHY
0:33:31,@dominicunderwood4911,@firewolf595 nah
0:33:31,@BEKIND9900,WILD
0:33:32,@DreamKnight333,Lmaaao
0:33:32,@JaceWatson-w8h,What noooo Starswirllll
0:33:32,@punkypony5165,YOOOOO HOLY SHIT
0:33:33,@okuriinu8489,I was bout to say that's out of character for cadence
0:33:33,@BlackKanye,kek
0:33:34,@thecathours,IT A TRAITERRRRRR
0:33:34,@CelestialZizzy,OH MT GOD
0:33:35,@brittinamason5531,:popcorn-yellow-striped-smile::popcorn-yellow-striped-smile::popcorn-yellow-striped-smile:
0:33:35,@FocksEngine,Love Chrisi
0:33:36,@Diskaria,10 YEARS
0:33:37,@laahocsm0019,lol
0:33:37,@agoatheadbaby3512,Starswirl did nothin' wrong.
0:33:37,@scall0p639,Oh nah why Chryssie say that 
0:33:38,@snupietherat6814,xD
0:33:38,@BEKIND9900,HELPPP
0:33:39,@frickenvicker1261,HUH
0:33:40,@Jamzandjelly,HEAT
0:33:40,@va_fail,good i don't like him 
0:33:40,@Ask-k2i2k,YESS
0:33:40,@TheMTwinny,WHERE'S THE REAL CADANCE THEN
0:33:40,@jo3a548,LOLOLOLOLO
0:33:41,@gummy8440,teenager kidnapping smh smh
0:33:41,@Diskaria,OMG
0:33:43,@Jamzandjelly,WHATTTYT
0:33:44,@thecathours,yeahhh
0:33:46,@KvVuld,5
0:33:46,@mixedawesomesauce8354,are you serious?!
0:33:46,@JoshThePinkGump,JUSTICE IS SERVED
0:33:48,@snupietherat6814,well deserved
0:33:48,@MOOSTACHE_Official,it might be chrysalis
0:33:48,@BEKIND9900,NAHHH
0:33:48,@Ask-k2i2k,YES
0:33:48,@JaceWatson-w8h,What this is prejudice against males 
0:33:49,@Jamzandjelly,LOLLLLLLLLL
0:33:49,@scall0p639,Valid punishment ngl
0:33:50,@gabbyvelazquez7989,Starswirl the Boomer
0:33:51,@jusky_,gtfooo
0:33:51,@falnazor0001,He's correct
0:33:52,@EvolutionCOV,"Right on the day Hasbro gave her a redeemed design, lol"
0:33:53,@thecathours,he shaked it to hard
0:33:54,@JoshThePinkGump,DESERVED
0:33:56,@fluttergabe22,where's Chrysalis
0:33:57,@UngulaPropriaRQ,he watched bartleby but he never learned it's a shame 
0:33:57,@BEKIND9900,CRAZY
0:33:59,@Fooper899,:worried_face:
0:33:59,@Elendil404,travis tea
0:33:59,@DreamKnight333,Okay boomer
0:34:00,@Starfluff8,Lmao
0:34:01,@cat_faerie,WHAT
0:34:01,@TheNoobMEME2023,You
0:34:03,@Aromaticgrassitem,starswirl... my GOAT. why...
0:34:04,@ayyo-bun3534,starswirl the gilded
0:34:04,@Random-qm6oh,(O-O)
0:34:04,@TheMTwinny,WRENCH OF THE VOID
0:34:07,@BEKIND9900,:fearful_face:
0:34:07,@punkypony5165,Wench of the Void
0:34:07,@jkzxzy,justice for starswirl :broken_heart: 
0:34:09,@TheNoobMEME2023,turned
0:34:11,@JaceWatson-w8h,Starswirl next villain fs
0:34:11,@marisitobonito,i have a headache
0:34:13,@TheNoobMEME2023,me
0:34:13,@dominicunderwood4911,"STARLIGHT ALMOST DESTROYED THE WORLD, SHES WORSE."
0:34:14,@UltimateStarky,WOO PARTY
0:34:14,@jo3a548,OH YES
0:34:15,@thecathours,fart?
0:34:15,@punkypony5165,Lace
0:34:16,@ZiyahSmiley-c4q,Lmafo
0:34:17,@The_Adventure18101,honestly starswirl deserved it for being a coward poopy peepee crybaby
0:34:19,@thecathours,why is it white
0:34:20,@jo3a548,LETTER WRITTINMG
0:34:20,@TheMTwinny,LOVE WINS
0:34:20,@TheNoobMEME2023,into
0:34:21,@EvolutionCOV,DEAR PRINCESS
0:34:21,@JoshThePinkGump,DEAR PRINCESS CELESTIA
0:34:22,@SonataDidIt,Letter!
0:34:22,@thecathours,WHY IS IT WHITE
0:34:22,@lordofshrimps,Okay vro
0:34:23,@Ask-k2i2k,ok
0:34:23,@TheNoobMEME2023,the
0:34:23,@TylerSwan-s2d,why the guard lowkey a ball ngl
0:34:24,@Diskaria,kiss
0:34:24,@FocksEngine,Its white
0:34:24,@NubMcMoofin,:smiling_face_with_hearts:
0:34:26,@brittinamason5531,want some :cheese_wedge::cheese_wedge::cheese_wedge::cheese_wedge::cheese_wedge::cheese_wedge::cheese_wedge::cheese_wedge::cheese_wedge::cheese_wedge::cheese_wedge:
0:34:26,@BEKIND9900,whees my gay femyannd. my fav mailman
0:34:26,@misakayy1911,DEAR PRINCESS CELESTIA
0:34:26,@SonataDidIt,Peak
0:34:27,@ayyo-bun3534,hell ye fart
0:34:27,@Elendil404,more pinkie and limey
0:34:28,@thecathours,IT SHOULD BE PURPLE
0:34:31,@thecathours,WHY IS IT WHITEEE
0:34:32,@fluttergabe22,Brap horses....my favorite
0:34:35,@thecathours,rarity 
0:34:36,@snupietherat6814,pinkie finally found love :two_hearts:
0:34:37,@Fooper899,:nauseated_face:
0:34:38,@mika_kit891,OMGGG
0:34:38,@UltimateStarky,Would
0:34:39,@marisitobonito,AWWW
0:34:40,@mythical_mare,YIPPEE COCO
0:34:41,@Starfire_777,i thought Trix died
0:34:42,@SonataDidIt,OMG
0:34:43,@lighter337,Let goooo
0:34:43,@TooManyThings_,COCO
0:34:43,@TheMTwinny,That new Twilight form is so damn good tho @Tamers12345MLP done did it again
0:34:44,@TylerSwan-s2d,Brrap Bros
0:34:44,@jo3a548,YAYAYY
0:34:44,@JoshThePinkGump,COCO
0:34:44,@valoryvapeskin6965,Coco xD
0:34:44,@va_fail,yay they adopt coco 
0:34:44,@punkypony5165,ADOPTED
0:34:45,@ayyo-bun3534,awwwwww
0:34:45,@BEKIND9900,where's our yaoi
0:34:45,@Aromaticgrassitem,celestia should murder starlight for lesbianism
0:34:45,@emqmp4,OMG SHE ACTUALLY GOT ADOPTED
0:34:45,@Elendil404,\oco/
0:34:46,@cat_faerie,aw yay Coco
0:34:47,@laahocsm0019,YAY
0:34:48,@gabbyvelazquez7989,Yippeee
0:34:49,@Diskaria,COCO
0:34:51,@SuperCaptainFail,WHAT
0:34:51,@jo3a548,OH SHIT
0:34:51,@blankgrl,oh my god
0:34:51,@Cattle.ink.3,YouTube i swear to God please don't banned this
0:34:52,@lighter337,I love it
0:34:52,@TimBoulder,Oh la la 
0:34:52,@LightTim,See this is accurate to form because glimmer keeps getting the easy pass for being a shitty horse
0:34:54,@gabbyvelazquez7989,WHAT THE
0:34:54,@thecathours,rarity looking to realistic 
0:34:54,@goldenlmao2694,o h
0:34:55,@Elendil404,Wowza
0:34:55,@punkypony5165,SISCON
0:34:55,@emqmp4,OH NAHHHH
0:34:56,@MillerTheDarkTransPrince,yippee
0:34:57,@FocksEngine,OOOHOH
0:34:57,@fluttergabe22,Pinkie?
0:34:57,@JaceWatson-w8h,Yay shinning armor :beaming_face_with_smiling_eyes: 
0:34:58,@Shivery,Nooo
0:34:58,@BEKIND9900,WHR STHE YAOI
0:34:59,@cat_faerie,OH NO WAY
0:34:59,@Solums,What the
0:34:59,@Ask-k2i2k,ok bro
0:34:59,@marisitobonito,so pinkie stopped caring abt rainbow?
0:34:59,@JesusitoXD,:cat-orange-whistling:
0:34:59,@mixedawesomesauce8354,wth
0:35:00,@NubMcMoofin,:smiling_face_with_hearts::smiling_face_with_hearts:
0:35:00,@firewolf595,THAT WAS NOT THE YURI I WANTED
0:35:00,@agoatheadbaby3512,But what of Maud?
0:35:00,@thecathours,damn
0:35:01,@okuriinu8489,why is rainbow ok with her girl being taken like this-
0:35:01,@JoshThePinkGump,PONKA MY BELOVED
0:35:01,@MillerTheDarkTransPrince,yippee
0:35:01,@UltimateStarky,yep
0:35:02,@SleepyGalz,This is so peak
0:35:02,@TylerSwan-s2d,Sibling Love i guess
0:35:03,@Jamzandjelly,Oh
0:35:04,@SleepyGalz,I love it
0:35:05,@The_Adventure18101,gulpppppppppppppppppppppp can we see more of that pinkie and limestone please maybe
0:35:05,@TooManyThings_,It's what Pinkie deserves
0:35:07,@emqmp4,MAUD BBYGIRL GET OUT
0:35:08,@firewolf595,IM IN PAIN
0:35:09,@fluttergabe22,Maud Pie :smiling_face_with_heart_eyes:
0:35:10,@firewolf595,AHHHHHHHH
0:35:10,@Binary_Forever,hey you actually tied both plots together
0:35:12,@bigmoneyfiend,jojo reference
0:35:13,@FocksEngine,Well they DID live on a farm
0:35:13,@gabbyvelazquez7989,MARBLE IS ALIVE
0:35:14,@UltimateStarky,what are we doing
0:35:15,@brittinamason5531,love it
0:35:16,@thecathours,SAVE THEMMM
0:35:18,@DreamKnight333,WISH YOU WERE HERE
0:35:18,@TimBoulder,:red_heart: 
0:35:18,@Zeeandzuzyxzizzy,tamer what do u have to say about this
0:35:19,@UngulaPropriaRQ,awww
0:35:19,@firewolf595,WERE FUCKED
0:35:21,@ayyo-bun3534,damn tamers still got it
0:35:21,@rockyroad2256,Pinkie…why?
0:35:21,@Starfluff8,Aww
0:35:23,@SonataDidIt,This is so fucking good
0:35:24,@Fooper899,:O
0:35:24,@thecathours,CINEMAAAAAAAA
0:35:26,@usaminabe,wish you were here..
0:35:28,@jo3a548,LODSALFOSAFL
0:35:28,@va_fail,what about pinkiedash? :disappointed_face: 
0:35:28,@gabbyvelazquez7989,Pinkie is so Fat
0:35:29,@elskywardgonz9929,I thought she was going to mail some totino pizza 
0:35:29,@valoryvapeskin6965,Good lord
0:35:29,@lighter337,This is the best
0:35:30,@fluttergabe22,Bro
0:35:30,@dominicunderwood4911,"The fuxk is this bullshit against Starswirl, EVERYPONY HAS THEIR BUTTS OUT"
0:35:32,@agoatheadbaby3512,gross
0:35:35,@NubMcMoofin,:face_savoring_food:
0:35:35,@jo3a548,cuuuutye
0:35:35,@emqmp4,glizzy 
0:35:37,@Aromaticgrassitem,Mari arc. man. feels like a new era almost
0:35:37,@Shivery,Pinkdash broke up
0:35:38,@ayyo-bun3534,ooooooh
0:35:40,@punkypony5165,So I guess Pinkie has no need to get revenge against Rarity anymore. Nice
0:35:41,@Demipersonisme13,Eee
0:35:44,@FocksEngine,:face_vomiting::face_vomiting::face_vomiting::face_vomiting::face_vomiting:
0:35:45,@LvXGameMaster,I thought Pinkie had dragon powers.
0:35:45,@lighter337,Eeee
0:35:46,@marisitobonito,PLEASE MORE MARY
0:35:48,@fluttergabe22,Starlight :winking_face_with_tongue:
0:35:50,@DinoFantastic8231,sigh
0:35:50,@agoatheadbaby3512,What is even happening anymore.
0:35:50,@TylerSwan-s2d,you draw them randomly so pretty wth
0:35:51,@thecathours,CINEMAAAAAAAAAAAAAAAAAAAAAAAAAAAAAAAAAAAAAAAAAAAAAAAAAAAAAAAAAAAAAAAAAAAAAAAAAAAAAAAAAAAAAAAAAAAAAAAAAAAAAAAAAAAAAAAAAAAAAAAAAAAAAAAAAAAAAAAAAAAAAAAAAAAAAAAAAAAAAAAAAAAAAAAAAAAAAAAAAAAAAAAAAAAAAAAAAAA
0:35:52,@TheMTwinny,OH HER
0:35:54,@UngulaPropriaRQ,awwww
0:35:54,@blankgrl,Mary~
0:35:55,@TimBoulder,Oh my god.. 
0:35:55,@punkypony5165,I LOVE MARI
0:35:56,@thecathours,THIS IS PEAK
0:35:58,@fluttergabe22,:raised_hand::smiling_face_with_sunglasses::raised_back_of_hand:
0:35:58,@Diskaria,YEEEAHH
0:35:59,@valoryvapeskin6965,KINO!!!
0:35:59,@thecathours,PEAKKKKKK
0:35:59,@MillerTheDarkTransPrince,beautiful
0:36:00,@UltimateStarky,yep
0:36:02,@lordofshrimps,Lol
0:36:02,@ayyo-bun3534,pinkcest era
0:36:04,@JesusitoXD,peak
0:36:05,@marisitobonito,more mary
0:36:06,@MillerTheDarkTransPrince,so adorable
0:36:08,@thecathours,PEAKKKKKKKKKKKKKKKKKKKKKKKKKKKKJKJKKKKKKKKKKKKKKKKKKKKKKKKK
0:36:08,@Tamers12345MLP,Rainbow dash is going to be jealous as fuck when she realized Pinkie pulled a bad bitch lime Limestone
0:36:10,@SuperCaptainFail,im pretty sure these two are the literal worst people in the world to be in a relationship
0:36:13,@jo3a548,OH YEAH
0:36:16,@ayyo-bun3534,we need more mary
0:36:18,@UngulaPropriaRQ,SHE DOES LOVE HER 
0:36:21,@creamsouda3338,wait i thought rainbow was with rarity 
0:36:22,@TylerSwan-s2d,PPPPPPEEEEEEEAAAAAAAAAAAKKKKKKKKKK
0:36:23,@thecathours,smash the like button guys
0:36:25,@LightTim,RD is into rarity atm so I think she's fine
0:36:25,@Solums,Tamers make peak ficton
0:36:26,@emqmp4,pulling your cousin isn’t a flex tamers :wilted_flower:
0:36:27,@HGGamerGirl-mlpm8,goob bye
0:36:28,@punkypony5165,@Tamers12345MLP I mean Limestone is just Rainbow but better
0:36:28,@UngulaPropriaRQ,so fucking peak
0:36:30,@Aromaticgrassitem,"True, Tamers. They are related"
0:36:30,@thecathours,we need as much likes on this video
0:36:30,@va_fail,pinkiedash broke up beacuse every good romance need break up arc 
0:36:31,@fluttergabe22,Rainbow Dash Can do better than pinkie
0:36:31,@brittinamason5531,wait..is it over?
0:36:32,@gabbyvelazquez7989,Why are the siblings always in love:wilted_flower:
0:36:32,@SonataDidIt,Twilight sees the good in ponies <3
0:36:33,@okuriinu8489,tamers loves his toxic yuri/yaoi plots
0:36:33,@UltimateStarky,(She was not right)
0:36:34,@thecathours,this is peak
0:36:35,@Sp1k3_Th3_W0lf,RAINBOW PINKIPIE AND LIMESTONE LOVE TRANGLE ARC NEXT EPISODE!?!?!/
0:36:35,@Kiki_myshu,bye
0:36:37,@marisitobonito,starlight is just being a tsundere
0:36:37,@Zeeandzuzyxzizzy,YO HE RESPONDED to me
0:36:37,@SuperCaptainFail,the dandy's world kids are STARVING
0:36:37,@jo3a548,LAOSDLASDOASLFOASFL
0:36:39,@falnazor0001,Does Twilight still have dragon powers?
0:36:40,@agoatheadbaby3512,Ough
0:36:40,@lighter337,Let go
0:36:40,@cat_faerie,me too twi
0:36:41,@UngulaPropriaRQ,HELL YEAH
0:36:41,@Hyloaf,BASED
0:36:42,@thecathours,we need as much likes as we can get on this video
0:36:42,@Slackjaw55,absolute cinema
0:36:43,@NubMcMoofin,:smiling_face_with_hearts::smiling_face_with_hearts:
0:36:43,@chomperonii,HELPP
0:36:44,@TheMTwinny,HURRY UP
0:36:44,@DreamKnight333,True Romance
0:36:44,@thecathours,this is peak
0:36:46,@JoshThePinkGump,HURRY UP
0:36:47,@lordofshrimps,I like how Celestia most certainly didn't teach her any of that
0:36:49,@EvolutionCOV,Trixie Still The Best
0:36:49,@Diskaria,Rub belly
0:36:50,@lordofshrimps,HURRY UP
0:36:50,@galaxyofeq,Wait a minute where is the real Candace
0:36:50,@EvolutionCOV,Forever
0:36:51,@TimBoulder,absolute kino
0:36:51,@thecathours,hurry
0:36:51,@Elendil404,ugh hurry up
0:36:51,@VioletElementPaws0,hurry up
0:36:52,@TylerSwan-s2d,Hurry UP.
0:36:53,@Zeeandzuzyxzizzy,hurry up featherass
0:36:53,@jo3a548,OH YES
0:36:53,@thecathours,YEAHHH
0:36:53,@Libby_thee_Oreo,Flawless being peak with barely any screen time in this episode
0:36:53,@UltimateStarky,YIPPIE
0:36:54,@JoshThePinkGump,POST CREDITS
0:36:54,@scall0p639,Hurry up
0:36:55,@gabbyvelazquez7989,Hi pinkie
0:36:55,@brittinamason5531,:face-orange-raised-eyebrow:
0:36:55,@TooManyThings_,Hi Pinkie
0:36:55,@snupietherat6814,rainbow is going to have it go out on Rarity whenever Limestone is around
0:36:55,@NubMcMoofin,:saluting_face::saluting_face::saluting_face:
0:36:55,@BlackKanye,HURRY UP
0:36:56,@emqmp4,hi pinkie 
0:36:57,@SonataDidIt,STFU PINKIE PIE
0:36:57,@UngulaPropriaRQ,hi pinkie pie
0:36:57,@TheMTwinny,PONK DUMP
0:36:58,@LightTim,Screw dandies world. More Sonic underground and MLP
0:36:58,@punkypony5165,Hello Pinie
0:36:59,@thecathours,she just went to the bathroom
0:36:59,@lordofshrimps,GET AWAY FROM ME
0:36:59,@Elendil404,she didn't wash her hand
0:37:00,@SonataDidIt,NO ONE CARES PINKIE
0:37:01,@JesusitoXD,hi
0:37:01,@DreamKnight333,Pinkie did you wipe
0:37:02,@FocksEngine,Love it!
0:37:02,@JaceWatson-w8h,This is PEAK ASF
0:37:03,@marisitobonito,shut up pinkie
0:37:03,@LvXGameMaster,Hi Pinkie
0:37:03,@hojacksauseman,Yes!
0:37:03,@jo3a548,will pinkie
0:37:03,@UngulaPropriaRQ,dw we will
0:37:04,@JoshThePinkGump,THANK YOU PINKIE
0:37:04,@TylerSwan-s2d,HI PINKIE!!
0:37:04,@lordofshrimps,NO
0:37:05,@nyaarlert8301,absolutely peak
0:37:06,@Zeeandzuzyxzizzy,WE DONT CARE
0:37:06,@thecathours,LIKE AND SUBSCRIBE GUYS
0:37:07,@Elendil404,SHE DIDN'T WASH HER HOOF SHE DIDN'T WASH HER HOOF SHE DIDN'T WASH HER HOOF SHE DIDN'T WASH HER HOOF 
0:37:07,@misakayy1911,YES PINKIE
0:37:08,@Stratosfear_930,this was peak
0:37:09,@gabbyvelazquez7989,Bet Pinkie
0:37:10,@agoatheadbaby3512,Trixie is into feedism.
0:37:10,@terte9790,hi pinkie
0:37:10,@MOOSTACHE_Official,Hasbro just surrender the rights already
0:37:10,@sheepish_games,Wait how does she send the letters to celestia without Spike? Plot hole.
0:37:12,@Zeeandzuzyxzizzy,SYBAIUUUUUUUUUUU
0:37:12,@JaceWatson-w8h,Did she wash her hands?
0:37:13,@punkypony5165,YES I WILL PINKIE
0:37:14,@thecathours,LIKE AND SUBSCRIBEEEEEEEEEEEEEEEEEEEEEE
0:37:14,@VioletElementPaws0,lovely
0:37:14,@fernandaps2,tamers12345 is a proshipper
0:37:14,@brittinamason5531,yeah
0:37:17,@emqmp4,i will pinkie don’t worry
0:37:18,@LvXGameMaster,Okay
0:37:18,@ayyo-bun3534,I love you pinkyyyyyyy
0:37:18,@gabbyvelazquez7989,Yes Pinkie
0:37:18,@blankgrl,>he
0:37:18,@marisitobonito,she probably didnt wipe
0:37:18,@Kiki_myshu,she did nothing tho
0:37:19,@JoshThePinkGump,YES MAAM
0:37:19,@lordofshrimps,W ADDDDDDDDDDDDDDDD
0:37:20,@trap631,great episode as always fatmers12345
0:37:22,@UltimateStarky,Another great episode thank you Tamers
0:37:22,@brittinamason5531,:face-blue-wide-eyes:
0:37:22,@UngulaPropriaRQ,this is like when pinkie celebrated my birthday but instead its after her taking a shit 
0:37:22,@Diskaria,Eat pinkie pie
0:37:23,@SharkDoggy,GO AWAY YOU INCESTER
0:37:24,@Stratosfear_930,especially the pinkie kissing scene. Amazing tamer moment
0:37:24,@dominicunderwood4911,"A lot of it was good except for Starswirl's unjust sentencing, somebody better break him out."
0:37:26,@DreamKnight333,PINKIE DID YOU WIPE YES OR NO
0:37:27,@fxggee,so we don’t get to watch her feed her? 
0:37:28,@okuriinu8489,tamers doesmt actually ship them
0:37:30,@jo3a548,WILL SIGN UP< BIRTCH
0:37:31,@RawrXD-o6s,WHAT
0:37:32,@snupietherat6814,holding pinkie's sisters hostage for patreon money?? respext
0:37:33,@bigmoneyfiend,peak
0:37:33,@marisitobonito,YESSS
0:37:34,@Fooper899,:hot_face:
0:37:35,@laahocsm0019,wow how nice
0:37:35,@ayyo-bun3534,I'm signing up for school so I hope to dono soon
0:37:36,@gabbyvelazquez7989,I’ll do it Pinkie
0:37:36,@TooManyThings_,HEHEHE
0:37:37,@FocksEngine,That bathroom must be a mess
0:37:37,@JoshThePinkGump,ME WHEN PINKIE PIE TELL ME TO DO SOMETHING
0:37:37,@va_fail,bye bye pinkie
0:37:38,@TheMTwinny,BUH BAI
0:37:38,@Cattle.ink.3,k:thumbs_up:
0:37:39,@Ask-k2i2k,WHAT
0:37:39,@dookyking4lyfe,NO KEEP THEM IN THE CONTAINMENT ZONE
0:37:39,@Snoozy8248,I wonder if a world ending event will require more power like combined yaoi and yuri one day :wilted_flower::wilted_flower:
0:37:40,@jo3a548,OH FUCK ENDING
0:37:40,@fluttergabe22,This lore is fantastic :raised_back_of_hand::smiling_face_with_sunglasses::raised_hand:
0:37:41,@Tamers12345MLP,It'll be an hour before I can post the gifts because there's alot btw
0:37:41,@falnazor0001,Peak once again.
0:37:41,@UngulaPropriaRQ,bye pinkie
0:37:42,@Starfluff8,Yoo merch
0:37:42,@SonataDidIt,Bye Pinkie
0:37:44,@punkypony5165,kino outro
0:37:44,@brittinamason5531,bye!
0:37:44,@lordofshrimps,Wait nevermind this is avalid
0:37:46,@JesusitoXD,YESSSS ENDING
0:37:46,@Bet12121,that doesn't narrow it down XD
0:37:46,@LvXGameMaster,Youtube ruins everything
0:37:47,@LUNN4T1C,aww
0:37:47,@goldenlmao2694,WOOOO
0:37:47,@UngulaPropriaRQ,THE PMV
0:37:47,@thecathours,tamers THIS IS PEAK
0:37:48,@creamsouda3338,ABSOLUTE CINEMA
0:37:49,@VioletElementPaws0,woo
0:37:50,@lordofshrimps,OH MY GOD
0:37:51,@cat_faerie,hell yea
0:37:52,@jo3a548,OH YES
0:37:52,@ayyo-bun3534,cuuuuuteeeeee
0:37:52,@SonataDidIt,Thank you Tamers12345MLP
0:37:54,@UngulaPropriaRQ,its peak
0:37:55,@brittinamason5531,woo
0:37:56,@TylerSwan-s2d,you can tell tamers is genuinely talented
0:37:58,@valoryvapeskin6965,Absolute KINO
0:38:00,@unlimitedrabbit,dawwwww
0:38:00,@TimBoulder, THIS WAS GOOD TAMERS
0:38:00,@marisitobonito,kitty mary
0:38:01,@fluttergabe22,"yo Tamers, can I work for you?"
0:38:02,@VioletElementPaws0,this was wild
0:38:03,@cat_faerie,"that fucking rocked, tamers"
0:38:03,@emqmp4,tamers pls notice me 
0:38:03,@GlimmyGOD,glimmy gifs are worth waiting for
0:38:03,@Hyloaf,Thank you Tamers
0:38:04,@jo3a548,this was worhty the wauit
0:38:04,@tdrocks3483,Peak
0:38:05,@gabbyvelazquez7989,Yipppeee
0:38:05,@Slackjaw55,"thank, tamer"
0:38:06,@FocksEngine,@Tamers12345MLP 
0:38:07,@SleepyGalz,So peak!
0:38:08,@JoshThePinkGump,ABSOLUTE CINEMA
0:38:08,@snupietherat6814,woohoo
0:38:09,@hojacksauseman,10/10
0:38:09,@thecathours,PEAKKKKKKKKKKKKKKKKKKKKKKKKKKKKKKKKKKKKKKKKKKKKKKKKKKKKKKKKKKKKKKKKKKKKKKKKKKKKKKKKKKKKKKKKKKKOKKKKKK
0:38:09,@jkzxzy,guys theres end credit scenes :double_exclamation_mark: :double_exclamation_mark: 
0:38:10,@sheepish_games,fuck this is always so good. Thank you Tamers!
0:38:11,@punkypony5165,:women_with_bunny_ears::men_with_bunny_ears::people_with_bunny_ears:
0:38:11,@Aromaticgrassitem,Thanks for the goodass episode Tamers
0:38:11,@Tomerツ,great episode
0:38:13,@misakayy1911,doge
0:38:13,@ayyo-bun3534,banger outro kino as always tamersss
0:38:13,@firewolf595,PEAK
0:38:13,@Snoozy8248,Cutie pie girly pops :revolving_hearts::revolving_hearts:
0:38:14,@lordofshrimps,OH MY GOD HER LEGS
0:38:14,@thecathours,LIKE AND SUBSCRIBE 
0:38:14,@Elendil404,WOAH
0:38:15,@firewolf595,CINEMA
0:38:16,@Stratosfear_930,the pony being a dog is absolutely amazing
0:38:18,@brittinamason5531,good boy
0:38:18,@nathanbarlow6131,YAAAYAYAYA
0:38:19,@DreamKnight333,Thanks Tamers that was awesome!
0:38:19,@TimBoulder,"Thanks again, Tamers."
0:38:20,@laeeb,ty king
0:38:20,@Shivery,Starlight is so cute
0:38:21,@jo3a548,MARI IS A DOG FOR SOME REASON
0:38:21,@emqmp4,BANGERR
0:38:21,@punkypony5165,LETS FOR DAYS
0:38:22,@thecathours,LIKE AND SUBSCRIBEEEEEEEEEEEEEEEEEEEEEEEEEEE
0:38:22,@fluttergabe22,Tamers fed us Peak Cinema :raised_hand::smiling_face_with_sunglasses::raised_back_of_hand:
0:38:23,@JesusitoXD,PEAK THANKS TAMERS
0:38:23,@okuriinu8489,ok so tamers....WE GONNA GET A CLEANSWEEP BIGMAC MAGIC CHILD TO???? *flutters eyes*
0:38:23,@Xzonza1,I love the gallop cycles the last few pony videos
0:38:25,@nerdcuddles7731,me to trixie
0:38:25,@Solums,KINO
0:38:28,@jkzxzy,TY TAMERS
0:38:29,@ayyo-bun3534,much love!!!!!!!!!
0:38:29,@dat_-_-_-idiot_-_-_-_-_-.7419,best ep in awhile
0:38:29,@TylerSwan-s2d,THANK YOU TAMERS!!!!!!!!!!!!!!!!!!!!!!!!!!!!!!!!!!!!!!!!!!!!!!!!!!!!!!!!!!!! this was so good oml I Love Tamers Official
0:38:30,@thecathours,CINEMA
0:38:32,@thecathours,CINEMAAAAAAA
0:38:33,@Diskaria,"Yes, I agree with this message"
0:38:33,@NubMcMoofin,:racehorse::racehorse::racehorse::racehorse::horse::horse::racehorse::horse:
0:38:35,@gabbyvelazquez7989,Bye bye Tamers
0:38:36,@punkypony5165,MariLight kino
0:38:36,@spiderb8,5'11 vs 6'0
0:38:37,@brittinamason5531,:face-blue-smiling:
0:38:39,@DF_CR4LV3,THX TAM
0:38:41,@Strong_sadfan,LOVE THIS
0:38:42,@thecathours,this is the best animal
0:38:43,@TooManyThings_,Thank you Tamerz
0:38:43,@JesusitoXD,:face-red-heart-shape::face-red-heart-shape::face-red-heart-shape::face-red-heart-shape:
0:38:43,@TylerSwan-s2d,Cinema at its finest
0:38:44,@Shivery,:clapping_hands::clapping_hands::clapping_hands::clapping_hands::clapping_hands::clapping_hands::clapping_hands:
0:38:45,@VioletElementPaws0,crazy
0:38:46,@ayyo-bun3534,cuteeeeeeee omfg I must fanart
0:38:46,@Space_Astro,Well this was peak.
0:38:47,@firewolf595,IM DYING
0:38:48,@lordofshrimps,W I suppose
0:38:49,@Lucario4thewin,love is so complicated
0:38:50,@NubMcMoofin,:saluting_face::saluting_face:
0:38:51,@LightTim,THERE I AM GARY
0:38:52,@dat_-_-_-idiot_-_-_-_-_-.7419,GOSHHH SO GOOD
0:38:54,@va_fail,mary dance is so funny
0:38:55,@Demipersonisme13,Song name
0:38:55,@gamer_javian2," ngl i was late, but still FIRE ASF TAMERS"
0:38:55,@thecathours,best animation in 2026
0:38:56,@brittinamason5531,:popcorn-yellow-striped-smile::popcorn-yellow-striped-smile::popcorn-yellow-striped-smile:
0:38:57,@LightTim,9/10
0:38:57,@TheMTwinny,I think a MLP video with anthro designs would be kino...
0:38:57,@valoryvapeskin6965,Thank you my lord for another banger
0:39:00,@thecathours,PEAK
0:39:00,@LightTim,Pretty dang good
0:39:04,@snupietherat6814,"what was it again, Scorching Twilight White Flame"
0:39:05,@thecathours,2026 best year now
0:39:10,@Elendil404,GlimmyGOD
0:39:11,@mythical_mare,Mari <3
0:39:13,@gabbyvelazquez7989,Thanks For this Tamers I will watch this 24/7 Till I cry
0:39:14,@VioletElementPaws0,cant wait until the next ep
0:39:16,@Cattle.ink.3,see ya tamers keep it going with the video :thumbs_up::beaming_face_with_smiling_eyes:
0:39:17,@TimBoulder,You've made my year 
0:39:18,@ayyo-bun3534,Tamers can I sent fanart the same account on Twitter?
0:39:19,@Aromaticgrassitem,peak
0:39:19,@RUSTEDNAME,Peak cinema 
0:39:21,@Stratosfear_930,NUT
0:39:24,@TheMTwinny,Just call it Scorching Twilight
0:39:25,@HereLiesElsie,Thank you tamers :)
0:39:26,@AnimeGames16,o7
0:39:27,@thecathours,everyone like
0:39:30,@NubMcMoofin,:saluting_face::saluting_face::saluting_face:
0:39:31,@thecathours,LIKEEEEEEEEE
